ticker,name,close,change,volume,market_cap,logo,sector,subsector,type,subtype,asset_class,turnover_proxy
BEEF3,MINERVA S.A.,3.95,4.22,47214900,3877257508.0,https://icons.brapi.dev/icons/BEEF3.svg,Distribution Services,Carnes e Derivados,stock,stock,AÇÃO B3,186498855.0
BBDC4,BCO BRADESCO S.A.,17.9,0.62,44532700,188234085579.0,https://icons.brapi.dev/icons/BBDC4.svg,Finance,Bancos Diversificados,stock,stock,AÇÃO B3,797135329.9999999
PMAM3,PARANAPANEMA S.A.,0.32,39.13,34960400,98173914.0,https://icons.brapi.dev/icons/PMAM3.svg,Non-Energy Minerals,Artefatos de Cobre,stock,stock,AÇÃO B3,11187328.0
ONCO3,ONCOCLINICAS DO BRASIL SERVICOS MEDICOS  S.A.,1.37,0.74,34387700,1534907735.0,https://icons.brapi.dev/icons/ONCO3.svg,Health Services,Serv.Méd.Hospit..Análises e Diagnósticos,stock,stock,AÇÃO B3,47111149.0
MGLU3,MAGAZINE LUIZA S.A.,5.79,4.14,31939100,4081143529.0,https://icons.brapi.dev/icons/MGLU3.svg,Retail Trade,Varejo Especializado,stock,stock,AÇÃO B3,184927389.0
CPLE3,CIA PARANAENSE DE ENERGIA - COPEL,15.85,0.44,31323600,47075627211.0,https://icons.brapi.dev/icons/CPLE3.svg,Utilities,Energia Elétrica,stock,stock,AÇÃO B3,496479060.0
PETR4,PETROLEO BRASILEIRO S.A. PETROBRAS,47.11,-0.95,29125700,637284320565.0,https://icons.brapi.dev/icons/PETR4.svg,Energy Minerals,Petróleo e Gás Integrado,stock,stock,AÇÃO B3,1372111727.0
B3SA3,B3 S.A. - BRASIL. BOLSA. BALCÃO,17.37,0.12,29092100,84392030337.0,https://icons.brapi.dev/icons/B3SA3.svg,Finance,Dados Financeiros e Bolsas de Valores,stock,stock,AÇÃO B3,505329777.0
COGN3,COGNA EDUCAÇÃO S.A.,2.44,1.67,28103400,5029424503.0,https://icons.brapi.dev/icons/COGN3.svg,Commercial Services,Serviços Educacionais,stock,stock,AÇÃO B3,68572296.0
ABEV3,AMBEV S.A.,15.74,-0.13,27638900,243660945246.0,https://icons.brapi.dev/icons/ABEV3.svg,Consumer Non-Durables,Cervejas e Refrigerantes,stock,stock,AÇÃO B3,435036286.0
BBAS3,BCO BRASIL S.A.,22.52,0.31,26784000,128787748087.0,https://icons.brapi.dev/icons/BBAS3.svg,Finance,Bancos Diversificados,stock,stock,AÇÃO B3,603175680.0
ITSA4,ITAUSA S.A.,13.95,1.53,26704700,156737651729.0,https://icons.brapi.dev/icons/BRAPI.svg,Finance,,stock,stock,AÇÃO B3,372530565.0
SBSP3,CIA SANEAMENTO BASICO EST SAO PAULO,26.53,1.07,25214200,93505887730.0,https://icons.brapi.dev/icons/SBSP3.svg,Utilities,Água e Saneamento,stock,stock,AÇÃO B3,668932726.0
CSAN3,COSAN S.A.,3.8,-0.52,24431500,15042969635.0,https://icons.brapi.dev/icons/CSAN3.svg,Utilities,"Exploração, Refino e Distribuição",stock,stock,AÇÃO B3,92839700.0
ITUB4,ITAU UNIBANCO HOLDING S.A.,41.92,0.0,23959900,482577297271.0,https://icons.brapi.dev/icons/ITUB4.svg,Finance,Bancos Diversificados,stock,stock,AÇÃO B3,1004399008.0
MOTV3,MOTIVA INFRAESTRUTURA DE MOBILIDADE S.A.,16.78,1.94,22292900,33895568614.000004,https://icons.brapi.dev/icons/BRAPI.svg,Transportation,Exploração de Rodovias,stock,stock,AÇÃO B3,374074862.0
CVCB3,CVC BRASIL OPERADORA E AGÊNCIA DE VIAGENS S.A.,1.88,5.03,19648100,988095364.0,https://icons.brapi.dev/icons/CVCB3.svg,Consumer Services,Viagens e Turismo,stock,stock,AÇÃO B3,36938428.0
CSNA3,CIA SIDERURGICA NACIONAL,6.36,-0.31,18582900,8386833267.0,https://icons.brapi.dev/icons/CSNA3.svg,Non-Energy Minerals,Siderurgia,stock,stock,AÇÃO B3,118187244.0
RAIL3,RUMO S.A.,14.55,-1.76,17795100,27033207666.0,https://icons.brapi.dev/icons/RAIL3.svg,Transportation,Transporte Ferroviário,stock,stock,AÇÃO B3,258918705.0
PLTB11,PLTB11,1.0,0.0,16831071,,https://icons.brapi.dev/icons/BRAPI.svg,,,fund,fii,FII,16831071.0
CMIG4,CIA ENERGETICA DE MINAS GERAIS - CEMIG,11.26,0.72,16344200,37745494605.0,https://icons.brapi.dev/icons/CMIG4.svg,Utilities,Energia Elétrica,stock,stock,AÇÃO B3,184035692.0
VALE3,VALE S.A.,78.62,0.22,13868300,327761379591.0,https://icons.brapi.dev/icons/VALE3.svg,Non-Energy Minerals,Mineração de Minerais Metálicos,stock,stock,AÇÃO B3,1090325746.0
VAMO3,VAMOS LOCAÇÃO DE CAMINHÕES. MÁQUINAS E EQUIP. S.A.,3.5,3.55,13632800,4216434021.0,https://icons.brapi.dev/icons/VAMO3.svg,Finance,Aluguel de Carros,stock,stock,AÇÃO B3,47714800.0
AXIA3,AXIA3,55.28,-0.84,12854700,126858365871.0,https://icons.brapi.dev/icons/BRAPI.svg,Utilities,,stock,stock,AÇÃO B3,710607816.0
USIM5,USINAS SID DE MINAS GERAIS S.A.-USIMINAS,7.63,-2.3,12633900,9031151707.0,https://icons.brapi.dev/icons/USIM5.svg,Non-Energy Minerals,Siderurgia,stock,stock,AÇÃO B3,96396657.0
POMO4,MARCOPOLO S.A.,4.58,0.44,11835500,5555498662.0,https://icons.brapi.dev/icons/BRAPI.svg,Producer Manufacturing,,stock,stock,AÇÃO B3,54206590.0
LREN3,LOJAS RENNER S.A.,11.35,-0.44,11265900,11391834804.0,https://icons.brapi.dev/icons/LREN3.svg,Retail Trade,"Tecidos, Vestuário e Calçados",stock,stock,AÇÃO B3,127867965.0
UGPA3,ULTRAPAR PARTICIPACOES S.A.,37.42,2.66,10363100,40829342790.0,https://icons.brapi.dev/icons/UGPA3.svg,Retail Trade,"Exploração, Refino e Distribuição",stock,stock,AÇÃO B3,387787202.0
CMIN3,CSN MINERAÇÃO S.A.,6.59,-1.05,9952900,35598212274.0,https://icons.brapi.dev/icons/CMIN3.svg,Non-Energy Minerals,Minerais Metálicos,stock,stock,AÇÃO B3,65589611.0
RAIZ4,RAIZEN S.A.,0.28,3.7,9929100,2898702665.0,https://icons.brapi.dev/icons/RAIZ4.svg,Retail Trade,Açúcar e Álcool,stock,stock,AÇÃO B3,2780148.0000000005
BBDC3,BCO BRADESCO S.A.,15.81,0.89,9541200,188234085579.0,https://icons.brapi.dev/icons/BBDC3.svg,Finance,Bancos,stock,stock,AÇÃO B3,150846372.0
PETR3,PETROLEO BRASILEIRO S.A. PETROBRAS,52.01,-1.08,9310300,637284320565.0,https://icons.brapi.dev/icons/PETR3.svg,Energy Minerals,Exploração. Refino e Distribuição,stock,stock,AÇÃO B3,484228703.0
GOAU4,METALURGICA GERDAU S.A.,11.17,0.63,9080500,14115490050.0,https://icons.brapi.dev/icons/GOAU4.svg,Non-Energy Minerals,Siderurgia,stock,stock,AÇÃO B3,101429185.0
RECV3,PETRORECÔNCAVO S.A.,11.16,-2.45,8775500,3274674587.0,https://icons.brapi.dev/icons/RECV3.svg,Energy Minerals,Exploração e Produção de Petróleo,stock,stock,AÇÃO B3,97934580.0
SLCE3,SLC AGRICOLA S.A.,16.41,-0.49,8677200,8124674657.0,https://icons.brapi.dev/icons/SLCE3.svg,Process Industries,Agricultura,stock,stock,AÇÃO B3,142392852.0
PRIO3,PRIO S.A.,60.19,-2.13,8493400,50163408026.0,https://icons.brapi.dev/icons/PRIO3.svg,Energy Minerals,Exploração e Produção de Petróleo,stock,stock,AÇÃO B3,511217746.0
DIRR3,DIRECIONAL ENGENHARIA S.A.,11.46,-0.09,8413600,5959349705.0,https://icons.brapi.dev/icons/DIRR3.svg,Finance,Incorporações,stock,stock,AÇÃO B3,96419856.0
ECOR3,ECORODOVIAS INFRAESTRUTURA E LOGÍSTICA S.A.,7.92,3.66,8222000,5509320566.0,https://icons.brapi.dev/icons/ECOR3.svg,Transportation,Exploração de Rodovias,stock,stock,AÇÃO B3,65118240.0
ASAI3,SENDAS DISTRIBUIDORA S.A.,9.08,-0.33,8188300,12297892265.0,https://icons.brapi.dev/icons/ASAI3.svg,Retail Trade,Alimentos,stock,stock,AÇÃO B3,74349764.0
BPAC11,BCO BTG PACTUAL S.A.,59.24,0.73,8157200,,https://icons.brapi.dev/icons/BPAC11.svg,Finance,Bancos,stock,unit,AÇÃO/UNIT B3,483232528.0
RENT3,LOCALIZA RENT A CAR S.A.,36.64,-0.3,7730800,39437292488.0,https://icons.brapi.dev/icons/RENT3.svg,Finance,Aluguel de Carros,stock,stock,AÇÃO B3,283256512.0
VBBR3,VIBRA ENERGIA S.A.,36.99,0.33,7526400,42481797775.0,https://icons.brapi.dev/icons/VBBR3.svg,Retail Trade,"Exploração, Refino e Distribuição",stock,stock,AÇÃO B3,278401536.0
CYRE3,CYRELA BRAZIL REALTY S.A.EMPREEND E PART,25.6,1.03,7432300,11051914414.0,https://icons.brapi.dev/icons/CYRE3.svg,Finance,Incorporações,stock,stock,AÇÃO B3,190266880.0
MOVI3,MOVIDA PARTICIPACOES SA,8.11,4.51,6853300,3447985609.0,https://icons.brapi.dev/icons/MOVI3.svg,Finance,Aluguel de carros,stock,stock,AÇÃO B3,55580262.99999999
RAPT4,RANDONCORP S.A.,4.8,-6.98,6809400,2057807010.0,https://icons.brapi.dev/icons/BRAPI.svg,Producer Manufacturing,,stock,stock,AÇÃO B3,32685120.0
WEGE3,WEG S.A.,51.74,-0.61,6753800,217101653371.0,https://icons.brapi.dev/icons/WEGE3.svg,Producer Manufacturing,Máquinas e Equipamentos,stock,stock,AÇÃO B3,349441612.0
PCAR3,CIA BRASILEIRA DE DISTRIBUICAO,2.83,4.81,6712000,1391370050.0,https://icons.brapi.dev/icons/PCAR3.svg,Retail Trade,Alimentos,stock,stock,AÇÃO B3,18994960.0
SAUD3,SAUD3,14.69,-0.88,6378400,42945740365.0,https://icons.brapi.dev/icons/BRAPI.svg,Health Services,,stock,stock,AÇÃO B3,93698696.0
GGBR4,GERDAU S.A.,25.34,0.8,6349000,46674904097.0,https://icons.brapi.dev/icons/GGBR4.svg,Non-Energy Minerals,Siderurgia,stock,stock,AÇÃO B3,160883660.0
EQTL3,EQUATORIAL S.A.,39.16,0.62,6301800,48187044270.0,https://icons.brapi.dev/icons/EQTL3.svg,Utilities,Energia Elétrica,stock,stock,AÇÃO B3,246778487.99999997
JHSF3,JHSF PARTICIPACOES S.A.,11.45,-1.8,6206000,7774047396.0,https://icons.brapi.dev/icons/JHSF3.svg,Finance,Incorporações,stock,stock,AÇÃO B3,71058700.0
MRVE3,MRV ENGENHARIA E PARTICIPACOES S.A.,5.55,-1.07,6173600,3123731092.0,https://icons.brapi.dev/icons/MRVE3.svg,Consumer Durables,Incorporações,stock,stock,AÇÃO B3,34263480.0
ENEV3,ENEVA S.A,27.59,-0.18,5839700,52654235482.0,https://icons.brapi.dev/icons/ENEV3.svg,Utilities,Energia Elétrica,stock,stock,AÇÃO B3,161117323.0
ANIM3,ANIMA HOLDING S.A.,2.93,1.38,5836600,1167346434.0,https://icons.brapi.dev/icons/ANIM3.svg,Consumer Services,Serviços Educacionais,stock,stock,AÇÃO B3,17101238.0
EGIE3,ENGIE BRASIL ENERGIA S.A.,30.14,-0.72,5786800,42689736633.0,https://icons.brapi.dev/icons/EGIE3.svg,Utilities,Energia Elétrica,stock,stock,AÇÃO B3,174414152.0
FNOR11,FNOR11,0.52,-1.89,5736000,,https://icons.brapi.dev/icons/BRAPI.svg,,,fund,etf,ETF,2982720.0
SMFT3,SMARTFIT ESCOLA DE GINÁSTICA E DANÇA S.A.,17.97,1.3,5656600,11071853571.0,https://icons.brapi.dev/icons/SMFT3.svg,Consumer Services,Atividades Esportivas,stock,stock,AÇÃO B3,101649102.0
MBRF3,MBRF3,17.69,-3.7,5625900,24409358935.0,https://icons.brapi.dev/icons/BRAPI.svg,Consumer Non-Durables,,stock,stock,AÇÃO B3,99522171.0
NATU3,NATURA COSMETICOS S.A.,8.85,-3.8,5548200,12163125286.0,https://icons.brapi.dev/icons/BRAPI.svg,Consumer Non-Durables,Produtos de Uso Pessoal,stock,stock,AÇÃO B3,49101570.0
RDOR3,REDE DOR SÃO LUIZ S.A.,37.13,-0.7,5461400,81737192075.0,https://icons.brapi.dev/icons/RDOR3.svg,Health Services,Serviços Médicos Hospitalares,stock,stock,AÇÃO B3,202781782.0
HAPV3,HAPVIDA PARTICIPACOES E INVESTIMENTOS SA,7.26,-0.95,5379100,3611923449.0,https://icons.brapi.dev/icons/HAPV3.svg,Health Services,Serviços Médicos Hospitalares,stock,stock,AÇÃO B3,39052266.0
YDUQ3,YDUQS PARTICIPACOES S.A.,9.64,1.58,5332500,2506682511.0,https://icons.brapi.dev/icons/YDUQ3.svg,Commercial Services,Serviços Educacionais,stock,stock,AÇÃO B3,51405300.0
ROXO34,ROXO34,13.22,0.84,5251159,379767498787.72375,https://icons.brapi.dev/icons/BRAPI.svg,Finance,,bdr,bdr,AÇÃO GLOBAL / BDR,69420321.98
TEND3,CONSTRUTORA TENDA S.A.,34.63,3.0,5243800,3963339579.0,https://icons.brapi.dev/icons/TEND3.svg,Finance,Incorporações,stock,stock,AÇÃO B3,181592794.0
BRAV3,BRAVA ENERGIA S.A.,17.88,-4.18,5234600,8306283803.0,https://icons.brapi.dev/icons/BRAV3.svg,Energy Minerals,Exploração e Produção de Petróleo,stock,stock,AÇÃO B3,93594648.0
CEAB3,CEA MODAS S.A.,9.21,-1.18,5155400,2838936979.0,https://icons.brapi.dev/icons/CEAB3.svg,Retail Trade,Tecidos. Vestuário e Calçados,stock,stock,AÇÃO B3,47481234.00000001
BBSE3,BB SEGURIDADE PARTICIPAÇÕES S.A.,42.16,1.13,4935100,81709728562.0,https://icons.brapi.dev/icons/BBSE3.svg,Finance,Seguradoras,stock,stock,AÇÃO B3,208063815.99999997
GMAT3,GRUPO MATEUS S.A.,4.87,1.46,4875500,11218981641.0,https://icons.brapi.dev/icons/GMAT3.svg,Retail Trade,Alimentos,stock,stock,AÇÃO B3,23743685.0
AXIA7,AXIA7,55.35,-0.93,4709700,126858365871.0,https://icons.brapi.dev/icons/BRAPI.svg,Utilities,,stock,stock,AÇÃO B3,260681895.0
SANB11,BCO SANTANDER (BRASIL) S.A.,30.43,-0.03,4684700,,https://icons.brapi.dev/icons/SANB11.svg,Finance,Bancos,stock,unit,AÇÃO/UNIT B3,142555421.0
RADL3,RAIA DROGASIL S.A.,19.99,-1.38,4584400,34934464548.0,https://icons.brapi.dev/icons/RADL3.svg,Retail Trade,Medicamentos e Outros Produtos,stock,stock,AÇÃO B3,91642156.0
AUAU3,UNIÃO PET PARTICIPAÇÕES S.A.,4.0,1.78,4564300,3396775146.0,https://icons.brapi.dev/icons/PETZ3.svg,Process Industries,Produtos Diversos,stock,stock,AÇÃO B3,18257200.0
SIMH3,SIMPAR S.A.,7.72,2.93,4353700,4400271988.0,https://icons.brapi.dev/icons/SIMH3.svg,Transportation,Holdings Diversificadas,stock,stock,AÇÃO B3,33610564.0
NVDC34,NVDC34,24.46,1.07,4307847,28397319768332.477,https://icons.brapi.dev/icons/BRAPI.svg,Electronic Technology,,bdr,bdr,AÇÃO GLOBAL / BDR,105369937.62
GGPS3,GPS PARTICIPACOES E EMPREENDIMENTOS S.A.,13.09,1.47,4278600,9848268486.0,https://icons.brapi.dev/icons/GGPS3.svg,Commercial Services,Serviços Diversos,stock,stock,AÇÃO B3,56006874.0
TIMS3,TIM S.A.,18.99,0.11,4106000,45426239936.0,https://icons.brapi.dev/icons/TIMS3.svg,Communications,Telecomunicações,stock,stock,AÇÃO B3,77972940.0
ALOS3,ALLOS S.A,28.81,-0.72,4061500,14507198388.0,https://icons.brapi.dev/icons/ALOS3.svg,Finance,Exploração de Imóveis,stock,stock,AÇÃO B3,117011815.0
ONCO11,ONCOCLINICAS DO BRASIL SERVICOS MEDICOS  S.A.,0.3,-3.23,4039700,1534907735.0,https://icons.brapi.dev/icons/BRAPI.svg,Health Services,,stock,stock,AÇÃO B3,1211910.0
CSMG3,CIA SANEAMENTO DE MINAS GERAIS-COPASA MG,55.91,-1.71,4018100,21200013051.0,https://icons.brapi.dev/icons/CSMG3.svg,Utilities,Água e Saneamento,stock,stock,AÇÃO B3,224651971.0
CXSE3,CAIXA SEGURIDADE PARTICIPAÇÕES S.A.,19.98,1.06,3930600,59939998627.0,https://icons.brapi.dev/icons/CXSE3.svg,Finance,Seguradoras,stock,stock,AÇÃO B3,78533388.0
EMBJ3,EMBJ3,94.98,1.12,3916800,68648327866.00001,https://icons.brapi.dev/icons/BRAPI.svg,Electronic Technology,,stock,stock,AÇÃO B3,372017664.0
EVEN3,EVEN CONSTRUTORA E INCORPORADORA S.A.,4.23,-2.53,3908400,812700114.0,https://icons.brapi.dev/icons/EVEN3.svg,Finance,Incorporações,stock,stock,AÇÃO B3,16532532.000000002
PGMN3,EMPREENDIMENTOS PAGUE MENOS S.A.,3.84,2.4,3880200,1151190560.0,https://icons.brapi.dev/icons/PGMN3.svg,Retail Trade,Medicamentos e Outros Produtos,stock,stock,AÇÃO B3,14899968.0
SUZB3,SUZANO S.A.,46.89,0.21,3811100,58709828040.0,https://icons.brapi.dev/icons/SUZB3.svg,Process Industries,Papel e Celulose,stock,stock,AÇÃO B3,178702479.0
QUAL3,QUALICORP CONSULTORIA E CORRETORA DE SEGUROS S.A.,1.5,-1.96,3810100,416428802.0,https://icons.brapi.dev/icons/QUAL3.svg,Health Services,Serv.Méd.Hospit..Análises e Diagnósticos,stock,stock,AÇÃO B3,5715150.0
MULT3,MULTIPLAN - EMPREEND IMOBILIARIOS S.A.,30.18,-0.56,3758800,9102518531.0,https://icons.brapi.dev/icons/MULT3.svg,Finance,Exploração de Imóveis,stock,stock,AÇÃO B3,113440584.0
BRKM5,BRASKEM S.A.,4.8,-2.83,3692300,3585072481.0,https://icons.brapi.dev/icons/BRKM5.svg,Process Industries,Petroquímicos,stock,stock,AÇÃO B3,17723040.0
FLRY3,FLEURY S.A.,20.17,0.35,3626200,11017173137.0,https://icons.brapi.dev/icons/FLRY3.svg,Health Services,Serviços Médicos Hospitalares,stock,stock,AÇÃO B3,73140454.0
HYPE3,HYPERA S.A.,23.16,1.89,3603000,16292498704.0,https://icons.brapi.dev/icons/HYPE3.svg,Health Technology,Medicamentos e Outros Produtos,stock,stock,AÇÃO B3,83445480.0
AURE3,AUREN ENERGIA S.A.,12.0,3.18,3600000,12604536621.0,https://icons.brapi.dev/icons/AURE3.svg,Utilities,Energia Elétrica,stock,stock,AÇÃO B3,43200000.0
VIVT3,TELEFÔNICA BRASIL S.A,30.06,-0.82,3542200,96639214172.0,https://icons.brapi.dev/icons/VIVT3.svg,Communications,Telecomunicações,stock,stock,AÇÃO B3,106478532.0
RCSL4,RECRUSUL S.A.,0.42,-2.33,3524300,52608343.0,https://icons.brapi.dev/icons/BRAPI.svg,Producer Manufacturing,,stock,stock,AÇÃO B3,1480206.0
BHIA3,GRUPO CASAS BAHIA S.A.,0.69,0.0,3481900,673336354.0,https://icons.brapi.dev/icons/BHIA3.svg,Retail Trade,Eletrodomésticos,stock,stock,AÇÃO B3,2402511.0
BMGB4,BANCO BMG S.A.,5.98,0.84,3392000,1398165540.0,https://icons.brapi.dev/icons/BMGB4.svg,Finance,Bancos,stock,stock,AÇÃO B3,20284160.0
KLBN11,KLABIN S.A.,19.47,-0.46,3389300,,https://icons.brapi.dev/icons/KLBN11.svg,Non-Energy Minerals,Papel e Celulose,stock,unit,AÇÃO/UNIT B3,65989670.99999999
TOTS3,TOTVS S.A.,34.5,-0.92,3188900,20365235870.0,https://icons.brapi.dev/icons/TOTS3.svg,Technology Services,Programas e Serviços,stock,stock,AÇÃO B3,110017050.0
RIAA3,RIAA3,7.16,-2.59,3181300,3594771138.0,https://icons.brapi.dev/icons/BRAPI.svg,Distribution Services,,stock,stock,AÇÃO B3,22778108.0
GFSA3,GAFISA S.A.,0.21,-4.55,3142000,33047134.0,https://icons.brapi.dev/icons/GFSA3.svg,Finance,Incorporações,stock,stock,AÇÃO B3,659820.0
AZZA3,AZZAS 2154 S.A.,17.69,3.57,3075800,3650065299.0,https://icons.brapi.dev/icons/AZZA3.svg,Consumer Non-Durables,"Tecidos, Vestuário e Calçados",stock,stock,AÇÃO B3,54410902.00000001
ALPA4,ALPARGATAS S.A.,13.57,-1.24,3030400,8002278657.0,https://icons.brapi.dev/icons/BRAPI.svg,Consumer Non-Durables,,stock,stock,AÇÃO B3,41122528.0
EZTC3,EZ TEC EMPREEND. E PARTICIPACOES S.A.,13.0,-1.89,2920900,3584313599.0,https://icons.brapi.dev/icons/EZTC3.svg,Finance,Incorporações,stock,stock,AÇÃO B3,37971700.0
FESA4,CIA FERRO LIGAS DA BAHIA - FERBASA,5.61,-1.92,2854400,2497518945.0,https://icons.brapi.dev/icons/BRAPI.svg,Non-Energy Minerals,,stock,stock,AÇÃO B3,16013184.0
ENGI11,ENERGISA S.A.,51.43,0.12,2822400,,https://icons.brapi.dev/icons/ENGI11.svg,Utilities,Energia Elétrica,stock,unit,AÇÃO/UNIT B3,145156032.0
IGTI11,IGUATEMI S.A.,26.43,-0.53,2782300,,https://icons.brapi.dev/icons/IGTI11.svg,Finance,Exploração de Imóveis,stock,unit,AÇÃO/UNIT B3,73536189.0
LWSA3,LWSA S.A.,4.22,0.96,2756600,2397824538.0,https://icons.brapi.dev/icons/LWSA3.svg,Technology Services,Programas e Serviços,stock,stock,AÇÃO B3,11632852.0
LJQQ3,LOJAS QUERO-QUERO S/A,1.25,1.63,2747500,258646584.00000003,https://icons.brapi.dev/icons/LJQQ3.svg,Retail Trade,Produtos Diversos,stock,stock,AÇÃO B3,3434375.0
AZEV4,AZEVEDO E TRAVASSOS S.A.,1.45,-3.97,2668700,424298705.0,https://icons.brapi.dev/icons/BRAPI.svg,Industrial Services,,stock,stock,AÇÃO B3,3869615.0
OPCT3,OCEANPACT SERVICOS MARITIMOS S.A.,11.36,3.93,2661800,2249565423.0,https://icons.brapi.dev/icons/OPCT3.svg,Commercial Services,Equipamentos e Serviços,stock,stock,AÇÃO B3,30238048.0
GRND3,GRENDENE S.A.,3.68,-0.27,2654800,3319948761.0,https://icons.brapi.dev/icons/GRND3.svg,Consumer Non-Durables,Calçados,stock,stock,AÇÃO B3,9769664.0
OBTC3,ORANJEBTC S.A. - EDUCAÇÃO E INVESTIMENTO,7.0,9.2,2637200,1086665298.0,https://icons.brapi.dev/icons/BRAPI.svg,Technology Services,,stock,stock,AÇÃO B3,18460400.0
ISAE4,ISA ENERGIA BRASIL S.A,27.7,0.22,2635200,20649211478.0,https://icons.brapi.dev/icons/ISAE4.svg,Utilities,Energia Elétrica,stock,stock,AÇÃO B3,72995040.0
KLBN4,KLABIN S.A.,3.85,-0.26,2624700,23456242526.0,https://icons.brapi.dev/icons/BRAPI.svg,Non-Energy Minerals,,stock,stock,AÇÃO B3,10105095.0
INBR32,INTER CO INC,28.86,-2.2,2566092,12738770618.925829,https://icons.brapi.dev/icons/BRAPI.svg,Finance,,bdr,bdr,AÇÃO GLOBAL / BDR,74057415.12
ITLC34,ITLC34,81.55,4.28,2509519,2574852388808.184,https://icons.brapi.dev/icons/BRAPI.svg,Electronic Technology,,bdr,bdr,AÇÃO GLOBAL / BDR,204651274.45
BOVA11,BOVA11,181.94,-0.17,2491912,,https://icons.brapi.dev/icons/BRAPI.svg,Miscellaneous,,fund,etf,ETF,453378469.28
VULC3,VULCABRAS S.A.,13.01,0.0,2484800,4086609891.0,https://icons.brapi.dev/icons/VULC3.svg,Consumer Non-Durables,Calçados,stock,stock,AÇÃO B3,32327248.0
FNAM11,FNAM11,0.43,0.0,2378000,,https://icons.brapi.dev/icons/BRAPI.svg,,,fund,etf,ETF,1022540.0
TSLA34,TSLA34,56.4,-6.09,2356405,7153226413309.463,https://icons.brapi.dev/icons/BRAPI.svg,Consumer Durables,,bdr,bdr,AÇÃO GLOBAL / BDR,132901242.0
IRBR3,IRB - BRASIL RESSEGUROS S.A.,62.21,4.64,2255400,5039173734.0,https://icons.brapi.dev/icons/IRBR3.svg,Finance,Resseguradoras,stock,stock,AÇÃO B3,140308434.0
SBFG3,GRUPO SBF SA,9.04,0.56,2255300,2085202564.0000002,https://icons.brapi.dev/icons/SBFG3.svg,Retail Trade,Produtos Diversos,stock,stock,AÇÃO B3,20387911.999999996
PLPL3,PLANO & PLANO DESENVOLVIMENTO IMOBILIÁRIO S.A.,7.23,0.7,2181000,1474193209.0,https://icons.brapi.dev/icons/PLPL3.svg,Finance,Incorporações,stock,stock,AÇÃO B3,15768630.0
ORVR3,ORIZON VALORIZACAO DE RESIDUOS S.A.,17.1,1.6,2168500,9392968422.0,https://icons.brapi.dev/icons/ORVR3.svg,Utilities,Água e Saneamento,stock,stock,AÇÃO B3,37081350.0
M2ST34,M2ST34,10.47,-0.66,2142608,280651683053.70844,https://icons.brapi.dev/icons/BRAPI.svg,Technology Services,,bdr,bdr,AÇÃO GLOBAL / BDR,22433105.76
MLAS3,GRUPO MULTI S.A.,1.86,-1.06,2118000,1511524062.0,https://icons.brapi.dev/icons/MLAS3.svg,Electronic Technology,Computadores e Equipamentos,stock,stock,AÇÃO B3,3939480.0
MDNE3,MOURA DUBEUX ENGENHARIA S/A,25.81,-0.15,2036500,2681349631.0,https://icons.brapi.dev/icons/MDNE3.svg,Finance,Incorporações,stock,stock,AÇÃO B3,52562065.0
MXRF11,MXRF11,9.19,0.33,1996769,,https://icons.brapi.dev/icons/BRAPI.svg,Miscellaneous,Logística,fund,fii,FII,18350307.11
ITUB3,ITAU UNIBANCO HOLDING S.A.,45.72,-0.15,1945100,482577297271.0,https://icons.brapi.dev/icons/ITUB3.svg,Finance,Bancos,stock,stock,AÇÃO B3,88929972.0
TTEN3,TRÊS TENTOS AGROINDUSTRIAL S/A,11.28,-2.67,1925200,5648320794.0,https://icons.brapi.dev/icons/TTEN3.svg,Commercial Services,Agricultura,stock,stock,AÇÃO B3,21716256.0
SYNE3,SYN PROP E TECH S.A.,3.78,-4.3,1863300,576995978.0,https://icons.brapi.dev/icons/SYNE3.svg,Finance,Exploração de Imóveis,stock,stock,AÇÃO B3,7043274.0
LIGT3,LIGHT S.A.,3.57,-1.92,1842200,5750136836.0,https://icons.brapi.dev/icons/LIGT3.svg,Utilities,Energia Elétrica,stock,stock,AÇÃO B3,6576654.0
CBAV3,COMPANHIA BRASILEIRA DE ALUMÍNIO,11.15,-0.45,1743300,7259460277.0,https://icons.brapi.dev/icons/CBAV3.svg,Non-Energy Minerals,Minerais Metálicos,stock,stock,AÇÃO B3,19437795.0
JALL3,JALLES MACHADO S.A.,2.66,0.38,1733000,807421401.0,https://icons.brapi.dev/icons/JALL3.svg,Process Industries,Açucar e Alcool,stock,stock,AÇÃO B3,4609780.0
GGRC11,GGRC11,9.01,-0.44,1718621,,https://icons.brapi.dev/icons/BRAPI.svg,Miscellaneous,Multicategoria,fund,fii,FII,15484775.209999999
OIBR3,OI S.A.,0.1,0.0,1667600,32990083.0,https://icons.brapi.dev/icons/OIBR3.svg,Communications,Telecomunicações,stock,stock,AÇÃO B3,166760.0
BMOB3,BEMOBI MOBILE TECH S.A.,26.05,4.03,1648500,2176695937.0,https://icons.brapi.dev/icons/BMOB3.svg,Technology Services,Programas e Serviços,stock,stock,AÇÃO B3,42943425.0
HBSA3,HIDROVIAS DO BRASIL S.A.,3.42,0.0,1615900,4652508488.0,https://icons.brapi.dev/icons/HBSA3.svg,Transportation,Transporte Hidroviário,stock,stock,AÇÃO B3,5526378.0
AMER3,AMERICANAS S.A,5.55,4.32,1569100,1111361031.0,https://icons.brapi.dev/icons/AMER3.svg,Retail Trade,Produtos Diversos,stock,stock,AÇÃO B3,8708505.0
DXCO3,DEXCO S.A.,5.64,0.0,1560300,5033952552.0,https://icons.brapi.dev/icons/DXCO3.svg,Producer Manufacturing,Madeira,stock,stock,AÇÃO B3,8800092.0
CURY3,CURY CONSTRUTORA E INCORPORADORA S.A.,33.21,1.25,1548300,10230260760.0,https://icons.brapi.dev/icons/CURY3.svg,Finance,Incorporações,stock,stock,AÇÃO B3,51419043.0
CPUR11,CPUR11,10.84,0.28,1513963,,https://icons.brapi.dev/icons/BRAPI.svg,,,fund,fii,FII,16411358.92
CASH3,MÉLIUZ S.A.,5.38,-4.27,1507200,559914630.0,https://icons.brapi.dev/icons/CASH3.svg,Commercial Services,Programas e Serviços,stock,stock,AÇÃO B3,8108736.0
GOLD11,GOLD11,23.66,-0.08,1503913,,https://icons.brapi.dev/icons/BRAPI.svg,Miscellaneous,,fund,etf,ETF,35582581.58
INTB3,INTELBRAS S.A. IND DE TELEC ELETRONICA BRASILEIRA,14.94,-1.26,1489200,4894509913.0,https://icons.brapi.dev/icons/INTB3.svg,Technology Services,Computadores e Equipamentos,stock,stock,AÇÃO B3,22248648.0
POMO3,MARCOPOLO S.A.,4.26,-0.93,1454500,5555498662.0,https://icons.brapi.dev/icons/POMO3.svg,Producer Manufacturing,Material Rodoviário,stock,stock,AÇÃO B3,6196170.0
VIVA3,VIVARA PARTICIPAÇOES S.A,23.13,-0.6,1450800,5463254555.0,https://icons.brapi.dev/icons/VIVA3.svg,Consumer Durables,Acessórios,stock,stock,AÇÃO B3,33557004.0
SMAL11,SMAL11,110.99,-0.06,1401579,,https://icons.brapi.dev/icons/BRAPI.svg,Miscellaneous,,fund,etf,ETF,155561253.20999998
PSSA3,PORTO SEGURO S.A.,51.66,0.82,1392200,33177402048.999996,https://icons.brapi.dev/icons/PSSA3.svg,Finance,Seguradoras,stock,stock,AÇÃO B3,71921052.0
PINE4,BCO PINE S.A.,11.14,-1.24,1344900,2871580949.0,https://icons.brapi.dev/icons/BRAPI.svg,Finance,,stock,stock,AÇÃO B3,14982186.0
BRAP4,BRADESPAR S.A.,22.48,-0.27,1328100,8398003592.999999,https://icons.brapi.dev/icons/BRAPI.svg,Finance,,stock,stock,AÇÃO B3,29855688.0
TAEE11,TRANSMISSORA ALIANÇA DE ENERGIA ELÉTRICA S.A.,41.53,-0.05,1277100,,https://icons.brapi.dev/icons/TAEE11.svg,Industrial Services,Energia Elétrica,stock,unit,AÇÃO/UNIT B3,53037963.0
ALUP11,ALUPAR INVESTIMENTO S/A,33.64,0.51,1270100,,https://icons.brapi.dev/icons/BRAPI.svg,Utilities,,stock,unit,AÇÃO/UNIT B3,42726164.0
SMTO3,SAO MARTINHO S.A.,20.6,1.78,1231800,6690862270.0,https://icons.brapi.dev/icons/SMTO3.svg,Process Industries,Açúcar e Álcool,stock,stock,AÇÃO B3,25375080.0
CAML3,CAMIL ALIMENTOS S.A.,4.94,-2.76,1228600,1689546654.0,https://icons.brapi.dev/icons/CAML3.svg,Process Industries,Alimentos Diversos,stock,stock,AÇÃO B3,6069284.000000001
SAPR11,CIA SANEAMENTO DO PARANA - SANEPAR,34.95,-1.58,1186100,,https://icons.brapi.dev/icons/BRAPI.svg,Utilities,,stock,unit,AÇÃO/UNIT B3,41454195.0
CPFE3,CPFL ENERGIA S.A.,46.83,0.21,1148100,53960081122.0,https://icons.brapi.dev/icons/CPFE3.svg,Utilities,Energia Elétrica,stock,stock,AÇÃO B3,53765523.0
SAPR4,CIA SANEAMENTO DO PARANA - SANEPAR,6.84,-1.01,1118700,10764821019.0,https://icons.brapi.dev/icons/BRAPI.svg,Utilities,,stock,stock,AÇÃO B3,7651908.0
AZEV3,AZEVEDO E TRAVASSOS S.A.,8.39,-6.78,1116100,424298705.0,https://icons.brapi.dev/icons/AZEV3.svg,Industrial Services,Construção Pesada,stock,stock,AÇÃO B3,9364079.0
KEPL3,KEPLER WEBER S.A.,6.68,1.21,1089800,1200430197.0,https://icons.brapi.dev/icons/KEPL3.svg,Producer Manufacturing,Máq. e Equip. Industriais,stock,stock,AÇÃO B3,7279864.0
SEER3,SER EDUCACIONAL S.A.,13.52,1.2,1072500,1740315518.0,https://icons.brapi.dev/icons/SEER3.svg,Consumer Services,Serviços Educacionais,stock,stock,AÇÃO B3,14500200.0
SNEL11,SNEL11,8.16,-0.24,1071567,,https://icons.brapi.dev/icons/BRAPI.svg,Miscellaneous,Outros,fund,fii,FII,8743986.72
SOJA3,BOA SAFRA SEMENTES S.A.,7.88,0.9,1036900,1118193250.0,https://icons.brapi.dev/icons/SOJA3.svg,Process Industries,Agricultura,stock,stock,AÇÃO B3,8170772.0
JBSS32,JBS N.V.,67.36,-0.13,1019099,71377012081.84145,https://icons.brapi.dev/icons/BRAPI.svg,Consumer Non-Durables,,bdr,bdr,AÇÃO GLOBAL / BDR,68646508.64
AZTE3,AZEVEDO & TRAVASSOS ENERGIA S.A.,1.47,-2.65,1017700,58816931.0,https://icons.brapi.dev/icons/BRAPI.svg,Energy Minerals,,stock,stock,AÇÃO B3,1496019.0
BRSR6,BCO ESTADO DO RIO GRANDE DO SUL S.A.,14.88,-0.8,1003800,6680411228.0,https://icons.brapi.dev/icons/BRAPI.svg,Finance,,stock,stock,AÇÃO B3,14936544.0
BZEQ11,BZEQ11,106.33,0.08,991056,,https://icons.brapi.dev/icons/BRAPI.svg,Miscellaneous,,fund,etf,ETF,105378984.48
NFLX34,NFLX34,8.01,-4.64,940153,1666640922838.8745,https://icons.brapi.dev/icons/BRAPI.svg,Technology Services,,bdr,bdr,AÇÃO GLOBAL / BDR,7530625.53
RANI3,IRANI PAPEL E EMBALAGEM S.A.,7.66,0.13,939900,1747438283.0,https://icons.brapi.dev/icons/RANI3.svg,Process Industries,Embalagens,stock,stock,AÇÃO B3,7199634.0
SHUL4,SCHULZ S.A.,4.47,0.0,939500,4973903741.0,https://icons.brapi.dev/icons/BRAPI.svg,Producer Manufacturing,,stock,stock,AÇÃO B3,4199565.0
HBOR3,HELBOR EMPREENDIMENTOS S.A.,2.07,-5.91,938900,274676730.0,https://icons.brapi.dev/icons/HBOR3.svg,Consumer Durables,Incorporações,stock,stock,AÇÃO B3,1943522.9999999998
FIQE3,UNIFIQUE TELECOMUNICAÇÕES S.A.,4.92,-1.01,912100,1963506446.0,https://icons.brapi.dev/icons/FIQE3.svg,Communications,Telecomunicações,stock,stock,AÇÃO B3,4487532.0
POSI3,POSITIVO TECNOLOGIA S.A.,3.42,-0.58,911600,478011077.0,https://icons.brapi.dev/icons/POSI3.svg,Electronic Technology,Computadores e Equipamentos,stock,stock,AÇÃO B3,3117672.0
ABCB4,BCO ABC BRASIL S.A.,24.58,-1.05,909900,6383090029.0,https://icons.brapi.dev/icons/ABCB4.svg,Finance,Bancos,stock,stock,AÇÃO B3,22365342.0
AMBP3,AMBIPAR PARTICIPACOES E EMPREENDIMENTOS S/A,0.14,0.0,884500,233858619.0,https://icons.brapi.dev/icons/AMBP3.svg,Commercial Services,Água e Saneamento,stock,stock,AÇÃO B3,123830.00000000001
GARE11,GARE11,8.34,-0.48,865250,,https://icons.brapi.dev/icons/BRAPI.svg,Miscellaneous,Multicategoria,fund,fii,FII,7216185.0
PNVL3,DIMED S.A. DISTRIBUIDORA DE MEDICAMENTOS,13.16,2.33,857400,1956689525.0,https://icons.brapi.dev/icons/PNVL3.svg,Retail Trade,Medicamentos e Outros Produtos,stock,stock,AÇÃO B3,11283384.0
VVEO3,CM HOSPITALAR S.A.,0.76,-3.8,852900,240014319.0,https://icons.brapi.dev/icons/VVEO3.svg,Distribution Services,Medicamentos e Outros Produtos,stock,stock,AÇÃO B3,648204.0
BLAU3,BLAU FARMACÊUTICA S.A.,9.68,1.89,844100,2257493467.0,https://icons.brapi.dev/icons/BLAU3.svg,Health Technology,Medicamentos e Outros Produtos,stock,stock,AÇÃO B3,8170888.0
JSLG3,JSL S.A.,5.82,-1.36,829600,1657116102.0,https://icons.brapi.dev/icons/JSLG3.svg,Transportation,Transporte Rodoviário,stock,stock,AÇÃO B3,4828272.0
MYPK3,IOCHPE MAXION S.A.,9.81,1.87,828100,1494747471.0,https://icons.brapi.dev/icons/MYPK3.svg,Producer Manufacturing,Automóveis e Motocicletas,stock,stock,AÇÃO B3,8123661.0
GSFI11,GSFI11,11.18,0.0,820496,,https://icons.brapi.dev/icons/BRAPI.svg,Miscellaneous,Shoppings,fund,fii,FII,9173145.28
AVGO34,AVGO34,26.2,0.92,819014,8709534883846.548,https://icons.brapi.dev/icons/BRAPI.svg,Electronic Technology,,bdr,bdr,AÇÃO GLOBAL / BDR,21458166.8
DASA3,DIAGNOSTICOS DA AMERICA S.A.,2.82,0.71,811100,3523999560.0,https://icons.brapi.dev/icons/DASA3.svg,Health Services,Serv.Méd.Hospit..Análises e Diagnósticos,stock,stock,AÇÃO B3,2287302.0
PASS3,COMPASS GAS E ENERGIA S.A.,23.51,-0.38,777500,16790609991.000002,https://icons.brapi.dev/icons/BRAPI.svg,Utilities,Gás,stock,stock,AÇÃO B3,18279025.0
AMZO34,AMZO34,66.57,0.44,770321,14262763450700.77,https://icons.brapi.dev/icons/BRAPI.svg,Retail Trade,,bdr,bdr,AÇÃO GLOBAL / BDR,51280268.96999999
USIM3,USINAS SID DE MINAS GERAIS S.A.-USIMINAS,7.12,-2.2,749800,9031151707.0,https://icons.brapi.dev/icons/USIM3.svg,Non-Energy Minerals,Siderurgia,stock,stock,AÇÃO B3,5338576.0
CPSH11,CPSH11,9.63,0.21,738079,,https://icons.brapi.dev/icons/BRAPI.svg,,,fund,fii,FII,7107700.7700000005
LAVV3,LAVVI EMPREENDIMENTOS IMOBILIÁRIOS S.A.,10.61,-0.75,639500,2055919430.0,https://icons.brapi.dev/icons/LAVV3.svg,Finance,Incorporações,stock,stock,AÇÃO B3,6785095.0
SPCX34,SPCX34,50.63,-0.65,615266,10270279586312.02,https://icons.brapi.dev/icons/BRAPI.svg,Communications,,bdr,bdr,AÇÃO GLOBAL / BDR,31150917.580000002
RCSL3,RECRUSUL S.A.,0.4,8.11,584500,52608343.0,https://icons.brapi.dev/icons/RCSL3.svg,Producer Manufacturing,Material Rodoviário,stock,stock,AÇÃO B3,233800.0
XPBR31,XP INC.,102.74,1.85,557806,52521374690.53709,https://icons.brapi.dev/icons/BRAPI.svg,Finance,,bdr,bdr,AÇÃO GLOBAL / BDR,57308988.44
MTRE3,MITRE REALTY EMPREENDIMENTOS E PARTICIPAÇÕES S.A.,3.42,0.29,557500,361749861.0,https://icons.brapi.dev/icons/MTRE3.svg,Finance,Incorporações,stock,stock,AÇÃO B3,1906650.0
MELK3,MELNICK DESENVOLVIMENTO IMOBILIÁRIO S.A.,2.91,-1.02,550700,583409726.0,https://icons.brapi.dev/icons/MELK3.svg,Industrial Services,Incorporações,stock,stock,AÇÃO B3,1602537.0
VTRU3,VITRU EDUCAÇÃO S.A,14.77,1.86,540800,2205300394.0,https://icons.brapi.dev/icons/VTRU3.svg,Commercial Services,Serviços Educacionais,stock,stock,AÇÃO B3,7987616.0
AURA33,AURA MINERALS INC.,145.1,-2.22,534864,36391528675.19182,https://icons.brapi.dev/icons/BRAPI.svg,Non-Energy Minerals,,bdr,bdr,AÇÃO GLOBAL / BDR,77608766.39999999
MELI34,MELI34,84.32,0.01,534407,513025682680.3069,https://icons.brapi.dev/icons/BRAPI.svg,Retail Trade,,bdr,bdr,AÇÃO GLOBAL / BDR,45061198.239999995
ARML3,ARMAC LOCAÇÃO. LOGÍSTICA E SERVIÇOS S.A.,3.84,1.05,511100,1330537236.0,https://icons.brapi.dev/icons/ARML3.svg,Finance,Máq. e Equip. Industriais,stock,stock,AÇÃO B3,1962624.0
DESK3,DESKTOP S.A.,18.85,-0.48,489600,2191245096.0,https://icons.brapi.dev/icons/DESK3.svg,Communications,Telecomunicações,stock,stock,AÇÃO B3,9228960.0
KLBN3,KLABIN S.A.,4.03,-0.49,480900,23456242526.0,https://icons.brapi.dev/icons/KLBN3.svg,Non-Energy Minerals,Papel e Celulose,stock,stock,AÇÃO B3,1938027.0000000002
HGBS11,HGBS11,18.74,0.05,475108,,https://icons.brapi.dev/icons/BRAPI.svg,Miscellaneous,Shoppings,fund,fii,FII,8903523.92
TFCO4,TRACK & FIELD CO S.A.,13.06,-0.31,464900,1961681245.0,https://icons.brapi.dev/icons/TFCO4.svg,Retail Trade,Vestuário,stock,stock,AÇÃO B3,6071594.0
SEQL3,SEQUOIA LOGISTICA E TRANSPORTES S.A,0.07,0.0,462400,441912360.0,https://icons.brapi.dev/icons/BRAPI.svg,Transportation,,stock,stock,AÇÃO B3,32368.000000000004
MILS3,MILLS LOCAÇÃO. SERVIÇOS E LOGÍSTICA S.A,15.79,0.45,460800,3622694275.0,https://icons.brapi.dev/icons/MILS3.svg,Finance,Máq. e Equip. Industriais,stock,stock,AÇÃO B3,7276032.0
CPTS11,CPTS11,7.5,-0.4,449170,,https://icons.brapi.dev/icons/BRAPI.svg,Miscellaneous,Outros,fund,fii,FII,3368775.0
BOVX11,BOVX11,19.04,0.05,443305,,https://icons.brapi.dev/icons/BRAPI.svg,Miscellaneous,,fund,etf,ETF,8440527.2
CPLG11,CPLG11,11.07,1.56,430171,,https://icons.brapi.dev/icons/BRAPI.svg,Miscellaneous,Logística,fund,fii,FII,4761992.97
BOVV11,BOVV11,191.0,-0.15,427120,,https://icons.brapi.dev/icons/BRAPI.svg,Miscellaneous,,fund,etf,ETF,81579920.0
BRBI11,BRBI BR PARTNERS S.A.,14.3,0.78,415900,,https://icons.brapi.dev/icons/BRBI11.svg,Finance,Bancos,stock,unit,AÇÃO/UNIT B3,5947370.0
NASD11,NASD11,21.07,0.33,405093,,https://icons.brapi.dev/icons/BRAPI.svg,Miscellaneous,,fund,etf,ETF,8535309.51
TRIS3,TRISUL S.A.,4.97,0.2,404900,1115349781.0,https://icons.brapi.dev/icons/TRIS3.svg,Consumer Durables,Incorporações,stock,stock,AÇÃO B3,2012353.0
QBTC11,QBTC11,24.85,-0.6,403779,,https://icons.brapi.dev/icons/BRAPI.svg,Miscellaneous,,fund,etf,ETF,10033908.15
FRAS3,FRASLE MOBILITY S.A.,22.65,-0.44,401100,6281639524.0,https://icons.brapi.dev/icons/FRAS3.svg,Producer Manufacturing,Material Rodoviário,stock,stock,AÇÃO B3,9084915.0
ALLD3,ALLIED TECNOLOGIA S.A.,5.19,-0.76,400900,498040399.0,https://icons.brapi.dev/icons/ALLD3.svg,Technology Services,Eletrodomésticos,stock,stock,AÇÃO B3,2080671.0000000002
TASA4,TAURUS ARMAS S.A.,5.63,2.18,396500,786290641.0,https://icons.brapi.dev/icons/BRAPI.svg,Electronic Technology,,stock,stock,AÇÃO B3,2232295.0
S2NW34,S2NW34,43.54,-5.2,391075,597783056363.1713,https://icons.brapi.dev/icons/BRAPI.svg,Technology Services,,bdr,bdr,AÇÃO GLOBAL / BDR,17027405.5
KNSC11,KNSC11,9.01,0.0,385539,,https://icons.brapi.dev/icons/KNSC11.svg,Miscellaneous,Multicategoria,fund,fii,FII,3473706.39
MDIA3,M.DIAS BRANCO S.A. IND COM DE ALIMENTOS,17.78,0.85,380400,6003477895.0,https://icons.brapi.dev/icons/MDIA3.svg,Consumer Non-Durables,Alimentos Diversos,stock,stock,AÇÃO B3,6763512.0
PRNR3,PRINER SERVIÇOS INDUSTRIAIS S.A.,18.15,-0.6,374500,1025223718.0,https://icons.brapi.dev/icons/PRNR3.svg,Industrial Services,Serviços Diversos,stock,stock,AÇÃO B3,6797174.999999999
ALZR11,ALZR11,10.04,0.7,374139,,https://icons.brapi.dev/icons/BRAPI.svg,Miscellaneous,Multicategoria,fund,fii,FII,3756355.5599999996
VSTE3,VESTE S.A. ESTILO,2.4,-12.41,372400,274401244.0,https://icons.brapi.dev/icons/VSTE3.svg,Consumer Non-Durables,Tecidos. Vestuário e Calçados,stock,stock,AÇÃO B3,893760.0
LOGG3,LOG COMMERCIAL PROPERTIES,24.71,-1.51,371700,2143472709.0000002,https://icons.brapi.dev/icons/LOGG3.svg,Industrial Services,Exploração de Imóveis,stock,stock,AÇÃO B3,9184707.0
TUPY3,TUPY S.A.,15.72,0.13,367300,2082120704.0,https://icons.brapi.dev/icons/TUPY3.svg,Producer Manufacturing,Material Rodoviário,stock,stock,AÇÃO B3,5773956.0
MSFT34,MSFT34,106.9,-1.35,365578,18979770496670.074,https://icons.brapi.dev/icons/BRAPI.svg,Technology Services,,bdr,bdr,AÇÃO GLOBAL / BDR,39080288.2
CSED3,CRUZEIRO DO SUL EDUCACIONAL S.A.,5.58,6.69,364100,2034147524.0,https://icons.brapi.dev/icons/CSED3.svg,Consumer Services,Serviços Educacionais,stock,stock,AÇÃO B3,2031678.0
VGIR11,VGIR11,9.69,0.73,357942,,https://icons.brapi.dev/icons/VGIR11.svg,Miscellaneous,Multicategoria,fund,fii,FII,3468457.98
RBRX11,RBRX11,7.24,-0.55,344315,,https://icons.brapi.dev/icons/BRAPI.svg,,Multicategoria,fund,fii,FII,2492840.6
ENJU3,ENJOEI S.A.,0.75,0.0,340500,153763493.0,https://icons.brapi.dev/icons/ENJU3.svg,Retail Trade,Programas e Serviços,stock,stock,AÇÃO B3,255375.0
CYCR11,CYCR11,8.37,-0.36,328221,,https://icons.brapi.dev/icons/BRAPI.svg,,Outros,fund,fii,FII,2747209.7699999996
DOLA11,DOLA11,10.18,0.49,323094,,https://icons.brapi.dev/icons/BRAPI.svg,Miscellaneous,,fund,etf,ETF,3289096.92
TGMA3,TEGMA GESTAO LOGISTICA S.A.,33.66,-1.81,313900,2219465485.0,https://icons.brapi.dev/icons/TGMA3.svg,Transportation,Transporte Rodoviário,stock,stock,AÇÃO B3,10565873.999999998
BTCI11,BTCI11,9.3,1.2,313513,,https://icons.brapi.dev/icons/BRAPI.svg,Miscellaneous,,fund,fii,FII,2915670.9000000004
GOLX11,GOLX11,52.77,-0.81,312071,,https://icons.brapi.dev/icons/BRAPI.svg,Miscellaneous,,fund,etf,ETF,16467986.670000002
AGRO3,BRASILAGRO - CIA BRAS DE PROP AGRICOLAS,19.27,1.42,303400,1909893422.0,https://icons.brapi.dev/icons/AGRO3.svg,Finance,Agricultura,stock,stock,AÇÃO B3,5846518.0
RURA11,RURA11,7.95,-0.5,299100,,https://icons.brapi.dev/icons/BRAPI.svg,Miscellaneous,,fund,fi-agro,FIAGRO,2377845.0
DIVO11,DIVO11,132.85,0.26,283953,,https://icons.brapi.dev/icons/BRAPI.svg,Miscellaneous,,fund,etf,ETF,37723156.05
TRXF11,TRXF11,74.94,-0.54,283307,,https://icons.brapi.dev/icons/TRXF11.svg,Miscellaneous,Multicategoria,fund,fii,FII,21231026.58
HBRE3,HBR REALTY EMPREENDIMENTOS IMOBILIARIOS S/A,2.59,-3.72,280500,267259469.00000003,https://icons.brapi.dev/icons/HBRE3.svg,Finance,Exploração de Imóveis,stock,stock,AÇÃO B3,726495.0
VLID3,VALID SOLUÇÕES S.A.,17.88,0.56,277800,1404347260.0,https://icons.brapi.dev/icons/VLID3.svg,Commercial Services,Serviços Diversos,stock,stock,AÇÃO B3,4967064.0
VGHF11,VGHF11,5.21,-0.76,272752,,https://icons.brapi.dev/icons/VGHF11.svg,,Outros,fund,fii,FII,1421037.92
WIZC3,WIZ CO PARTICIPAÇÕES E CORRETAGEM DE SEGUROS S.A.,8.1,0.25,257900,1295249091.0,https://icons.brapi.dev/icons/WIZC3.svg,Finance,Corretoras de Seguros e Resseguros,stock,stock,AÇÃO B3,2088990.0
BRST3,BRISANET SERVIÇOS DE TELECOMUNICAÇÕES S.A.,2.82,-1.74,257700,1235181227.0,https://icons.brapi.dev/icons/BRST3.svg,Communications,Telecomunicações,stock,stock,AÇÃO B3,726714.0
MCRE11,MCRE11,8.1,1.38,257259,,https://icons.brapi.dev/icons/BRAPI.svg,,Multicategoria,fund,fii,FII,2083797.9
PTBL3,PBG S/A,1.67,-1.18,255300,224521593.0,https://icons.brapi.dev/icons/PTBL3.svg,Producer Manufacturing,Produtos para Construção,stock,stock,AÇÃO B3,426351.0
ADBE34,ADBE34,27.59,-4.99,251416,541880966148.3376,https://icons.brapi.dev/icons/BRAPI.svg,Technology Services,,bdr,bdr,AÇÃO GLOBAL / BDR,6936567.44
BTHF11,BTHF11,9.03,0.89,249248,,https://icons.brapi.dev/icons/BRAPI.svg,,,fund,fii,FII,2250709.44
JSAF11,JSAF11,7.03,0.14,247780,,https://icons.brapi.dev/icons/BRAPI.svg,Miscellaneous,Multicategoria,fund,fii,FII,1741893.4000000001
AAPL34,AAPL34,81.96,-1.8,247279,23885931930562.656,https://icons.brapi.dev/icons/BRAPI.svg,Electronic Technology,,bdr,bdr,AÇÃO GLOBAL / BDR,20266986.84
HFOF11,HFOF11,6.34,0.16,242770,,https://icons.brapi.dev/icons/BRAPI.svg,Miscellaneous,Multicategoria,fund,fii,FII,1539161.8
BABA34,BABA34,20.88,2.76,236774,1427940581833.0142,https://icons.brapi.dev/icons/BRAPI.svg,Retail Trade,,bdr,bdr,AÇÃO GLOBAL / BDR,4943841.12
TMOS34,TMOS34,64.38,-1.84,226402,1160836310823.5295,https://icons.brapi.dev/icons/BRAPI.svg,Health Technology,,bdr,bdr,AÇÃO GLOBAL / BDR,14575760.76
SANB4,BCO SANTANDER (BRASIL) S.A.,15.03,-0.73,215600,114090152208.0,https://icons.brapi.dev/icons/BRAPI.svg,Finance,,stock,stock,AÇÃO B3,3240468.0
BTLG11,BTLG11,99.14,0.14,212722,,https://icons.brapi.dev/icons/BRAPI.svg,Miscellaneous,Multicategoria,fund,fii,FII,21089259.080000002
HASH11,HASH11,53.1,-1.72,205073,,https://icons.brapi.dev/icons/BRAPI.svg,Miscellaneous,,fund,etf,ETF,10889376.3
PQAG11,PQAG11,52.51,-5.3,200181,,https://icons.brapi.dev/icons/PQAG11.svg,,Logística,fund,fii,FII,10511504.31
M1TA34,M1TA34,112.69,1.29,198468,8036958608716.113,https://icons.brapi.dev/icons/BRAPI.svg,Technology Services,,bdr,bdr,AÇÃO GLOBAL / BDR,22365358.919999998
STOC34,STOC34,52.15,-1.36,197634,12578195861.892584,https://icons.brapi.dev/icons/BRAPI.svg,Commercial Services,,bdr,bdr,AÇÃO GLOBAL / BDR,10306613.1
MEAL3,INTERNATIONAL MEAL COMPANY ALIMENTACAO S.A.,0.68,3.03,194800,194310023.0,https://icons.brapi.dev/icons/MEAL3.svg,Consumer Services,Restaurante e Similares,stock,stock,AÇÃO B3,132464.0
AURB11,AURB11,83.0,0.0,194790,,https://icons.brapi.dev/icons/BRAPI.svg,,Logística,fund,fii,FII,16167570.0
LEVE3,MAHLE-METAL LEVE S.A.,32.81,0.09,192800,4447034824.0,https://icons.brapi.dev/icons/LEVE3.svg,Producer Manufacturing,Automóveis e Motocicletas,stock,stock,AÇÃO B3,6325768.0
MCDC34,MCDC34,65.48,-0.95,192208,925508192424.5524,https://icons.brapi.dev/icons/BRAPI.svg,Consumer Services,,bdr,bdr,AÇÃO GLOBAL / BDR,12585779.84
BBAS3F,BCO BRASIL S.A.,22.46,0.18,186934,128787748087.0,https://icons.brapi.dev/icons/BRAPI.svg,Finance,,stock,stock,AÇÃO B3,4198537.640000001
CYRE4,CYRELA BRAZIL REALTY S.A.EMPREEND E PART,24.11,1.9,183700,11051914414.0,https://icons.brapi.dev/icons/BRAPI.svg,Finance,,stock,stock,AÇÃO B3,4429007.0
UNIP6,UNIPAR CARBOCLORO S.A.,56.97,-0.47,183200,6417768805.0,https://icons.brapi.dev/icons/BRAPI.svg,Process Industries,,stock,stock,AÇÃO B3,10436904.0
VGIA11,VGIA11,8.94,1.48,183115,,https://icons.brapi.dev/icons/BRAPI.svg,Miscellaneous,Outros,fund,fi-agro,FIAGRO,1637048.0999999999
M1NS34,M1NS34,27.86,-0.85,179955,439108170992.3274,https://icons.brapi.dev/icons/BRAPI.svg,Consumer Non-Durables,,bdr,bdr,AÇÃO GLOBAL / BDR,5013546.3
ETHE11,ETHE11,36.3,-2.31,179502,,https://icons.brapi.dev/icons/BRAPI.svg,Miscellaneous,,fund,etf,ETF,6515922.6
AMAR3,MARISA LOJAS S.A.,0.8,1.27,179400,410802301.0,https://icons.brapi.dev/icons/AMAR3.svg,Retail Trade,Tecidos. Vestuário e Calçados,stock,stock,AÇÃO B3,143520.0
SNAG11,SNAG11,9.91,0.3,173932,,https://icons.brapi.dev/icons/BRAPI.svg,,Multicategoria,fund,fi-agro,FIAGRO,1723666.12
SANB3,BCO SANTANDER (BRASIL) S.A.,15.19,0.13,172200,114090152208.0,https://icons.brapi.dev/icons/SANB3.svg,Finance,Bancos,stock,stock,AÇÃO B3,2615718.0
P2AN34,P2AN34,28.47,2.15,168824,1389293646849.1047,https://icons.brapi.dev/icons/BRAPI.svg,Technology Services,,bdr,bdr,AÇÃO GLOBAL / BDR,4806419.28
LPSB3,LPS BRASIL - CONSULTORIA DE IMOVEIS S.A.,1.29,0.0,168000,187753475.0,https://icons.brapi.dev/icons/LPSB3.svg,Commercial Services,Intermediação Imobiliária,stock,stock,AÇÃO B3,216720.0
TEPP11,TEPP11,7.55,1.48,166395,,https://icons.brapi.dev/icons/BRAPI.svg,Miscellaneous,Outros,fund,fii,FII,1256282.25
ORCL34,ORCL34,133.92,2.46,164597,2339443342664.962,https://icons.brapi.dev/icons/BRAPI.svg,Technology Services,,bdr,bdr,AÇÃO GLOBAL / BDR,22042830.24
BDEF11,BDEF11,168.13,-0.28,163481,,https://icons.brapi.dev/icons/BRAPI.svg,Miscellaneous,,fund,etf,ETF,27486060.529999997
RBVA11,RBVA11,8.75,1.27,162758,,https://icons.brapi.dev/icons/BRAPI.svg,Miscellaneous,Varejo,fund,fii,FII,1424132.5
TAEE4,TRANSMISSORA ALIANÇA DE ENERGIA ELÉTRICA S.A.,14.05,1.01,161300,14307039317.0,https://icons.brapi.dev/icons/BRAPI.svg,Industrial Services,,stock,stock,AÇÃO B3,2266265.0
GPRO34,GPRO34,8.52,21.02,156606,1627328138.1074169,https://icons.brapi.dev/icons/BRAPI.svg,Consumer Durables,,bdr,bdr,AÇÃO GLOBAL / BDR,1334283.1199999999
EIRA11,EIRA11,104.55,0.0,151169,,https://icons.brapi.dev/icons/BRAPI.svg,,Multicategoria,fund,fii,FII,15804718.95
MATD3,HOSPITAL MATER DEI S/A,5.17,2.38,148200,1724447309.0,https://icons.brapi.dev/icons/MATD3.svg,Health Services,Serv.Méd.Hospit..Análises e Diagnósticos,stock,stock,AÇÃO B3,766194.0
HIGH11,HIGH11,84.8,0.61,146534,,https://icons.brapi.dev/icons/BRAPI.svg,Miscellaneous,,fund,etf,ETF,12426083.2
KNCR11,KNCR11,106.82,0.42,144343,,https://icons.brapi.dev/icons/BRAPI.svg,Miscellaneous,Multicategoria,fund,fii,FII,15418719.26
GOGL34,GOGL34,145.1,-0.51,143417,21084172272276.215,https://icons.brapi.dev/icons/BRAPI.svg,Technology Services,,bdr,bdr,AÇÃO GLOBAL / BDR,20809806.7
HGLG11,HGLG11,148.3,-0.13,142955,,https://icons.brapi.dev/icons/BRAPI.svg,Finance,Multicategoria,fund,fii,FII,21200226.5
RAPT3,RANDONCORP S.A.,8.44,-0.71,138200,2057807010.0,https://icons.brapi.dev/icons/RAPT3.svg,Producer Manufacturing,Material Rodoviário,stock,stock,AÇÃO B3,1166408.0
NCRI11,NCRI11,8.8,-0.23,136980,,https://icons.brapi.dev/icons/BRAPI.svg,,Outros,fund,fii,FII,1205424.0
M2RV34,M2RV34,114.55,7.96,135400,1002716128562.6598,https://icons.brapi.dev/icons/BRAPI.svg,Electronic Technology,,bdr,bdr,AÇÃO GLOBAL / BDR,15510070.0
SPXR11,SPXR11,75.57,-0.32,134366,,https://icons.brapi.dev/icons/BRAPI.svg,Miscellaneous,,fund,etf,ETF,10154038.62
VITT3,VITTIA S.A.,3.23,1.57,132800,509015642.0,https://icons.brapi.dev/icons/VITT3.svg,Process Industries,Fertilizantes e Defensivos,stock,stock,AÇÃO B3,428944.0
SHOW3F,T4F ENTRETENIMENTO S.A.,6.34,-2.46,130447,42065476.0,https://icons.brapi.dev/icons/BRAPI.svg,Consumer Services,,stock,stock,AÇÃO B3,827033.98
NEWL11,NEWL11,104.78,1.26,126794,,https://icons.brapi.dev/icons/NEWL11.svg,,Multicategoria,fund,fii,FII,13285475.32
MUTC34,MUTC34,860.0,5.49,126661,5872786330987.212,https://icons.brapi.dev/icons/BRAPI.svg,Electronic Technology,,bdr,bdr,AÇÃO GLOBAL / BDR,108928460.0
BKNG34,BKNG34,5.69,0.35,125183,742886600915.601,https://icons.brapi.dev/icons/BRAPI.svg,Consumer Services,,bdr,bdr,AÇÃO GLOBAL / BDR,712291.27
PYPL34,PYPL34,13.95,-4.71,123764,240491708373.40152,https://icons.brapi.dev/icons/BRAPI.svg,Commercial Services,,bdr,bdr,AÇÃO GLOBAL / BDR,1726507.7999999998
BBIG11,BBIG11,5.03,1.0,121001,,https://icons.brapi.dev/icons/BBIG11.svg,,Shoppings,fund,fii,FII,608635.03
PAGS34,PAGS34,9.92,-3.5,119119,13811959519.181583,https://icons.brapi.dev/icons/BRAPI.svg,Commercial Services,,bdr,bdr,AÇÃO GLOBAL / BDR,1181660.48
XPML11,XPML11,104.03,0.62,118993,,https://icons.brapi.dev/icons/BRAPI.svg,Finance,Shoppings,fund,fii,FII,12378841.790000001
ROMI3,ROMI S.A.,5.96,1.53,116000,555297694.0,https://icons.brapi.dev/icons/ROMI3.svg,Producer Manufacturing,Máquinas e Equipamentos Industriais,stock,stock,AÇÃO B3,691360.0
CMIG4F,CIA ENERGETICA DE MINAS GERAIS - CEMIG,11.25,0.54,114916,37745494605.0,https://icons.brapi.dev/icons/BRAPI.svg,Utilities,,stock,stock,AÇÃO B3,1292805.0
SAPR3,CIA SANEAMENTO DO PARANA - SANEPAR,7.69,0.26,110400,10764821019.0,https://icons.brapi.dev/icons/SAPR3.svg,Utilities,Água e Saneamento,stock,stock,AÇÃO B3,848976.0
SSFO34,SSFO34,60.48,-1.01,109920,1091285417094.6293,https://icons.brapi.dev/icons/BRAPI.svg,Technology Services,,bdr,bdr,AÇÃO GLOBAL / BDR,6647961.6
CMIG3,CIA ENERGETICA DE MINAS GERAIS - CEMIG,17.04,1.73,109200,37745494605.0,https://icons.brapi.dev/icons/CMIG3.svg,Utilities,Energia Elétrica,stock,stock,AÇÃO B3,1860768.0
TSMC34,TSMC34,274.65,3.49,109052,10063137422549.012,https://icons.brapi.dev/icons/BRAPI.svg,Electronic Technology,,bdr,bdr,AÇÃO GLOBAL / BDR,29951131.799999997
MANA11,MANA11,9.13,0.33,108609,,https://icons.brapi.dev/icons/MANA11.svg,,Outros,fund,fii,FII,991600.17
PETR4F,PETROLEO BRASILEIRO S.A. PETROBRAS,47.15,-0.74,106324,637284320565.0,https://icons.brapi.dev/icons/BRAPI.svg,Energy Minerals,,stock,stock,AÇÃO B3,5013176.6
ITSA4F,ITAUSA S.A.,13.95,1.16,105053,156737651729.0,https://icons.brapi.dev/icons/BRAPI.svg,Finance,,stock,stock,AÇÃO B3,1465489.3499999999
D1EL34,D1EL34,106.57,2.17,104017,1738056446644.5012,https://icons.brapi.dev/icons/BRAPI.svg,Electronic Technology,,bdr,bdr,AÇÃO GLOBAL / BDR,11085091.69
RNEW3,RENOVA ENERGIA S.A.,0.86,-4.44,103200,320879277.0,https://icons.brapi.dev/icons/RNEW3.svg,Utilities,Energia Elétrica,stock,stock,AÇÃO B3,88752.0
ESPA3,MPM CORPÓREOS S.A.,7.01,-6.28,102800,253357556.0,https://icons.brapi.dev/icons/ESPA3.svg,Consumer Services,Produtos Diversos,stock,stock,AÇÃO B3,720628.0
M1RN34,M1RN34,36.82,-2.77,102381,297231622245.5243,https://icons.brapi.dev/icons/BRAPI.svg,Health Technology,,bdr,bdr,AÇÃO GLOBAL / BDR,3769668.42
IVVB11,IVVB11,447.35,0.3,99783,,https://icons.brapi.dev/icons/BRAPI.svg,Miscellaneous,,fund,etf,ETF,44637925.050000004
BIYF39,ISHARES US FINANCIALS ETF,46.16,-2.14,98892,,https://icons.brapi.dev/icons/BRAPI.svg,Miscellaneous,,bdr,bdr,AÇÃO GLOBAL / BDR,4564854.72
DOLX11,DOLX11,47.59,0.25,97019,,https://icons.brapi.dev/icons/BRAPI.svg,Miscellaneous,,fund,etf,ETF,4617134.21
RNEW4,RENOVA ENERGIA S.A.,0.86,6.17,95100,320879277.0,https://icons.brapi.dev/icons/BRAPI.svg,Utilities,,stock,stock,AÇÃO B3,81786.0
BACW39,ISHARES MSCI ACWI ETF,83.04,0.28,92516,,https://icons.brapi.dev/icons/BRAPI.svg,Miscellaneous,,bdr,bdr,AÇÃO GLOBAL / BDR,7682528.640000001
KLBN4F,KLABIN S.A.,3.87,0.26,92166,23456242526.0,https://icons.brapi.dev/icons/BRAPI.svg,Non-Energy Minerals,,stock,stock,AÇÃO B3,356682.42
T2TD34,T2TD34,0.72,-7.69,90931,34682234547.314575,https://icons.brapi.dev/icons/BRAPI.svg,Technology Services,,bdr,bdr,AÇÃO GLOBAL / BDR,65470.32
QCOM34,QCOM34,71.26,-0.35,87282,906478116695.6521,https://icons.brapi.dev/icons/BRAPI.svg,Electronic Technology,,bdr,bdr,AÇÃO GLOBAL / BDR,6219715.32
ITUB4F,ITAU UNIBANCO HOLDING S.A.,42.1,-0.31,85571,482577297271.0,https://icons.brapi.dev/icons/BRAPI.svg,Finance,,stock,stock,AÇÃO B3,3602539.1
BBSE3F,BB SEGURIDADE PARTICIPAÇÕES S.A.,42.25,1.03,84633,81709728562.0,https://icons.brapi.dev/icons/BRAPI.svg,Finance,,stock,stock,AÇÃO B3,3575744.25
V1ST34,V1ST34,54.9,3.98,84549,256318850741.688,https://icons.brapi.dev/icons/BRAPI.svg,Utilities,,bdr,bdr,AÇÃO GLOBAL / BDR,4641740.1
PFRM3,PROFARMA DISTRIB PROD FARMACEUTICOS S.A.,7.87,2.61,84100,964946755.0,https://icons.brapi.dev/icons/PFRM3.svg,Distribution Services,Medicamentos e Outros Produtos,stock,stock,AÇÃO B3,661867.0
AZUL3,AZUL S.A.,19.0,3.83,83300,7002600525.0,https://icons.brapi.dev/icons/BRAPI.svg,Transportation,,stock,stock,AÇÃO B3,1582700.0
COLO39,GLOBAL X MSCI COLOMBIA ETF,51.4,1.78,82947,,https://icons.brapi.dev/icons/BRAPI.svg,,,bdr,bdr,AÇÃO GLOBAL / BDR,4263475.8
TAEE3,TRANSMISSORA ALIANÇA DE ENERGIA ELÉTRICA S.A.,13.72,-0.29,82700,14307039317.0,https://icons.brapi.dev/icons/TAEE3.svg,Industrial Services,Energia Elétrica,stock,stock,AÇÃO B3,1134644.0
RZAG11,RZAG11,8.21,0.61,82588,,https://icons.brapi.dev/icons/BRAPI.svg,Miscellaneous,Títulos e Val. Mob.,fund,fi-agro,FIAGRO,678047.4800000001
AZPL11,AZPL11,7.27,-0.14,82152,,https://icons.brapi.dev/icons/BRAPI.svg,Miscellaneous,Logística,fund,fii,FII,597245.0399999999
N1OW34,N1OW34,14.38,-3.3,81931,747124472225.064,https://icons.brapi.dev/icons/BRAPI.svg,Technology Services,,bdr,bdr,AÇÃO GLOBAL / BDR,1178167.78
XINA11,XINA11,7.32,1.24,81617,,https://icons.brapi.dev/icons/BRAPI.svg,Miscellaneous,,fund,etf,ETF,597436.4400000001
BODB11,BODB11,7.2,0.7,79316,,https://icons.brapi.dev/icons/BRAPI.svg,Miscellaneous,,fund,etf,ETF,571075.2000000001
PATA11,PATA11,10.14,0.2,79023,,https://icons.brapi.dev/icons/BRAPI.svg,Miscellaneous,Outros,fund,fii,FII,801293.2200000001
NIKE34,NIKE34,19.98,0.91,78057,291387994260.86957,https://icons.brapi.dev/icons/BRAPI.svg,Consumer Non-Durables,,bdr,bdr,AÇÃO GLOBAL / BDR,1559578.86
ACWI11,ACWI11,17.5,0.34,78030,,https://icons.brapi.dev/icons/BRAPI.svg,Miscellaneous,,fund,etf,ETF,1365525.0
KNIP11,KNIP11,89.59,-0.29,77758,,https://icons.brapi.dev/icons/KNIP11.svg,Miscellaneous,Multicategoria,fund,fii,FII,6966339.220000001
AGRX11,AGRX11,7.82,0.39,77360,,https://icons.brapi.dev/icons/BRAPI.svg,,Outros,fund,fi-agro,FIAGRO,604955.2000000001
BBDC4F,BCO BRADESCO S.A.,17.84,0.34,76982,188234085579.0,https://icons.brapi.dev/icons/BRAPI.svg,Finance,,stock,stock,AÇÃO B3,1373358.88
HGRU11,HGRU11,115.1,0.12,76927,,https://icons.brapi.dev/icons/HGRU11.svg,Miscellaneous,Outros,fund,fii,FII,8854297.7
RENT4,LOCALIZA RENT A CAR S.A.,35.29,-2.08,76700,39437292488.0,https://icons.brapi.dev/icons/BRAPI.svg,Finance,,stock,stock,AÇÃO B3,2706743.0
POMO4F,MARCOPOLO S.A.,4.58,-0.22,76265,5555498662.0,https://icons.brapi.dev/icons/BRAPI.svg,Producer Manufacturing,,stock,stock,AÇÃO B3,349293.7
A1MD34,A1MD34,304.96,4.94,75480,3987831642184.1436,https://icons.brapi.dev/icons/BRAPI.svg,Electronic Technology,,bdr,bdr,AÇÃO GLOBAL / BDR,23018380.799999997
DEXP3,DEXXOS PARTICIPACOES S.A.,7.49,0.27,74000,917781413.0,https://icons.brapi.dev/icons/DEXP3.svg,Process Industries,Petroquímicos,stock,stock,AÇÃO B3,554260.0
C2RW34,C2RW34,49.9,0.42,73752,1116115167314.5781,https://icons.brapi.dev/icons/BRAPI.svg,Technology Services,,bdr,bdr,AÇÃO GLOBAL / BDR,3680224.8
XPCA11,XPCA11,7.26,0.14,73741,,https://icons.brapi.dev/icons/BRAPI.svg,Miscellaneous,Multicategoria,fund,fi-agro,FIAGRO,535359.66
BITH11,BITH11,91.15,-2.26,72394,,https://icons.brapi.dev/icons/BRAPI.svg,Miscellaneous,,fund,etf,ETF,6598713.100000001
LVOL11,LVOL11,142.22,0.13,71494,,https://icons.brapi.dev/icons/BRAPI.svg,Miscellaneous,,fund,etf,ETF,10167876.68
XPSF11,XPSF11,6.48,0.15,71248,,https://icons.brapi.dev/icons/XPSF11.svg,,Outros,fund,fii,FII,461687.04000000004
WALM34,WALM34,34.25,-0.58,70666,4347936325534.5273,https://icons.brapi.dev/icons/BRAPI.svg,Retail Trade,,bdr,bdr,AÇÃO GLOBAL / BDR,2420310.5
S2HO34,S2HO34,6.26,1.13,69367,956989797290.0702,https://icons.brapi.dev/icons/BRAPI.svg,Commercial Services,,bdr,bdr,AÇÃO GLOBAL / BDR,434237.42
MCCI11,MCCI11,95.25,0.11,69347,,https://icons.brapi.dev/icons/MCCI11.svg,,Multicategoria,fund,fii,FII,6605301.75
ATTB34,ATTB34,43.57,-1.74,69128,900098557294.1177,https://icons.brapi.dev/icons/BRAPI.svg,Communications,,bdr,bdr,AÇÃO GLOBAL / BDR,3011906.96
ASML34,ASML34,159.95,5.23,68661,3333013480664.9287,https://icons.brapi.dev/icons/BRAPI.svg,Electronic Technology,,bdr,bdr,AÇÃO GLOBAL / BDR,10982326.95
SPXI11,SPXI11,54.3,-0.07,68358,,https://icons.brapi.dev/icons/BRAPI.svg,Miscellaneous,,fund,etf,ETF,3711839.4
RBRR11,RBRR11,73.0,0.03,68186,,https://icons.brapi.dev/icons/BRAPI.svg,Miscellaneous,Multicategoria,fund,fii,FII,4977578.0
VALE3F,VALE S.A.,78.65,0.32,67499,327761379591.0,https://icons.brapi.dev/icons/BRAPI.svg,Non-Energy Minerals,,stock,stock,AÇÃO B3,5308796.350000001
QDFI11,QDFI11,2.18,3.81,67455,,https://icons.brapi.dev/icons/BRAPI.svg,Miscellaneous,,fund,etf,ETF,147051.90000000002
ITSA3,ITAUSA S.A.,14.06,0.14,66700,156737651729.0,https://icons.brapi.dev/icons/ITSA3.svg,Finance,Holdings Diversificadas,stock,stock,AÇÃO B3,937802.0
F2NV34,F2NV34,7.36,-3.79,66052,262940446960.1121,https://icons.brapi.dev/icons/BRAPI.svg,Non-Energy Minerals,,bdr,bdr,AÇÃO GLOBAL / BDR,486142.72000000003
AALR3,ALLIANÇA SAÚDE E PARTICIPAÇÕES S.A.,3.3,0.61,64100,502486576.0,https://icons.brapi.dev/icons/AALR3.svg,Health Services,Serv.Méd.Hospit..Análises e Diagnósticos,stock,stock,AÇÃO B3,211530.0
TRXY11,TRXY11,7.38,-0.94,63899,,https://icons.brapi.dev/icons/TRXY11.svg,,Multicategoria,fund,fii,FII,471574.62
TECK11,TECK11,124.52,-0.34,63019,,https://icons.brapi.dev/icons/BRAPI.svg,Miscellaneous,,fund,etf,ETF,7847125.88
SAPR4F,CIA SANEAMENTO DO PARANA - SANEPAR,6.87,-0.58,62373,10764821019.0,https://icons.brapi.dev/icons/BRAPI.svg,Utilities,,stock,stock,AÇÃO B3,428502.51
BRCO11,BRCO11,111.42,-0.07,61752,,https://icons.brapi.dev/icons/BRAPI.svg,Miscellaneous,Logística,fund,fii,FII,6880407.84
FGAA11,FGAA11,8.18,0.86,61253,,https://icons.brapi.dev/icons/BRAPI.svg,Miscellaneous,Outros,fund,fi-agro,FIAGRO,501049.54
CXSE3F,CAIXA SEGURIDADE PARTICIPAÇÕES S.A.,19.98,0.6,60551,59939998627.0,https://icons.brapi.dev/icons/BRAPI.svg,Finance,,stock,stock,AÇÃO B3,1209808.98
XPLG11,XPLG11,90.7,-0.06,60201,,https://icons.brapi.dev/icons/BRAPI.svg,Miscellaneous,Logística,fund,fii,FII,5460230.7
HGCR11,HGCR11,96.44,1.32,59102,,https://icons.brapi.dev/icons/BRAPI.svg,Miscellaneous,Outros,fund,fii,FII,5699796.88
MRCK34,MRCK34,97.04,0.18,58676,1897135119104.8594,https://icons.brapi.dev/icons/BRAPI.svg,Health Technology,,bdr,bdr,AÇÃO GLOBAL / BDR,5693919.04
UTEC11,UTEC11,29.49,0.79,58522,,https://icons.brapi.dev/icons/BRAPI.svg,Miscellaneous,,fund,etf,ETF,1725813.7799999998
LILY34,LILY34,196.36,-0.73,58419,5534312694163.684,https://icons.brapi.dev/icons/BRAPI.svg,Health Technology,,bdr,bdr,AÇÃO GLOBAL / BDR,11471154.840000002
FSRF11,FSRF11,0.09,28.57,57000,,https://icons.brapi.dev/icons/BRAPI.svg,Miscellaneous,,fund,etf,ETF,5130.0
C2OI34,C2OI34,37.58,-4.35,55934,209323418500.0,https://icons.brapi.dev/icons/BRAPI.svg,Finance,,bdr,bdr,AÇÃO GLOBAL / BDR,2101999.7199999997
COIN11,COIN11,44.01,-1.21,55036,,https://icons.brapi.dev/icons/BRAPI.svg,Miscellaneous,,fund,etf,ETF,2422134.36
LVBI11,LVBI11,98.36,0.08,54359,,https://icons.brapi.dev/icons/BRAPI.svg,Miscellaneous,Logística,fund,fii,FII,5346751.24
LIFE11,LIFE11,6.82,-1.73,54320,,https://icons.brapi.dev/icons/BRAPI.svg,Miscellaneous,Residencial,fund,fii,FII,370462.4
PVBI11,PVBI11,69.48,-0.9,54080,,https://icons.brapi.dev/icons/BRAPI.svg,Miscellaneous,Escritórios,fund,fii,FII,3757478.4000000004
CHIP11,CHIP11,35.79,3.14,53781,,https://icons.brapi.dev/icons/BRAPI.svg,Miscellaneous,,fund,etf,ETF,1924821.99
R1IN34,R1IN34,51.99,-0.8,53689,296449398030.69055,https://icons.brapi.dev/icons/BRAPI.svg,Finance,,bdr,bdr,AÇÃO GLOBAL / BDR,2791291.1100000003
JSRE11,JSRE11,60.3,0.18,53456,,https://icons.brapi.dev/icons/BRAPI.svg,Miscellaneous,Multicategoria,fund,fii,FII,3223396.8
RBIF11,RBIF11,62.5,-2.65,53294,,https://icons.brapi.dev/icons/BRAPI.svg,Finance,,fund,etf,ETF,3330875.0
BAER39,ISHARES US AEROSPACE & DEFENSE ETF,57.67,0.21,52231,,https://icons.brapi.dev/icons/BRAPI.svg,Miscellaneous,,bdr,bdr,AÇÃO GLOBAL / BDR,3012161.77
ALPK3,ALLPARK EMPREENDIMENTOS PARTICIPACOES SERVICOS S.A,4.5,-0.44,51900,986875832.0,https://icons.brapi.dev/icons/ALPK3.svg,Consumer Services,Serviços Diversos,stock,stock,AÇÃO B3,233550.0
DEFI11,DEFI11,16.46,-1.67,51157,,https://icons.brapi.dev/icons/BRAPI.svg,Miscellaneous,,fund,etf,ETF,842044.2200000001
WRLD11,WRLD11,149.91,0.48,50595,,https://icons.brapi.dev/icons/BRAPI.svg,Miscellaneous,,fund,etf,ETF,7584696.45
CDII11,CDII11,95.62,0.44,49977,,https://icons.brapi.dev/icons/BRAPI.svg,Miscellaneous,,fund,etf,ETF,4778800.74
VISC11,VISC11,103.8,0.37,49636,,https://icons.brapi.dev/icons/BRAPI.svg,Miscellaneous,Shoppings,fund,fii,FII,5152216.8
KNRI11,KNRI11,158.23,0.68,49305,,https://icons.brapi.dev/icons/BRAPI.svg,Miscellaneous,Multicategoria,fund,fii,FII,7801530.149999999
BEWC39,ISHARES MSCI CANADA ETF,79.62,1.78,49145,,https://icons.brapi.dev/icons/BRAPI.svg,Miscellaneous,,bdr,bdr,AÇÃO GLOBAL / BDR,3912924.9000000004
RZTR11,RZTR11,83.75,0.69,49089,,https://icons.brapi.dev/icons/BRAPI.svg,,Outros,fund,fii,FII,4111203.75
VINO11,VINO11,4.26,-1.16,48677,,https://icons.brapi.dev/icons/VINO11.svg,,Multicategoria,fund,fii,FII,207364.02
KDIF11,KDIF11,114.85,-2.29,48555,,https://icons.brapi.dev/icons/BRAPI.svg,Miscellaneous,,fund,fi-infra,FI-INFRA,5576541.75
TGAR11,TGAR11,46.2,1.81,47655,,https://icons.brapi.dev/icons/BRAPI.svg,Miscellaneous,Multicategoria,fund,fii,FII,2201661.0
AGXY3,AGROGALAXY PARTICIPAÇÕES S.A.,1.33,-0.75,47200,24928447.0,https://icons.brapi.dev/icons/AGXY3.svg,Distribution Services,Agricultura,stock,stock,AÇÃO B3,62776.0
BEZA39,ISHARES MSCI SOUTH AFRICA ETF,60.86,2.72,47001,,https://icons.brapi.dev/icons/BRAPI.svg,Miscellaneous,,bdr,bdr,AÇÃO GLOBAL / BDR,2860480.86
EUCA4,EUCATEX S.A. INDUSTRIA E COMERCIO,21.06,-0.85,46500,1955344901.0,https://icons.brapi.dev/icons/BRAPI.svg,Non-Energy Minerals,,stock,stock,AÇÃO B3,979289.9999999999
MGLU3F,MAGAZINE LUIZA S.A.,5.74,3.99,46300,4081143529.0,https://icons.brapi.dev/icons/BRAPI.svg,Retail Trade,,stock,stock,AÇÃO B3,265762.0
VCJR11,VCJR11,68.58,1.0,46262,,https://icons.brapi.dev/icons/VCJR11.svg,,Outros,fund,fii,FII,3172647.96
CMIN3F,CSN MINERAÇÃO S.A.,6.42,-4.89,45960,35598212274.0,https://icons.brapi.dev/icons/BRAPI.svg,Non-Energy Minerals,,stock,stock,AÇÃO B3,295063.2
SOLH11,SOLH11,14.45,-3.6,45944,,https://icons.brapi.dev/icons/BRAPI.svg,Miscellaneous,,fund,etf,ETF,663890.7999999999
MFII11,MFII11,40.01,8.78,45875,,https://icons.brapi.dev/icons/BRAPI.svg,Miscellaneous,Multicategoria,fund,fii,FII,1835458.75
COCA34,COCA34,75.71,0.08,45309,1938237718567.7751,https://icons.brapi.dev/icons/BRAPI.svg,Consumer Non-Durables,,bdr,bdr,AÇÃO GLOBAL / BDR,3430344.3899999997
RBRL11,RBRL11,73.91,0.5,44004,,https://icons.brapi.dev/icons/BRAPI.svg,Miscellaneous,Logística,fund,fii,FII,3252335.6399999997
TCSA3,TECNISA S.A.,0.63,-3.08,42900,46380116.0,https://icons.brapi.dev/icons/TCSA3.svg,Finance,Incorporações,stock,stock,AÇÃO B3,27027.0
ARRI11,ARRI11,4.44,1.83,42898,,https://icons.brapi.dev/icons/ARRI11.svg,,Multicategoria,fund,fii,FII,190467.12000000002
KISU11,KISU11,6.06,0.33,42772,,https://icons.brapi.dev/icons/BRAPI.svg,Miscellaneous,Outros,fund,fii,FII,259198.31999999998
AAZQ11,AAZQ11,6.67,0.0,42592,,https://icons.brapi.dev/icons/BRAPI.svg,Miscellaneous,Outros,fund,fi-agro,FIAGRO,284088.64
AJFI11,AJFI11,8.29,-0.72,42362,,https://icons.brapi.dev/icons/AJFI11.svg,,Shoppings,fund,fii,FII,351180.98
VVDI11,VVDI11,10.0,0.0,42202,,https://icons.brapi.dev/icons/BRAPI.svg,,,fund,fii,FII,422020.0
PORD11,PORD11,8.42,0.0,41976,,https://icons.brapi.dev/icons/BRAPI.svg,,Multicategoria,fund,fii,FII,353437.92
BRKM3,BRASKEM S.A.,4.27,-0.93,41500,3585072481.0,https://icons.brapi.dev/icons/BRKM3.svg,Process Industries,Petroquímicos,stock,stock,AÇÃO B3,177204.99999999997
WEGE3F,WEG S.A.,51.8,-0.67,41348,217101653371.0,https://icons.brapi.dev/icons/BRAPI.svg,Producer Manufacturing,,stock,stock,AÇÃO B3,2141826.4
CSUD3,CSU DIGITAL S.A.,14.15,-0.49,40300,582187437.0,https://icons.brapi.dev/icons/CSUD3.svg,Commercial Services,Serviços Financeiros Diversos,stock,stock,AÇÃO B3,570245.0
FASA3,FASA3,0.18,-5.26,40300,7895197.0,https://icons.brapi.dev/icons/BRAPI.svg,Commercial Services,,stock,stock,AÇÃO B3,7254.0
GOGL35,GOGL35,144.46,0.36,40278,21084172272276.215,https://icons.brapi.dev/icons/BRAPI.svg,Technology Services,,bdr,bdr,AÇÃO GLOBAL / BDR,5818559.88
BRAP3,BRADESPAR S.A.,19.3,0.78,40200,8398003592.999999,https://icons.brapi.dev/icons/BRAP3.svg,Finance,Minerais Metálicos,stock,stock,AÇÃO B3,775860.0
SPXU11,SPXU11,17.0,0.71,40151,,https://icons.brapi.dev/icons/BRAPI.svg,Miscellaneous,,fund,etf,ETF,682567.0
P2LT34,P2LT34,299.31,-3.72,40129,2142870744675.1921,https://icons.brapi.dev/icons/BRAPI.svg,Technology Services,,bdr,bdr,AÇÃO GLOBAL / BDR,12011010.99
CNES11,CNES11,1.4,2.94,40028,,https://icons.brapi.dev/icons/BRAPI.svg,Miscellaneous,Escritórios,fund,fii,FII,56039.2
KNUQ11,KNUQ11,103.09,0.4,39747,,https://icons.brapi.dev/icons/BRAPI.svg,Miscellaneous,,fund,fii,FII,4097518.23
TIMS3F,TIM S.A.,19.0,-0.73,39535,45426239936.0,https://icons.brapi.dev/icons/BRAPI.svg,Communications,,stock,stock,AÇÃO B3,751165.0
JURO11,JURO11,96.69,-0.1,39379,,https://icons.brapi.dev/icons/BRAPI.svg,,,fund,fi-infra,FI-INFRA,3807555.51
PCIP11,PCIP11,75.7,1.07,38817,,https://icons.brapi.dev/icons/BRAPI.svg,,Outros,fund,fii,FII,2938446.9
N2ET34,N2ET34,79.59,-0.87,38719,508019226219.94885,https://icons.brapi.dev/icons/BRAPI.svg,Technology Services,,bdr,bdr,AÇÃO GLOBAL / BDR,3081645.21
AGGX11,AGGX11,49.93,0.48,38599,,https://icons.brapi.dev/icons/BRAPI.svg,Miscellaneous,,fund,etf,ETF,1927248.07
SPXS11,SPXS11,7.57,0.26,38365,,https://icons.brapi.dev/icons/BRAPI.svg,,Multicategoria,fund,fii,FII,290423.05
HSML11,HSML11,81.72,-0.04,38102,,https://icons.brapi.dev/icons/HSML11.svg,Miscellaneous,Shoppings,fund,fii,FII,3113695.44
DOTZ3,DOTZ S.A.,10.26,-5.0,38000,136683493.0,https://icons.brapi.dev/icons/DOTZ3.svg,Technology Services,Programas de Fidelização,stock,stock,AÇÃO B3,389880.0
CEBR5,CIA ENERGETICA DE BRASILIA,23.61,0.64,37900,1802756158.0,https://icons.brapi.dev/icons/BRAPI.svg,Utilities,,stock,stock,AÇÃO B3,894819.0
CPLE3F,CIA PARANAENSE DE ENERGIA - COPEL,15.72,-1.01,37820,47075627211.0,https://icons.brapi.dev/icons/BRAPI.svg,Utilities,,stock,stock,AÇÃO B3,594530.4
TPIS3,TPI - TRIUNFO PARTICIP. E INVEST. S.A.,9.77,-2.4,37800,405519533.0,https://icons.brapi.dev/icons/TPIS3.svg,Transportation,Exploração de Rodovias,stock,stock,AÇÃO B3,369306.0
UTLL11,UTLL11,123.8,-0.07,37292,,https://icons.brapi.dev/icons/BRAPI.svg,Miscellaneous,,fund,etf,ETF,4616749.6
RAIZ4F,RAIZEN S.A.,0.28,0.0,36651,2898702665.0,https://icons.brapi.dev/icons/BRAPI.svg,Retail Trade,,stock,stock,AÇÃO B3,10262.28
HCTR11,HCTR11,13.82,0.36,36470,315958368.0,https://icons.brapi.dev/icons/BRAPI.svg,Miscellaneous,Multicategoria,fund,fii,FII,504015.4
IRIM11,IRIM11,61.78,0.13,36386,,https://icons.brapi.dev/icons/BRAPI.svg,Finance,Multicategoria,fund,fii,FII,2247927.08
EGIE3F,ENGIE BRASIL ENERGIA S.A.,30.35,-0.62,36372,42689736633.0,https://icons.brapi.dev/icons/BRAPI.svg,Utilities,,stock,stock,AÇÃO B3,1103890.2
BIAU39,ISHARES GOLD TRUST,106.74,-0.35,36295,,https://icons.brapi.dev/icons/BRAPI.svg,Miscellaneous,,bdr,bdr,AÇÃO GLOBAL / BDR,3874128.3
ETER3,ETERNIT S.A.,3.75,-0.53,36200,231625443.0,https://icons.brapi.dev/icons/ETER3.svg,Non-Energy Minerals,Produtos para Construção,stock,stock,AÇÃO B3,135750.0
BBDC3F,BCO BRADESCO S.A.,15.74,0.25,36096,188234085579.0,https://icons.brapi.dev/icons/BRAPI.svg,Finance,,stock,stock,AÇÃO B3,568151.04
BSIL39,GLOBAL X SILVER MINERS ETF,51.64,0.23,35647,,https://icons.brapi.dev/icons/BRAPI.svg,Miscellaneous,,bdr,bdr,AÇÃO GLOBAL / BDR,1840811.08
PRIO3F,PRIO S.A.,60.24,-2.08,35608,50163408026.0,https://icons.brapi.dev/icons/BRAPI.svg,Energy Minerals,,stock,stock,AÇÃO B3,2145025.92
BODI11,BODI11,9.21,-1.29,35483,,https://icons.brapi.dev/icons/BRAPI.svg,,,fund,etf,ETF,326798.43000000005
VRTM11,VRTM11,6.55,-0.46,35402,,https://icons.brapi.dev/icons/BRAPI.svg,,Multicategoria,fund,fii,FII,231883.1
B3SA3F,B3 S.A. - BRASIL. BOLSA. BALCÃO,17.4,0.35,34966,84392030337.0,https://icons.brapi.dev/icons/BRAPI.svg,Finance,,stock,stock,AÇÃO B3,608408.3999999999
QSOL11,QSOL11,6.35,-2.61,34877,,https://icons.brapi.dev/icons/BRAPI.svg,Miscellaneous,,fund,etf,ETF,221468.94999999998
WEST3,WESTWING COMERCIO VAREJISTA S.A.,2.9,-4.29,34600,32249425.000000004,https://icons.brapi.dev/icons/WEST3.svg,Retail Trade,Móveis,stock,stock,AÇÃO B3,100340.0
A1MT34,A1MT34,234.09,5.77,34513,1845814181478.261,https://icons.brapi.dev/icons/BRAPI.svg,Producer Manufacturing,,bdr,bdr,AÇÃO GLOBAL / BDR,8079148.17
L1RC34,L1RC34,36.11,6.42,33788,1969150444158.5679,https://icons.brapi.dev/icons/BRAPI.svg,Producer Manufacturing,,bdr,bdr,AÇÃO GLOBAL / BDR,1220084.68
S1TX34,S1TX34,77.5,5.3,33777,984576272025.5756,https://icons.brapi.dev/icons/BRAPI.svg,Electronic Technology,,bdr,bdr,AÇÃO GLOBAL / BDR,2617717.5
TAEE11F,TRANSMISSORA ALIANÇA DE ENERGIA ELÉTRICA S.A.,41.55,-0.07,33753,,https://icons.brapi.dev/icons/BRAPI.svg,Industrial Services,,stock,stock,AÇÃO B3,1402437.15
ALOS3F,ALLOS S.A,28.82,-0.93,33569,14507198388.0,https://icons.brapi.dev/icons/BRAPI.svg,Finance,,stock,stock,AÇÃO B3,967458.58
AXIA3F,AXIA3F,55.5,-0.63,33069,126858365871.0,https://icons.brapi.dev/icons/BRAPI.svg,Utilities,,stock,stock,AÇÃO B3,1835329.5
TECN3,TECHNOS S.A.,10.09,2.13,32300,566777653.0,https://icons.brapi.dev/icons/TECN3.svg,Consumer Durables,Acessórios,stock,stock,AÇÃO B3,325907.0
BMGB4F,BANCO BMG S.A.,5.96,1.36,32126,1398165540.0,https://icons.brapi.dev/icons/BRAPI.svg,Finance,,stock,stock,AÇÃO B3,191470.96
C1DN34,C1DN34,44.21,-3.3,32122,412314762322.2507,https://icons.brapi.dev/icons/BRAPI.svg,Technology Services,,bdr,bdr,AÇÃO GLOBAL / BDR,1420113.62
XRPH11,XRPH11,11.14,-5.75,31938,,https://icons.brapi.dev/icons/BRAPI.svg,Miscellaneous,,fund,etf,ETF,355789.32
BRCR11,BRCR11,42.71,3.56,31831,,https://icons.brapi.dev/icons/BRAPI.svg,Miscellaneous,Multicategoria,fund,fii,FII,1359502.01
PMLL11,PMLL11,102.2,0.31,31656,,https://icons.brapi.dev/icons/BRAPI.svg,Miscellaneous,Shoppings,fund,fii,FII,3235243.2
VSLH11,VSLH11,1.63,1.24,31535,,https://icons.brapi.dev/icons/BRAPI.svg,,Multicategoria,fund,fii,FII,51402.049999999996
SBSP3F,CIA SANEAMENTO BASICO EST SAO PAULO,26.5,1.11,31315,93505887730.0,https://icons.brapi.dev/icons/BRAPI.svg,Utilities,,stock,stock,AÇÃO B3,829847.5
R2PD34,R2PD34,4.72,-2.07,31297,3792363508.951407,https://icons.brapi.dev/icons/BRAPI.svg,Technology Services,,bdr,bdr,AÇÃO GLOBAL / BDR,147721.84
GAME11,GAME11,8.25,-0.48,31292,,https://icons.brapi.dev/icons/BRAPI.svg,Miscellaneous,Outros,fund,fii,FII,258159.0
NSDV11,NSDV11,162.4,0.34,31025,,https://icons.brapi.dev/icons/BRAPI.svg,Miscellaneous,,fund,etf,ETF,5038460.0
KNHF11,KNHF11,92.66,0.72,30977,,https://icons.brapi.dev/icons/BRAPI.svg,Miscellaneous,Multicategoria,fund,fii,FII,2870328.82
VILG11,VILG11,94.47,2.24,30933,,https://icons.brapi.dev/icons/VILG11.svg,Miscellaneous,Logística,fund,fii,FII,2922240.51
EXXO34,EXXO34,101.82,-1.74,30732,3354100404608.696,https://icons.brapi.dev/icons/BRAPI.svg,Energy Minerals,,bdr,bdr,AÇÃO GLOBAL / BDR,3129132.2399999998
ISEN11,ISEN11,118.8,0.1,30609,,https://icons.brapi.dev/icons/BRAPI.svg,,,fund,etf,ETF,3636349.1999999997
S1BS34,S1BS34,32.47,-3.07,30563,46535392613.10486,https://icons.brapi.dev/icons/BRAPI.svg,Non-Energy Minerals,,bdr,bdr,AÇÃO GLOBAL / BDR,992380.61
VXXV11,VXXV11,790.0,0.0,30380,,https://icons.brapi.dev/icons/BRAPI.svg,,Outros,fund,fii,FII,24000200.0
FATN11,FATN11,80.3,0.88,30284,,https://icons.brapi.dev/icons/BRAPI.svg,Miscellaneous,Híbrido,fund,fii,FII,2431805.1999999997
GRUL11,GRUL11,8.06,-1.71,30233,,https://icons.brapi.dev/icons/GRUL11.svg,,Logística,fund,fii,FII,243677.98
TMCO34,TMCO34,62.11,-2.43,30210,1196809822066.8735,https://icons.brapi.dev/icons/BRAPI.svg,Consumer Durables,,bdr,bdr,AÇÃO GLOBAL / BDR,1876343.1
VIVT3F,TELEFÔNICA BRASIL S.A,30.2,-0.59,30109,96639214172.0,https://icons.brapi.dev/icons/BRAPI.svg,Communications,,stock,stock,AÇÃO B3,909291.7999999999
Z2SC34,Z2SC34,28.84,-5.1,29948,141619892716.11255,https://icons.brapi.dev/icons/BRAPI.svg,Technology Services,,bdr,bdr,AÇÃO GLOBAL / BDR,863700.32
KNCA11,KNCA11,85.07,0.91,29880,,https://icons.brapi.dev/icons/BRAPI.svg,Miscellaneous,Títulos e Val. Mob.,fund,fi-agro,FIAGRO,2541891.5999999996
SPXH11,SPXH11,59.09,-0.54,29732,,https://icons.brapi.dev/icons/BRAPI.svg,Miscellaneous,,fund,etf,ETF,1756863.8800000001
JHSF3F,JHSF PARTICIPACOES S.A.,11.45,-1.97,29413,7774047396.0,https://icons.brapi.dev/icons/BRAPI.svg,Finance,,stock,stock,AÇÃO B3,336778.85
BCIC11,BCIC11,138.05,0.07,29000,,https://icons.brapi.dev/icons/BRAPI.svg,Miscellaneous,,fund,etf,ETF,4003450.0000000005
BZRO39,PIMCO 25 YEAR ZERO COUPON US TREASUR INDEX EXCH-TF,24.84,-1.55,28800,,https://icons.brapi.dev/icons/BRAPI.svg,Miscellaneous,,bdr,bdr,AÇÃO GLOBAL / BDR,715392.0
BDIF11,BDIF11,68.71,-0.19,28542,,https://icons.brapi.dev/icons/BRAPI.svg,Miscellaneous,,fund,etf,ETF,1961120.8199999998
BERK34,BERK34,129.71,0.51,28436,4983357233370.845,https://icons.brapi.dev/icons/BRAPI.svg,Finance,,bdr,bdr,AÇÃO GLOBAL / BDR,3688433.56
VULC3F,VULCABRAS S.A.,13.08,0.0,28419,4086609891.0,https://icons.brapi.dev/icons/BRAPI.svg,Consumer Non-Durables,,stock,stock,AÇÃO B3,371720.52
RECR11,RECR11,79.13,0.83,27863,,https://icons.brapi.dev/icons/BRAPI.svg,Miscellaneous,Multicategoria,fund,fii,FII,2204799.19
VGRI11,VGRI11,5.28,-0.75,27797,,https://icons.brapi.dev/icons/BRAPI.svg,,Outros,fund,fii,FII,146768.16
BSOX39,ISHARES SEMICONDUCTOR ETF,66.21,-0.72,27787,,https://icons.brapi.dev/icons/BRAPI.svg,Miscellaneous,,bdr,bdr,AÇÃO GLOBAL / BDR,1839777.2699999998
BIEU39,ISHARES CORE MSCI EUROPE ETF,66.42,0.58,27727,,https://icons.brapi.dev/icons/BRAPI.svg,Miscellaneous,,bdr,bdr,AÇÃO GLOBAL / BDR,1841627.34
LAND3,TERRA SANTA PROPRIEDADES AGRICOLAS S.A.,9.54,2.03,27500,918005187.0,https://icons.brapi.dev/icons/LAND3.svg,Finance,Agricultura,stock,stock,AÇÃO B3,262350.0
CTGP34,CTGP34,116.98,-0.11,27397,1181670555902.8132,https://icons.brapi.dev/icons/BRAPI.svg,Finance,,bdr,bdr,AÇÃO GLOBAL / BDR,3204901.06
EMBJ3F,EMBJ3F,95.12,1.52,27105,68648327866.00001,https://icons.brapi.dev/icons/BRAPI.svg,Electronic Technology,,stock,stock,AÇÃO B3,2578227.6
BTER11,BTER11,21.27,0.28,26902,,https://icons.brapi.dev/icons/BRAPI.svg,Miscellaneous,,fund,etf,ETF,572205.54
KCRE11,KCRE11,8.44,0.0,26867,,https://icons.brapi.dev/icons/BRAPI.svg,Miscellaneous,Multicategoria,fund,fii,FII,226757.47999999998
N1VO34,N1VO34,29.93,-0.83,26424,1051850446135.3575,https://icons.brapi.dev/icons/BRAPI.svg,Health Technology,,bdr,bdr,AÇÃO GLOBAL / BDR,790870.32
V2TX34,V2TX34,19.0,10.27,26360,3105451478.26087,https://icons.brapi.dev/icons/BRAPI.svg,Technology Services,,bdr,bdr,AÇÃO GLOBAL / BDR,500840.0
RECV3F,PETRORECÔNCAVO S.A.,11.09,-3.98,26332,3274674587.0,https://icons.brapi.dev/icons/BRAPI.svg,Energy Minerals,,stock,stock,AÇÃO B3,292021.88
IFCM3,INFRACOMMERCE CXAAS S.A.,1.73,-1.7,25800,47676635.0,https://icons.brapi.dev/icons/IFCM3.svg,Distribution Services,Programas e Serviços,stock,stock,AÇÃO B3,44634.0
IRBR3F,IRB - BRASIL RESSEGUROS S.A.,62.0,4.38,25513,5039173734.0,https://icons.brapi.dev/icons/BRAPI.svg,Finance,,stock,stock,AÇÃO B3,1581806.0
BEEF3F,MINERVA S.A.,3.9,3.45,25316,3877257508.0,https://icons.brapi.dev/icons/BRAPI.svg,Distribution Services,,stock,stock,AÇÃO B3,98732.4
GPUS11,GPUS11,119.77,0.12,25087,,https://icons.brapi.dev/icons/BRAPI.svg,Miscellaneous,,fund,etf,ETF,3004669.9899999998
TOKY3,TOKY3,10.5,-1.87,24800,28453293.0,https://icons.brapi.dev/icons/BRAPI.svg,Technology Services,,stock,stock,AÇÃO B3,260400.0
CSAN3F,COSAN S.A.,3.82,0.53,24506,15042969635.0,https://icons.brapi.dev/icons/BRAPI.svg,Utilities,,stock,stock,AÇÃO B3,93612.92
RIFF11,RIFF11,7.38,0.14,24296,,https://icons.brapi.dev/icons/BRAPI.svg,,,fund,fi-infra,FI-INFRA,179304.48
DMVF3,D1000 VAREJO FARMA PARTICIPAÇÕES S.A.,6.23,0.81,24100,315255721.0,https://icons.brapi.dev/icons/DMVF3.svg,Distribution Services,Medicamentos e Outros Produtos,stock,stock,AÇÃO B3,150143.0
TAEE4F,TRANSMISSORA ALIANÇA DE ENERGIA ELÉTRICA S.A.,14.06,0.43,24051,14307039317.0,https://icons.brapi.dev/icons/BRAPI.svg,Industrial Services,,stock,stock,AÇÃO B3,338157.06
PSSA3F,PORTO SEGURO S.A.,51.6,0.23,23978,33177402048.999996,https://icons.brapi.dev/icons/BRAPI.svg,Finance,,stock,stock,AÇÃO B3,1237264.8
CAMB3,CAMBUCI S.A.,8.52,-1.5,23900,360183682.0,https://icons.brapi.dev/icons/CAMB3.svg,Consumer Non-Durables,Calçados,stock,stock,AÇÃO B3,203628.0
HDOF11,HDOF11,88.64,-1.9,23783,,https://icons.brapi.dev/icons/BRAPI.svg,,Escritórios,fund,fii,FII,2108125.12
POMO3F,MARCOPOLO S.A.,4.35,0.23,23446,5555498662.0,https://icons.brapi.dev/icons/BRAPI.svg,Producer Manufacturing,,stock,stock,AÇÃO B3,101990.09999999999
DISB34,DISB34,35.99,-2.23,23245,930114537764.7058,https://icons.brapi.dev/icons/BRAPI.svg,Consumer Services,,bdr,bdr,AÇÃO GLOBAL / BDR,836587.55
KLBN11F,KLABIN S.A.,19.4,-0.72,22710,,https://icons.brapi.dev/icons/BRAPI.svg,Non-Energy Minerals,,stock,stock,AÇÃO B3,440573.99999999994
BOAC34,BOAC34,79.87,-0.63,22567,2241971766332.481,https://icons.brapi.dev/icons/BRAPI.svg,Finance,,bdr,bdr,AÇÃO GLOBAL / BDR,1802426.29
F1TN34,F1TN34,66.83,0.5,22560,586558042046.0358,https://icons.brapi.dev/icons/BRAPI.svg,Technology Services,,bdr,bdr,AÇÃO GLOBAL / BDR,1507684.8
VCRI11,VCRI11,7.56,1.07,22524,,https://icons.brapi.dev/icons/BRAPI.svg,,Outros,fund,fii,FII,170281.44
GOAU3,METALURGICA GERDAU S.A.,9.96,0.1,22500,14115490050.0,https://icons.brapi.dev/icons/GOAU3.svg,Non-Energy Minerals,Siderurgia,stock,stock,AÇÃO B3,224100.00000000003
KORE11,KORE11,64.02,-0.82,22456,,https://icons.brapi.dev/icons/BRAPI.svg,Miscellaneous,Outros,fund,fii,FII,1437633.1199999999
BIOM3,BIOMM S.A.,6.63,3.27,22300,907331945.0,https://icons.brapi.dev/icons/BIOM3.svg,Health Technology,Medicamentos e Outros Produtos,stock,stock,AÇÃO B3,147849.0
BCPX39,GLOBAL X COPPER MINERS ETF,46.45,0.11,22202,,https://icons.brapi.dev/icons/BRAPI.svg,Miscellaneous,,bdr,bdr,AÇÃO GLOBAL / BDR,1031282.9
A1KA34,A1KA34,45.25,0.49,22197,77349679161.12532,https://icons.brapi.dev/icons/BRAPI.svg,Technology Services,,bdr,bdr,AÇÃO GLOBAL / BDR,1004414.25
GRND3F,GRENDENE S.A.,3.71,0.27,22016,3319948761.0,https://icons.brapi.dev/icons/BRAPI.svg,Consumer Non-Durables,,stock,stock,AÇÃO B3,81679.36
CPOF11,CPOF11,115.0,0.01,21957,,https://icons.brapi.dev/icons/BRAPI.svg,,Outros,fund,fii,FII,2525055.0
FIND11,FIND11,187.58,0.36,21793,,https://icons.brapi.dev/icons/BRAPI.svg,Miscellaneous,,fund,etf,ETF,4087930.9400000004
PMAM3F,PARANAPANEMA S.A.,0.33,50.0,21782,98173914.0,https://icons.brapi.dev/icons/BRAPI.svg,Non-Energy Minerals,,stock,stock,AÇÃO B3,7188.06
AZZA3F,AZZAS 2154 S.A.,17.75,3.62,21699,3650065299.0,https://icons.brapi.dev/icons/BRAPI.svg,Consumer Non-Durables,,stock,stock,AÇÃO B3,385157.25
JMBI11,JMBI11,81.16,-0.05,21669,,https://icons.brapi.dev/icons/BRAPI.svg,,,fund,fi-infra,FI-INFRA,1758656.04
LREN3F,LOJAS RENNER S.A.,11.35,-0.7,21320,11391834804.0,https://icons.brapi.dev/icons/BRAPI.svg,Retail Trade,,stock,stock,AÇÃO B3,241982.0
MOSC34,MOSC34,21.93,1.2,21269,42033774644.50128,https://icons.brapi.dev/icons/BRAPI.svg,Process Industries,,bdr,bdr,AÇÃO GLOBAL / BDR,466429.17
KNHY11,KNHY11,95.25,0.18,21078,,https://icons.brapi.dev/icons/BRAPI.svg,Miscellaneous,Multicategoria,fund,fii,FII,2007679.5
RBRY11,RBRY11,84.57,-0.04,20977,,https://icons.brapi.dev/icons/BRAPI.svg,Miscellaneous,Multicategoria,fund,fii,FII,1774024.89
JNJB34,JNJB34,93.95,-0.47,20631,3392718022654.732,https://icons.brapi.dev/icons/BRAPI.svg,Health Technology,,bdr,bdr,AÇÃO GLOBAL / BDR,1938282.45
DEVA11,DEVA11,17.43,-0.23,20414,,https://icons.brapi.dev/icons/BRAPI.svg,,Multicategoria,fund,fii,FII,355816.02
IBIT39,ISHARES BITCOIN TRUST,77.32,-2.37,20412,,https://icons.brapi.dev/icons/BRAPI.svg,Miscellaneous,,bdr,bdr,AÇÃO GLOBAL / BDR,1578255.8399999999
S2GM34,S2GM34,20.97,-2.96,20368,7131551180.97954,https://icons.brapi.dev/icons/BRAPI.svg,Non-Energy Minerals,,bdr,bdr,AÇÃO GLOBAL / BDR,427116.95999999996
VRTA11,VRTA11,71.62,-0.53,20311,,https://icons.brapi.dev/icons/BRAPI.svg,Miscellaneous,Outros,fund,fii,FII,1454673.82
SNFZ11,SNFZ11,9.15,0.22,20170,,https://icons.brapi.dev/icons/BRAPI.svg,Miscellaneous,Multicategoria,fund,fi-agro,FIAGRO,184555.5
INEP4,INEPAR S.A. INDUSTRIA E CONSTRUCOES,1.41,2.17,20100,78374125.0,https://icons.brapi.dev/icons/BRAPI.svg,Producer Manufacturing,,stock,stock,AÇÃO B3,28341.0
CPFE3F,CPFL ENERGIA S.A.,47.1,0.66,20095,53960081122.0,https://icons.brapi.dev/icons/BRAPI.svg,Utilities,,stock,stock,AÇÃO B3,946474.5
BURA39,GLOBAL X URANIUM ETF,39.48,3.22,20025,,https://icons.brapi.dev/icons/BRAPI.svg,Miscellaneous,,bdr,bdr,AÇÃO GLOBAL / BDR,790586.9999999999
E2EF34,E2EF34,2.53,1.61,20008,14121530705.882355,https://icons.brapi.dev/icons/BRAPI.svg,Commercial Services,,bdr,bdr,AÇÃO GLOBAL / BDR,50620.24
BIJH39,ISHARES CORE S&P MID-CAP ETF,19.38,1.36,20000,,https://icons.brapi.dev/icons/BRAPI.svg,Miscellaneous,,bdr,bdr,AÇÃO GLOBAL / BDR,387600.0
IFRA11,IFRA11,91.2,0.23,19962,,https://icons.brapi.dev/icons/BRAPI.svg,Miscellaneous,,fund,etf,ETF,1820534.4000000001
BPAC11F,BCO BTG PACTUAL S.A.,59.26,1.2,19889,,https://icons.brapi.dev/icons/BRAPI.svg,Finance,,stock,stock,AÇÃO B3,1178622.14
RANI3F,IRANI PAPEL E EMBALAGEM S.A.,7.68,-0.78,19813,1747438283.0,https://icons.brapi.dev/icons/BRAPI.svg,Process Industries,,stock,stock,AÇÃO B3,152163.84
PDTC3,PADTEC HOLDING S.A.,1.74,2.96,19800,138277152.0,https://icons.brapi.dev/icons/PDTC3.svg,Electronic Technology,Programas e Serviços,stock,stock,AÇÃO B3,34452.0
ISAE4F,ISA ENERGIA BRASIL S.A,27.9,0.18,19712,20649211478.0,https://icons.brapi.dev/icons/BRAPI.svg,Utilities,,stock,stock,AÇÃO B3,549964.7999999999
FLRY3F,FLEURY S.A.,20.17,0.35,19705,11017173137.0,https://icons.brapi.dev/icons/BRAPI.svg,Health Services,,stock,stock,AÇÃO B3,397449.85000000003
CHVX34,CHVX34,106.46,-1.29,19610,2108163134383.6318,https://icons.brapi.dev/icons/BRAPI.svg,Energy Minerals,,bdr,bdr,AÇÃO GLOBAL / BDR,2087680.5999999999
HODL11,HODL11,68.88,-1.74,19507,,https://icons.brapi.dev/icons/BRAPI.svg,Miscellaneous,,fund,etf,ETF,1343642.16
INTU34,INTU34,38.75,-3.85,19422,465502603657.289,https://icons.brapi.dev/icons/BRAPI.svg,Technology Services,,bdr,bdr,AÇÃO GLOBAL / BDR,752602.5
SMAC11,SMAC11,57.61,-0.07,19412,,https://icons.brapi.dev/icons/BRAPI.svg,Miscellaneous,,fund,etf,ETF,1118325.32
K1LA34,K1LA34,47.49,3.89,19346,1240384068122.7622,https://icons.brapi.dev/icons/BRAPI.svg,Electronic Technology,,bdr,bdr,AÇÃO GLOBAL / BDR,918741.54
CSMG3F,CIA SANEAMENTO DE MINAS GERAIS-COPASA MG,56.03,-1.11,19273,21200013051.0,https://icons.brapi.dev/icons/BRAPI.svg,Utilities,,stock,stock,AÇÃO B3,1079866.19
XPCI11,XPCI11,79.89,0.96,19101,,https://icons.brapi.dev/icons/XPCI11.svg,,Outros,fund,fii,FII,1525978.89
O1KT34,O1KT34,43.52,1.35,19058,152554587790.28134,https://icons.brapi.dev/icons/BRAPI.svg,Technology Services,,bdr,bdr,AÇÃO GLOBAL / BDR,829404.16
EQTL3F,EQUATORIAL S.A.,39.22,1.08,18876,48187044270.0,https://icons.brapi.dev/icons/BRAPI.svg,Utilities,,stock,stock,AÇÃO B3,740316.72
VISA34,VISA34,95.52,-1.14,18831,3581961465094.6294,https://icons.brapi.dev/icons/BRAPI.svg,Finance,,bdr,bdr,AÇÃO GLOBAL / BDR,1798737.1199999999
CSNA3F,CIA SIDERURGICA NACIONAL,6.27,-2.18,18813,8386833267.0,https://icons.brapi.dev/icons/BRAPI.svg,Non-Energy Minerals,,stock,stock,AÇÃO B3,117957.51
ABEV3F,AMBEV S.A.,15.77,-0.32,18647,243660945246.0,https://icons.brapi.dev/icons/BRAPI.svg,Consumer Non-Durables,,stock,stock,AÇÃO B3,294063.19
CPTR11,CPTR11,7.5,-1.06,18559,,https://icons.brapi.dev/icons/BRAPI.svg,Miscellaneous,Outros,fund,fi-agro,FIAGRO,139192.5
HGRE11,HGRE11,117.15,-1.68,18362,,https://icons.brapi.dev/icons/BRAPI.svg,Miscellaneous,Escritórios,fund,fii,FII,2151108.3000000003
PGCO34,PGCO34,53.18,-0.58,18306,1741125266700.7673,https://icons.brapi.dev/icons/BRAPI.svg,Consumer Non-Durables,,bdr,bdr,AÇÃO GLOBAL / BDR,973513.08
CPTI11,CPTI11,82.56,0.32,18236,,https://icons.brapi.dev/icons/BRAPI.svg,,,fund,etf,ETF,1505564.1600000001
LOGN3,LOG-IN LOGISTICA INTERMODAL S.A.,28.0,0.0,18200,2970455811.0,https://icons.brapi.dev/icons/LOGN3.svg,Transportation,Transporte Hidroviário,stock,stock,AÇÃO B3,509600.0
SLCE3F,SLC AGRICOLA S.A.,16.36,-1.45,17783,8124674657.0,https://icons.brapi.dev/icons/BRAPI.svg,Process Industries,,stock,stock,AÇÃO B3,290929.88
DIRR3F,DIRECIONAL ENGENHARIA S.A.,11.4,-1.55,17770,5959349705.0,https://icons.brapi.dev/icons/BRAPI.svg,Finance,,stock,stock,AÇÃO B3,202578.0
BIME11,BIME11,4.49,2.98,17763,,https://icons.brapi.dev/icons/BRAPI.svg,,,fund,fii,FII,79755.87000000001
GGBR3,GERDAU S.A.,21.55,0.8,17600,46674904097.0,https://icons.brapi.dev/icons/GGBR3.svg,Non-Energy Minerals,Siderurgia,stock,stock,AÇÃO B3,379280.0
COGN3F,COGNA EDUCAÇÃO S.A.,2.41,-0.41,17529,5029424503.0,https://icons.brapi.dev/icons/BRAPI.svg,Commercial Services,,stock,stock,AÇÃO B3,42244.89
RPRI11,RPRI11,73.52,0.14,17501,,https://icons.brapi.dev/icons/BRAPI.svg,,Outros,fund,fii,FII,1286673.52
GOAU4F,METALURGICA GERDAU S.A.,11.05,0.09,17430,14115490050.0,https://icons.brapi.dev/icons/BRAPI.svg,Non-Energy Minerals,,stock,stock,AÇÃO B3,192601.5
RENT3F,LOCALIZA RENT A CAR S.A.,36.56,-0.46,17318,39437292488.0,https://icons.brapi.dev/icons/BRAPI.svg,Finance,,stock,stock,AÇÃO B3,633146.0800000001
WDCN3,WDCN3,2.59,5.28,17300,164365186.0,https://icons.brapi.dev/icons/BRAPI.svg,Distribution Services,,stock,stock,AÇÃO B3,44807.0
SLVR11,SLVR11,41.7,-0.86,17183,,https://icons.brapi.dev/icons/BRAPI.svg,Miscellaneous,,fund,etf,ETF,716531.1000000001
SAUD3F,SAUD3F,14.6,-1.88,17153,42945740365.0,https://icons.brapi.dev/icons/BRAPI.svg,Health Services,,stock,stock,AÇÃO B3,250433.8
SHPP11,SHPP11,11.19,-10.77,17083,,https://icons.brapi.dev/icons/BRAPI.svg,,Multicategoria,fund,fii,FII,191158.77
SPXB11,SPXB11,17.44,0.11,17024,,https://icons.brapi.dev/icons/BRAPI.svg,Miscellaneous,,fund,etf,ETF,296898.56
CSUD3F,CSU DIGITAL S.A.,14.43,1.05,17015,582187437.0,https://icons.brapi.dev/icons/BRAPI.svg,Commercial Services,,stock,stock,AÇÃO B3,245526.44999999998
BHIA3F,GRUPO CASAS BAHIA S.A.,0.69,-2.82,16930,673336354.0,https://icons.brapi.dev/icons/BRAPI.svg,Retail Trade,,stock,stock,AÇÃO B3,11681.699999999999
S1NP34,S1NP34,50.52,-4.93,16799,386057158890.0256,https://icons.brapi.dev/icons/BRAPI.svg,Technology Services,,bdr,bdr,AÇÃO GLOBAL / BDR,848685.4800000001
BRSR6F,BCO ESTADO DO RIO GRANDE DO SUL S.A.,14.9,-0.67,16785,6680411228.0,https://icons.brapi.dev/icons/BRAPI.svg,Finance,,stock,stock,AÇÃO B3,250096.5
JSCR11,JSCR11,7.98,0.88,16777,,https://icons.brapi.dev/icons/BRAPI.svg,Miscellaneous,Multicategoria,fund,fii,FII,133880.46000000002
VGIP11,VGIP11,74.96,0.75,16765,,https://icons.brapi.dev/icons/VGIP11.svg,,Multicategoria,fund,fii,FII,1256704.4
GDXB39,VANECK GOLD MINERS ETF,166.52,-4.68,16636,,https://icons.brapi.dev/icons/BRAPI.svg,Miscellaneous,,bdr,bdr,AÇÃO GLOBAL / BDR,2770226.72
KLBN3F,KLABIN S.A.,4.03,-0.98,16589,23456242526.0,https://icons.brapi.dev/icons/BRAPI.svg,Non-Energy Minerals,,stock,stock,AÇÃO B3,66853.67
AURE3F,AUREN ENERGIA S.A.,11.95,3.46,16506,12604536621.0,https://icons.brapi.dev/icons/BRAPI.svg,Utilities,,stock,stock,AÇÃO B3,197246.69999999998
BIBB39,ISHARES BIOTECHNOLOGY ETF,72.58,-0.03,16395,,https://icons.brapi.dev/icons/BRAPI.svg,Miscellaneous,,bdr,bdr,AÇÃO GLOBAL / BDR,1189949.0999999999
OIAG11,OIAG11,8.13,0.37,16389,,https://icons.brapi.dev/icons/BRAPI.svg,Miscellaneous,Outros,fund,fi-agro,FIAGRO,133242.57
JFEN3,JOAO FORTES ENGENHARIA S.A.,0.46,4.55,16300,5889263.0,https://icons.brapi.dev/icons/JFEN3.svg,Consumer Durables,Incorporações,stock,stock,AÇÃO B3,7498.0
ABCB4F,BCO ABC BRASIL S.A.,24.76,-0.32,16189,6383090029.0,https://icons.brapi.dev/icons/BRAPI.svg,Finance,,stock,stock,AÇÃO B3,400839.64
GGBR4F,GERDAU S.A.,25.24,0.88,16153,46674904097.0,https://icons.brapi.dev/icons/BRAPI.svg,Non-Energy Minerals,,stock,stock,AÇÃO B3,407701.72
N1TA34,N1TA34,68.1,2.18,16107,186462417744.24554,https://icons.brapi.dev/icons/BRAPI.svg,Electronic Technology,,bdr,bdr,AÇÃO GLOBAL / BDR,1096886.7
VAMO3F,VAMOS LOCAÇÃO DE CAMINHÕES. MÁQUINAS E EQUIP. S.A.,3.51,4.78,15990,4216434021.0,https://icons.brapi.dev/icons/BRAPI.svg,Finance,,stock,stock,AÇÃO B3,56124.899999999994
RVEE3,REVEE S.A.,0.69,2.99,15900,7018094.0,https://icons.brapi.dev/icons/BRAPI.svg,Miscellaneous,,stock,stock,AÇÃO B3,10971.0
DIVD11,DIVD11,65.07,0.29,15866,,https://icons.brapi.dev/icons/BRAPI.svg,Miscellaneous,,fund,etf,ETF,1032400.6199999999
A1PH34,A1PH34,35.46,1.98,15855,1044157282071.6113,https://icons.brapi.dev/icons/BRAPI.svg,Electronic Technology,,bdr,bdr,AÇÃO GLOBAL / BDR,562218.3
UNHH34,UNHH34,28.84,-1.03,15798,1823380211427.11,https://icons.brapi.dev/icons/BRAPI.svg,Health Services,,bdr,bdr,AÇÃO GLOBAL / BDR,455614.32
KNDI11,KNDI11,96.7,0.99,15615,,https://icons.brapi.dev/icons/BRAPI.svg,,,fund,etf,ETF,1509970.5
BMMT11,BMMT11,163.5,-0.06,15614,,https://icons.brapi.dev/icons/BRAPI.svg,Miscellaneous,,fund,etf,ETF,2552889.0
SPYI11,SPYI11,108.87,0.22,15560,,https://icons.brapi.dev/icons/BRAPI.svg,Miscellaneous,,fund,etf,ETF,1694017.2000000002
SAPR11F,CIA SANEAMENTO DO PARANA - SANEPAR,34.95,-1.3,15406,,https://icons.brapi.dev/icons/BRAPI.svg,Utilities,,stock,stock,AÇÃO B3,538439.7000000001
BOVB11,BOVB11,189.88,-0.03,15404,,https://icons.brapi.dev/icons/BRAPI.svg,Miscellaneous,,fund,etf,ETF,2924911.52
MBRF3F,MBRF3F,17.6,-5.38,15326,24409358935.0,https://icons.brapi.dev/icons/BRAPI.svg,Consumer Non-Durables,,stock,stock,AÇÃO B3,269737.60000000003
PSEC11,PSEC11,52.64,1.04,15314,,https://icons.brapi.dev/icons/RVBI11.svg,,Outros,fund,fii,FII,806128.96
WHRL4,WHIRLPOOL S.A.,3.73,-2.36,15300,5543669966.0,https://icons.brapi.dev/icons/BRAPI.svg,Consumer Durables,,stock,stock,AÇÃO B3,57069.0
SKHY34,SKHY34,56.29,8.0,15260,4500887866002.387,https://icons.brapi.dev/icons/BRAPI.svg,Electronic Technology,,bdr,bdr,AÇÃO GLOBAL / BDR,858985.4
VWRA11,VWRA11,115.0,0.72,15215,,https://icons.brapi.dev/icons/BRAPI.svg,Miscellaneous,,fund,etf,ETF,1749725.0
SPBZ11,SPBZ11,123.0,-0.27,15162,,https://icons.brapi.dev/icons/BRAPI.svg,Miscellaneous,,fund,etf,ETF,1864926.0
DIVS11,DIVS11,92.48,0.3,15053,,https://icons.brapi.dev/icons/BRAPI.svg,,,fund,etf,ETF,1392101.44
MSBR34,MSBR34,223.0,0.75,15011,1749072600046.036,https://icons.brapi.dev/icons/BRAPI.svg,Finance,,bdr,bdr,AÇÃO GLOBAL / BDR,3347453.0
AIEC11,AIEC11,65.0,-0.91,14973,,https://icons.brapi.dev/icons/BRAPI.svg,,Escritórios,fund,fii,FII,973245.0
SOJA3F,BOA SAFRA SEMENTES S.A.,7.9,0.77,14964,1118193250.0,https://icons.brapi.dev/icons/BRAPI.svg,Process Industries,,stock,stock,AÇÃO B3,118215.6
QQQI11,QQQI11,95.95,0.72,14911,,https://icons.brapi.dev/icons/BRAPI.svg,Miscellaneous,,fund,etf,ETF,1430710.45
CACR11,CACR11,15.38,-0.39,14903,,https://icons.brapi.dev/icons/BRAPI.svg,Miscellaneous,Multicategoria,fund,fii,FII,229208.14
OFSA3,OUROFINO S.A.,27.0,-1.85,14900,1456623241.0,https://icons.brapi.dev/icons/OFSA3.svg,Health Technology,Medicamentos e Outros Produtos,stock,stock,AÇÃO B3,402300.0
BRXC11,BRXC11,140.55,-0.09,14858,,https://icons.brapi.dev/icons/BRAPI.svg,Miscellaneous,,fund,etf,ETF,2088291.9000000001
G1TR39,ABRDN PHYSICAL PRECIOUS METALS BASKET SHARES ETF,73.99,-0.55,14800,,https://icons.brapi.dev/icons/BRAPI.svg,,,bdr,bdr,AÇÃO GLOBAL / BDR,1095052.0
PETR3F,PETROLEO BRASILEIRO S.A. PETROBRAS,51.71,-1.13,14696,637284320565.0,https://icons.brapi.dev/icons/BRAPI.svg,Energy Minerals,,stock,stock,AÇÃO B3,759930.16
WHGR11,WHGR11,8.59,0.7,14500,,https://icons.brapi.dev/icons/BRAPI.svg,Miscellaneous,Multicategoria,fund,fii,FII,124555.0
FIQE3F,UNIFIQUE TELECOMUNICAÇÕES S.A.,4.99,-0.2,14454,1963506446.0,https://icons.brapi.dev/icons/BRAPI.svg,Communications,,stock,stock,AÇÃO B3,72125.46
BMBB39,ISHARES MBS ETF,47.41,0.34,14357,,https://icons.brapi.dev/icons/BRAPI.svg,Miscellaneous,,bdr,bdr,AÇÃO GLOBAL / BDR,680665.37
BITC11,BITC11,67.13,-1.28,14313,,https://icons.brapi.dev/icons/BRAPI.svg,Miscellaneous,,fund,etf,ETF,960831.69
BEUW39,ISHARES MSCI USA EQUAL WEIGHTED ETF,75.25,1.13,14300,,https://icons.brapi.dev/icons/BRAPI.svg,Miscellaneous,,bdr,bdr,AÇÃO GLOBAL / BDR,1076075.0
BSLV39,ISHARES SILVER TRUST,102.55,-0.68,14143,,https://icons.brapi.dev/icons/BRAPI.svg,Miscellaneous,,bdr,bdr,AÇÃO GLOBAL / BDR,1450364.65
DEEC34,DEEC34,117.69,0.09,14103,956487515560.1023,https://icons.brapi.dev/icons/BRAPI.svg,Producer Manufacturing,,bdr,bdr,AÇÃO GLOBAL / BDR,1659782.07
TASA3,TAURUS ARMAS S.A.,5.67,1.61,14100,786290641.0,https://icons.brapi.dev/icons/TASA3.svg,Electronic Technology,Armas e Munições,stock,stock,AÇÃO B3,79947.0
BRBI11F,BRBI BR PARTNERS S.A.,14.0,-1.41,14028,,https://icons.brapi.dev/icons/BRAPI.svg,Finance,,stock,stock,AÇÃO B3,196392.0
WIZC3F,WIZ CO PARTICIPAÇÕES E CORRETAGEM DE SEGUROS S.A.,8.13,0.37,13910,1295249091.0,https://icons.brapi.dev/icons/BRAPI.svg,Finance,,stock,stock,AÇÃO B3,113088.30000000002
JPMC34,JPMC34,182.92,-0.81,13878,4876378343452.686,https://icons.brapi.dev/icons/BRAPI.svg,Finance,,bdr,bdr,AÇÃO GLOBAL / BDR,2538563.76
GEOO34,GEOO34,86.81,2.41,13803,1789171687641.9438,https://icons.brapi.dev/icons/BRAPI.svg,Electronic Technology,,bdr,bdr,AÇÃO GLOBAL / BDR,1198238.43
MNPR3,MINUPAR PARTICIPACOES S.A.,4.12,1.73,13700,292524110.0,https://icons.brapi.dev/icons/MNPR3.svg,Process Industries,Carnes e Derivados,stock,stock,AÇÃO B3,56444.0
LEVE3F,MAHLE-METAL LEVE S.A.,32.67,-0.7,13667,4447034824.0,https://icons.brapi.dev/icons/BRAPI.svg,Producer Manufacturing,,stock,stock,AÇÃO B3,446500.89
NDIV11,NDIV11,130.02,-0.05,13580,,https://icons.brapi.dev/icons/BRAPI.svg,Miscellaneous,,fund,etf,ETF,1765671.6
ITUB3F,ITAU UNIBANCO HOLDING S.A.,45.93,0.07,13541,482577297271.0,https://icons.brapi.dev/icons/BRAPI.svg,Finance,,stock,stock,AÇÃO B3,621938.13
FYTO11,FYTO11,8.05,-0.12,13504,,https://icons.brapi.dev/icons/NCHB11.svg,,Multicategoria,fund,fii,FII,108707.20000000001
BIEF39,ISHARES CORE MSCI EAFE ETF,64.8,0.19,13483,,https://icons.brapi.dev/icons/BRAPI.svg,Miscellaneous,,bdr,bdr,AÇÃO GLOBAL / BDR,873698.3999999999
CVCB3F,CVC BRASIL OPERADORA E AGÊNCIA DE VIAGENS S.A.,1.82,2.82,13411,988095364.0,https://icons.brapi.dev/icons/BRAPI.svg,Consumer Services,,stock,stock,AÇÃO B3,24408.02
XFIX11,XFIX11,13.29,-0.23,13383,,https://icons.brapi.dev/icons/BRAPI.svg,Miscellaneous,,fund,etf,ETF,177860.06999999998
PMIS11,PMIS11,7.63,-0.91,13371,,https://icons.brapi.dev/icons/PMIS11.svg,,Outros,fund,fii,FII,102020.73
TAEE3F,TRANSMISSORA ALIANÇA DE ENERGIA ELÉTRICA S.A.,13.76,0.0,13250,14307039317.0,https://icons.brapi.dev/icons/BRAPI.svg,Industrial Services,,stock,stock,AÇÃO B3,182320.0
G2DI33,G2D INVESTMENTS LTD,1.23,0.82,13231,81211152.0,https://icons.brapi.dev/icons/BRAPI.svg,Finance,,bdr,bdr,AÇÃO GLOBAL / BDR,16274.13
ALUP11F,ALUPAR INVESTIMENTO S/A,33.78,0.75,13196,,https://icons.brapi.dev/icons/BRAPI.svg,Utilities,,stock,stock,AÇÃO B3,445760.88
JGPX11,JGPX11,53.87,-2.18,13139,,https://icons.brapi.dev/icons/BRAPI.svg,Miscellaneous,Outros,fund,fi-agro,FIAGRO,707797.9299999999
TTEN3F,TRÊS TENTOS AGROINDUSTRIAL S/A,11.31,-3.17,13138,5648320794.0,https://icons.brapi.dev/icons/BRAPI.svg,Commercial Services,,stock,stock,AÇÃO B3,148590.78
HOME34,HOME34,59.3,2.52,13112,1638405347994.885,https://icons.brapi.dev/icons/BRAPI.svg,Retail Trade,,bdr,bdr,AÇÃO GLOBAL / BDR,777541.6
P2AT34,P2AT34,9.78,-14.66,13092,40257039237.85166,https://icons.brapi.dev/icons/BRAPI.svg,Technology Services,,bdr,bdr,AÇÃO GLOBAL / BDR,128039.76
FTCA11,FTCA11,6.7,-0.3,13073,,https://icons.brapi.dev/icons/NCRA11.svg,,Outros,fund,fi-agro,FIAGRO,87589.1
ZAVI11,ZAVI11,9.37,-1.16,13020,,https://icons.brapi.dev/icons/BRAPI.svg,,Multicategoria,fund,fii,FII,121997.4
RARA11,RARA11,17.34,0.0,13012,,https://icons.brapi.dev/icons/BRAPI.svg,Miscellaneous,,fund,etf,ETF,225628.08
IRIF11,IRIF11,8.55,-1.72,13010,,https://icons.brapi.dev/icons/BRAPI.svg,,,fund,fi-infra,FI-INFRA,111235.50000000001
USDB11,USDB11,98.39,0.32,12958,,https://icons.brapi.dev/icons/BRAPI.svg,Miscellaneous,,fund,etf,ETF,1274937.62
FESA4F,CIA FERRO LIGAS DA BAHIA - FERBASA,5.6,-3.78,12929,2497518945.0,https://icons.brapi.dev/icons/BRAPI.svg,Non-Energy Minerals,,stock,stock,AÇÃO B3,72402.4
KEPL3F,KEPLER WEBER S.A.,6.63,1.22,12925,1200430197.0,https://icons.brapi.dev/icons/BRAPI.svg,Producer Manufacturing,,stock,stock,AÇÃO B3,85692.75
VBBR3F,VIBRA ENERGIA S.A.,36.77,-0.3,12877,42481797775.0,https://icons.brapi.dev/icons/BRAPI.svg,Retail Trade,,stock,stock,AÇÃO B3,473487.29000000004
UNIP6F,UNIPAR CARBOCLORO S.A.,57.0,-0.47,12792,6417768805.0,https://icons.brapi.dev/icons/BRAPI.svg,Process Industries,,stock,stock,AÇÃO B3,729144.0
AUVP11,AUVP11,129.15,-0.12,12633,,https://icons.brapi.dev/icons/BRAPI.svg,Miscellaneous,,fund,etf,ETF,1631551.9500000002
UGPA3F,ULTRAPAR PARTICIPACOES S.A.,37.35,2.81,12597,40829342790.0,https://icons.brapi.dev/icons/BRAPI.svg,Retail Trade,,stock,stock,AÇÃO B3,470497.95
KFOF11,KFOF11,76.65,-0.58,12594,,https://icons.brapi.dev/icons/KFOF11.svg,,Multicategoria,fund,fii,FII,965330.1000000001
EZTC3F,EZ TEC EMPREEND. E PARTICIPACOES S.A.,13.04,-2.03,12539,3584313599.0,https://icons.brapi.dev/icons/BRAPI.svg,Finance,,stock,stock,AÇÃO B3,163508.56
BMEB4,BCO MERCANTIL DO BRASIL S.A.,61.23,1.81,12500,6685784460.0,https://icons.brapi.dev/icons/BRAPI.svg,Finance,,stock,stock,AÇÃO B3,765375.0
BEEM39,ISHARES MSCI EMERGING MARKETS ETF,58.32,1.53,12221,,https://icons.brapi.dev/icons/BRAPI.svg,Miscellaneous,,bdr,bdr,AÇÃO GLOBAL / BDR,712728.72
SUZB3F,SUZANO S.A.,46.9,0.06,12187,58709828040.0,https://icons.brapi.dev/icons/BRAPI.svg,Process Industries,,stock,stock,AÇÃO B3,571570.2999999999
AZEV3F,AZEVEDO E TRAVASSOS S.A.,8.6,-3.48,12171,424298705.0,https://icons.brapi.dev/icons/BRAPI.svg,Industrial Services,,stock,stock,AÇÃO B3,104670.59999999999
RBRP11,RBRP11,46.0,0.0,12116,,https://icons.brapi.dev/icons/BRAPI.svg,,Outros,fund,fii,FII,557336.0
BRAV3F,BRAVA ENERGIA S.A.,17.83,-3.78,12065,8306283803.0,https://icons.brapi.dev/icons/BRAPI.svg,Energy Minerals,,stock,stock,AÇÃO B3,215118.94999999998
EPAR3,EMBPAR PARTICIPACOES S.A.,1.35,0.75,12000,20061767.0,https://icons.brapi.dev/icons/EPAR3.svg,Producer Manufacturing,Material de Transporte,stock,stock,AÇÃO B3,16200.000000000002
ITSA3F,ITAUSA S.A.,14.06,-0.28,11999,156737651729.0,https://icons.brapi.dev/icons/BRAPI.svg,Finance,,stock,stock,AÇÃO B3,168705.94
CURY3F,CURY CONSTRUTORA E INCORPORADORA S.A.,33.09,0.46,11887,10230260760.0,https://icons.brapi.dev/icons/BRAPI.svg,Finance,,stock,stock,AÇÃO B3,393340.83
D1OC34,D1OC34,17.41,2.71,11876,66815966803.06905,https://icons.brapi.dev/icons/BRAPI.svg,Technology Services,,bdr,bdr,AÇÃO GLOBAL / BDR,206761.16
OBTC3F,ORANJEBTC S.A. - EDUCAÇÃO E INVESTIMENTO,7.07,10.3,11863,1086665298.0,https://icons.brapi.dev/icons/BRAPI.svg,Technology Services,,stock,stock,AÇÃO B3,83871.41
SNID11,SNID11,10.11,1.92,11797,,https://icons.brapi.dev/icons/BRAPI.svg,Miscellaneous,,fund,etf,ETF,119267.67
SNME11,SNME11,9.39,-0.11,11771,,https://icons.brapi.dev/icons/BRAPI.svg,,Multicategoria,fund,fii,FII,110529.69
BRKM5F,BRASKEM S.A.,4.77,-1.85,11736,3585072481.0,https://icons.brapi.dev/icons/BRAPI.svg,Process Industries,,stock,stock,AÇÃO B3,55980.719999999994
RBFM11,RBFM11,10.0,0.1,11701,,https://icons.brapi.dev/icons/BRAPI.svg,,Outros,fund,fii,FII,117010.0
EQPA3,EQUATORIAL PARA DISTRIBUIDORA DE ENERGIA S.A.,5.52,0.18,11700,12205965769.0,https://icons.brapi.dev/icons/EQPA3.svg,Utilities,Energia Elétrica,stock,stock,AÇÃO B3,64583.99999999999
ICRI11,ICRI11,90.2,-0.13,11651,,https://icons.brapi.dev/icons/BRAPI.svg,,Outros,fund,fii,FII,1050920.2
RECT11,RECT11,33.6,2.69,11639,,https://icons.brapi.dev/icons/BRAPI.svg,Miscellaneous,Multicategoria,fund,fii,FII,391070.4
UCAS3,UNICASA INDÚSTRIA DE MÓVEIS S.A.,1.14,-2.56,11600,75338455.0,https://icons.brapi.dev/icons/UCAS3.svg,Consumer Durables,Móveis,stock,stock,AÇÃO B3,13223.999999999998
CCME11,CCME11,8.7,-2.14,11425,,https://icons.brapi.dev/icons/BRAPI.svg,Miscellaneous,Multicategoria,fund,fii,FII,99397.49999999999
GMAT3F,GRUPO MATEUS S.A.,4.89,1.03,11401,11218981641.0,https://icons.brapi.dev/icons/BRAPI.svg,Retail Trade,,stock,stock,AÇÃO B3,55750.89
QETH11,QETH11,8.85,-2.32,11399,,https://icons.brapi.dev/icons/BRAPI.svg,Miscellaneous,,fund,etf,ETF,100881.15
BEWJ39,ISHARES MSCI JAPAN ETF,62.84,0.66,11375,,https://icons.brapi.dev/icons/BRAPI.svg,Miscellaneous,,bdr,bdr,AÇÃO GLOBAL / BDR,714805.0
USIM5F,USINAS SID DE MINAS GERAIS S.A.-USIMINAS,7.6,-2.81,11322,9031151707.0,https://icons.brapi.dev/icons/BRAPI.svg,Non-Energy Minerals,,stock,stock,AÇÃO B3,86047.2
CEAB3F,CEA MODAS S.A.,9.15,-3.17,11280,2838936979.0,https://icons.brapi.dev/icons/BRAPI.svg,Retail Trade,,stock,stock,AÇÃO B3,103212.0
BCDI11,BCDI11,93.59,-0.04,11231,,https://icons.brapi.dev/icons/BRAPI.svg,,,fund,fi-infra,FI-INFRA,1051109.29
AGRO3F,BRASILAGRO - CIA BRAS DE PROP AGRICOLAS,19.32,0.63,11180,1909893422.0,https://icons.brapi.dev/icons/BRAPI.svg,Finance,,stock,stock,AÇÃO B3,215997.6
MATB11,MATB11,66.68,0.54,11082,,https://icons.brapi.dev/icons/BRAPI.svg,Miscellaneous,,fund,etf,ETF,738947.7600000001
RZAK11,RZAK11,78.13,-0.75,11074,,https://icons.brapi.dev/icons/RZAK11.svg,,Multicategoria,fund,fii,FII,865211.62
EVEB31,EVE HOLDING. INC.,11.63,0.87,10974,3957236450.127877,https://icons.brapi.dev/icons/BRAPI.svg,Electronic Technology,,bdr,bdr,AÇÃO GLOBAL / BDR,127627.62000000001
VIGT11,VIGT11,50.0,0.0,10920,,https://icons.brapi.dev/icons/BRAPI.svg,,,fund,fip,FIP,546000.0
ASAI3F,SENDAS DISTRIBUIDORA S.A.,8.93,-2.08,10876,12297892265.0,https://icons.brapi.dev/icons/BRAPI.svg,Retail Trade,,stock,stock,AÇÃO B3,97122.68
COPH34,COPH34,57.1,-1.01,10804,825020815493.6062,https://icons.brapi.dev/icons/BRAPI.svg,Energy Minerals,,bdr,bdr,AÇÃO GLOBAL / BDR,616908.4
ITRI11,ITRI11,79.55,-0.57,10711,,https://icons.brapi.dev/icons/BRAPI.svg,,Outros,fund,fii,FII,852060.0499999999
AERI3,AERIS IND. E COM. DE EQUIP. GERACAO DE ENERGIA S/A,2.07,-0.96,10700,128588796.0,https://icons.brapi.dev/icons/AERI3.svg,Producer Manufacturing,Máq. e Equip. Industriais,stock,stock,AÇÃO B3,22149.0
A1AP34,A1AP34,13.3,-2.78,10632,13649473585.677752,https://icons.brapi.dev/icons/BRAPI.svg,Retail Trade,,bdr,bdr,AÇÃO GLOBAL / BDR,141405.6
RADL3F,RAIA DROGASIL S.A.,20.01,-1.33,10539,34934464548.0,https://icons.brapi.dev/icons/BRAPI.svg,Retail Trade,,stock,stock,AÇÃO B3,210885.39
BIHI39,ISHARES U.S. MEDICAL DEVICES ETF,7.86,-0.63,10509,,https://icons.brapi.dev/icons/BRAPI.svg,Miscellaneous,,bdr,bdr,AÇÃO GLOBAL / BDR,82600.74
DCRA11,DCRA11,6.54,2.19,10503,,https://icons.brapi.dev/icons/BRAPI.svg,Miscellaneous,Outros,fund,fi-agro,FIAGRO,68689.62
H1RL34,H1RL34,112.06,-9.77,10500,60637122168.79796,https://icons.brapi.dev/icons/BRAPI.svg,Consumer Non-Durables,,bdr,bdr,AÇÃO GLOBAL / BDR,1176630.0
CYRE3F,CYRELA BRAZIL REALTY S.A.EMPREEND E PART,25.44,-0.24,10438,11051914414.0,https://icons.brapi.dev/icons/BRAPI.svg,Finance,,stock,stock,AÇÃO B3,265542.72000000003
P1DD34,P1DD34,42.41,1.92,10431,598554587406.6497,https://icons.brapi.dev/icons/BRAPI.svg,Retail Trade,,bdr,bdr,AÇÃO GLOBAL / BDR,442378.70999999996
SAPR3F,CIA SANEAMENTO DO PARANA - SANEPAR,7.79,-0.13,10302,10764821019.0,https://icons.brapi.dev/icons/BRAPI.svg,Utilities,,stock,stock,AÇÃO B3,80252.58
TOTS3F,TOTVS S.A.,34.48,-1.46,10262,20365235870.0,https://icons.brapi.dev/icons/BRAPI.svg,Technology Services,,stock,stock,AÇÃO B3,353833.75999999995
SANB11F,BCO SANTANDER (BRASIL) S.A.,30.36,0.2,10253,,https://icons.brapi.dev/icons/BRAPI.svg,Finance,,stock,stock,AÇÃO B3,311281.08
RECM11,RECM11,7.27,-2.42,10139,,https://icons.brapi.dev/icons/BRAPI.svg,,Multicategoria,fund,fii,FII,73710.53
MTRE3F,MITRE REALTY EMPREENDIMENTOS E PARTICIPAÇÕES S.A.,3.47,0.87,9958,361749861.0,https://icons.brapi.dev/icons/BRAPI.svg,Finance,,stock,stock,AÇÃO B3,34554.26
BEFG39,ISHARES MSCI EAFE GROWTH ETF,63.25,-2.14,9879,,https://icons.brapi.dev/icons/BRAPI.svg,Miscellaneous,,bdr,bdr,AÇÃO GLOBAL / BDR,624846.75
BIYW39,ISHARES US TECHNOLOGY ETF,36.77,1.27,9867,,https://icons.brapi.dev/icons/BRAPI.svg,Miscellaneous,,bdr,bdr,AÇÃO GLOBAL / BDR,362809.59
ONCO3F,ONCOCLINICAS DO BRASIL SERVICOS MEDICOS  S.A.,1.41,2.92,9857,1534907735.0,https://icons.brapi.dev/icons/BRAPI.svg,Health Services,,stock,stock,AÇÃO B3,13898.369999999999
MOTV3F,MOTIVA INFRAESTRUTURA DE MOBILIDADE S.A.,16.79,2.75,9847,33895568614.000004,https://icons.brapi.dev/icons/BRAPI.svg,Transportation,,stock,stock,AÇÃO B3,165331.13
RAIL3F,RUMO S.A.,14.61,-1.62,9823,27033207666.0,https://icons.brapi.dev/icons/BRAPI.svg,Transportation,,stock,stock,AÇÃO B3,143514.03
AFHI11,AFHI11,94.59,1.5,9819,,https://icons.brapi.dev/icons/BRAPI.svg,,Multicategoria,fund,fii,FII,928779.2100000001
S2ED34,S2ED34,4.86,-2.02,9816,10763071810.74169,https://icons.brapi.dev/icons/BRAPI.svg,Producer Manufacturing,,bdr,bdr,AÇÃO GLOBAL / BDR,47705.76
HAPV3F,HAPVIDA PARTICIPACOES E INVESTIMENTOS SA,7.32,0.83,9759,3611923449.0,https://icons.brapi.dev/icons/BRAPI.svg,Health Services,,stock,stock,AÇÃO B3,71435.88
BRAP4F,BRADESPAR S.A.,22.6,-0.35,9697,8398003592.999999,https://icons.brapi.dev/icons/BRAPI.svg,Finance,,stock,stock,AÇÃO B3,219152.2
HSLG11,HSLG11,78.5,0.72,9618,,https://icons.brapi.dev/icons/BRAPI.svg,,Logística,fund,fii,FII,755013.0
VCRR11,VCRR11,54.01,0.02,9537,,https://icons.brapi.dev/icons/BRAPI.svg,Miscellaneous,Logística,fund,fii,FII,515093.37
RAPT4F,RANDONCORP S.A.,4.76,-7.39,9522,2057807010.0,https://icons.brapi.dev/icons/BRAPI.svg,Producer Manufacturing,,stock,stock,AÇÃO B3,45324.72
ENEV3F,ENEVA S.A,27.6,-0.5,9481,52654235482.0,https://icons.brapi.dev/icons/BRAPI.svg,Utilities,,stock,stock,AÇÃO B3,261675.6
SHOW3,T4F ENTRETENIMENTO S.A.,6.24,-4.73,9400,42065476.0,https://icons.brapi.dev/icons/SHOW3.svg,Consumer Services,Produção de Eventos e Shows,stock,stock,AÇÃO B3,58656.0
BOEF39,ISHARES S&P 100 ETF,98.4,1.12,9400,,https://icons.brapi.dev/icons/BRAPI.svg,Miscellaneous,,bdr,bdr,AÇÃO GLOBAL / BDR,924960.0
MDIA3F,M.DIAS BRANCO S.A. IND COM DE ALIMENTOS,17.71,0.74,9398,6003477895.0,https://icons.brapi.dev/icons/BRAPI.svg,Consumer Non-Durables,,stock,stock,AÇÃO B3,166438.58000000002
AXIA7F,AXIA7F,55.23,-0.47,9328,126858365871.0,https://icons.brapi.dev/icons/BRAPI.svg,Utilities,,stock,stock,AÇÃO B3,515185.43999999994
RDOR3F,REDE DOR SÃO LUIZ S.A.,36.95,-1.7,9309,81737192075.0,https://icons.brapi.dev/icons/BRAPI.svg,Health Services,,stock,stock,AÇÃO B3,343967.55000000005
INEP3,INEPAR S.A. INDUSTRIA E CONSTRUCOES,1.45,0.0,9300,78374125.0,https://icons.brapi.dev/icons/INEP3.svg,Producer Manufacturing,Máq. e Equip. Industriais,stock,stock,AÇÃO B3,13485.0
NORD3,NORDON INDUSTRIAS METALURGICAS S.A.,1.39,-6.71,9300,9203865.0,https://icons.brapi.dev/icons/BRAPI.svg,Producer Manufacturing,Máq. e Equip. Industriais,stock,stock,AÇÃO B3,12927.0
BISE11,BISE11,105.8,-0.02,9275,,https://icons.brapi.dev/icons/BRAPI.svg,Miscellaneous,,fund,fi-infra,FI-INFRA,981295.0
CEBR3,CIA ENERGETICA DE BRASILIA,23.56,0.08,9200,1802756158.0,https://icons.brapi.dev/icons/CEBR3.svg,Utilities,Energia Elétrica,stock,stock,AÇÃO B3,216752.0
URPR11,URPR11,19.87,0.35,9192,,https://icons.brapi.dev/icons/BRAPI.svg,Miscellaneous,Outros,fund,fii,FII,182645.04
RIGG34,RIGG34,29.65,-4.39,9147,33420709135.54987,https://icons.brapi.dev/icons/BRAPI.svg,Industrial Services,,bdr,bdr,AÇÃO GLOBAL / BDR,271208.55
V1MC34,V1MC34,22.42,-0.8,9001,174072961115.0895,https://icons.brapi.dev/icons/BRAPI.svg,Non-Energy Minerals,,bdr,bdr,AÇÃO GLOBAL / BDR,201802.42
M2PM34,M2PM34,55.99,1.78,8977,49677133759.5908,https://icons.brapi.dev/icons/BRAPI.svg,Non-Energy Minerals,,bdr,bdr,AÇÃO GLOBAL / BDR,502622.23000000004
XPIE11,XPIE11,43.2,-0.23,8961,,https://icons.brapi.dev/icons/BRAPI.svg,,,fund,fip,FIP,387115.2
NEXG11,NEXG11,130.0,0.08,8939,,https://icons.brapi.dev/icons/BRAPI.svg,,Outros,fund,fi-agro,FIAGRO,1162070.0
GGBR3F,GERDAU S.A.,21.5,-0.78,8914,46674904097.0,https://icons.brapi.dev/icons/BRAPI.svg,Non-Energy Minerals,,stock,stock,AÇÃO B3,191651.0
CMIG3F,CIA ENERGETICA DE MINAS GERAIS - CEMIG,17.24,2.31,8875,37745494605.0,https://icons.brapi.dev/icons/BRAPI.svg,Utilities,,stock,stock,AÇÃO B3,153005.0
GOLB11,GOLB11,111.86,-0.6,8820,,https://icons.brapi.dev/icons/BRAPI.svg,Miscellaneous,,fund,etf,ETF,986605.2
HABT11,HABT11,66.0,1.54,8797,,https://icons.brapi.dev/icons/BRAPI.svg,,Multicategoria,fund,fii,FII,580602.0
SIMH3F,SIMPAR S.A.,7.79,4.42,8781,4400271988.0,https://icons.brapi.dev/icons/BRAPI.svg,Transportation,,stock,stock,AÇÃO B3,68403.99
BPAC3,BCO BTG PACTUAL S.A.,23.47,1.12,8700,230444855888.0,https://icons.brapi.dev/icons/BPAC3.svg,Finance,Bancos,stock,stock,AÇÃO B3,204189.0
BEWY39,ISHARES MSCI SOUTH KOREA ETF,120.56,4.74,8636,,https://icons.brapi.dev/icons/BRAPI.svg,Miscellaneous,,bdr,bdr,AÇÃO GLOBAL / BDR,1041156.16
SMFT3F,SMARTFIT ESCOLA DE GINÁSTICA E DANÇA S.A.,17.77,-0.39,8608,11071853571.0,https://icons.brapi.dev/icons/BRAPI.svg,Consumer Services,,stock,stock,AÇÃO B3,152964.16
CORN11,CORN11,7.63,0.39,8536,,https://icons.brapi.dev/icons/BRAPI.svg,Miscellaneous,,fund,etf,ETF,65129.68
XBCI11,XBCI11,93.85,-1.73,8466,,https://icons.brapi.dev/icons/BRAPI.svg,Miscellaneous,,fund,etf,ETF,794534.1
MRVE3F,MRV ENGENHARIA E PARTICIPACOES S.A.,5.5,-2.14,8149,3123731092.0,https://icons.brapi.dev/icons/BRAPI.svg,Consumer Durables,,stock,stock,AÇÃO B3,44819.5
TRBL11,TRBL11,49.16,0.92,8146,,https://icons.brapi.dev/icons/BRAPI.svg,Miscellaneous,Logística,fund,fii,FII,400457.36
SMTO3F,SAO MARTINHO S.A.,20.45,1.14,8126,6690862270.0,https://icons.brapi.dev/icons/BRAPI.svg,Process Industries,,stock,stock,AÇÃO B3,166176.69999999998
RBHG11,RBHG11,58.45,0.38,8113,,https://icons.brapi.dev/icons/BRAPI.svg,,Outros,fund,fii,FII,474204.85000000003
FICT3,FICTOR ALIMENTOS S.A,0.19,0.0,8100,7895197.0,https://icons.brapi.dev/icons/FICT3.svg,Commercial Services,Outros,stock,stock,AÇÃO B3,1539.0
MSCD34,MSCD34,96.62,0.53,8046,2595364370685.4224,https://icons.brapi.dev/icons/BRAPI.svg,Finance,,bdr,bdr,AÇÃO GLOBAL / BDR,777404.52
S2NA34,S2NA34,4.7,-3.09,8000,47318933381.074165,https://icons.brapi.dev/icons/BRAPI.svg,Technology Services,,bdr,bdr,AÇÃO GLOBAL / BDR,37600.0
COWC34,COWC34,118.31,0.5,7989,2077295606286.445,https://icons.brapi.dev/icons/BRAPI.svg,Retail Trade,,bdr,bdr,AÇÃO GLOBAL / BDR,945178.59
BCRI11,BCRI11,55.09,-1.54,7943,,https://icons.brapi.dev/icons/BRAPI.svg,,Outros,fund,fii,FII,437579.87000000005
TVRI11,TVRI11,87.64,-0.62,7894,,https://icons.brapi.dev/icons/BRAPI.svg,Miscellaneous,Escritórios,fund,fii,FII,691830.16
S2EA34,S2EA34,22.75,-1.9,7889,351168224184.14325,https://icons.brapi.dev/icons/BRAPI.svg,Retail Trade,,bdr,bdr,AÇÃO GLOBAL / BDR,179474.75
COPN11,COPN11,37.23,0.08,7880,,https://icons.brapi.dev/icons/BRAPI.svg,,,fund,fip,FIP,293372.39999999997
P1LD34,P1LD34,58.76,0.44,7847,679341308705.8824,https://icons.brapi.dev/icons/BRAPI.svg,Finance,,bdr,bdr,AÇÃO GLOBAL / BDR,461089.72
TASA4F,TAURUS ARMAS S.A.,5.61,2.37,7836,786290641.0,https://icons.brapi.dev/icons/BRAPI.svg,Electronic Technology,,stock,stock,AÇÃO B3,43959.96
C1HK34,C1HK34,58.67,0.2,7778,71574894567.77495,https://icons.brapi.dev/icons/BRAPI.svg,Technology Services,,bdr,bdr,AÇÃO GLOBAL / BDR,456335.26
SYNE3F,SYN PROP E TECH S.A.,3.74,-5.32,7609,576995978.0,https://icons.brapi.dev/icons/BRAPI.svg,Finance,,stock,stock,AÇÃO B3,28457.66
TEND3F,CONSTRUTORA TENDA S.A.,34.25,2.73,7609,3963339579.0,https://icons.brapi.dev/icons/BRAPI.svg,Finance,,stock,stock,AÇÃO B3,260608.25
BSLI3,BRB BCO DE BRASILIA S.A.,2.59,-0.38,7600,1260869543.0,https://icons.brapi.dev/icons/BSLI3.svg,Finance,Bancos,stock,stock,AÇÃO B3,19684.0
PFIN11,PFIN11,61.96,-0.08,7527,,https://icons.brapi.dev/icons/BRAPI.svg,Miscellaneous,,fund,fip,FIP,466372.92
SAPI11,SAPI11,8.71,0.0,7508,,https://icons.brapi.dev/icons/BRAPI.svg,,Multicategoria,fund,fii,FII,65394.68000000001
FSRF11F,FSRF11F,0.08,0.0,7484,,https://icons.brapi.dev/icons/BRAPI.svg,Miscellaneous,,stock,stock,AÇÃO B3,598.72
ENGI11F,ENERGISA S.A.,51.58,0.47,7452,,https://icons.brapi.dev/icons/BRAPI.svg,Utilities,,stock,stock,AÇÃO B3,384374.16
EGAF11,EGAF11,83.72,0.62,7372,,https://icons.brapi.dev/icons/BRAPI.svg,Miscellaneous,Títulos e Val. Mob.,fund,fi-agro,FIAGRO,617183.84
CATP34,CATP34,259.5,2.33,7300,1913799290685.422,https://icons.brapi.dev/icons/BRAPI.svg,Producer Manufacturing,,bdr,bdr,AÇÃO GLOBAL / BDR,1894350.0
CAML3F,CAMIL ALIMENTOS S.A.,4.95,-2.17,7293,1689546654.0,https://icons.brapi.dev/icons/BRAPI.svg,Process Industries,,stock,stock,AÇÃO B3,36100.35
ALZC11,ALZC11,7.49,0.0,7281,,https://icons.brapi.dev/icons/BRAPI.svg,,,fund,fii,FII,54534.69
SHUL4F,SCHULZ S.A.,4.5,-0.22,7238,4973903741.0,https://icons.brapi.dev/icons/BRAPI.svg,Producer Manufacturing,,stock,stock,AÇÃO B3,32571.0
VIVA3F,VIVARA PARTICIPAÇOES S.A,23.0,-1.96,7222,5463254555.0,https://icons.brapi.dev/icons/BRAPI.svg,Consumer Durables,,stock,stock,AÇÃO B3,166106.0
GTWR11,GTWR11,77.28,-0.22,7179,,https://icons.brapi.dev/icons/BRAPI.svg,,Escritórios,fund,fii,FII,554793.12
CASH3F,MÉLIUZ S.A.,5.41,-4.25,7150,559914630.0,https://icons.brapi.dev/icons/BRAPI.svg,Commercial Services,,stock,stock,AÇÃO B3,38681.5
ALPA4F,ALPARGATAS S.A.,13.67,-0.07,7130,8002278657.0,https://icons.brapi.dev/icons/BRAPI.svg,Consumer Non-Durables,,stock,stock,AÇÃO B3,97467.1
WFCO34,WFCO34,114.26,0.72,7113,1391658403043.4783,https://icons.brapi.dev/icons/BRAPI.svg,Finance,,bdr,bdr,AÇÃO GLOBAL / BDR,812731.38
MELK3F,MELNICK DESENVOLVIMENTO IMOBILIÁRIO S.A.,3.0,1.01,6948,583409726.0,https://icons.brapi.dev/icons/BRAPI.svg,Industrial Services,,stock,stock,AÇÃO B3,20844.0
NATU3F,NATURA COSMETICOS S.A.,8.9,-3.58,6914,12163125286.0,https://icons.brapi.dev/icons/BRAPI.svg,Consumer Non-Durables,,stock,stock,AÇÃO B3,61534.600000000006
BEES3,BANESTES S.A. - BCO EST ESPIRITO SANTO,8.85,-1.12,6900,3086619491.0,https://icons.brapi.dev/icons/BEES3.svg,Finance,Bancos,stock,stock,AÇÃO B3,61065.0
ALUP4,ALUPAR INVESTIMENTO S/A,10.92,0.55,6900,11088647570.0,https://icons.brapi.dev/icons/BRAPI.svg,Utilities,,stock,stock,AÇÃO B3,75348.0
ATED3,ATOM EDUCAÇÃO E EDITORA S.A.,1.17,0.0,6900,27851731.0,https://icons.brapi.dev/icons/ATED3.svg,Technology Services,Serviços Educacionais,stock,stock,AÇÃO B3,8072.999999999999
CSCO34,CSCO34,112.81,2.07,6870,2202201802168.7983,https://icons.brapi.dev/icons/BRAPI.svg,Electronic Technology,,bdr,bdr,AÇÃO GLOBAL / BDR,775004.7000000001
G1LW34,G1LW34,196.28,5.87,6807,679857893570.3325,https://icons.brapi.dev/icons/BRAPI.svg,Electronic Technology,,bdr,bdr,AÇÃO GLOBAL / BDR,1336077.96
AUAU3F,UNIÃO PET PARTICIPAÇÕES S.A.,3.94,-0.76,6798,3396775146.0,https://icons.brapi.dev/icons/BRAPI.svg,Process Industries,,stock,stock,AÇÃO B3,26784.12
TBIL39,GLOBAL X 1-3 MONTH T-BILL ETF,51.31,0.04,6786,,https://icons.brapi.dev/icons/BRAPI.svg,Miscellaneous,,bdr,bdr,AÇÃO GLOBAL / BDR,348189.66000000003
APTO11,APTO11,8.0,-0.62,6782,,https://icons.brapi.dev/icons/BRAPI.svg,,Outros,fund,fii,FII,54256.0
BLAK34,BLAK34,87.54,1.02,6765,932713090946.2916,https://icons.brapi.dev/icons/BRAPI.svg,Finance,,bdr,bdr,AÇÃO GLOBAL / BDR,592208.1000000001
AMER3F,AMERICANAS S.A,5.44,2.84,6724,1111361031.0,https://icons.brapi.dev/icons/BRAPI.svg,Retail Trade,,stock,stock,AÇÃO B3,36578.560000000005
PGMN3F,EMPREENDIMENTOS PAGUE MENOS S.A.,3.83,1.59,6694,1151190560.0,https://icons.brapi.dev/icons/BRAPI.svg,Retail Trade,,stock,stock,AÇÃO B3,25638.02
BAIQ39,GLOBAL X ARTIFICIAL INTELLIGENCE & TECHNOLOGY ETF,54.9,0.55,6652,,https://icons.brapi.dev/icons/BRAPI.svg,Miscellaneous,,bdr,bdr,AÇÃO GLOBAL / BDR,365194.8
PINE4F,BCO PINE S.A.,11.1,-2.8,6651,2871580949.0,https://icons.brapi.dev/icons/BRAPI.svg,Finance,,stock,stock,AÇÃO B3,73826.09999999999
IGTI11F,IGUATEMI S.A.,26.58,-0.56,6633,,https://icons.brapi.dev/icons/BRAPI.svg,Finance,,stock,stock,AÇÃO B3,176305.13999999998
MULT3F,MULTIPLAN - EMPREEND IMOBILIARIOS S.A.,30.2,-1.15,6614,9102518531.0,https://icons.brapi.dev/icons/BRAPI.svg,Finance,,stock,stock,AÇÃO B3,199742.8
NOKI34,NOKI34,50.56,1.83,6576,287284205337.02875,https://icons.brapi.dev/icons/BRAPI.svg,Electronic Technology,,bdr,bdr,AÇÃO GLOBAL / BDR,332482.56
HYPE3F,HYPERA S.A.,23.05,1.27,6518,16292498704.0,https://icons.brapi.dev/icons/BRAPI.svg,Health Technology,,stock,stock,AÇÃO B3,150239.9
B2HI34,B2HI34,1.25,-12.59,6487,21443511258.31202,https://icons.brapi.dev/icons/BRAPI.svg,Technology Services,,bdr,bdr,AÇÃO GLOBAL / BDR,8108.75
GZIT11,GZIT11,35.57,-2.09,6487,,https://icons.brapi.dev/icons/BRAPI.svg,Miscellaneous,,fund,fii,FII,230742.59
DINF11,DINF11,10.34,-0.1,6482,,https://icons.brapi.dev/icons/BRAPI.svg,Miscellaneous,,fund,etf,ETF,67023.88
AZEV4F,AZEVEDO E TRAVASSOS S.A.,1.47,-5.77,6460,424298705.0,https://icons.brapi.dev/icons/BRAPI.svg,Industrial Services,,stock,stock,AÇÃO B3,9496.2
ARTE11,ARTE11,6.49,3.84,6436,,https://icons.brapi.dev/icons/BRAPI.svg,,Residencial,fund,fii,FII,41769.64
MDNE3F,MOURA DUBEUX ENGENHARIA S/A,25.82,0.74,6418,2681349631.0,https://icons.brapi.dev/icons/BRAPI.svg,Finance,,stock,stock,AÇÃO B3,165712.76
PCAR3F,CIA BRASILEIRA DE DISTRIBUICAO,2.84,4.8,6418,1391370050.0,https://icons.brapi.dev/icons/BRAPI.svg,Retail Trade,,stock,stock,AÇÃO B3,18227.12
AMBP3F,AMBIPAR PARTICIPACOES E EMPREENDIMENTOS S/A,0.14,-6.67,6409,233858619.0,https://icons.brapi.dev/icons/BRAPI.svg,Commercial Services,,stock,stock,AÇÃO B3,897.2600000000001
PEPB34,PEPB34,46.71,-2.36,6403,960869672567.7749,https://icons.brapi.dev/icons/BRAPI.svg,Consumer Non-Durables,,bdr,bdr,AÇÃO GLOBAL / BDR,299084.13
IFRI11,IFRI11,99.76,-0.44,6380,,https://icons.brapi.dev/icons/BRAPI.svg,,,fund,etf,ETF,636468.8
DVFF11,DVFF11,5.2,-0.57,6367,57249396.0,https://icons.brapi.dev/icons/DVFF11.svg,Miscellaneous,Outros,fund,fii,FII,33108.4
CPDI11,CPDI11,110.19,0.08,6330,,https://icons.brapi.dev/icons/BRAPI.svg,,,fund,etf,ETF,697502.7
ISNN11,ISNN11,1110.05,0.05,6245,,https://icons.brapi.dev/icons/BRAPI.svg,,,fund,etf,ETF,6932262.25
YDUQ3F,YDUQS PARTICIPACOES S.A.,9.4,-1.47,6225,2506682511.0,https://icons.brapi.dev/icons/BRAPI.svg,Commercial Services,,stock,stock,AÇÃO B3,58515.0
BIYC39,ISHARES US CONSUMER DISCRETIONARY ETF,103.0,0.19,6222,,https://icons.brapi.dev/icons/BRAPI.svg,Miscellaneous,,bdr,bdr,AÇÃO GLOBAL / BDR,640866.0
ISNT11,ISNT11,1149.6,0.15,6189,,https://icons.brapi.dev/icons/BRAPI.svg,,,fund,etf,ETF,7114874.399999999
BITI11,BITI11,36.7,-1.1,6167,,https://icons.brapi.dev/icons/BRAPI.svg,Miscellaneous,,fund,etf,ETF,226328.90000000002
HLOG11,HLOG11,9.38,0.86,6150,,https://icons.brapi.dev/icons/BRAPI.svg,Miscellaneous,Logística,fund,fii,FII,57687.00000000001
LAVV3F,LAVVI EMPREENDIMENTOS IMOBILIÁRIOS S.A.,10.58,-2.13,6112,2055919430.0,https://icons.brapi.dev/icons/BRAPI.svg,Finance,,stock,stock,AÇÃO B3,64664.96
SEER3F,SER EDUCACIONAL S.A.,13.43,-0.96,6033,1740315518.0,https://icons.brapi.dev/icons/BRAPI.svg,Consumer Services,,stock,stock,AÇÃO B3,81023.19
LOGG3F,LOG COMMERCIAL PROPERTIES,24.62,-1.91,5878,2143472709.0000002,https://icons.brapi.dev/icons/BRAPI.svg,Industrial Services,,stock,stock,AÇÃO B3,144716.36000000002
ALLD3F,ALLIED TECNOLOGIA S.A.,5.18,-1.15,5718,498040399.0,https://icons.brapi.dev/icons/BRAPI.svg,Technology Services,,stock,stock,AÇÃO B3,29619.239999999998
ENGI4,ENERGISA S.A.,9.86,0.51,5700,19704987917.0,https://icons.brapi.dev/icons/BRAPI.svg,Utilities,,stock,stock,AÇÃO B3,56202.0
QLBR11,QLBR11,120.85,0.69,5680,,https://icons.brapi.dev/icons/BRAPI.svg,Miscellaneous,,fund,etf,ETF,686428.0
IVWO11,IVWO11,21.93,1.2,5650,,https://icons.brapi.dev/icons/BRAPI.svg,Miscellaneous,,fund,etf,ETF,123904.5
OIBR4,OI S.A.,0.5,0.0,5600,32990083.0,https://icons.brapi.dev/icons/BRAPI.svg,Communications,,stock,stock,AÇÃO B3,2800.0
CLIN11,CLIN11,86.9,-0.95,5588,,https://icons.brapi.dev/icons/BRAPI.svg,,Outros,fund,fii,FII,485597.2
INTB3F,INTELBRAS S.A. IND DE TELEC ELETRONICA BRASILEIRA,14.8,-3.01,5550,4894509913.0,https://icons.brapi.dev/icons/BRAPI.svg,Technology Services,,stock,stock,AÇÃO B3,82140.0
PLPL3F,PLANO & PLANO DESENVOLVIMENTO IMOBILIÁRIO S.A.,7.28,0.55,5548,1474193209.0,https://icons.brapi.dev/icons/BRAPI.svg,Finance,,stock,stock,AÇÃO B3,40389.44
I1SR34,I1SR34,93.92,-0.43,5521,662644826874.6803,https://icons.brapi.dev/icons/BRAPI.svg,Health Technology,,bdr,bdr,AÇÃO GLOBAL / BDR,518532.32
SNSY5,SANSUY S.A. INDUSTRIA DE PLASTICOS,2.29,-2.55,5500,34965616.0,https://icons.brapi.dev/icons/BRAPI.svg,Producer Manufacturing,,stock,stock,AÇÃO B3,12595.0
VLID3F,VALID SOLUÇÕES S.A.,18.05,0.28,5479,1404347260.0,https://icons.brapi.dev/icons/BRAPI.svg,Commercial Services,,stock,stock,AÇÃO B3,98895.95
ANIM3F,ANIMA HOLDING S.A.,2.88,-2.37,5470,1167346434.0,https://icons.brapi.dev/icons/BRAPI.svg,Consumer Services,,stock,stock,AÇÃO B3,15753.599999999999
EVEN3F,EVEN CONSTRUTORA E INCORPORADORA S.A.,4.31,-2.71,5440,812700114.0,https://icons.brapi.dev/icons/BRAPI.svg,Finance,,stock,stock,AÇÃO B3,23446.399999999998
V1OD34,V1OD34,42.8,1.52,5436,201094005599.0026,https://icons.brapi.dev/icons/BRAPI.svg,Communications,,bdr,bdr,AÇÃO GLOBAL / BDR,232660.8
RIAA3F,RIAA3F,7.27,-1.76,5373,3594771138.0,https://icons.brapi.dev/icons/BRAPI.svg,Distribution Services,,stock,stock,AÇÃO B3,39061.71
MOVI3F,MOVIDA PARTICIPACOES SA,8.1,4.79,5350,3447985609.0,https://icons.brapi.dev/icons/BRAPI.svg,Finance,,stock,stock,AÇÃO B3,43335.0
R2AR34,R2AR34,7.99,2.17,5289,7715651171.355498,https://icons.brapi.dev/icons/BRAPI.svg,Health Technology,,bdr,bdr,AÇÃO GLOBAL / BDR,42259.11
W1IX34,W1IX34,13.02,-5.92,5282,16313816537.0844,https://icons.brapi.dev/icons/BRAPI.svg,Technology Services,,bdr,bdr,AÇÃO GLOBAL / BDR,68771.64
SANB4F,BCO SANTANDER (BRASIL) S.A.,15.07,0.27,5275,114090152208.0,https://icons.brapi.dev/icons/BRAPI.svg,Finance,,stock,stock,AÇÃO B3,79494.25
BINC11,BINC11,102.59,0.26,5251,,https://icons.brapi.dev/icons/BRAPI.svg,,,fund,etf,ETF,538700.09
USTK11,USTK11,22.27,0.77,5224,,https://icons.brapi.dev/icons/BRAPI.svg,Miscellaneous,,fund,etf,ETF,116338.48
MIDW11,MIDW11,11.0,0.0,5217,,https://icons.brapi.dev/icons/BRAPI.svg,,Multicategoria,fund,fii,FII,57387.0
ALUP3,ALUPAR INVESTIMENTO S/A,11.66,-0.68,5200,11088647570.0,https://icons.brapi.dev/icons/ALUP3.svg,Utilities,Energia Elétrica,stock,stock,AÇÃO B3,60632.0
E1QN34,E1QN34,107.02,-2.25,5181,517669688950.5798,https://icons.brapi.dev/icons/BRAPI.svg,Energy Minerals,,bdr,bdr,AÇÃO GLOBAL / BDR,554470.62
VPPR11,VPPR11,20.0,-0.35,5176,,https://icons.brapi.dev/icons/VPPR11.svg,,Escritórios,fund,fii,FII,103520.0
BROF11,BROF11,60.6,0.0,5161,,https://icons.brapi.dev/icons/BROF11.svg,Miscellaneous,Multicategoria,fund,fii,FII,312756.60000000003
VIVR3,VIVER INCORPORADORA E CONSTRUTORA S.A.,1.51,2.03,5100,7368861.0,https://icons.brapi.dev/icons/VIVR3.svg,Consumer Durables,Incorporações,stock,stock,AÇÃO B3,7701.0
U1BE34,U1BE34,98.34,1.76,5094,791531271867.0077,https://icons.brapi.dev/icons/BRAPI.svg,Transportation,,bdr,bdr,AÇÃO GLOBAL / BDR,500943.96
AROA11,AROA11,1.22,2.52,5049,,https://icons.brapi.dev/icons/BRAPI.svg,Miscellaneous,Multicategoria,fund,fii,FII,6159.78
EWBZ11,EWBZ11,132.48,0.26,5001,,https://icons.brapi.dev/icons/BRAPI.svg,Miscellaneous,,fund,etf,ETF,662532.48
AMOB3,AUTOMOB PARTICIPAÇÕES S.A.,12.4,5.44,5000,469787115.0,https://icons.brapi.dev/icons/AMOB3.svg,Retail Trade,Automóveis e Motocicletas,stock,stock,AÇÃO B3,62000.0
BLTP39,PIMCO 15 YEAR U.S. TIPS INDEX EXCHANGE-TF,30.99,-1.87,5000,,https://icons.brapi.dev/icons/BRAPI.svg,Miscellaneous,,bdr,bdr,AÇÃO GLOBAL / BDR,154950.0
TORD11,TORD11,1.05,1.94,4981,,https://icons.brapi.dev/icons/BRAPI.svg,Miscellaneous,Multicategoria,fund,fii,FII,5230.05
VIUR11,VIUR11,2.29,-0.43,4933,,https://icons.brapi.dev/icons/BRAPI.svg,,Outros,fund,fii,FII,11296.57
A1NE34,A1NE34,248.78,2.43,4917,1250128405447.5703,https://icons.brapi.dev/icons/BRAPI.svg,Electronic Technology,,bdr,bdr,AÇÃO GLOBAL / BDR,1223251.26
SCAR3,SAO CARLOS EMPREEND E PARTICIPACOES S.A.,12.8,0.0,4900,724061583.0,https://icons.brapi.dev/icons/SCAR3.svg,Finance,Exploração de Imóveis,stock,stock,AÇÃO B3,62720.0
BRSR3,BCO ESTADO DO RIO GRANDE DO SUL S.A.,17.76,-1.0,4900,6680411228.0,https://icons.brapi.dev/icons/BRSR3.svg,Finance,Bancos,stock,stock,AÇÃO B3,87024.00000000001
POSI3F,POSITIVO TECNOLOGIA S.A.,3.39,-1.45,4835,478011077.0,https://icons.brapi.dev/icons/BRAPI.svg,Electronic Technology,,stock,stock,AÇÃO B3,16390.65
ROMI3F,ROMI S.A.,5.95,0.34,4792,555297694.0,https://icons.brapi.dev/icons/BRAPI.svg,Producer Manufacturing,,stock,stock,AÇÃO B3,28512.4
BMOB3F,BEMOBI MOBILE TECH S.A.,25.78,3.7,4709,2176695937.0,https://icons.brapi.dev/icons/BRAPI.svg,Technology Services,,stock,stock,AÇÃO B3,121398.02
BMEB3,BCO MERCANTIL DO BRASIL S.A.,50.64,0.06,4700,6685784460.0,https://icons.brapi.dev/icons/BMEB3.svg,Finance,Bancos,stock,stock,AÇÃO B3,238008.0
EQIR11,EQIR11,8.14,0.99,4673,,https://icons.brapi.dev/icons/BRAPI.svg,,Multicategoria,fund,fii,FII,38038.22
ECOR3F,ECORODOVIAS INFRAESTRUTURA E LOGÍSTICA S.A.,7.74,-0.13,4647,5509320566.0,https://icons.brapi.dev/icons/BRAPI.svg,Transportation,,stock,stock,AÇÃO B3,35967.78
KIVO11,KIVO11,54.17,-0.06,4640,120405612.0,https://icons.brapi.dev/icons/KIVO11.svg,Miscellaneous,Outros,fund,fii,FII,251348.80000000002
RGTI34,RGTI34,80.01,3.0,4602,25950305631.713554,https://icons.brapi.dev/icons/BRAPI.svg,Electronic Technology,,bdr,bdr,AÇÃO GLOBAL / BDR,368206.02
PPEI11,PPEI11,84.9,1.07,4601,,https://icons.brapi.dev/icons/BRAPI.svg,,,fund,fip,FIP,390624.9
N1EM34,N1EM34,660.1,-0.59,4579,690370525933.5038,https://icons.brapi.dev/icons/BRAPI.svg,Non-Energy Minerals,,bdr,bdr,AÇÃO GLOBAL / BDR,3022597.9
VERZ34,VERZ34,42.55,-0.98,4577,1065577675447.5704,https://icons.brapi.dev/icons/BRAPI.svg,Communications,,bdr,bdr,AÇÃO GLOBAL / BDR,194751.34999999998
S1YM34,S1YM34,157.75,-1.1,4573,93844974061.38107,https://icons.brapi.dev/icons/BRAPI.svg,Technology Services,,bdr,bdr,AÇÃO GLOBAL / BDR,721390.75
BAAX39,ISHARES MSCI ALL COUNTRY ASIA EX JAPAN ETF,59.5,-0.62,4561,,https://icons.brapi.dev/icons/BRAPI.svg,Miscellaneous,,bdr,bdr,AÇÃO GLOBAL / BDR,271379.5
HSAF11,HSAF11,75.51,-0.7,4523,,https://icons.brapi.dev/icons/BRAPI.svg,,Outros,fund,fii,FII,341531.73000000004
BPML11,BPML11,85.28,0.2,4502,,https://icons.brapi.dev/icons/BRAPI.svg,,Multicategoria,fund,fii,FII,383930.56
EQIX34,EQIX34,66.83,1.23,4413,522874115283.8875,https://icons.brapi.dev/icons/BRAPI.svg,Finance,,bdr,bdr,AÇÃO GLOBAL / BDR,294920.79
COCE5,CIA ENERGETICA DO CEARA - COELCE,31.22,-1.79,4400,2518300536.0,https://icons.brapi.dev/icons/BRAPI.svg,Utilities,,stock,stock,AÇÃO B3,137368.0
PDGR3,PDG REALTY S.A. EMPREEND E PARTICIPACOES,1.17,-1.68,4400,3846359.0,https://icons.brapi.dev/icons/PDGR3.svg,Finance,Incorporações,stock,stock,AÇÃO B3,5148.0
SANB3F,BCO SANTANDER (BRASIL) S.A.,15.18,-0.13,4394,114090152208.0,https://icons.brapi.dev/icons/BRAPI.svg,Finance,,stock,stock,AÇÃO B3,66700.92
RZAT11,RZAT11,88.8,0.57,4382,,https://icons.brapi.dev/icons/BRAPI.svg,,Multicategoria,fund,fii,FII,389121.6
BTAL11,BTAL11,82.4,-0.12,4370,,https://icons.brapi.dev/icons/BTAL11.svg,,Logística,fund,etf,ETF,360088.0
ORVR3F,ORIZON VALORIZACAO DE RESIDUOS S.A.,17.19,2.38,4330,9392968422.0,https://icons.brapi.dev/icons/BRAPI.svg,Utilities,,stock,stock,AÇÃO B3,74432.70000000001
CRAA11,CRAA11,92.84,-0.28,4275,,https://icons.brapi.dev/icons/BRAPI.svg,Miscellaneous,Outros,fund,fi-agro,FIAGRO,396891.0
V2RN34,V2RN34,39.55,0.41,4227,27078872629.15601,https://icons.brapi.dev/icons/BRAPI.svg,Technology Services,,bdr,bdr,AÇÃO GLOBAL / BDR,167177.84999999998
BSLI4,BRB BCO DE BRASILIA S.A.,2.6,0.0,4200,1260869543.0,https://icons.brapi.dev/icons/BRAPI.svg,Finance,,stock,stock,AÇÃO B3,10920.0
HONB34,HONB34,1077.5,2.52,4156,339814803606.1381,https://icons.brapi.dev/icons/BRAPI.svg,Producer Manufacturing,,bdr,bdr,AÇÃO GLOBAL / BDR,4478090.0
L1UL34,L1UL34,129.42,-16.15,4131,59607469309.46291,https://icons.brapi.dev/icons/BRAPI.svg,Consumer Non-Durables,,bdr,bdr,AÇÃO GLOBAL / BDR,534634.0199999999
A2FY34,A2FY34,37.7,-0.79,4101,6867132987.212276,https://icons.brapi.dev/icons/BRAPI.svg,Consumer Services,,bdr,bdr,AÇÃO GLOBAL / BDR,154607.7
ENGI3,ENERGISA S.A.,12.39,-0.08,4100,19704987917.0,https://icons.brapi.dev/icons/ENGI3.svg,Utilities,Energia Elétrica,stock,stock,AÇÃO B3,50799.0
B1SX34,B1SX34,61.01,1.97,4041,354338458419.4373,https://icons.brapi.dev/icons/BRAPI.svg,Health Technology,,bdr,bdr,AÇÃO GLOBAL / BDR,246541.41
AIRB34,AIRB34,47.01,-0.17,4023,557253561488.491,https://icons.brapi.dev/icons/BRAPI.svg,Consumer Services,,bdr,bdr,AÇÃO GLOBAL / BDR,189121.22999999998
TOPP11,TOPP11,65.02,1.06,4020,,https://icons.brapi.dev/icons/TOPP11.svg,,Outros,fund,fii,FII,261380.4
XBIT11,XBIT11,39.83,-1.9,4012,,https://icons.brapi.dev/icons/BRAPI.svg,Miscellaneous,,fund,etf,ETF,159797.96
SNCI11,SNCI11,82.39,0.78,4009,,https://icons.brapi.dev/icons/BRAPI.svg,Finance,Outros,fund,fii,FII,330301.51
PSVM11,PORTO SUDESTE V.M. S.A.,16.0,0.0,4000,2749440.0,https://icons.brapi.dev/icons/BRAPI.svg,Transportation,Serviços de Apoio e Armazenagem,fund,etf,ETF,64000.0
F1MC34,F1MC34,33.21,4.43,4000,8307888035.805627,https://icons.brapi.dev/icons/BRAPI.svg,Process Industries,,bdr,bdr,AÇÃO GLOBAL / BDR,132840.0
BBOV11,BBOV11,97.45,-0.02,3989,,https://icons.brapi.dev/icons/BRAPI.svg,Miscellaneous,,fund,etf,ETF,388728.05
VCRA11,VCRA11,53.6,1.48,3981,,https://icons.brapi.dev/icons/BRAPI.svg,Miscellaneous,Títulos e Val. Mob.,fund,fi-agro,FIAGRO,213381.6
BIDU34,BIDU34,35.13,0.92,3957,165037947800.44675,https://icons.brapi.dev/icons/BRAPI.svg,Technology Services,,bdr,bdr,AÇÃO GLOBAL / BDR,139009.41
TUPY3F,TUPY S.A.,15.57,-0.45,3949,2082120704.0,https://icons.brapi.dev/icons/BRAPI.svg,Producer Manufacturing,,stock,stock,AÇÃO B3,61485.93
GSGI34,GSGI34,178.43,1.13,3932,1546872334480.8184,https://icons.brapi.dev/icons/BRAPI.svg,Finance,,bdr,bdr,AÇÃO GLOBAL / BDR,701586.76
BIWM39,ISHARES RUSSELL 2000 ETF,75.84,1.09,3907,,https://icons.brapi.dev/icons/BRAPI.svg,Miscellaneous,,bdr,bdr,AÇÃO GLOBAL / BDR,296306.88
BAZA3,BCO AMAZONIA S.A.,68.15,-0.5,3900,3820374272.0,https://icons.brapi.dev/icons/BAZA3.svg,Finance,Bancos,stock,stock,AÇÃO B3,265785.0
PEAB3,CIA PARTICIPACOES ALIANCA DA BAHIA,38.86,0.0,3900,704968713.0,https://icons.brapi.dev/icons/PEAB3.svg,Finance,Exploração de Imóveis,stock,stock,AÇÃO B3,151554.0
BTRU11,BTRU11,86.63,-1.16,3862,,https://icons.brapi.dev/icons/BRAPI.svg,,,fund,fii,FII,334565.06
AZIN11,AZIN11,97.74,0.29,3830,,https://icons.brapi.dev/icons/BRAPI.svg,Miscellaneous,,fund,fi-infra,FI-INFRA,374344.19999999995
INLG11,INLG11,60.73,-1.35,3828,,https://icons.brapi.dev/icons/BRAPI.svg,,Logística,fund,fii,FII,232474.44
REDE3,REDE ENERGIA PARTICIPAÇÕES S.A.,5.54,-1.6,3800,14227853330.0,https://icons.brapi.dev/icons/REDE3.svg,Utilities,Energia Elétrica,stock,stock,AÇÃO B3,21052.0
HSHY34,HSHY34,59.28,-1.2,3765,177955602184.14322,https://icons.brapi.dev/icons/BRAPI.svg,Consumer Non-Durables,,bdr,bdr,AÇÃO GLOBAL / BDR,223189.2
SNFF11,SNFF11,71.23,-0.07,3735,,https://icons.brapi.dev/icons/BRAPI.svg,,Outros,fund,fii,FII,266044.05
D1DG34,D1DG34,109.03,-0.55,3725,391088727283.88745,https://icons.brapi.dev/icons/BRAPI.svg,Technology Services,,bdr,bdr,AÇÃO GLOBAL / BDR,406136.75
OGIN11,OGIN11,7.51,2.18,3706,,https://icons.brapi.dev/icons/BRAPI.svg,,,fund,fi-infra,FI-INFRA,27832.059999999998
AMOB3F,AUTOMOB PARTICIPAÇÕES S.A.,11.86,0.94,3656,469787115.0,https://icons.brapi.dev/icons/BRAPI.svg,Retail Trade,,stock,stock,AÇÃO B3,43360.159999999996
WHRL3,WHIRLPOOL S.A.,3.67,0.0,3600,5543669966.0,https://icons.brapi.dev/icons/WHRL3.svg,Consumer Durables,Eletrodomésticos,stock,stock,AÇÃO B3,13212.0
BEES4,BANESTES S.A. - BCO EST ESPIRITO SANTO,8.97,-1.54,3600,3086619491.0,https://icons.brapi.dev/icons/BRAPI.svg,Finance,,stock,stock,AÇÃO B3,32292.000000000004
SEQL3F,SEQUOIA LOGISTICA E TRANSPORTES S.A,0.07,0.0,3574,441912360.0,https://icons.brapi.dev/icons/BRAPI.svg,Transportation,,stock,stock,AÇÃO B3,250.18000000000004
MYPK3F,IOCHPE MAXION S.A.,9.83,2.72,3557,1494747471.0,https://icons.brapi.dev/icons/BRAPI.svg,Producer Manufacturing,,stock,stock,AÇÃO B3,34965.31
DEXP4,DEXXOS PARTICIPACOES S.A.,7.5,1.35,3500,917781413.0,https://icons.brapi.dev/icons/BRAPI.svg,Process Industries,,stock,stock,AÇÃO B3,26250.0
ISTT11,ISTT11,1143.5,0.28,3448,,https://icons.brapi.dev/icons/BRAPI.svg,,,fund,etf,ETF,3942788.0
ALUG11,ALUG11,42.1,-0.12,3443,,https://icons.brapi.dev/icons/BRAPI.svg,Miscellaneous,,fund,etf,ETF,144950.30000000002
ABBV34,ABBV34,82.7,-0.21,3433,2318132430245.5244,https://icons.brapi.dev/icons/BRAPI.svg,Health Technology,,bdr,bdr,AÇÃO GLOBAL / BDR,283909.10000000003
LWSA3F,LWSA S.A.,4.11,-3.29,3422,2397824538.0,https://icons.brapi.dev/icons/BRAPI.svg,Technology Services,,stock,stock,AÇÃO B3,14064.420000000002
DXCO3F,DEXCO S.A.,5.5,-1.26,3420,5033952552.0,https://icons.brapi.dev/icons/BRAPI.svg,Producer Manufacturing,,stock,stock,AÇÃO B3,18810.0
SPTW11,SPTW11,31.64,4.35,3417,,https://icons.brapi.dev/icons/BRAPI.svg,,Outros,fund,fii,FII,108113.88
TRIS3F,TRISUL S.A.,4.97,0.81,3395,1115349781.0,https://icons.brapi.dev/icons/BRAPI.svg,Consumer Durables,,stock,stock,AÇÃO B3,16873.149999999998
GFSA3F,GAFISA S.A.,0.21,-4.55,3393,33047134.0,https://icons.brapi.dev/icons/BRAPI.svg,Finance,,stock,stock,AÇÃO B3,712.53
BBFO11,BBFO11,65.65,-0.17,3373,,https://icons.brapi.dev/icons/BRAPI.svg,,Multicategoria,fund,fii,FII,221437.45
T1TW34,T1TW34,272.01,0.04,3370,205334172588.2353,https://icons.brapi.dev/icons/BRAPI.svg,Technology Services,,bdr,bdr,AÇÃO GLOBAL / BDR,916673.7
A1EP34,A1EP34,64.02,0.09,3351,346687858250.6394,https://icons.brapi.dev/icons/BRAPI.svg,Utilities,,bdr,bdr,AÇÃO GLOBAL / BDR,214531.02
JALL3F,JALLES MACHADO S.A.,2.67,0.75,3333,807421401.0,https://icons.brapi.dev/icons/BRAPI.svg,Process Industries,,stock,stock,AÇÃO B3,8899.11
FCXO34,FCXO34,124.35,0.27,3332,534227899739.1304,https://icons.brapi.dev/icons/BRAPI.svg,Non-Energy Minerals,,bdr,bdr,AÇÃO GLOBAL / BDR,414334.19999999995
BIET39,ISHARES EXPANDED TECH-SOFTWARE SECTOR ETF,19.14,-1.64,3314,,https://icons.brapi.dev/icons/BRAPI.svg,Miscellaneous,,bdr,bdr,AÇÃO GLOBAL / BDR,63429.96
A1PP34,A1PP34,50.42,0.66,3311,548724918424.5524,https://icons.brapi.dev/icons/BRAPI.svg,Technology Services,,bdr,bdr,AÇÃO GLOBAL / BDR,166940.62
PMFO11,PMFO11,83.78,-2.0,3310,,https://icons.brapi.dev/icons/BRAPI.svg,Miscellaneous,Outros,fund,fii,FII,277311.8
BCSA34,BCSA34,75.81,-0.98,3304,1148021519760.6042,https://icons.brapi.dev/icons/BRAPI.svg,Finance,,bdr,bdr,AÇÃO GLOBAL / BDR,250476.24000000002
RSUL4,METALURGICA RIOSULENSE S.A.,38.27,0.05,3300,96028805.0,https://icons.brapi.dev/icons/BRAPI.svg,Producer Manufacturing,,stock,stock,AÇÃO B3,126291.00000000001
BEPP39,ISHARES MSCI PACIFIC EX JAPAN ETF,75.11,2.33,3300,,https://icons.brapi.dev/icons/BRAPI.svg,Miscellaneous,,bdr,bdr,AÇÃO GLOBAL / BDR,247863.0
RBHY11,RBHY11,58.44,1.25,3239,,https://icons.brapi.dev/icons/BRAPI.svg,,Outros,fund,fii,FII,189287.16
UTLI11,UTLI11,51.67,-0.46,3233,,https://icons.brapi.dev/icons/BRAPI.svg,Miscellaneous,,fund,etf,ETF,167049.11000000002
PNVL3F,DIMED S.A. DISTRIBUIDORA DE MEDICAMENTOS,12.9,0.7,3215,1956689525.0,https://icons.brapi.dev/icons/BRAPI.svg,Retail Trade,,stock,stock,AÇÃO B3,41473.5
LUPA3,LUPATECH S.A.,3.63,-1.89,3200,17176471.0,https://icons.brapi.dev/icons/LUPA3.svg,Producer Manufacturing,Equipamentos e Serviços,stock,stock,AÇÃO B3,11616.0
ELCI34,ELCI34,22.22,2.73,3200,192206641708.4399,https://icons.brapi.dev/icons/BRAPI.svg,Consumer Non-Durables,,bdr,bdr,AÇÃO GLOBAL / BDR,71104.0
BRZP11,BRZP11,177.21,1.26,3172,,https://icons.brapi.dev/icons/BRAPI.svg,,,fund,fip,FIP,562110.12
BRAX11,BRAX11,155.27,-0.03,3133,,https://icons.brapi.dev/icons/BRAPI.svg,Miscellaneous,,fund,etf,ETF,486460.91000000003
AGXY3F,AGROGALAXY PARTICIPAÇÕES S.A.,1.35,-1.46,3119,24928447.0,https://icons.brapi.dev/icons/BRAPI.svg,Distribution Services,,stock,stock,AÇÃO B3,4210.650000000001
QUAL3F,QUALICORP CONSULTORIA E CORRETORA DE SEGUROS S.A.,1.51,0.0,3114,416428802.0,https://icons.brapi.dev/icons/BRAPI.svg,Health Services,,stock,stock,AÇÃO B3,4702.14
IGTI3,IGUATEMI S.A.,3.36,0.0,3100,7518813770.0,https://icons.brapi.dev/icons/IGTI3.svg,Finance,Exploração de Imóveis,stock,stock,AÇÃO B3,10416.0
CLSC4,CENTRAIS ELET DE SANTA CATARINA S.A.,156.99,0.03,3100,5698074473.0,https://icons.brapi.dev/icons/BRAPI.svg,Utilities,,stock,stock,AÇÃO B3,486669.0
BPAC5,BCO BTG PACTUAL S.A.,19.61,1.29,3100,230444855888.0,https://icons.brapi.dev/icons/BRAPI.svg,Finance,,stock,stock,AÇÃO B3,60791.0
CGRA4,GRAZZIOTIN S.A.,23.61,0.64,3100,600351112.0,https://icons.brapi.dev/icons/BRAPI.svg,Retail Trade,,stock,stock,AÇÃO B3,73191.0
A1LB34,A1LB34,27.23,-3.03,3097,76223420035.80563,https://icons.brapi.dev/icons/BRAPI.svg,Process Industries,,bdr,bdr,AÇÃO GLOBAL / BDR,84331.31
Z1OM34,Z1OM34,20.87,4.35,3062,151235014409.20718,https://icons.brapi.dev/icons/BRAPI.svg,Technology Services,,bdr,bdr,AÇÃO GLOBAL / BDR,63903.94
CXAG11,CXAG11,70.51,0.73,3051,,https://icons.brapi.dev/icons/BRAPI.svg,Miscellaneous,Varejo,fund,fii,FII,215126.01
BTAG11,BTAG11,100.0,0.16,3014,,https://icons.brapi.dev/icons/BRAPI.svg,Miscellaneous,,fund,fi-agro,FIAGRO,301400.0
RYTT34,RYTT34,171.81,0.08,3012,1384226883145.78,https://icons.brapi.dev/icons/BRAPI.svg,Electronic Technology,,bdr,bdr,AÇÃO GLOBAL / BDR,517491.72000000003
ETHY11,ETHY11,60.75,-0.83,3010,,https://icons.brapi.dev/icons/BRAPI.svg,Miscellaneous,,fund,etf,ETF,182857.5
TRIG11,TRIG11,45.93,0.68,3007,,https://icons.brapi.dev/icons/BRAPI.svg,Miscellaneous,,fund,etf,ETF,138111.51
AZTE3F,AZEVEDO & TRAVASSOS ENERGIA S.A.,1.46,-4.58,3007,58816931.0,https://icons.brapi.dev/icons/BRAPI.svg,Energy Minerals,,stock,stock,AÇÃO B3,4390.22
CGRA3,GRAZZIOTIN S.A.,23.75,-0.84,3000,600351112.0,https://icons.brapi.dev/icons/CGRA3.svg,Retail Trade,Tecidos. Vestuário e Calçados,stock,stock,AÇÃO B3,71250.0
BTRA11,BTRA11,69.78,0.69,2976,,https://icons.brapi.dev/icons/BTRA11.svg,Miscellaneous,Outros,fund,etf,ETF,207665.28
SIMN34,SIMN34,68.19,1.43,2976,346622147381.0742,https://icons.brapi.dev/icons/BRAPI.svg,Finance,,bdr,bdr,AÇÃO GLOBAL / BDR,202933.44
EXES11,EXES11,9.58,0.1,2965,,https://icons.brapi.dev/icons/BRAPI.svg,,Multicategoria,fund,fii,FII,28404.7
Z1TS34,Z1TS34,24.53,0.33,2964,160237750797.95398,https://icons.brapi.dev/icons/BRAPI.svg,Health Technology,,bdr,bdr,AÇÃO GLOBAL / BDR,72706.92
BDIV11,BDIV11,35.4,1.14,2954,,https://icons.brapi.dev/icons/BRAPI.svg,,,fund,fip,FIP,104571.59999999999
BBOI11,BBOI11,11.63,-0.85,2927,,https://icons.brapi.dev/icons/BRAPI.svg,Miscellaneous,,fund,etf,ETF,34041.01
RENV11,RENV11,6.2,5.44,2922,6366122.0,https://icons.brapi.dev/icons/RENV11.svg,Finance,Multicategoria,fund,fii,FII,18116.4
RINV11,RINV11,103.87,0.3,2898,,https://icons.brapi.dev/icons/BRAPI.svg,Miscellaneous,Outros,fund,fii,FII,301015.26
VTRU3F,VITRU EDUCAÇÃO S.A,15.15,5.57,2837,2205300394.0,https://icons.brapi.dev/icons/BRAPI.svg,Commercial Services,,stock,stock,AÇÃO B3,42980.55
H1SB34,H1SB34,136.0,0.49,2802,1876606903315.013,https://icons.brapi.dev/icons/BRAPI.svg,Finance,,bdr,bdr,AÇÃO GLOBAL / BDR,381072.0
BIED3,BIOMA EDUCAÇÃO S.A.,6.01,-1.31,2800,164253936.0,https://icons.brapi.dev/icons/BIED3.svg,Consumer Services,Serviços Educacionais,stock,stock,AÇÃO B3,16828.0
GSHP3,GENERAL SHOPPING E OUTLETS DO BRASIL S.A.,2.75,-0.36,2800,5157179.0,https://icons.brapi.dev/icons/BRAPI.svg,Finance,Exploração de Imóveis,stock,stock,AÇÃO B3,7700.0
XRXB34,XRXB34,17.08,4.4,2782,2229995795.3964195,https://icons.brapi.dev/icons/BRAPI.svg,Electronic Technology,,bdr,bdr,AÇÃO GLOBAL / BDR,47516.56
GCRA11,GCRA11,47.21,-0.3,2762,,https://icons.brapi.dev/icons/BRAPI.svg,Miscellaneous,Multicategoria,fund,fi-agro,FIAGRO,130394.02
TGMA3F,TEGMA GESTAO LOGISTICA S.A.,33.52,-3.46,2759,2219465485.0,https://icons.brapi.dev/icons/BRAPI.svg,Transportation,,stock,stock,AÇÃO B3,92481.68000000001
C1AB34,C1AB34,0.64,-5.88,2752,739206465.4731457,https://icons.brapi.dev/icons/BRAPI.svg,Consumer Services,,bdr,bdr,AÇÃO GLOBAL / BDR,1761.28
LJQQ3F,LOJAS QUERO-QUERO S/A,1.23,1.65,2730,258646584.00000003,https://icons.brapi.dev/icons/BRAPI.svg,Retail Trade,,stock,stock,AÇÃO B3,3357.9
G1FI34,G1FI34,122.28,-0.3,2726,217637388252.3376,https://icons.brapi.dev/icons/BRAPI.svg,Non-Energy Minerals,,bdr,bdr,AÇÃO GLOBAL / BDR,333335.28
AZUL3F,AZUL S.A.,18.75,0.37,2708,7002600525.0,https://icons.brapi.dev/icons/BRAPI.svg,Transportation,,stock,stock,AÇÃO B3,50775.0
BEES3F,BANESTES S.A. - BCO EST ESPIRITO SANTO,8.93,0.0,2691,3086619491.0,https://icons.brapi.dev/icons/BRAPI.svg,Finance,,stock,stock,AÇÃO B3,24030.63
CYRE4F,CYRELA BRAZIL REALTY S.A.EMPREEND E PART,22.75,-4.61,2684,11051914414.0,https://icons.brapi.dev/icons/BRAPI.svg,Finance,,stock,stock,AÇÃO B3,61061.0
K2CG34,K2CG34,9.25,4.05,2673,16862518514.793915,https://icons.brapi.dev/icons/BRAPI.svg,Technology Services,,bdr,bdr,AÇÃO GLOBAL / BDR,24725.25
TRUE11,TRUE11,23.43,-1.97,2668,,https://icons.brapi.dev/icons/BRAPI.svg,Miscellaneous,Logística,fund,fii,FII,62511.24
CBAV3F,COMPANHIA BRASILEIRA DE ALUMÍNIO,11.1,-1.07,2667,7259460277.0,https://icons.brapi.dev/icons/BRAPI.svg,Non-Energy Minerals,,stock,stock,AÇÃO B3,29603.7
OPCT3F,OCEANPACT SERVICOS MARITIMOS S.A.,11.33,2.35,2650,2249565423.0,https://icons.brapi.dev/icons/BRAPI.svg,Commercial Services,,stock,stock,AÇÃO B3,30024.5
T1OW34,T1OW34,37.35,-0.95,2639,419125719048.5934,https://icons.brapi.dev/icons/BRAPI.svg,Finance,,bdr,bdr,AÇÃO GLOBAL / BDR,98566.65000000001
FLRP11,FLRP11,19.99,-0.45,2635,,https://icons.brapi.dev/icons/BRAPI.svg,Miscellaneous,Shoppings,fund,fii,FII,52673.649999999994
CMDB11,CMDB11,17.7,-0.56,2622,,https://icons.brapi.dev/icons/BRAPI.svg,Miscellaneous,,fund,etf,ETF,46409.4
DEOP34,DEOP34,25.08,-2.11,2618,255021101466.30432,https://icons.brapi.dev/icons/BRAPI.svg,Consumer Non-Durables,,bdr,bdr,AÇÃO GLOBAL / BDR,65659.44
HTMX11,HTMX11,135.88,0.13,2611,,https://icons.brapi.dev/icons/BRAPI.svg,Miscellaneous,Hotel,fund,fii,FII,354782.68
AALL34,AALL34,67.01,0.66,2610,44458644450.12788,https://icons.brapi.dev/icons/BRAPI.svg,Transportation,,bdr,bdr,AÇÃO GLOBAL / BDR,174896.1
BROB39,FIRST TRUST NASDAQ AI AND ROBOTICS ETF,75.32,0.09,2600,,https://icons.brapi.dev/icons/BRAPI.svg,Miscellaneous,,bdr,bdr,AÇÃO GLOBAL / BDR,195831.99999999997
OIBR3F,OI S.A.,0.1,0.0,2596,32990083.0,https://icons.brapi.dev/icons/BRAPI.svg,Communications,,stock,stock,AÇÃO B3,259.6
GCRI11,GCRI11,68.0,0.46,2592,,https://icons.brapi.dev/icons/BRAPI.svg,,Multicategoria,fund,fii,FII,176256.0
AFHF11,AFHF11,10.35,2.78,2580,,https://icons.brapi.dev/icons/BRAPI.svg,,,fund,fii,FII,26703.0
B1TI34,B1TI34,57.25,0.17,2571,614653672290.1151,https://icons.brapi.dev/icons/BRAPI.svg,Consumer Non-Durables,,bdr,bdr,AÇÃO GLOBAL / BDR,147189.75
PFIZ34,PFIZ34,36.13,-1.28,2567,829440976301.7902,https://icons.brapi.dev/icons/BRAPI.svg,Health Technology,,bdr,bdr,AÇÃO GLOBAL / BDR,92745.71
XPID11,XPID11,47.5,0.0,2563,,https://icons.brapi.dev/icons/BRAPI.svg,Miscellaneous,,fund,etf,ETF,121742.5
BLAU3F,BLAU FARMACÊUTICA S.A.,9.24,-4.25,2553,2257493467.0,https://icons.brapi.dev/icons/BRAPI.svg,Health Technology,,stock,stock,AÇÃO B3,23589.72
A1ZN34,A1ZN34,139.42,-0.24,2553,1288164963853.0564,https://icons.brapi.dev/icons/BRAPI.svg,Health Technology,,bdr,bdr,AÇÃO GLOBAL / BDR,355939.25999999995
A1UT34,A1UT34,56.21,-7.76,2539,232946796542.1995,https://icons.brapi.dev/icons/BRAPI.svg,Technology Services,,bdr,bdr,AÇÃO GLOBAL / BDR,142717.19
UNIP3,UNIPAR CARBOCLORO S.A.,56.21,0.04,2500,6417768805.0,https://icons.brapi.dev/icons/UNIP3.svg,Process Industries,Químicos Diversos,stock,stock,AÇÃO B3,140525.0
GOAT11,GOAT11,59.74,3.16,2480,,https://icons.brapi.dev/icons/BRAPI.svg,Miscellaneous,,fund,etf,ETF,148155.2
PASS3F,COMPASS GAS E ENERGIA S.A.,24.2,0.08,2473,16790609991.000002,https://icons.brapi.dev/icons/BRAPI.svg,Utilities,,stock,stock,AÇÃO B3,59846.6
REME11,REME11,86.5,2.98,2457,,https://icons.brapi.dev/icons/BRAPI.svg,,,fund,fii,FII,212530.5
EGIS11,EGIS11,102.42,0.06,2421,,https://icons.brapi.dev/icons/BRAPI.svg,,,fund,fip,FIP,247958.82
ABUD34,ABUD34,68.32,0.5,2407,814421131566.56,https://icons.brapi.dev/icons/BRAPI.svg,Consumer Non-Durables,,bdr,bdr,AÇÃO GLOBAL / BDR,164446.24
ARGE11,ARGE11,13.0,0.54,2406,,https://icons.brapi.dev/icons/BRAPI.svg,Miscellaneous,,fund,etf,ETF,31278.0
NOCG34,NOCG34,52.75,-2.08,2394,374217997462.9156,https://icons.brapi.dev/icons/BRAPI.svg,Electronic Technology,,bdr,bdr,AÇÃO GLOBAL / BDR,126283.5
X1YZ34,X1YZ34,16.9,-0.47,2392,254332272460.35803,https://icons.brapi.dev/icons/BRAPI.svg,Commercial Services,,bdr,bdr,AÇÃO GLOBAL / BDR,40424.799999999996
FRAS3F,FRASLE MOBILITY S.A.,22.15,-4.15,2386,6281639524.0,https://icons.brapi.dev/icons/BRAPI.svg,Producer Manufacturing,,stock,stock,AÇÃO B3,52849.899999999994
OUJP11,OUJP11,68.91,0.31,2377,,https://icons.brapi.dev/icons/BRAPI.svg,Miscellaneous,Multicategoria,fund,fii,FII,163799.06999999998
B1PP34,B1PP34,55.75,0.27,2365,576950518149.8466,https://icons.brapi.dev/icons/BRAPI.svg,Energy Minerals,,bdr,bdr,AÇÃO GLOBAL / BDR,131848.75
GOAU3F,METALURGICA GERDAU S.A.,10.0,0.91,2360,14115490050.0,https://icons.brapi.dev/icons/BRAPI.svg,Non-Energy Minerals,,stock,stock,AÇÃO B3,23600.0
PRNR3F,PRINER SERVIÇOS INDUSTRIAIS S.A.,17.85,-2.72,2331,1025223718.0,https://icons.brapi.dev/icons/BRAPI.svg,Industrial Services,,stock,stock,AÇÃO B3,41608.350000000006
RCRB11,RCRB11,130.73,-0.77,2331,,https://icons.brapi.dev/icons/BRAPI.svg,Miscellaneous,Escritórios,fund,fii,FII,304731.63
HBOR3F,HELBOR EMPREENDIMENTOS S.A.,2.06,-4.63,2331,274676730.0,https://icons.brapi.dev/icons/BRAPI.svg,Consumer Durables,,stock,stock,AÇÃO B3,4801.86
USIM3F,USINAS SID DE MINAS GERAIS S.A.-USIMINAS,7.18,-1.51,2316,9031151707.0,https://icons.brapi.dev/icons/BRAPI.svg,Non-Energy Minerals,,stock,stock,AÇÃO B3,16628.88
CRPG5,TRONOX PIGMENTOS DO BRASIL S.A.,8.99,-0.66,2300,345245643.0,https://icons.brapi.dev/icons/BRAPI.svg,Process Industries,,stock,stock,AÇÃO B3,20677.0
SVAL11,SVAL11,154.56,1.05,2288,,https://icons.brapi.dev/icons/BRAPI.svg,Miscellaneous,,fund,etf,ETF,353633.28
SBFG3F,GRUPO SBF SA,8.92,-0.34,2264,2085202564.0000002,https://icons.brapi.dev/icons/BRAPI.svg,Retail Trade,,stock,stock,AÇÃO B3,20194.88
HREC11,HREC11,8.03,0.37,2260,,https://icons.brapi.dev/icons/BRAPI.svg,,Multicategoria,fund,fii,FII,18147.8
PLAG11,PLAG11,62.88,0.29,2252,,https://icons.brapi.dev/icons/BRAPI.svg,,Outros,fund,fii,FII,141605.76
JDCO34,JDCO34,23.8,0.72,2245,173524646262.95825,https://icons.brapi.dev/icons/BRAPI.svg,Retail Trade,,bdr,bdr,AÇÃO GLOBAL / BDR,53431.0
Z2IT34,Z2IT34,2.65,0.38,2242,6149792966.751919,https://icons.brapi.dev/icons/BRAPI.svg,Technology Services,,bdr,bdr,AÇÃO GLOBAL / BDR,5941.3
L1MN34,L1MN34,31.2,-10.88,2191,35718084767.26343,https://icons.brapi.dev/icons/BRAPI.svg,Communications,,bdr,bdr,AÇÃO GLOBAL / BDR,68359.2
BCOM39,ISHARES GSCI COMMODITY DYNAMIC ROLL STRATEGY ETF,61.62,0.69,2165,,https://icons.brapi.dev/icons/BRAPI.svg,Miscellaneous,,bdr,bdr,AÇÃO GLOBAL / BDR,133407.3
TOKY3F,TOKY3F,10.5,-1.87,2147,28453293.0,https://icons.brapi.dev/icons/BRAPI.svg,Technology Services,,stock,stock,AÇÃO B3,22543.5
GLDX11,GLDX11,106.24,-0.57,2142,,https://icons.brapi.dev/icons/BRAPI.svg,Miscellaneous,,fund,etf,ETF,227566.08
LIGT3F,LIGHT S.A.,3.7,1.09,2101,5750136836.0,https://icons.brapi.dev/icons/BRAPI.svg,Utilities,,stock,stock,AÇÃO B3,7773.700000000001
CSED3F,CRUZEIRO DO SUL EDUCACIONAL S.A.,5.58,7.31,2061,2034147524.0,https://icons.brapi.dev/icons/BRAPI.svg,Consumer Services,,stock,stock,AÇÃO B3,11500.380000000001
DASA3F,DIAGNOSTICOS DA AMERICA S.A.,2.81,2.18,2059,3523999560.0,https://icons.brapi.dev/icons/BRAPI.svg,Health Services,,stock,stock,AÇÃO B3,5785.79
CAUT11,CAUT11,99.0,-1.0,2040,,https://icons.brapi.dev/icons/BRAPI.svg,,,fund,fidc,FIDC,201960.0
QUBT34,QUBT34,41.0,1.26,2026,9273853826.086958,https://icons.brapi.dev/icons/BRAPI.svg,Technology Services,,bdr,bdr,AÇÃO GLOBAL / BDR,83066.0
NEXT34,NEXT34,106.01,-1.03,2017,890195231851.6624,https://icons.brapi.dev/icons/BRAPI.svg,Utilities,,bdr,bdr,AÇÃO GLOBAL / BDR,213822.17
ABTC11,ABTC11,121.31,-1.49,2008,,https://icons.brapi.dev/icons/BRAPI.svg,Miscellaneous,,fund,etf,ETF,243590.48
VHFA11,VHFA11,10.59,0.0,2008,,https://icons.brapi.dev/icons/BRAPI.svg,,,fund,fi-agro,FIAGRO,21264.72
DVER11,DVER11,13.33,0.53,2001,,https://icons.brapi.dev/icons/BRAPI.svg,Miscellaneous,,fund,etf,ETF,26673.33
C2EM34,C2EM34,54.4,0.93,2000,85288537915.64195,https://icons.brapi.dev/icons/BRAPI.svg,Non-Energy Minerals,,bdr,bdr,AÇÃO GLOBAL / BDR,108800.0
I1FO34,I1FO34,30.92,-1.18,2000,247844453501.65195,https://icons.brapi.dev/icons/BRAPI.svg,Technology Services,,bdr,bdr,AÇÃO GLOBAL / BDR,61840.0
ECOM3,ECOM3,1.12,-1.75,2000,44070704.0,https://icons.brapi.dev/icons/BRAPI.svg,Technology Services,,stock,stock,AÇÃO B3,2240.0
ARML3F,ARMAC LOCAÇÃO. LOGÍSTICA E SERVIÇOS S.A.,3.63,-5.71,1979,1330537236.0,https://icons.brapi.dev/icons/BRAPI.svg,Finance,,stock,stock,AÇÃO B3,7183.7699999999995
GGPS3F,GPS PARTICIPACOES E EMPREENDIMENTOS S.A.,13.15,0.61,1976,9848268486.0,https://icons.brapi.dev/icons/BRAPI.svg,Commercial Services,,stock,stock,AÇÃO B3,25984.4
TFCO4F,TRACK & FIELD CO S.A.,12.85,-0.16,1976,1961681245.0,https://icons.brapi.dev/icons/BRAPI.svg,Retail Trade,,stock,stock,AÇÃO B3,25391.6
FIGS11,FIGS11,48.0,-0.23,1976,,https://icons.brapi.dev/icons/BRAPI.svg,,Shoppings,fund,fii,FII,94848.0
BRSR3F,BCO ESTADO DO RIO GRANDE DO SUL S.A.,17.78,-1.44,1968,6680411228.0,https://icons.brapi.dev/icons/BRAPI.svg,Finance,,stock,stock,AÇÃO B3,34991.04
N1BI34,N1BI34,40.04,-0.6,1955,80924183795.39642,https://icons.brapi.dev/icons/BRAPI.svg,Health Technology,,bdr,bdr,AÇÃO GLOBAL / BDR,78278.2
BEST11,BEST11,116.56,0.24,1950,,https://icons.brapi.dev/icons/BRAPI.svg,Miscellaneous,,fund,etf,ETF,227292.0
ISAE3,ISA ENERGIA BRASIL S.A,32.6,-1.36,1900,20649211478.0,https://icons.brapi.dev/icons/ISAE3.svg,Utilities,Energia Elétrica,stock,stock,AÇÃO B3,61940.0
RCSL4F,RECRUSUL S.A.,0.42,-4.55,1896,52608343.0,https://icons.brapi.dev/icons/BRAPI.svg,Producer Manufacturing,,stock,stock,AÇÃO B3,796.3199999999999
CARE11,CARE11,4.0,0.0,1888,,https://icons.brapi.dev/icons/BRAPI.svg,Miscellaneous,Multicategoria,fund,fii,FII,7552.0
JEPI39,JPMORGAN EQUITY PREMIUM INCOME ETF,49.55,1.23,1877,,https://icons.brapi.dev/icons/BRAPI.svg,,,bdr,bdr,AÇÃO GLOBAL / BDR,93005.34999999999
U2PS34,U2PS34,7.15,-1.65,1877,13962306695.652174,https://icons.brapi.dev/icons/BRAPI.svg,Finance,,bdr,bdr,AÇÃO GLOBAL / BDR,13420.550000000001
MLAS3F,GRUPO MULTI S.A.,1.85,-2.63,1868,1511524062.0,https://icons.brapi.dev/icons/BRAPI.svg,Electronic Technology,,stock,stock,AÇÃO B3,3455.8
DOTZ3F,DOTZ S.A.,10.26,-6.64,1843,136683493.0,https://icons.brapi.dev/icons/BRAPI.svg,Technology Services,,stock,stock,AÇÃO B3,18909.18
JSLG3F,JSL S.A.,5.7,-3.72,1835,1657116102.0,https://icons.brapi.dev/icons/BRAPI.svg,Transportation,,stock,stock,AÇÃO B3,10459.5
F1SL34,F1SL34,10.56,-2.04,1829,16777427554.987211,https://icons.brapi.dev/icons/BRAPI.svg,Technology Services,,bdr,bdr,AÇÃO GLOBAL / BDR,19314.24
LPSB3F,LPS BRASIL - CONSULTORIA DE IMOVEIS S.A.,1.28,-1.54,1811,187753475.0,https://icons.brapi.dev/icons/BRAPI.svg,Commercial Services,,stock,stock,AÇÃO B3,2318.08
JCCJ11,JCCJ11,144.5,-5.54,1808,,https://icons.brapi.dev/icons/BRAPI.svg,,Shoppings,fund,fii,FII,261256.0
NUIF11,NUIF11,84.2,-2.09,1762,,https://icons.brapi.dev/icons/BRAPI.svg,,,fund,fi-infra,FI-INFRA,148360.4
BRAP3F,BRADESPAR S.A.,19.52,1.77,1761,8398003592.999999,https://icons.brapi.dev/icons/BRAPI.svg,Finance,,stock,stock,AÇÃO B3,34374.72
ALUP4F,ALUPAR INVESTIMENTO S/A,10.99,-4.85,1723,11088647570.0,https://icons.brapi.dev/icons/BRAPI.svg,Utilities,,stock,stock,AÇÃO B3,18935.77
AMAR3F,MARISA LOJAS S.A.,0.78,1.3,1720,410802301.0,https://icons.brapi.dev/icons/BRAPI.svg,Retail Trade,,stock,stock,AÇÃO B3,1341.6000000000001
QQQQ11,QQQQ11,131.73,1.28,1702,,https://icons.brapi.dev/icons/BRAPI.svg,Miscellaneous,,fund,etf,ETF,224204.46
EALT4,ELECTRO ACO ALTONA S.A.,11.19,0.99,1700,272163787.0,https://icons.brapi.dev/icons/BRAPI.svg,Producer Manufacturing,,stock,stock,AÇÃO B3,19023.0
PATI3,PANATLANTICA S.A.,28.99,-6.12,1700,695214226.0,https://icons.brapi.dev/icons/PATI3.svg,Producer Manufacturing,Artefatos de Ferro e Aço,stock,stock,AÇÃO B3,49283.0
CEBR3F,CIA ENERGETICA DE BRASILIA,23.54,0.6,1695,1802756158.0,https://icons.brapi.dev/icons/BRAPI.svg,Utilities,,stock,stock,AÇÃO B3,39900.299999999996
GILD34,GILD34,64.26,0.02,1693,957682920547.3147,https://icons.brapi.dev/icons/BRAPI.svg,Health Technology,,bdr,bdr,AÇÃO GLOBAL / BDR,108792.18000000001
BIVB39,ISHARES CORE S&P 500 ETF,100.37,1.36,1653,,https://icons.brapi.dev/icons/BRAPI.svg,Miscellaneous,,bdr,bdr,AÇÃO GLOBAL / BDR,165911.61000000002
GLDI11,GLDI11,58.1,-0.22,1650,,https://icons.brapi.dev/icons/BRAPI.svg,Miscellaneous,,fund,etf,ETF,95865.0
BRST3F,BRISANET SERVIÇOS DE TELECOMUNICAÇÕES S.A.,2.88,0.0,1625,1235181227.0,https://icons.brapi.dev/icons/BRAPI.svg,Communications,,stock,stock,AÇÃO B3,4680.0
CXCO11,CXCO11,69.9,-0.81,1620,,https://icons.brapi.dev/icons/CXCO11.svg,,Multicategoria,fund,fii,FII,113238.00000000001
IBOB11,IBOB11,152.44,-0.14,1610,,https://icons.brapi.dev/icons/BRAPI.svg,Miscellaneous,,fund,etf,ETF,245428.4
PFRM3F,PROFARMA DISTRIB PROD FARMACEUTICOS S.A.,7.72,2.66,1594,964946755.0,https://icons.brapi.dev/icons/BRAPI.svg,Distribution Services,,stock,stock,AÇÃO B3,12305.68
BLMG11,BLMG11,31.69,-0.97,1580,,https://icons.brapi.dev/icons/BLMG11.svg,,Multicategoria,fund,fii,FII,50070.200000000004
BPAC3F,BCO BTG PACTUAL S.A.,23.2,-0.04,1569,230444855888.0,https://icons.brapi.dev/icons/BRAPI.svg,Finance,,stock,stock,AÇÃO B3,36400.799999999996
ENDD11,ENDD11,111.9,2.66,1567,,https://icons.brapi.dev/icons/BRAPI.svg,,,fund,fip,FIP,175347.30000000002
BNDX11,BNDX11,97.33,0.65,1556,,https://icons.brapi.dev/icons/BRAPI.svg,Miscellaneous,,fund,etf,ETF,151445.48
GENB11,GENB11,19.02,0.16,1555,,https://icons.brapi.dev/icons/BRAPI.svg,Miscellaneous,,fund,etf,ETF,29576.1
BBGO11,BBGO11,63.62,-0.44,1547,,https://icons.brapi.dev/icons/BRAPI.svg,Miscellaneous,Outros,fund,fi-agro,FIAGRO,98420.14
U2ST34,U2ST34,10.16,-4.96,1541,93780586613.81075,https://icons.brapi.dev/icons/BRAPI.svg,Technology Services,,bdr,bdr,AÇÃO GLOBAL / BDR,15656.56
BCIR39,FIRST TRUST NASDAQ CYBERSECURITY ETF,97.6,0.72,1537,,https://icons.brapi.dev/icons/BRAPI.svg,Miscellaneous,,bdr,bdr,AÇÃO GLOBAL / BDR,150011.19999999998
VVEO3F,CM HOSPITALAR S.A.,0.79,2.6,1526,240014319.0,https://icons.brapi.dev/icons/BRAPI.svg,Distribution Services,,stock,stock,AÇÃO B3,1205.54
BRKM3F,BRASKEM S.A.,4.34,-1.36,1509,3585072481.0,https://icons.brapi.dev/icons/BRAPI.svg,Process Industries,,stock,stock,AÇÃO B3,6549.0599999999995
U1AI34,U1AI34,25.62,-7.17,1504,11397957406.649616,https://icons.brapi.dev/icons/BRAPI.svg,Consumer Non-Durables,,bdr,bdr,AÇÃO GLOBAL / BDR,38532.48
EMAE4,EMAE - EMPRESA METROP.AGUAS ENERGIA S.A.,34.3,-1.27,1500,2968692755.0,https://icons.brapi.dev/icons/BRAPI.svg,Utilities,,stock,stock,AÇÃO B3,51449.99999999999
I1VZ34,I1VZ34,163.96,-4.7,1500,74682341693.09462,https://icons.brapi.dev/icons/BRAPI.svg,Finance,,bdr,bdr,AÇÃO GLOBAL / BDR,245940.0
TELB3,TELEC BRASILEIRAS S.A. TELEBRAS,17.86,-1.05,1500,1641947177.0,https://icons.brapi.dev/icons/TELB3.svg,Communications,Telecomunicações,stock,stock,AÇÃO B3,26790.0
MWET4,WETZEL S.A.,31.89,0.28,1500,51018536.0,https://icons.brapi.dev/icons/BRAPI.svg,Producer Manufacturing,,stock,stock,AÇÃO B3,47835.0
OURO11,OURO11,100.18,-0.82,1491,,https://icons.brapi.dev/icons/BRAPI.svg,Miscellaneous,,fund,etf,ETF,149368.38
IBBP11,IBBP11,7.92,-0.5,1449,,https://icons.brapi.dev/icons/BRAPI.svg,,Logística,fund,fii,FII,11476.08
BIDB11,BIDB11,75.32,0.79,1442,,https://icons.brapi.dev/icons/BRAPI.svg,Miscellaneous,,fund,etf,ETF,108611.43999999999
C1CJ34,C1CJ34,103.4,1.08,1440,224998763297.1622,https://icons.brapi.dev/icons/BRAPI.svg,Non-Energy Minerals,,bdr,bdr,AÇÃO GLOBAL / BDR,148896.0
INRD11,INRD11,72.65,-1.16,1433,,https://icons.brapi.dev/icons/BRAPI.svg,,Residencial,fund,fii,FII,104107.45000000001
E2NP34,E2NP34,7.44,0.27,1418,24583633478.260868,https://icons.brapi.dev/icons/BRAPI.svg,Producer Manufacturing,,bdr,bdr,AÇÃO GLOBAL / BDR,10549.92
R2BL34,R2BL34,19.02,-10.2,1411,158258939544.75705,https://icons.brapi.dev/icons/BRAPI.svg,Technology Services,,bdr,bdr,AÇÃO GLOBAL / BDR,26837.22
COLG34,COLG34,65.53,0.12,1408,361969442143.2225,https://icons.brapi.dev/icons/BRAPI.svg,Consumer Non-Durables,,bdr,bdr,AÇÃO GLOBAL / BDR,92266.24
ABCB10,BCO ABC BRASIL S.A.,25.5,1.19,1400,6383090029.0,https://icons.brapi.dev/icons/BRAPI.svg,Finance,,stock,stock,AÇÃO B3,35700.0
CEBR5F,CIA ENERGETICA DE BRASILIA,23.6,0.6,1384,1802756158.0,https://icons.brapi.dev/icons/BRAPI.svg,Utilities,,stock,stock,AÇÃO B3,32662.4
FSLR34,FSLR34,52.3,-1.45,1362,112389758291.5601,https://icons.brapi.dev/icons/BRAPI.svg,Electronic Technology,,bdr,bdr,AÇÃO GLOBAL / BDR,71232.59999999999
NBIT11,NBIT11,32.12,-1.74,1358,,https://icons.brapi.dev/icons/BRAPI.svg,Miscellaneous,,fund,etf,ETF,43618.96
HBSA3F,HIDROVIAS DO BRASIL S.A.,3.38,-1.17,1349,4652508488.0,https://icons.brapi.dev/icons/BRAPI.svg,Transportation,,stock,stock,AÇÃO B3,4559.62
BEES4F,BANESTES S.A. - BCO EST ESPIRITO SANTO,9.1,-0.44,1311,3086619491.0,https://icons.brapi.dev/icons/BRAPI.svg,Finance,,stock,stock,AÇÃO B3,11930.1
EQPA3F,EQUATORIAL PARA DISTRIBUIDORA DE ENERGIA S.A.,5.55,-0.72,1306,12205965769.0,https://icons.brapi.dev/icons/BRAPI.svg,Utilities,,stock,stock,AÇÃO B3,7248.3
BEWG39,ISHARES MSCI GERMANY ETF,74.9,0.85,1302,,https://icons.brapi.dev/icons/BRAPI.svg,Miscellaneous,,bdr,bdr,AÇÃO GLOBAL / BDR,97519.8
TELB4,TELEC BRASILEIRAS S.A. TELEBRAS,8.11,0.62,1300,1641947177.0,https://icons.brapi.dev/icons/BRAPI.svg,Communications,,stock,stock,AÇÃO B3,10543.0
BRSR5,BCO ESTADO DO RIO GRANDE DO SUL S.A.,18.0,0.0,1300,6680411228.0,https://icons.brapi.dev/icons/BRAPI.svg,Finance,,stock,stock,AÇÃO B3,23400.0
NUTR3,NUTRIPLANT INDUSTRIA E COMERCIO S.A.,2.17,-0.46,1300,28872554.0,https://icons.brapi.dev/icons/NUTR3.svg,Process Industries,Fertilizantes e Defensivos,stock,stock,AÇÃO B3,2821.0
AURO11,AURO11,97.1,0.05,1293,,https://icons.brapi.dev/icons/BRAPI.svg,Miscellaneous,,fund,etf,ETF,125550.29999999999
L1YG34,L1YG34,30.46,-1.77,1270,450797190806.75195,https://icons.brapi.dev/icons/BRAPI.svg,Finance,,bdr,bdr,AÇÃO GLOBAL / BDR,38684.200000000004
AXPB34,AXPB34,166.11,-1.5,1254,1126644764987.2124,https://icons.brapi.dev/icons/BRAPI.svg,Finance,,bdr,bdr,AÇÃO GLOBAL / BDR,208301.94000000003
JASC11,JASC11,100.0,0.0,1251,,https://icons.brapi.dev/icons/BRAPI.svg,,Varejo,fund,fii,FII,125100.0
PICE11,PICE11,33.0,3.81,1245,,https://icons.brapi.dev/icons/BRAPI.svg,,,fund,fip,FIP,41085.0
TMPS11,TMPS11,72.23,0.31,1242,,https://icons.brapi.dev/icons/BRAPI.svg,,Outros,fund,fii,FII,89709.66
AMGN34,AMGN34,80.23,0.87,1239,1209107640030.6904,https://icons.brapi.dev/icons/BRAPI.svg,Health Technology,,bdr,bdr,AÇÃO GLOBAL / BDR,99404.97
BCIA11,BCIA11,87.71,0.24,1238,,https://icons.brapi.dev/icons/BRAPI.svg,,Multicategoria,fund,fii,FII,108584.98
BEWU39,ISHARES MSCI UNITED KINGDOM ETF,83.33,0.77,1231,,https://icons.brapi.dev/icons/BRAPI.svg,Miscellaneous,,bdr,bdr,AÇÃO GLOBAL / BDR,102579.23
E1TN34,E1TN34,150.0,4.02,1227,816236009529.4116,https://icons.brapi.dev/icons/BRAPI.svg,Producer Manufacturing,,bdr,bdr,AÇÃO GLOBAL / BDR,184050.0
T2ER34,T2ER34,101.41,5.03,1220,285515783355.4987,https://icons.brapi.dev/icons/BRAPI.svg,Electronic Technology,,bdr,bdr,AÇÃO GLOBAL / BDR,123720.2
CRPT11,CRPT11,12.7,0.55,1203,,https://icons.brapi.dev/icons/BRAPI.svg,Miscellaneous,,fund,etf,ETF,15278.099999999999
FICT3F,FICTOR ALIMENTOS S.A,0.2,5.26,1201,7895197.0,https://icons.brapi.dev/icons/BRAPI.svg,Commercial Services,,stock,stock,AÇÃO B3,240.20000000000002
ALPA3,ALPARGATAS S.A.,10.2,0.0,1200,8002278657.0,https://icons.brapi.dev/icons/ALPA3.svg,Consumer Non-Durables,Calçados,stock,stock,AÇÃO B3,12240.0
BOBR4,BOMBRIL S.A.,1.29,6.61,1200,316791456.0,https://icons.brapi.dev/icons/BRAPI.svg,Consumer Non-Durables,,stock,stock,AÇÃO B3,1548.0
MMMC34,MMMC34,216.67,1.28,1168,444655593483.3759,https://icons.brapi.dev/icons/BRAPI.svg,Producer Manufacturing,,bdr,bdr,AÇÃO GLOBAL / BDR,253070.56
CEOC11,CEOC11,41.0,1.18,1165,,https://icons.brapi.dev/icons/BRAPI.svg,,Escritórios,fund,fii,FII,47765.0
AERI3F,AERIS IND. E COM. DE EQUIP. GERACAO DE ENERGIA S/A,2.13,1.91,1162,128588796.0,https://icons.brapi.dev/icons/BRAPI.svg,Producer Manufacturing,,stock,stock,AÇÃO B3,2475.06
PTBL3F,PBG S/A,1.71,2.4,1151,224521593.0,https://icons.brapi.dev/icons/BRAPI.svg,Producer Manufacturing,,stock,stock,AÇÃO B3,1968.21
BIVE39,ISHARES S&P 500 VALUE ETF,81.12,0.09,1145,,https://icons.brapi.dev/icons/BRAPI.svg,Miscellaneous,,bdr,bdr,AÇÃO GLOBAL / BDR,92882.40000000001
REGN34,REGN34,70.7,-1.19,1136,435897177595.90796,https://icons.brapi.dev/icons/BRAPI.svg,Health Technology,,bdr,bdr,AÇÃO GLOBAL / BDR,80315.2
BNKS11,BNKS11,50.55,0.22,1133,,https://icons.brapi.dev/icons/BRAPI.svg,Miscellaneous,,fund,etf,ETF,57273.149999999994
D2AR34,D2AR34,41.27,3.75,1127,52619808572.89003,https://icons.brapi.dev/icons/BRAPI.svg,Consumer Non-Durables,,bdr,bdr,AÇÃO GLOBAL / BDR,46511.29
A1DI34,A1DI34,46.3,2.21,1111,897871293907.9283,https://icons.brapi.dev/icons/BRAPI.svg,Electronic Technology,,bdr,bdr,AÇÃO GLOBAL / BDR,51439.299999999996
RIOT34,RIOT34,531.57,1.5,1110,904336994057.3787,https://icons.brapi.dev/icons/BRAPI.svg,Non-Energy Minerals,,bdr,bdr,AÇÃO GLOBAL / BDR,590042.7000000001
WHRL4F,WHIRLPOOL S.A.,3.8,-2.06,1105,5543669966.0,https://icons.brapi.dev/icons/BRAPI.svg,Consumer Durables,,stock,stock,AÇÃO B3,4199.0
CEBR6,CIA ENERGETICA DE BRASILIA,27.08,-1.71,1100,1802756158.0,https://icons.brapi.dev/icons/BRAPI.svg,Utilities,,stock,stock,AÇÃO B3,29787.999999999996
M1CH34,M1CH34,190.71,2.39,1099,206009983820.9719,https://icons.brapi.dev/icons/BRAPI.svg,Electronic Technology,,bdr,bdr,AÇÃO GLOBAL / BDR,209590.29
HGBL11,HGBL11,8.59,-0.12,1086,,https://icons.brapi.dev/icons/HGBL11.svg,,Logística,fund,fii,FII,9328.74
ALUP3F,ALUPAR INVESTIMENTO S/A,11.61,0.09,1085,11088647570.0,https://icons.brapi.dev/icons/BRAPI.svg,Utilities,,stock,stock,AÇÃO B3,12596.849999999999
DEXP3F,DEXXOS PARTICIPACOES S.A.,7.56,0.8,1084,917781413.0,https://icons.brapi.dev/icons/BRAPI.svg,Process Industries,,stock,stock,AÇÃO B3,8195.039999999999
C1CL34,C1CL34,120.57,1.08,1083,164708195897.69824,https://icons.brapi.dev/icons/BRAPI.svg,Consumer Services,,bdr,bdr,AÇÃO GLOBAL / BDR,130577.31
VVCR11,VVCR11,7.8,-0.13,1082,,https://icons.brapi.dev/icons/BRAPI.svg,Miscellaneous,Multicategoria,fund,fii,FII,8439.6
VITT3F,VITTIA S.A.,3.24,1.25,1077,509015642.0,https://icons.brapi.dev/icons/BRAPI.svg,Process Industries,,stock,stock,AÇÃO B3,3489.48
CXCI11,CXCI11,64.87,0.03,1075,,https://icons.brapi.dev/icons/BRAPI.svg,Miscellaneous,Multicategoria,fund,fii,FII,69735.25
C2CA34,C2CA34,114.48,-1.34,1055,29954772328.458313,https://icons.brapi.dev/icons/BRAPI.svg,Consumer Non-Durables,,bdr,bdr,AÇÃO GLOBAL / BDR,120776.40000000001
BITB39,ISHARES U.S. HOME CONSTRUCTION ETF,83.21,0.79,1051,,https://icons.brapi.dev/icons/BRAPI.svg,Miscellaneous,,bdr,bdr,AÇÃO GLOBAL / BDR,87453.70999999999
V1RT34,V1RT34,143.39,4.34,1047,552433434199.4885,https://icons.brapi.dev/icons/BRAPI.svg,Electronic Technology,,bdr,bdr,AÇÃO GLOBAL / BDR,150129.33
PIBB11,PIBB11,331.15,-0.03,1045,,https://icons.brapi.dev/icons/BRAPI.svg,Miscellaneous,,fund,etf,ETF,346051.75
A2MB34,A2MB34,13.0,-0.54,1034,14111867063.938618,https://icons.brapi.dev/icons/BRAPI.svg,Electronic Technology,,bdr,bdr,AÇÃO GLOBAL / BDR,13442.0
B1AM34,B1AM34,51.7,0.39,1028,460752233217.6006,https://icons.brapi.dev/icons/BRAPI.svg,Finance,,bdr,bdr,AÇÃO GLOBAL / BDR,53147.600000000006
HALI34,HALI34,190.19,-1.28,1026,157975153974.42456,https://icons.brapi.dev/icons/BRAPI.svg,Industrial Services,,bdr,bdr,AÇÃO GLOBAL / BDR,195134.94
TOST34,TOST34,43.64,0.32,1023,100894887176.4706,https://icons.brapi.dev/icons/BRAPI.svg,Technology Services,,bdr,bdr,AÇÃO GLOBAL / BDR,44643.72
VSTE3F,VESTE S.A. ESTILO,2.45,-12.19,1017,274401244.0,https://icons.brapi.dev/icons/BRAPI.svg,Consumer Non-Durables,,stock,stock,AÇÃO B3,2491.65
MILS3F,MILLS LOCAÇÃO. SERVIÇOS E LOGÍSTICA S.A,15.68,-0.13,1017,3622694275.0,https://icons.brapi.dev/icons/BRAPI.svg,Finance,,stock,stock,AÇÃO B3,15946.56
D2AS34,D2AS34,72.8,-6.28,1010,469297553524.2967,https://icons.brapi.dev/icons/BRAPI.svg,Transportation,,bdr,bdr,AÇÃO GLOBAL / BDR,73528.0
TXSA34,TXSA34,298.5,0.81,1008,58239617907.92839,https://icons.brapi.dev/icons/BRAPI.svg,Non-Energy Minerals,,bdr,bdr,AÇÃO GLOBAL / BDR,300888.0
A1DM34,A1DM34,53.76,0.96,1003,208586197462.91562,https://icons.brapi.dev/icons/BRAPI.svg,Process Industries,,bdr,bdr,AÇÃO GLOBAL / BDR,53921.28
C1NS34,C1NS34,115.21,-1.72,1001,25076647498.72123,https://icons.brapi.dev/icons/BRAPI.svg,Process Industries,,bdr,bdr,AÇÃO GLOBAL / BDR,115325.20999999999
SPYR11,SPYR11,117.49,-0.41,1001,,https://icons.brapi.dev/icons/BRAPI.svg,Miscellaneous,,fund,etf,ETF,117607.48999999999
HAGA4,HAGA S.A. INDUSTRIA E COMERCIO,1.95,-0.51,1000,25902334.0,https://icons.brapi.dev/icons/BRAPI.svg,Consumer Durables,,stock,stock,AÇÃO B3,1950.0
S1MF34,S1MF34,139.16,-1.0,1000,880685423465.7579,https://icons.brapi.dev/icons/BRAPI.svg,Finance,,bdr,bdr,AÇÃO GLOBAL / BDR,139160.0
FDES11,FDES11,0.39,0.0,1000,,https://icons.brapi.dev/icons/BRAPI.svg,,,fund,etf,ETF,390.0
FSPE11,FSPE11,0.29,0.0,1000,,https://icons.brapi.dev/icons/BRAPI.svg,Finance,,fund,etf,ETF,290.0
P2AX34,P2AX34,28.71,-0.83,1000,9196560194.373402,https://icons.brapi.dev/icons/BRAPI.svg,Finance,,bdr,bdr,AÇÃO GLOBAL / BDR,28710.0
B2UR34,B2UR34,45.32,1.36,1000,85251945647.05884,https://icons.brapi.dev/icons/BRAPI.svg,Retail Trade,,bdr,bdr,AÇÃO GLOBAL / BDR,45320.0
E2AG34,E2AG34,63.0,-5.97,1000,30515277652.173912,https://icons.brapi.dev/icons/BRAPI.svg,Non-Energy Minerals,,bdr,bdr,AÇÃO GLOBAL / BDR,63000.0
A1PD34,A1PD34,65.0,-2.56,1000,343163517462.9156,https://icons.brapi.dev/icons/BRAPI.svg,Process Industries,,bdr,bdr,AÇÃO GLOBAL / BDR,65000.0
A1WK34,A1WK34,59.83,1.36,1000,143023877728.90027,https://icons.brapi.dev/icons/BRAPI.svg,Utilities,,bdr,bdr,AÇÃO GLOBAL / BDR,59830.0
P2LN34,P2LN34,32.37,-2.88,1000,19654026716.112534,https://icons.brapi.dev/icons/BRAPI.svg,Consumer Services,,bdr,bdr,AÇÃO GLOBAL / BDR,32369.999999999996
TASA3F,TAURUS ARMAS S.A.,5.67,1.61,997,786290641.0,https://icons.brapi.dev/icons/BRAPI.svg,Electronic Technology,,stock,stock,AÇÃO B3,5652.99
DAYM11,DAYM11,3.96,-0.5,985,,https://icons.brapi.dev/icons/BRAPI.svg,Miscellaneous,,fund,fii,FII,3900.6
GXUS11,GXUS11,114.92,0.76,971,,https://icons.brapi.dev/icons/BRAPI.svg,Miscellaneous,,fund,etf,ETF,111587.32
TRPL11,TRPL11,1.14,0.0,970,,https://icons.brapi.dev/icons/BRAPI.svg,,Multicategoria,fund,fii,FII,1105.8
EUCA4F,EUCATEX S.A. INDUSTRIA E COMERCIO,21.34,2.2,963,1955344901.0,https://icons.brapi.dev/icons/BRAPI.svg,Non-Energy Minerals,,stock,stock,AÇÃO B3,20550.42
W1DA34,W1DA34,63.24,-4.56,948,241357485329.92328,https://icons.brapi.dev/icons/BRAPI.svg,Technology Services,,bdr,bdr,AÇÃO GLOBAL / BDR,59951.520000000004
BSLT11,BSLT11,59.43,-0.12,937,,https://icons.brapi.dev/icons/BRAPI.svg,,,fund,fii,FII,55685.909999999996
NAVT11,NAVT11,63.44,-2.31,936,,https://icons.brapi.dev/icons/BRAPI.svg,,,fund,fii,FII,59379.84
ENJU3F,ENJOEI S.A.,0.76,4.11,929,153763493.0,https://icons.brapi.dev/icons/BRAPI.svg,Retail Trade,,stock,stock,AÇÃO B3,706.04
BEWA39,ISHARES MSCI AUSTRALIA ETF,51.5,0.0,925,,https://icons.brapi.dev/icons/BRAPI.svg,Miscellaneous,,bdr,bdr,AÇÃO GLOBAL / BDR,47637.5
BIYE39,ISHARES U.S. ENERGY ETF,116.03,-1.0,922,,https://icons.brapi.dev/icons/BRAPI.svg,Miscellaneous,,bdr,bdr,AÇÃO GLOBAL / BDR,106979.66
BSLI3F,BRB BCO DE BRASILIA S.A.,2.6,-1.89,921,1260869543.0,https://icons.brapi.dev/icons/BRAPI.svg,Finance,,stock,stock,AÇÃO B3,2394.6
N2LY34,N2LY34,117.95,0.61,916,87939772061.38109,https://icons.brapi.dev/icons/BRAPI.svg,Finance,,bdr,bdr,AÇÃO GLOBAL / BDR,108042.2
F2IC34,F2IC34,107.25,-19.35,915,102990341007.67264,https://icons.brapi.dev/icons/BRAPI.svg,Commercial Services,,bdr,bdr,AÇÃO GLOBAL / BDR,98133.75
ETER3F,ETERNIT S.A.,3.77,0.0,909,231625443.0,https://icons.brapi.dev/icons/BRAPI.svg,Non-Energy Minerals,,stock,stock,AÇÃO B3,3426.93
WEB311,WEB311,15.73,-0.44,906,,https://icons.brapi.dev/icons/BRAPI.svg,Miscellaneous,,fund,etf,ETF,14251.380000000001
GMCO34,GMCO34,111.0,-0.12,903,393888229447.57025,https://icons.brapi.dev/icons/BRAPI.svg,Consumer Durables,,bdr,bdr,AÇÃO GLOBAL / BDR,100233.0
ETHA39,ISHARES ETHEREUM TRUST ETF,31.57,-2.53,900,,https://icons.brapi.dev/icons/BRAPI.svg,Miscellaneous,,bdr,bdr,AÇÃO GLOBAL / BDR,28413.0
BIEO39,ISHARES US OIL & GAS EXPLORATION & PRODUCTION ETF,70.66,-1.17,900,,https://icons.brapi.dev/icons/BRAPI.svg,Miscellaneous,,bdr,bdr,AÇÃO GLOBAL / BDR,63594.0
BFCG39,FIRST TRUST NATURAL GAS ETF,79.25,-0.44,900,,https://icons.brapi.dev/icons/BRAPI.svg,Miscellaneous,,bdr,bdr,AÇÃO GLOBAL / BDR,71325.0
WLMM4,WLM PART. E COMÉRCIO DE MÁQUINAS E VEÍCULOS S.A.,15.7,-0.63,900,637829478.0,https://icons.brapi.dev/icons/BRAPI.svg,Distribution Services,,stock,stock,AÇÃO B3,14130.0
CCTY3,BELORA RDVC CITY DESENVOLVIMENTO  IMOBILIÁRIO S.A.,5.75,-0.35,900,882418.0,https://icons.brapi.dev/icons/BRAPI.svg,Consumer Durables,,stock,stock,AÇÃO B3,5175.0
C1GP34,C1GP34,1.59,-1.85,879,64064745754.4757,https://icons.brapi.dev/icons/BRAPI.svg,Technology Services,,bdr,bdr,AÇÃO GLOBAL / BDR,1397.6100000000001
DESK3F,DESKTOP S.A.,18.76,0.81,870,2191245096.0,https://icons.brapi.dev/icons/BRAPI.svg,Communications,,stock,stock,AÇÃO B3,16321.2
ISAE3F,ISA ENERGIA BRASIL S.A,32.59,-1.24,868,20649211478.0,https://icons.brapi.dev/icons/BRAPI.svg,Utilities,,stock,stock,AÇÃO B3,28288.120000000003
XSPI11,XSPI11,106.84,0.1,852,,https://icons.brapi.dev/icons/BRAPI.svg,Miscellaneous,,fund,etf,ETF,91027.68000000001
CHPX39,CHPX39,48.71,3.42,850,,https://icons.brapi.dev/icons/BRAPI.svg,,,bdr,bdr,AÇÃO GLOBAL / BDR,41403.5
RENT4F,LOCALIZA RENT A CAR S.A.,36.07,0.84,845,39437292488.0,https://icons.brapi.dev/icons/BRAPI.svg,Finance,,stock,stock,AÇÃO B3,30479.15
ALPK3F,ALLPARK EMPREENDIMENTOS PARTICIPACOES SERVICOS S.A,4.6,-1.29,841,986875832.0,https://icons.brapi.dev/icons/BRAPI.svg,Consumer Services,,stock,stock,AÇÃO B3,3868.6
BEZU39,ISHARES MSCI EUROZONE ETF,89.88,-1.91,831,,https://icons.brapi.dev/icons/BRAPI.svg,Miscellaneous,,bdr,bdr,AÇÃO GLOBAL / BDR,74690.28
WEST3F,WESTWING COMERCIO VAREJISTA S.A.,2.85,-1.72,816,32249425.000000004,https://icons.brapi.dev/icons/BRAPI.svg,Retail Trade,,stock,stock,AÇÃO B3,2325.6
APXM11,APXM11,52.0,-4.59,816,,https://icons.brapi.dev/icons/BRAPI.svg,,Shoppings,fund,fii,FII,42432.0
UNIP3F,UNIPAR CARBOCLORO S.A.,56.65,0.8,809,6417768805.0,https://icons.brapi.dev/icons/BRAPI.svg,Process Industries,,stock,stock,AÇÃO B3,45829.85
RBDS11,RBDS11,1.71,-18.57,807,,https://icons.brapi.dev/icons/BRAPI.svg,Miscellaneous,Residencial,fund,fii,FII,1379.97
A1IV34,A1IV34,13.24,0.53,806,1901823207.1611254,https://icons.brapi.dev/icons/BRAPI.svg,Finance,,bdr,bdr,AÇÃO GLOBAL / BDR,10671.44
VRTX34,VRTX34,87.74,-1.33,800,708031087554.9873,https://icons.brapi.dev/icons/BRAPI.svg,Health Technology,,bdr,bdr,AÇÃO GLOBAL / BDR,70192.0
MGEL4,MANGELS INDUSTRIAL S.A.,5.34,1.71,800,172963990.0,https://icons.brapi.dev/icons/BRAPI.svg,Producer Manufacturing,,stock,stock,AÇÃO B3,4272.0
ESTR4,MANUFATURA DE BRINQUEDOS ESTRELA S.A.,1.39,-3.47,800,8299060.000000001,https://icons.brapi.dev/icons/BRAPI.svg,Consumer Durables,,stock,stock,AÇÃO B3,1112.0
W1BD34,W1BD34,145.18,-0.73,800,362799847457.80054,https://icons.brapi.dev/icons/BRAPI.svg,Consumer Services,,bdr,bdr,AÇÃO GLOBAL / BDR,116144.0
RBRD11,RBRD11,36.85,0.41,798,,https://icons.brapi.dev/icons/BRAPI.svg,Miscellaneous,Multicategoria,fund,fii,FII,29406.300000000003
ENGI4F,ENERGISA S.A.,9.8,0.0,797,19704987917.0,https://icons.brapi.dev/icons/BRAPI.svg,Utilities,,stock,stock,AÇÃO B3,7810.6
ARGT39,GLOBAL X MSCI ARGENTINA ETF,49.25,0.0,796,,https://icons.brapi.dev/icons/BRAPI.svg,Miscellaneous,,bdr,bdr,AÇÃO GLOBAL / BDR,39203.0
BMEB4F,BCO MERCANTIL DO BRASIL S.A.,60.84,1.52,793,6685784460.0,https://icons.brapi.dev/icons/BRAPI.svg,Finance,,stock,stock,AÇÃO B3,48246.12
KNPR11,KNPR11,40.0,17.61,787,,https://icons.brapi.dev/icons/BRAPI.svg,Miscellaneous,Multicategoria,fund,fii,FII,31480.0
NSLU11,NSLU11,176.34,1.58,786,,https://icons.brapi.dev/icons/BRAPI.svg,Miscellaneous,Hospital,fund,fii,FII,138603.24
ZAGH11,ZAGH11,7.37,0.27,781,,https://icons.brapi.dev/icons/ZAGH11.svg,,Multicategoria,fund,fii,FII,5755.97
RCSL3F,RECRUSUL S.A.,0.38,-2.56,773,52608343.0,https://icons.brapi.dev/icons/BRAPI.svg,Producer Manufacturing,,stock,stock,AÇÃO B3,293.74
JFLL11,JFLL11,51.1,-0.78,763,,https://icons.brapi.dev/icons/JFLL11.svg,,Multicategoria,fund,fii,FII,38989.3
ENGI3F,ENERGISA S.A.,12.41,0.49,762,19704987917.0,https://icons.brapi.dev/icons/BRAPI.svg,Utilities,,stock,stock,AÇÃO B3,9456.42
RBRS11,RBRS11,41.68,-5.27,750,,https://icons.brapi.dev/icons/BRAPI.svg,,Residencial,fund,fii,FII,31260.0
S1NA34,S1NA34,492.15,0.75,750,101337535595.90793,https://icons.brapi.dev/icons/BRAPI.svg,Consumer Durables,,bdr,bdr,AÇÃO GLOBAL / BDR,369112.5
M1CK34,M1CK34,72.85,-1.13,749,541498118424.5525,https://icons.brapi.dev/icons/BRAPI.svg,Distribution Services,,bdr,bdr,AÇÃO GLOBAL / BDR,54564.649999999994
NBOV11,NBOV11,128.69,0.04,747,,https://icons.brapi.dev/icons/BRAPI.svg,Miscellaneous,,fund,etf,ETF,96131.43
RNEW4F,RENOVA ENERGIA S.A.,0.88,3.53,724,320879277.0,https://icons.brapi.dev/icons/BRAPI.svg,Utilities,,stock,stock,AÇÃO B3,637.12
TECN3F,TECHNOS S.A.,10.0,1.01,720,566777653.0,https://icons.brapi.dev/icons/BRAPI.svg,Consumer Durables,,stock,stock,AÇÃO B3,7200.0
AAGR11,AAGR11,120.57,-3.51,712,,https://icons.brapi.dev/icons/BRAPI.svg,,,fund,fi-agro,FIAGRO,85845.84
RBIR11,RBIR11,73.5,2.65,711,,https://icons.brapi.dev/icons/RBIR11.svg,,Residencial,fund,fii,FII,52258.5
HOOT4,HOTEIS OTHON S.A.,8.89,9.75,700,70286838.0,https://icons.brapi.dev/icons/BRAPI.svg,Consumer Services,,stock,stock,AÇÃO B3,6223.0
IGTI4,IGUATEMI S.A.,11.32,-3.41,700,7518813770.0,https://icons.brapi.dev/icons/BRAPI.svg,Finance,,stock,stock,AÇÃO B3,7924.0
CMCS34,CMCS34,26.71,-1.8,691,480835705549.87213,https://icons.brapi.dev/icons/BRAPI.svg,Consumer Services,,bdr,bdr,AÇÃO GLOBAL / BDR,18456.61
BSLI4F,BRB BCO DE BRASILIA S.A.,2.65,0.0,679,1260869543.0,https://icons.brapi.dev/icons/BRAPI.svg,Finance,,stock,stock,AÇÃO B3,1799.35
RCRI11,RCRI11,99.77,0.14,674,,https://icons.brapi.dev/icons/BRAPI.svg,,Outros,fund,fii,FII,67244.98
HBRE3F,HBR REALTY EMPREENDIMENTOS IMOBILIARIOS S/A,2.58,-3.01,670,267259469.00000003,https://icons.brapi.dev/icons/BRAPI.svg,Finance,,stock,stock,AÇÃO B3,1728.6000000000001
BAZA3F,BCO AMAZONIA S.A.,68.11,-0.41,666,3820374272.0,https://icons.brapi.dev/icons/BRAPI.svg,Finance,,stock,stock,AÇÃO B3,45361.26
C2RN34,C2RN34,10.84,11.64,665,1973473641.943734,https://icons.brapi.dev/icons/BRAPI.svg,Technology Services,,bdr,bdr,AÇÃO GLOBAL / BDR,7208.599999999999
E1CO34,E1CO34,43.67,0.07,664,180009102393.70206,https://icons.brapi.dev/icons/BRAPI.svg,Energy Minerals,,bdr,bdr,AÇÃO GLOBAL / BDR,28996.88
DAMA11,DAMA11,5.09,3.88,662,,https://icons.brapi.dev/icons/BRAPI.svg,,Multicategoria,fund,fii,FII,3369.58
TCSA3F,TECNISA S.A.,0.67,0.0,659,46380116.0,https://icons.brapi.dev/icons/BRAPI.svg,Finance,,stock,stock,AÇÃO B3,441.53000000000003
ARXD11,ARXD11,7.75,0.78,655,,https://icons.brapi.dev/icons/BRAPI.svg,Miscellaneous,,fund,fii,FII,5076.25
XPCM11,XPCM11,7.95,-1.97,652,,https://icons.brapi.dev/icons/BRAPI.svg,Miscellaneous,Escritórios,fund,fii,FII,5183.400000000001
RNGO11,RNGO11,52.71,-0.08,649,,https://icons.brapi.dev/icons/BRAPI.svg,,Escritórios,fund,fii,FII,34208.79
ARMT34,ARMT34,200.45,3.53,648,297395049141.2035,https://icons.brapi.dev/icons/BRAPI.svg,Non-Energy Minerals,,bdr,bdr,AÇÃO GLOBAL / BDR,129891.59999999999
RZZR11,RZZR11,127.0,-0.69,642,,https://icons.brapi.dev/icons/BRAPI.svg,,Logística,fund,fii,FII,81534.0
N1RG34,N1RG34,60.5,5.94,642,127975706358.05627,https://icons.brapi.dev/icons/BRAPI.svg,Utilities,,bdr,bdr,AÇÃO GLOBAL / BDR,38841.0
SCHW34,SCHW34,70.34,-0.3,640,966747312076.7263,https://icons.brapi.dev/icons/BRAPI.svg,Finance,,bdr,bdr,AÇÃO GLOBAL / BDR,45017.600000000006
S1YK34,S1YK34,79.27,-0.86,638,594744214946.2915,https://icons.brapi.dev/icons/BRAPI.svg,Health Technology,,bdr,bdr,AÇÃO GLOBAL / BDR,50574.259999999995
BEGU39,ISHARES ESG AWARE MSCI USA ETF,88.29,0.91,635,,https://icons.brapi.dev/icons/BRAPI.svg,Miscellaneous,,bdr,bdr,AÇÃO GLOBAL / BDR,56064.15
PATC11,PATC11,39.48,1.23,634,,https://icons.brapi.dev/icons/BRAPI.svg,,Outros,fund,fii,FII,25030.32
DHER34,DHER34,37.6,-2.44,632,746711471994.8849,https://icons.brapi.dev/icons/BRAPI.svg,Health Technology,,bdr,bdr,AÇÃO GLOBAL / BDR,23763.2
HPQB34,HPQB34,165.0,1.1,628,150559888491.04858,https://icons.brapi.dev/icons/BRAPI.svg,Technology Services,,bdr,bdr,AÇÃO GLOBAL / BDR,103620.0
BRFT11,BRFT11,64.55,-1.6,625,,https://icons.brapi.dev/icons/BRAPI.svg,,,fund,fi-agro,FIAGRO,40343.75
H1UM34,H1UM34,45.6,-2.15,620,246634514076.72638,https://icons.brapi.dev/icons/BRAPI.svg,Health Services,,bdr,bdr,AÇÃO GLOBAL / BDR,28272.0
BIZD11,BIZD11,79.72,0.44,610,,https://icons.brapi.dev/icons/BRAPI.svg,Miscellaneous,,fund,etf,ETF,48629.2
SCVB11,SCVB11,84.52,0.55,605,,https://icons.brapi.dev/icons/BRAPI.svg,Miscellaneous,,fund,etf,ETF,51134.6
CEGR3,CIA DISTRIB DE GAS DO RIO DE JANEIRO-CEG,35.0,16.67,600,8660110626.0,https://icons.brapi.dev/icons/BRAPI.svg,Utilities,Gás,stock,stock,AÇÃO B3,21000.0
HAGA3,HAGA S.A. INDUSTRIA E COMERCIO,2.63,-0.38,600,25902334.0,https://icons.brapi.dev/icons/HAGA3.svg,Consumer Durables,Produtos para Construção,stock,stock,AÇÃO B3,1578.0
SUIN11,SUIN11,86.51,-1.01,594,,https://icons.brapi.dev/icons/BRAPI.svg,Miscellaneous,,fund,fi-infra,FI-INFRA,51386.94
ISET11,ISET11,118.57,0.82,584,,https://icons.brapi.dev/icons/BRAPI.svg,,,fund,etf,ETF,69244.87999999999
BRAZ11,BRAZ11,12.66,-1.4,584,,https://icons.brapi.dev/icons/BRAPI.svg,Miscellaneous,,fund,etf,ETF,7393.4400000000005
KMBB34,KMBB34,576.65,3.31,582,178554965672.63428,https://icons.brapi.dev/icons/BRAPI.svg,Consumer Non-Durables,,bdr,bdr,AÇÃO GLOBAL / BDR,335610.3
G1WW34,G1WW34,167.52,-0.56,578,319103450097.1867,https://icons.brapi.dev/icons/BRAPI.svg,Distribution Services,,bdr,bdr,AÇÃO GLOBAL / BDR,96826.56000000001
SMRE11,SMRE11,55.0,0.0,577,,https://icons.brapi.dev/icons/SMRE11.svg,,Multicategoria,fund,fii,FII,31735.0
V2EE34,V2EE34,47.04,-3.17,577,227823546296.6752,https://icons.brapi.dev/icons/BRAPI.svg,Technology Services,,bdr,bdr,AÇÃO GLOBAL / BDR,27142.079999999998
IFCM3F,INFRACOMMERCE CXAAS S.A.,1.77,0.57,564,47676635.0,https://icons.brapi.dev/icons/BRAPI.svg,Distribution Services,,stock,stock,AÇÃO B3,998.28
PDGR3F,PDG REALTY S.A. EMPREEND E PARTICIPACOES,1.15,-1.71,562,3846359.0,https://icons.brapi.dev/icons/BRAPI.svg,Finance,,stock,stock,AÇÃO B3,646.3
REDE3F,REDE ENERGIA PARTICIPAÇÕES S.A.,5.54,-1.07,561,14227853330.0,https://icons.brapi.dev/icons/BRAPI.svg,Utilities,,stock,stock,AÇÃO B3,3107.94
CASA11,CASA11,85.87,0.14,543,,https://icons.brapi.dev/icons/BRAPI.svg,Miscellaneous,,fund,etf,ETF,46627.41
FASA3F,FASA3F,0.19,0.0,537,7895197.0,https://icons.brapi.dev/icons/BRAPI.svg,Commercial Services,,stock,stock,AÇÃO B3,102.03
ABCB10F,BCO ABC BRASIL S.A.,23.35,-8.03,535,6383090029.0,https://icons.brapi.dev/icons/BRAPI.svg,Finance,,stock,stock,AÇÃO B3,12492.25
T1WL34,T1WL34,47.88,-14.47,527,183017674976.9821,https://icons.brapi.dev/icons/BRAPI.svg,Technology Services,,bdr,bdr,AÇÃO GLOBAL / BDR,25232.760000000002
N1WG34,N1WG34,97.5,2.59,527,384404733942.8005,https://icons.brapi.dev/icons/BRAPI.svg,Finance,,bdr,bdr,AÇÃO GLOBAL / BDR,51382.5
MEAL3F,INTERNATIONAL MEAL COMPANY ALIMENTACAO S.A.,0.65,0.0,526,194310023.0,https://icons.brapi.dev/icons/BRAPI.svg,Consumer Services,,stock,stock,AÇÃO B3,341.90000000000003
ULEV34,ULEV34,64.05,-2.45,525,709876512294.2456,https://icons.brapi.dev/icons/BRAPI.svg,Consumer Non-Durables,,bdr,bdr,AÇÃO GLOBAL / BDR,33626.25
FIXX11,FIXX11,93.74,-0.1,523,,https://icons.brapi.dev/icons/BRAPI.svg,Miscellaneous,,fund,etf,ETF,49026.02
C1BL34,C1BL34,72.94,-1.51,522,674093935012.7878,https://icons.brapi.dev/icons/BRAPI.svg,Finance,,bdr,bdr,AÇÃO GLOBAL / BDR,38074.68
C2OL34,C2OL34,126.0,-3.08,522,130694922851.38716,https://icons.brapi.dev/icons/BRAPI.svg,Finance,,bdr,bdr,AÇÃO GLOBAL / BDR,65772.0
BMIL39,GLOBAL X MILLENNIAL CONSUMER ETF,58.38,-0.61,521,,https://icons.brapi.dev/icons/BRAPI.svg,Miscellaneous,,bdr,bdr,AÇÃO GLOBAL / BDR,30415.98
DUOL34,DUOL34,24.96,-2.92,521,36964541186.70077,https://icons.brapi.dev/icons/BRAPI.svg,Technology Services,,bdr,bdr,AÇÃO GLOBAL / BDR,13004.16
BIXJ39,ISHARES GLOBAL HEALTHCARE ETF,67.44,-0.07,520,,https://icons.brapi.dev/icons/BRAPI.svg,Miscellaneous,,bdr,bdr,AÇÃO GLOBAL / BDR,35068.799999999996
FAED11,FAED11,153.62,0.27,516,,https://icons.brapi.dev/icons/BRAPI.svg,Miscellaneous,Outros,fund,fii,FII,79267.92
EURO11,EURO11,295.0,-1.67,514,,https://icons.brapi.dev/icons/BRAPI.svg,Miscellaneous,Logística,fund,fii,FII,151630.0
NUCL11,NUCL11,75.15,1.16,512,,https://icons.brapi.dev/icons/BRAPI.svg,Miscellaneous,,fund,etf,ETF,38476.8
CGRA4F,GRAZZIOTIN S.A.,23.69,0.55,512,600351112.0,https://icons.brapi.dev/icons/BRAPI.svg,Retail Trade,,stock,stock,AÇÃO B3,12129.28
CEBR6F,CIA ENERGETICA DE BRASILIA,27.4,-0.44,508,1802756158.0,https://icons.brapi.dev/icons/BRAPI.svg,Utilities,,stock,stock,AÇÃO B3,13919.199999999999
VINF11,VINF11,87.4,0.22,507,,https://icons.brapi.dev/icons/BRAPI.svg,Miscellaneous,,fund,fi-infra,FI-INFRA,44311.8
I1RM34,I1RM34,49.55,2.16,504,177951671130.43478,https://icons.brapi.dev/icons/BRAPI.svg,Finance,,bdr,bdr,AÇÃO GLOBAL / BDR,24973.199999999997
IWMI11,IWMI11,81.97,0.66,503,,https://icons.brapi.dev/icons/BRAPI.svg,Miscellaneous,,fund,etf,ETF,41230.909999999996
T1LK34,T1LK34,37.92,-0.39,500,75383561552.87096,https://icons.brapi.dev/icons/BRAPI.svg,Communications,,bdr,bdr,AÇÃO GLOBAL / BDR,18960.0
CLSC3,CENTRAIS ELET DE SANTA CATARINA S.A.,133.98,-0.01,500,5698074473.0,https://icons.brapi.dev/icons/BRAPI.svg,Utilities,Energia Elétrica,stock,stock,AÇÃO B3,66990.0
WLMM3,WLM PART. E COMÉRCIO DE MÁQUINAS E VEÍCULOS S.A.,19.69,0.0,500,637829478.0,https://icons.brapi.dev/icons/BRAPI.svg,Distribution Services,Material de Transporte,stock,stock,AÇÃO B3,9845.0
CRPG6,TRONOX PIGMENTOS DO BRASIL S.A.,9.45,-3.08,500,345245643.0,https://icons.brapi.dev/icons/BRAPI.svg,Process Industries,,stock,stock,AÇÃO B3,4725.0
W2YF34,W2YF34,13.83,-9.73,500,69661095457.80052,https://icons.brapi.dev/icons/BRAPI.svg,Retail Trade,,bdr,bdr,AÇÃO GLOBAL / BDR,6915.0
ENMT4,ENERGISA MATO GROSSO-DISTRIBUIDORA DE ENERGIA S/A,34.31,-1.94,500,7488483940.0,https://icons.brapi.dev/icons/BRAPI.svg,Utilities,,stock,stock,AÇÃO B3,17155.0
INDE11,INDE11,65.0,0.0,500,,https://icons.brapi.dev/icons/BRAPI.svg,,Residencial,fund,fii,FII,32500.0
PEAB4,CIA PARTICIPACOES ALIANCA DA BAHIA,38.87,0.0,500,704968713.0,https://icons.brapi.dev/icons/BRAPI.svg,Finance,,stock,stock,AÇÃO B3,19435.0
LUXM4,TREVISA INVESTIMENTOS S.A.,2.6,-1.14,500,78662399.0,https://icons.brapi.dev/icons/BRAPI.svg,Transportation,,stock,stock,AÇÃO B3,1300.0
VSOL39,VALOUR SOLANA (SOL) SEK,4.84,-0.21,499,,https://icons.brapi.dev/icons/BRAPI.svg,,,bdr,bdr,AÇÃO GLOBAL / BDR,2415.16
J1CI34,J1CI34,49.75,2.9,496,449085303447.5703,https://icons.brapi.dev/icons/BRAPI.svg,Producer Manufacturing,,bdr,bdr,AÇÃO GLOBAL / BDR,24676.0
R1JF34,R1JF34,76.0,-0.85,489,175427982777.49362,https://icons.brapi.dev/icons/BRAPI.svg,Finance,,bdr,bdr,AÇÃO GLOBAL / BDR,37164.0
WDCN3F,WDCN3F,2.57,6.2,486,164365186.0,https://icons.brapi.dev/icons/BRAPI.svg,Distribution Services,,stock,stock,AÇÃO B3,1249.02
S1PO34,S1PO34,688.0,-3.3,481,571236603043.4783,https://icons.brapi.dev/icons/BRAPI.svg,Technology Services,,bdr,bdr,AÇÃO GLOBAL / BDR,330928.0
PATI3F,PANATLANTICA S.A.,28.98,1.01,480,695214226.0,https://icons.brapi.dev/icons/BRAPI.svg,Producer Manufacturing,,stock,stock,AÇÃO B3,13910.4
GROP31,BRAZIL POTASH CORP.,13.1,0.92,477,788982506.393862,https://icons.brapi.dev/icons/BRAPI.svg,Non-Energy Minerals,,bdr,bdr,AÇÃO GLOBAL / BDR,6248.7
FLMA11,FLMA11,155.95,1.91,472,,https://icons.brapi.dev/icons/BRAPI.svg,Miscellaneous,Escritórios,fund,fii,FII,73608.4
PKIN11,PKIN11,116.12,0.87,466,,https://icons.brapi.dev/icons/BRAPI.svg,Miscellaneous,,fund,etf,ETF,54111.920000000006
BKCH39,GLOBAL X BLOCKCHAIN ETF,31.54,11.53,464,,https://icons.brapi.dev/icons/BRAPI.svg,Miscellaneous,,bdr,bdr,AÇÃO GLOBAL / BDR,14634.56
SCAR3F,SAO CARLOS EMPREEND E PARTICIPACOES S.A.,12.94,0.31,460,724061583.0,https://icons.brapi.dev/icons/BRAPI.svg,Finance,,stock,stock,AÇÃO B3,5952.4
ESPA3F,MPM CORPÓREOS S.A.,7.27,-4.09,460,253357556.0,https://icons.brapi.dev/icons/BRAPI.svg,Consumer Services,,stock,stock,AÇÃO B3,3344.2
BMEB3F,BCO MERCANTIL DO BRASIL S.A.,50.71,0.2,459,6685784460.0,https://icons.brapi.dev/icons/BRAPI.svg,Finance,,stock,stock,AÇÃO B3,23275.89
AALR3F,ALLIANÇA SAÚDE E PARTICIPAÇÕES S.A.,3.26,1.24,456,502486576.0,https://icons.brapi.dev/icons/BRAPI.svg,Health Services,,stock,stock,AÇÃO B3,1486.56
T1EL34,T1EL34,66.71,0.69,456,308986856046.03577,https://icons.brapi.dev/icons/BRAPI.svg,Electronic Technology,,bdr,bdr,AÇÃO GLOBAL / BDR,30419.76
GRWA11,GRWA11,7.31,0.97,447,,https://icons.brapi.dev/icons/BRAPI.svg,,Outros,fund,fi-agro,FIAGRO,3267.5699999999997
FSPE11F,FSPE11F,0.25,-13.79,436,,https://icons.brapi.dev/icons/BRAPI.svg,Finance,,stock,stock,AÇÃO B3,109.0
E2NO34,E2NO34,24.04,-30.5,430,5474914163.682864,https://icons.brapi.dev/icons/BRAPI.svg,Health Technology,,bdr,bdr,AÇÃO GLOBAL / BDR,10337.199999999999
DMVF3F,D1000 VAREJO FARMA PARTICIPAÇÕES S.A.,6.12,-1.45,428,315255721.0,https://icons.brapi.dev/icons/BRAPI.svg,Distribution Services,,stock,stock,AÇÃO B3,2619.36
VIVR3F,VIVER INCORPORADORA E CONSTRUTORA S.A.,1.48,-1.99,425,7368861.0,https://icons.brapi.dev/icons/BRAPI.svg,Consumer Durables,,stock,stock,AÇÃO B3,629.0
RMBS11,RMBS11,7.54,0.4,425,,https://icons.brapi.dev/icons/BRAPI.svg,,Multicategoria,fund,fii,FII,3204.5
RNEW3F,RENOVA ENERGIA S.A.,0.89,4.71,422,320879277.0,https://icons.brapi.dev/icons/BRAPI.svg,Utilities,,stock,stock,AÇÃO B3,375.58
FIIB11,FIIB11,420.7,0.33,421,,https://icons.brapi.dev/icons/BRAPI.svg,,Logística,fund,fii,FII,177114.69999999998
BUAE39,ISHARES MSCI UAE ETF,50.25,-0.3,420,,https://icons.brapi.dev/icons/BRAPI.svg,Miscellaneous,,bdr,bdr,AÇÃO GLOBAL / BDR,21105.0
S1YY34,S1YY34,68.74,-5.65,419,196172068383.6317,https://icons.brapi.dev/icons/BRAPI.svg,Distribution Services,,bdr,bdr,AÇÃO GLOBAL / BDR,28802.059999999998
ITIP11,ITIP11,54.2,2.28,417,,https://icons.brapi.dev/icons/BRAPI.svg,,Outros,fund,fii,FII,22601.4
BILF39,ISHARES LATIN AMERICA 40 ETF,61.44,-0.87,414,,https://icons.brapi.dev/icons/BRAPI.svg,Miscellaneous,,bdr,bdr,AÇÃO GLOBAL / BDR,25436.16
GDIV11,GDIV11,100.17,0.57,411,,https://icons.brapi.dev/icons/BRAPI.svg,Miscellaneous,,fund,etf,ETF,41169.87
BDVY39,ISHARES SELECT DIVIDEND ETF,84.45,0.34,410,,https://icons.brapi.dev/icons/BRAPI.svg,Miscellaneous,,bdr,bdr,AÇÃO GLOBAL / BDR,34624.5
I1RP34,I1RP34,57.3,2.32,407,504083785820.97186,https://icons.brapi.dev/icons/BRAPI.svg,Producer Manufacturing,,bdr,bdr,AÇÃO GLOBAL / BDR,23321.1
FIIP11,FIIP11,121.4,-0.21,405,,https://icons.brapi.dev/icons/BRAPI.svg,Miscellaneous,,fund,fii,FII,49167.0
NEXP3,NEXPE PARTICIPAÇÕES S.A,2.33,-0.85,400,4811780.0,https://icons.brapi.dev/icons/NEXP3.svg,Finance,Intermediação Imobiliária,stock,stock,AÇÃO B3,932.0
EKTR4,ELEKTRO REDES S.A.,38.0,0.0,400,8649185883.0,https://icons.brapi.dev/icons/BRAPI.svg,Utilities,,stock,stock,AÇÃO B3,15200.0
GEPA4,RIO PARANAPANEMA ENERGIA S.A.,36.26,0.75,400,3343882344.0,https://icons.brapi.dev/icons/BRAPI.svg,Utilities,,stock,stock,AÇÃO B3,14504.0
HBTS5,CIA HABITASUL DE PARTICIPACOES,32.0,1.59,400,190441989.0,https://icons.brapi.dev/icons/BRAPI.svg,Finance,,stock,stock,AÇÃO B3,12800.0
B1SA34,B1SA34,92.16,1.39,397,86317292212.87306,https://icons.brapi.dev/icons/BRAPI.svg,Finance,,bdr,bdr,AÇÃO GLOBAL / BDR,36587.52
XLPR11,XLPR11,66.85,1.27,395,,https://icons.brapi.dev/icons/RRCI11.svg,,Outros,fund,fii,FII,26405.749999999996
DBAG34,DBAG34,211.47,0.2,386,396213074170.9548,https://icons.brapi.dev/icons/BRAPI.svg,Finance,,bdr,bdr,AÇÃO GLOBAL / BDR,81627.42
FIVN11,FIVN11,2.6,-7.14,383,,https://icons.brapi.dev/icons/BRAPI.svg,,Shoppings,fund,fii,FII,995.8000000000001
S2FM34,S2FM34,137.94,2.37,380,38825355503.83632,https://icons.brapi.dev/icons/BRAPI.svg,Retail Trade,,bdr,bdr,AÇÃO GLOBAL / BDR,52417.2
O1TI34,O1TI34,36.64,1.36,370,138657102291.56012,https://icons.brapi.dev/icons/BRAPI.svg,Industrial Services,,bdr,bdr,AÇÃO GLOBAL / BDR,13556.800000000001
CAMB3F,CAMBUCI S.A.,8.63,0.47,366,360183682.0,https://icons.brapi.dev/icons/BRAPI.svg,Consumer Non-Durables,,stock,stock,AÇÃO B3,3158.5800000000004
H1PE34,H1PE34,267.75,0.09,365,353085245662.4041,https://icons.brapi.dev/icons/BRAPI.svg,Electronic Technology,,bdr,bdr,AÇÃO GLOBAL / BDR,97728.75
WHRL3F,WHIRLPOOL S.A.,3.7,-0.27,365,5543669966.0,https://icons.brapi.dev/icons/BRAPI.svg,Consumer Durables,,stock,stock,AÇÃO B3,1350.5
I2RS34,I2RS34,64.26,-4.67,356,151548021948.84912,https://icons.brapi.dev/icons/BRAPI.svg,Producer Manufacturing,,bdr,bdr,AÇÃO GLOBAL / BDR,22876.56
USBC34,USBC34,81.44,0.2,352,505031829959.0793,https://icons.brapi.dev/icons/BRAPI.svg,Finance,,bdr,bdr,AÇÃO GLOBAL / BDR,28666.879999999997
F2RS34,F2RS34,21.89,-4.37,350,16989879212.276213,https://icons.brapi.dev/icons/BRAPI.svg,Technology Services,,bdr,bdr,AÇÃO GLOBAL / BDR,7661.5
U2NF34,U2NF34,54.54,-12.24,348,13599007329.923273,https://icons.brapi.dev/icons/BRAPI.svg,Distribution Services,,bdr,bdr,AÇÃO GLOBAL / BDR,18979.92
FVPQ11,FVPQ11,51.08,-3.59,347,,https://icons.brapi.dev/icons/BRAPI.svg,,Shoppings,fund,fii,FII,17724.76
ZAVC11,ZAVC11,9.25,0.22,346,,https://icons.brapi.dev/icons/BRAPI.svg,Miscellaneous,Outros,fund,fii,FII,3200.5
A1PO34,A1PO34,45.75,-0.11,345,403774476654.73145,https://icons.brapi.dev/icons/BRAPI.svg,Finance,,bdr,bdr,AÇÃO GLOBAL / BDR,15783.75
D1OW34,D1OW34,37.55,-3.79,344,108776013002.55756,https://icons.brapi.dev/icons/BRAPI.svg,Process Industries,,bdr,bdr,AÇÃO GLOBAL / BDR,12917.199999999999
T1AM34,T1AM34,48.62,-2.02,344,245473442485.9335,https://icons.brapi.dev/icons/BRAPI.svg,Technology Services,,bdr,bdr,AÇÃO GLOBAL / BDR,16725.28
SCPF11,SCPF11,2.9,1.75,340,,https://icons.brapi.dev/icons/BRAPI.svg,Miscellaneous,,fund,fii,FII,986.0
FCFL11,FCFL11,123.4,0.74,339,,https://icons.brapi.dev/icons/BRAPI.svg,Miscellaneous,Multicategoria,fund,fii,FII,41832.6
PIPE11,PIPE11,96.15,0.04,336,,https://icons.brapi.dev/icons/BRAPI.svg,Miscellaneous,,fund,etf,ETF,32306.4
J2AZ34,J2AZ34,84.72,0.38,335,81951752695.65218,https://icons.brapi.dev/icons/BRAPI.svg,Health Technology,,bdr,bdr,AÇÃO GLOBAL / BDR,28381.2
KMIC34,KMIC34,53.4,-2.29,331,357655150956.5217,https://icons.brapi.dev/icons/BRAPI.svg,Industrial Services,,bdr,bdr,AÇÃO GLOBAL / BDR,17675.399999999998
IGTI3F,IGUATEMI S.A.,3.37,0.9,331,7518813770.0,https://icons.brapi.dev/icons/BRAPI.svg,Finance,,stock,stock,AÇÃO B3,1115.47
BEWI39,ISHARES MSCI ITALY ETF,62.94,0.96,330,,https://icons.brapi.dev/icons/BRAPI.svg,Miscellaneous,,bdr,bdr,AÇÃO GLOBAL / BDR,20770.2
O1UT34,O1UT34,76.15,-0.01,330,26091441391.30435,https://icons.brapi.dev/icons/BRAPI.svg,Finance,,bdr,bdr,AÇÃO GLOBAL / BDR,25129.500000000004
TECX11,TECX11,159.06,0.24,326,,https://icons.brapi.dev/icons/BRAPI.svg,Miscellaneous,,fund,etf,ETF,51853.56
SEQR11,SEQR11,54.6,-0.31,325,,https://icons.brapi.dev/icons/BRAPI.svg,,Logística,fund,fii,FII,17745.0
BCHI39,ISHARES MSCI CHINA ETF,35.17,1.41,323,,https://icons.brapi.dev/icons/BRAPI.svg,Miscellaneous,,bdr,bdr,AÇÃO GLOBAL / BDR,11359.91
BURT39,ISHARES MSCI WORLD ETF,70.65,-0.77,321,,https://icons.brapi.dev/icons/BRAPI.svg,Miscellaneous,,bdr,bdr,AÇÃO GLOBAL / BDR,22678.65
WTSP11,WTSP11,64.47,-10.42,318,,https://icons.brapi.dev/icons/BRAPI.svg,,Multicategoria,fund,fii,FII,20501.46
OFSA3F,OUROFINO S.A.,26.94,-0.22,317,1456623241.0,https://icons.brapi.dev/icons/BRAPI.svg,Health Technology,,stock,stock,AÇÃO B3,8539.98
ATED3F,ATOM EDUCAÇÃO E EDITORA S.A.,1.17,0.0,316,27851731.0,https://icons.brapi.dev/icons/BRAPI.svg,Technology Services,,stock,stock,AÇÃO B3,369.71999999999997
VVMR11,VVMR11,84.99,0.0,315,,https://icons.brapi.dev/icons/BRAPI.svg,,Multicategoria,fund,fii,FII,26771.85
FLCR11,FLCR11,90.05,-0.91,314,,https://icons.brapi.dev/icons/FLCR11.svg,,Outros,fund,fii,FII,28275.7
LASC11,LASC11,110.89,0.99,312,,https://icons.brapi.dev/icons/BRAPI.svg,,Shoppings,fund,fii,FII,34597.68
BVBR11,BVBR11,22.8,-0.13,308,,https://icons.brapi.dev/icons/BRAPI.svg,Miscellaneous,,fund,etf,ETF,7022.400000000001
BBRC11,BBRC11,101.53,0.03,307,,https://icons.brapi.dev/icons/BRAPI.svg,,Outros,fund,fii,FII,31169.71
LUPA3F,LUPATECH S.A.,3.7,0.0,307,17176471.0,https://icons.brapi.dev/icons/BRAPI.svg,Producer Manufacturing,,stock,stock,AÇÃO B3,1135.9
BDOM11,BDOM11,138.8,0.27,306,,https://icons.brapi.dev/icons/BRAPI.svg,Miscellaneous,,fund,etf,ETF,42472.8
GBTC11,GBTC11,29.15,-2.18,303,,https://icons.brapi.dev/icons/BRAPI.svg,Miscellaneous,,fund,etf,ETF,8832.449999999999
D1EX34,D1EX34,9.0,-1.85,303,169667572127.87723,https://icons.brapi.dev/icons/BRAPI.svg,Health Technology,,bdr,bdr,AÇÃO GLOBAL / BDR,2727.0
C1TV34,C1TV34,113.08,-0.48,302,299845726608.6956,https://icons.brapi.dev/icons/BRAPI.svg,Process Industries,,bdr,bdr,AÇÃO GLOBAL / BDR,34150.159999999996
B1MR34,B1MR34,171.35,1.6,301,65874486352.941185,https://icons.brapi.dev/icons/BRAPI.svg,Health Technology,,bdr,bdr,AÇÃO GLOBAL / BDR,51576.35
FIEI3,FICA EMPREENDIMENTOS IMOBILIÁRIOS S.A,7.49,-2.6,300,18141925.0,https://icons.brapi.dev/icons/BRAPI.svg,Finance,Incorporações,stock,stock,AÇÃO B3,2247.0
B1003,B100 S.A.,32.0,3.23,300,942719421.0,https://icons.brapi.dev/icons/BRAPI.svg,Finance,,stock,stock,AÇÃO B3,9600.0
BALM4,BAUMER S.A.,14.99,0.0,300,200487886.0,https://icons.brapi.dev/icons/BRAPI.svg,Health Technology,,stock,stock,AÇÃO B3,4497.0
BGIP4,BCO ESTADO DE SERGIPE S.A. - BANESE,34.0,0.0,300,927539686.0,https://icons.brapi.dev/icons/BRAPI.svg,Finance,,stock,stock,AÇÃO B3,10200.0
PATI4,PANATLANTICA S.A.,30.37,10.0,300,695214226.0,https://icons.brapi.dev/icons/BRAPI.svg,Producer Manufacturing,,stock,stock,AÇÃO B3,9111.0
M1GM34,M1GM34,211.89,-0.39,300,53046819283.88747,https://icons.brapi.dev/icons/BRAPI.svg,Consumer Services,,bdr,bdr,AÇÃO GLOBAL / BDR,63566.99999999999
CGAS5,CIA GAS DE SAO PAULO - COMGAS,121.06,0.05,300,16523826454.999998,https://icons.brapi.dev/icons/BRAPI.svg,Utilities,,stock,stock,AÇÃO B3,36318.0
E1MN34,E1MN34,183.6,-2.11,300,41649763191.81586,https://icons.brapi.dev/icons/BRAPI.svg,Process Industries,,bdr,bdr,AÇÃO GLOBAL / BDR,55080.0
LOWC34,LOWC34,52.45,1.06,300,586739088910.486,https://icons.brapi.dev/icons/BRAPI.svg,Retail Trade,,bdr,bdr,AÇÃO GLOBAL / BDR,15735.0
BKWB39,KRANESHARES CSI CHINA INTERNET ETF,133.5,2.91,300,,https://icons.brapi.dev/icons/BRAPI.svg,Miscellaneous,,bdr,bdr,AÇÃO GLOBAL / BDR,40050.0
I1LM34,I1LM34,224.02,2.97,300,168548440838.87466,https://icons.brapi.dev/icons/BRAPI.svg,Health Technology,,bdr,bdr,AÇÃO GLOBAL / BDR,67206.0
GEPA3,RIO PARANAPANEMA ENERGIA S.A.,33.71,0.36,300,3343882344.0,https://icons.brapi.dev/icons/BRAPI.svg,Utilities,Energia Elétrica,stock,stock,AÇÃO B3,10113.0
EQMA3B,EQUATORIAL MARANHÃO DISTRIBUIDORA DE ENERGIA S.A.,29.24,-0.41,300,4716965746.0,https://icons.brapi.dev/icons/EQMA3B.svg,Utilities,,stock,stock,AÇÃO B3,8772.0
MTSA4,METISA METALURGICA TIMBOENSE S.A.,46.75,-0.53,300,450488721.0,https://icons.brapi.dev/icons/BRAPI.svg,Producer Manufacturing,,stock,stock,AÇÃO B3,14025.0
CLSC4F,CENTRAIS ELET DE SANTA CATARINA S.A.,157.73,0.69,299,5698074473.0,https://icons.brapi.dev/icons/BRAPI.svg,Utilities,,stock,stock,AÇÃO B3,47161.27
JPPA11,JPPA11,75.03,-2.08,295,,https://icons.brapi.dev/icons/BRAPI.svg,,Multicategoria,fund,fii,FII,22133.85
CHCM34,CHCM34,13.01,1.32,291,136141984849.10486,https://icons.brapi.dev/icons/BRAPI.svg,Consumer Services,,bdr,bdr,AÇÃO GLOBAL / BDR,3785.91
S1HW34,S1HW34,169.83,-3.47,289,414377619698.2097,https://icons.brapi.dev/icons/BRAPI.svg,Process Industries,,bdr,bdr,AÇÃO GLOBAL / BDR,49080.87
H1ST34,H1ST34,113.63,0.29,288,77273617744.24553,https://icons.brapi.dev/icons/BRAPI.svg,Finance,,bdr,bdr,AÇÃO GLOBAL / BDR,32725.44
PREE11,PREE11,104.4,0.0,287,,https://icons.brapi.dev/icons/BRAPI.svg,Miscellaneous,,fund,etf,ETF,29962.800000000003
BPAC5F,BCO BTG PACTUAL S.A.,19.46,-0.41,284,230444855888.0,https://icons.brapi.dev/icons/BRAPI.svg,Finance,,stock,stock,AÇÃO B3,5526.64
MGHT11,MGHT11,11.75,2.71,282,,https://icons.brapi.dev/icons/BRAPI.svg,,Hotel,fund,fii,FII,3313.5
BIEV39,ISHARES EUROPE ETF,76.32,0.1,280,,https://icons.brapi.dev/icons/BRAPI.svg,Miscellaneous,,bdr,bdr,AÇÃO GLOBAL / BDR,21369.6
P1UK34,P1UK34,34.95,-2.27,279,174892760886.023,https://icons.brapi.dev/icons/BRAPI.svg,Finance,,bdr,bdr,AÇÃO GLOBAL / BDR,9751.050000000001
W1BO34,W1BO34,8.67,0.23,274,8556485371.000053,https://icons.brapi.dev/icons/BRAPI.svg,Technology Services,,bdr,bdr,AÇÃO GLOBAL / BDR,2375.58
PNCS34,PNCS34,63.0,1.76,274,501179368025.5755,https://icons.brapi.dev/icons/BRAPI.svg,Finance,,bdr,bdr,AÇÃO GLOBAL / BDR,17262.0
EALT4F,ELECTRO ACO ALTONA S.A.,11.35,2.71,271,272163787.0,https://icons.brapi.dev/icons/BRAPI.svg,Producer Manufacturing,,stock,stock,AÇÃO B3,3075.85
BNDA39,ISHARES MSCI INDIA ETF,63.9,0.05,270,,https://icons.brapi.dev/icons/BRAPI.svg,Miscellaneous,,bdr,bdr,AÇÃO GLOBAL / BDR,17253.0
BIOM3F,BIOMM S.A.,6.42,-0.16,269,907331945.0,https://icons.brapi.dev/icons/BRAPI.svg,Health Technology,,stock,stock,AÇÃO B3,1726.98
RSUL4F,METALURGICA RIOSULENSE S.A.,38.19,0.1,268,96028805.0,https://icons.brapi.dev/icons/BRAPI.svg,Producer Manufacturing,,stock,stock,AÇÃO B3,10234.92
MAXR11,MAXR11,50.2,-2.32,268,,https://icons.brapi.dev/icons/BRAPI.svg,Miscellaneous,Multicategoria,fund,fii,FII,13453.6
R2NG34,R2NG34,15.21,-3.49,267,31347914583.120205,https://icons.brapi.dev/icons/BRAPI.svg,Technology Services,,bdr,bdr,AÇÃO GLOBAL / BDR,4061.07
OLEO11,OLEO11,22.52,0.04,265,,https://icons.brapi.dev/icons/BRAPI.svg,Miscellaneous,,fund,etf,ETF,5967.8
OXYP34,OXYP34,51.0,-1.07,264,306998618000.0,https://icons.brapi.dev/icons/BRAPI.svg,Energy Minerals,,bdr,bdr,AÇÃO GLOBAL / BDR,13464.0
BEWH39,ISHARES MSCI HONG KONG ETF,38.84,-1.97,263,,https://icons.brapi.dev/icons/BRAPI.svg,Miscellaneous,,bdr,bdr,AÇÃO GLOBAL / BDR,10214.92
W1DC34,W1DC34,2382.27,1.37,260,862089295580.5626,https://icons.brapi.dev/icons/BRAPI.svg,Electronic Technology,,bdr,bdr,AÇÃO GLOBAL / BDR,619390.2
P1EA34,P1EA34,105.93,-0.52,259,74628065769.82097,https://icons.brapi.dev/icons/BRAPI.svg,Finance,,bdr,bdr,AÇÃO GLOBAL / BDR,27435.870000000003
C1RH34,C1RH34,80.71,3.14,256,320765815672.6343,https://icons.brapi.dev/icons/BRAPI.svg,Non-Energy Minerals,,bdr,bdr,AÇÃO GLOBAL / BDR,20661.76
SILK11,SILK11,62.5,0.99,255,,https://icons.brapi.dev/icons/BRAPI.svg,Miscellaneous,,fund,etf,ETF,15937.5
Q1UA34,Q1UA34,265.0,2.32,254,480183673831.2021,https://icons.brapi.dev/icons/BRAPI.svg,Industrial Services,,bdr,bdr,AÇÃO GLOBAL / BDR,67310.0
HRDF11,HRDF11,3.98,0.0,253,,https://icons.brapi.dev/icons/BRAPI.svg,,Multicategoria,fund,fii,FII,1006.9399999999999
B1ME34,B1ME34,74.0,7.25,253,213058000880.27017,https://icons.brapi.dev/icons/BRAPI.svg,Health Technology,,bdr,bdr,AÇÃO GLOBAL / BDR,18722.0
JTEK39,JTEK39,51.35,-0.02,252,,https://icons.brapi.dev/icons/BRAPI.svg,Miscellaneous,,bdr,bdr,AÇÃO GLOBAL / BDR,12940.2
B1IL34,B1IL34,15.07,-4.5,251,33137338314.40328,https://icons.brapi.dev/icons/BRAPI.svg,Technology Services,,bdr,bdr,AÇÃO GLOBAL / BDR,3782.57
I2NV34,I2NV34,29.13,-0.58,250,85768762859.33505,https://icons.brapi.dev/icons/BRAPI.svg,Finance,,bdr,bdr,AÇÃO GLOBAL / BDR,7282.5
ESTR4F,MANUFATURA DE BRINQUEDOS ESTRELA S.A.,1.4,-2.78,245,8299060.000000001,https://icons.brapi.dev/icons/BRAPI.svg,Consumer Durables,,stock,stock,AÇÃO B3,343.0
AGRI11,AGRI11,41.66,0.1,245,,https://icons.brapi.dev/icons/BRAPI.svg,Miscellaneous,,fund,etf,ETF,10206.699999999999
TPIS3F,TPI - TRIUNFO PARTICIP. E INVEST. S.A.,9.61,-3.9,244,405519533.0,https://icons.brapi.dev/icons/BRAPI.svg,Transportation,,stock,stock,AÇÃO B3,2344.8399999999997
WPLZ11,WPLZ11,48.5,-2.0,243,,https://icons.brapi.dev/icons/BRAPI.svg,Miscellaneous,Shoppings,fund,fii,FII,11785.5
KHCB34,KHCB34,31.5,-3.29,239,150730026368.28644,https://icons.brapi.dev/icons/BRAPI.svg,Consumer Non-Durables,,bdr,bdr,AÇÃO GLOBAL / BDR,7528.5
B1NT34,B1NT34,32.71,-0.52,237,133324631984.65475,https://icons.brapi.dev/icons/BRAPI.svg,Health Technology,,bdr,bdr,AÇÃO GLOBAL / BDR,7752.27
VSHO11,VSHO11,74.2,0.66,236,,https://icons.brapi.dev/icons/VSHO11.svg,,Shoppings,fund,fii,FII,17511.2
RVEE3F,REVEE S.A.,0.73,10.61,236,7018094.0,https://icons.brapi.dev/icons/BRAPI.svg,Miscellaneous,,stock,stock,AÇÃO B3,172.28
CRPG5F,TRONOX PIGMENTOS DO BRASIL S.A.,8.9,-1.11,233,345245643.0,https://icons.brapi.dev/icons/BRAPI.svg,Process Industries,,stock,stock,AÇÃO B3,2073.7000000000003
GPSI34,GPSI34,112.43,-9.07,226,40301732475.70333,https://icons.brapi.dev/icons/BRAPI.svg,Retail Trade,,bdr,bdr,AÇÃO GLOBAL / BDR,25409.18
FDMO34,FDMO34,74.5,1.61,225,298213852542.19946,https://icons.brapi.dev/icons/BRAPI.svg,Consumer Durables,,bdr,bdr,AÇÃO GLOBAL / BDR,16762.5
LAND3F,TERRA SANTA PROPRIEDADES AGRICOLAS S.A.,9.65,4.21,224,918005187.0,https://icons.brapi.dev/icons/BRAPI.svg,Finance,,stock,stock,AÇÃO B3,2161.6
H1SI34,H1SI34,233.22,1.1,222,51197000306.90537,https://icons.brapi.dev/icons/BRAPI.svg,Distribution Services,,bdr,bdr,AÇÃO GLOBAL / BDR,51774.84
REVE11,REVE11,76.11,0.74,219,,https://icons.brapi.dev/icons/BRAPI.svg,Miscellaneous,,fund,etf,ETF,16668.09
BLBT39,GLOBAL X LITHIUM & BATTERY TECH ETF,47.47,0.36,218,,https://icons.brapi.dev/icons/BRAPI.svg,Miscellaneous,,bdr,bdr,AÇÃO GLOBAL / BDR,10348.46
VVRI11,VVRI11,7.95,5.44,217,,https://icons.brapi.dev/icons/BRAPI.svg,,Multicategoria,fund,fii,FII,1725.15
EPAR3F,EMBPAR PARTICIPACOES S.A.,1.35,0.75,216,20061767.0,https://icons.brapi.dev/icons/BRAPI.svg,Producer Manufacturing,,stock,stock,AÇÃO B3,291.6
ALPA3F,ALPARGATAS S.A.,10.0,-3.66,213,8002278657.0,https://icons.brapi.dev/icons/BRAPI.svg,Consumer Non-Durables,,stock,stock,AÇÃO B3,2130.0
I1PC34,I1PC34,64.01,-9.27,212,100875618496.1637,https://icons.brapi.dev/icons/BRAPI.svg,Process Industries,,bdr,bdr,AÇÃO GLOBAL / BDR,13570.12
SJAU11,SJAU11,1.81,1.69,211,,https://icons.brapi.dev/icons/BRAPI.svg,Miscellaneous,Logística,fund,fii,FII,381.91
TSNF34,TSNF34,52.34,-8.56,210,90688731544.75703,https://icons.brapi.dev/icons/BRAPI.svg,Consumer Non-Durables,,bdr,bdr,AÇÃO GLOBAL / BDR,10991.400000000001
KOPA11,KOPA11,235.99,1.28,207,,https://icons.brapi.dev/icons/BRAPI.svg,,Títulos e Val. Mob.,fund,fi-agro,FIAGRO,48849.93
T1AL34,T1AL34,6.09,-0.16,206,30543369519.181587,https://icons.brapi.dev/icons/BRAPI.svg,Commercial Services,,bdr,bdr,AÇÃO GLOBAL / BDR,1254.54
SNEC34,SNEC34,126.3,-0.76,205,755149558988.2747,https://icons.brapi.dev/icons/BRAPI.svg,Electronic Technology,,bdr,bdr,AÇÃO GLOBAL / BDR,25891.5
INEP3F,INEPAR S.A. INDUSTRIA E CONSTRUCOES,1.38,-4.17,204,78374125.0,https://icons.brapi.dev/icons/BRAPI.svg,Producer Manufacturing,,stock,stock,AÇÃO B3,281.52
HTEK11,HTEK11,72.88,0.33,204,,https://icons.brapi.dev/icons/BRAPI.svg,Miscellaneous,,fund,etf,ETF,14867.519999999999
SMAB11,SMAB11,8.06,-0.12,202,,https://icons.brapi.dev/icons/BRAPI.svg,Miscellaneous,,fund,etf,ETF,1628.1200000000001
BIYG39,ISHARES U.S. FINANCIAL SERVICES ETF,24.95,0.4,202,,https://icons.brapi.dev/icons/BRAPI.svg,Miscellaneous,,bdr,bdr,AÇÃO GLOBAL / BDR,5039.9
DDNB34,DDNB34,699.35,-3.35,201,90896694439.89769,https://icons.brapi.dev/icons/BRAPI.svg,Process Industries,,bdr,bdr,AÇÃO GLOBAL / BDR,140569.35
B2LN34,B2LN34,14.04,-2.02,201,9725204890.025576,https://icons.brapi.dev/icons/BRAPI.svg,Technology Services,,bdr,bdr,AÇÃO GLOBAL / BDR,2822.04
B1CS34,B1CS34,138.18,0.66,201,461135134403.2736,https://icons.brapi.dev/icons/BRAPI.svg,Finance,,bdr,bdr,AÇÃO GLOBAL / BDR,27774.18
ORLY34,ORLY34,1.46,0.69,201,363680642322.2506,https://icons.brapi.dev/icons/BRAPI.svg,Retail Trade,,bdr,bdr,AÇÃO GLOBAL / BDR,293.46
RAPT3F,RANDONCORP S.A.,8.39,-0.12,200,2057807010.0,https://icons.brapi.dev/icons/BRAPI.svg,Producer Manufacturing,,stock,stock,AÇÃO B3,1678.0
CGAS3,CIA GAS DE SAO PAULO - COMGAS,125.69,0.24,200,16523826454.999998,https://icons.brapi.dev/icons/CGAS3.svg,Utilities,Gás,stock,stock,AÇÃO B3,25138.0
SOND5,SONDOTECNICA ENGENHARIA SOLOS S.A.,82.1,2.62,200,152129434.0,https://icons.brapi.dev/icons/BRAPI.svg,Industrial Services,,stock,stock,AÇÃO B3,16420.0
CTKA4,KARSTEN S.A.,31.01,0.03,200,203913368.0,https://icons.brapi.dev/icons/BRAPI.svg,Process Industries,,stock,stock,AÇÃO B3,6202.0
T1SS34,T1SS34,140.7,-3.92,200,154004034884.92487,https://icons.brapi.dev/icons/BRAPI.svg,Non-Energy Minerals,,bdr,bdr,AÇÃO GLOBAL / BDR,28139.999999999996
AFLT3,AFLUENTE TRANSMISSÃO DE ENERGIA ELÉTRICA S/A,7.39,0.0,200,466195908.0,https://icons.brapi.dev/icons/BRAPI.svg,Utilities,Energia Elétrica,stock,stock,AÇÃO B3,1478.0
FSTU11F,FSTU11F,0.16,0.0,200,,https://icons.brapi.dev/icons/BRAPI.svg,Finance,,stock,stock,AÇÃO B3,32.0
EUCA3,EUCATEX S.A. INDUSTRIA E COMERCIO,21.5,0.7,200,1955344901.0,https://icons.brapi.dev/icons/BRAPI.svg,Non-Energy Minerals,Madeira,stock,stock,AÇÃO B3,4300.0
DTCY3,DTCOM - DIRECT TO COMPANY S.A.,1.95,-2.5,200,20912552.0,https://icons.brapi.dev/icons/BRAPI.svg,Communications,Serviços Diversos,stock,stock,AÇÃO B3,390.0
EALT3,ELECTRO ACO ALTONA S.A.,12.3,3.36,200,272163787.0,https://icons.brapi.dev/icons/EALT3.svg,Producer Manufacturing,Máq. e Equip. Industriais,stock,stock,AÇÃO B3,2460.0
VANG11,VANG11,99.1,-0.37,200,,https://icons.brapi.dev/icons/BRAPI.svg,,,fund,fi-infra,FI-INFRA,19820.0
FHER3,FERTILIZANTES HERINGER S.A.,3.07,-2.54,200,165341860.0,https://icons.brapi.dev/icons/FHER3.svg,Process Industries,Fertilizantes e Defensivos,stock,stock,AÇÃO B3,614.0
AETH39,21SHARES ETHEREUM STAKING ETP,46.99,-1.45,200,,https://icons.brapi.dev/icons/BRAPI.svg,Miscellaneous,,bdr,bdr,AÇÃO GLOBAL / BDR,9398.0
MNDL3,MUNDIAL S.A. - PRODUTOS DE CONSUMO,18.5,0.0,200,183524800.0,https://icons.brapi.dev/icons/MNDL3.svg,Consumer Non-Durables,Acessórios,stock,stock,AÇÃO B3,3700.0
S1BA34,S1BA34,189.81,-2.45,200,102799653058.82353,https://icons.brapi.dev/icons/BRAPI.svg,Finance,,bdr,bdr,AÇÃO GLOBAL / BDR,37962.0
PINE3,BCO PINE S.A.,11.13,1.55,200,2871580949.0,https://icons.brapi.dev/icons/PINE3.svg,Finance,Bancos,stock,stock,AÇÃO B3,2226.0
BGIP3,BCO ESTADO DE SERGIPE S.A. - BANESE,46.37,1.47,200,927539686.0,https://icons.brapi.dev/icons/BGIP3.svg,Finance,Bancos,stock,stock,AÇÃO B3,9274.0
JFEN3F,JOAO FORTES ENGENHARIA S.A.,0.45,2.27,198,5889263.0,https://icons.brapi.dev/icons/BRAPI.svg,Consumer Durables,,stock,stock,AÇÃO B3,89.10000000000001
MNDL3F,MUNDIAL S.A. - PRODUTOS DE CONSUMO,18.7,1.63,197,183524800.0,https://icons.brapi.dev/icons/BRAPI.svg,Consumer Non-Durables,,stock,stock,AÇÃO B3,3683.8999999999996
BQUA39,ISHARES MSCI USA QUALITY FACTOR ETF,76.28,0.45,196,,https://icons.brapi.dev/icons/BRAPI.svg,Miscellaneous,,bdr,bdr,AÇÃO GLOBAL / BDR,14950.880000000001
V1TA34,V1TA34,231.36,-1.43,196,242111218736.57288,https://icons.brapi.dev/icons/BRAPI.svg,Finance,,bdr,bdr,AÇÃO GLOBAL / BDR,45346.560000000005
UCAS3F,UNICASA INDÚSTRIA DE MÓVEIS S.A.,1.15,-0.86,194,75338455.0,https://icons.brapi.dev/icons/BRAPI.svg,Consumer Durables,,stock,stock,AÇÃO B3,223.1
CRIN34,CRIN34,82.43,-24.71,194,6300052398.976982,https://icons.brapi.dev/icons/BRAPI.svg,Retail Trade,,bdr,bdr,AÇÃO GLOBAL / BDR,15991.420000000002
DGCO34,DGCO34,27.9,0.0,193,150324113452.68542,https://icons.brapi.dev/icons/BRAPI.svg,Retail Trade,,bdr,bdr,AÇÃO GLOBAL / BDR,5384.7
HOFC11,HOFC11,34.0,-1.13,191,,https://icons.brapi.dev/icons/HOFC11.svg,,Escritórios,fund,fii,FII,6494.0
TELB4F,TELEC BRASILEIRAS S.A. TELEBRAS,8.11,0.25,189,1641947177.0,https://icons.brapi.dev/icons/BRAPI.svg,Communications,,stock,stock,AÇÃO B3,1532.79
NEXP3F,NEXPE PARTICIPAÇÕES S.A,2.38,3.93,188,4811780.0,https://icons.brapi.dev/icons/BRAPI.svg,Finance,,stock,stock,AÇÃO B3,447.44
PINE3F,BCO PINE S.A.,11.12,3.44,187,2871580949.0,https://icons.brapi.dev/icons/BRAPI.svg,Finance,,stock,stock,AÇÃO B3,2079.44
ITIT11,ITIT11,62.02,-0.45,180,,https://icons.brapi.dev/icons/BRAPI.svg,,Outros,fund,fii,FII,11163.6
CXCE11,CXCE11,39.65,0.38,178,,https://icons.brapi.dev/icons/BRAPI.svg,Miscellaneous,Escritórios,fund,fii,FII,7057.7
EDGA11,EDGA11,13.0,-0.76,174,,https://icons.brapi.dev/icons/BRAPI.svg,Miscellaneous,Multicategoria,fund,fii,FII,2262.0
P1AY34,P1AY34,313.0,-5.58,172,221433047196.93097,https://icons.brapi.dev/icons/BRAPI.svg,Technology Services,,bdr,bdr,AÇÃO GLOBAL / BDR,53836.0
KNOX11,KNOX11,101.0,0.0,170,,https://icons.brapi.dev/icons/BRAPI.svg,,,fund,fip,FIP,17170.0
CGAS5F,CIA GAS DE SAO PAULO - COMGAS,121.98,0.51,165,16523826454.999998,https://icons.brapi.dev/icons/BRAPI.svg,Utilities,,stock,stock,AÇÃO B3,20126.7
PEMA11,PEMA11,24.06,-10.99,163,,https://icons.brapi.dev/icons/BRAPI.svg,,Multicategoria,fund,fii,FII,3921.7799999999997
M1DB34,M1DB34,95.27,-2.28,162,151940384450.1279,https://icons.brapi.dev/icons/BRAPI.svg,Technology Services,,bdr,bdr,AÇÃO GLOBAL / BDR,15433.74
TOPY11,TOPY11,113.66,-3.98,162,,https://icons.brapi.dev/icons/BRAPI.svg,Miscellaneous,,fund,etf,ETF,18412.92
GOVE11,GOVE11,80.0,-0.34,162,,https://icons.brapi.dev/icons/BRAPI.svg,Miscellaneous,,fund,etf,ETF,12960.0
CSXC34,CSXC34,124.02,-0.73,160,468188144398.977,https://icons.brapi.dev/icons/BRAPI.svg,Transportation,,bdr,bdr,AÇÃO GLOBAL / BDR,19843.2
ONCO11F,ONCOCLINICAS DO BRASIL SERVICOS MEDICOS  S.A.,0.32,0.0,159,1534907735.0,https://icons.brapi.dev/icons/BRAPI.svg,Health Services,,stock,stock,AÇÃO B3,50.88
U1HS34,U1HS34,220.35,-0.85,158,51132819554.98721,https://icons.brapi.dev/icons/BRAPI.svg,Health Services,,bdr,bdr,AÇÃO GLOBAL / BDR,34815.299999999996
BNBR3F,BCO NORDESTE DO BRASIL S.A.,107.6,-1.63,154,10782947994.0,https://icons.brapi.dev/icons/BRAPI.svg,Finance,,stock,stock,AÇÃO B3,16570.399999999998
L1NE34,L1NE34,24.4,0.0,153,44458778117.64706,https://icons.brapi.dev/icons/BRAPI.svg,Finance,,bdr,bdr,AÇÃO GLOBAL / BDR,3733.2
MATD3F,HOSPITAL MATER DEI S/A,5.2,1.96,151,1724447309.0,https://icons.brapi.dev/icons/BRAPI.svg,Health Services,,stock,stock,AÇÃO B3,785.2
BREW11,BREW11,147.52,0.01,151,,https://icons.brapi.dev/icons/BRAPI.svg,Miscellaneous,,fund,etf,ETF,22275.52
H1CA34,H1CA34,104.9,-3.96,150,448506934122.76215,https://icons.brapi.dev/icons/BRAPI.svg,Health Services,,bdr,bdr,AÇÃO GLOBAL / BDR,15735.0
E2PA34,E2PA34,10.17,1.29,150,30883580864.450127,https://icons.brapi.dev/icons/BRAPI.svg,Technology Services,,bdr,bdr,AÇÃO GLOBAL / BDR,1525.5
PNPR11,PNPR11,45.0,0.0,150,,https://icons.brapi.dev/icons/BRAPI.svg,,Multicategoria,fund,fii,FII,6750.0
PDTC3F,PADTEC HOLDING S.A.,1.74,3.57,145,138277152.0,https://icons.brapi.dev/icons/BRAPI.svg,Electronic Technology,,stock,stock,AÇÃO B3,252.3
EALT3F,ELECTRO ACO ALTONA S.A.,12.2,8.64,145,272163787.0,https://icons.brapi.dev/icons/BRAPI.svg,Producer Manufacturing,,stock,stock,AÇÃO B3,1769.0
T1RI34,T1RI34,47.3,-1.87,145,5590198624.040921,https://icons.brapi.dev/icons/BRAPI.svg,Consumer Services,,bdr,bdr,AÇÃO GLOBAL / BDR,6858.5
EKTR4F,ELEKTRO REDES S.A.,38.14,0.61,144,8649185883.0,https://icons.brapi.dev/icons/BRAPI.svg,Utilities,,stock,stock,AÇÃO B3,5492.16
MSPA3F,CIA MELHORAMENTOS DE SAO PAULO,35.53,-5.0,143,237558523.0,https://icons.brapi.dev/icons/BRAPI.svg,Process Industries,,stock,stock,AÇÃO B3,5080.79
URHF11,URHF11,54.05,-3.27,141,,https://icons.brapi.dev/icons/BRAPI.svg,,Multicategoria,fund,fii,FII,7621.049999999999
HGAG11,HGAG11,14.74,21.72,140,,https://icons.brapi.dev/icons/BRAPI.svg,,Outros,fund,fi-agro,FIAGRO,2063.6
ESGB11,ESGB11,121.83,0.18,139,,https://icons.brapi.dev/icons/BRAPI.svg,Miscellaneous,,fund,etf,ETF,16934.37
A1TT34,A1TT34,55.14,-1.29,137,335725531831.202,https://icons.brapi.dev/icons/BRAPI.svg,Finance,,bdr,bdr,AÇÃO GLOBAL / BDR,7554.18
YEES11,YEES11,99.9,-2.06,133,,https://icons.brapi.dev/icons/BRAPI.svg,,Residencial,fund,fii,FII,13286.7
BUTL39,ISHARES US UTILITIES ETF,70.42,0.9,132,,https://icons.brapi.dev/icons/BRAPI.svg,Miscellaneous,,bdr,bdr,AÇÃO GLOBAL / BDR,9295.44
BVLU39,ISHARES MSCI USA VALUE FACTOR ETF,104.9,1.05,131,,https://icons.brapi.dev/icons/BRAPI.svg,Miscellaneous,,bdr,bdr,AÇÃO GLOBAL / BDR,13741.900000000001
PLCA11,PLCA11,69.89,1.07,131,,https://icons.brapi.dev/icons/BRAPI.svg,,Títulos e Val. Mob.,fund,fi-agro,FIAGRO,9155.59
M2PR34,M2PR34,104.7,1.52,130,307642727186.7008,https://icons.brapi.dev/icons/BRAPI.svg,Electronic Technology,,bdr,bdr,AÇÃO GLOBAL / BDR,13611.0
T1SO34,T1SO34,56.64,0.75,129,518457738629.15594,https://icons.brapi.dev/icons/BRAPI.svg,Utilities,,bdr,bdr,AÇÃO GLOBAL / BDR,7306.56
GFDL11,GFDL11,119.88,0.08,129,,https://icons.brapi.dev/icons/BRAPI.svg,,Logística,fund,fii,FII,15464.519999999999
C1OO34,C1OO34,35.9,-10.07,129,69422917836.31714,https://icons.brapi.dev/icons/BRAPI.svg,Health Technology,,bdr,bdr,AÇÃO GLOBAL / BDR,4631.099999999999
SNSY5F,SANSUY S.A. INDUSTRIA DE PLASTICOS,2.49,20.87,128,34965616.0,https://icons.brapi.dev/icons/BRAPI.svg,Producer Manufacturing,,stock,stock,AÇÃO B3,318.72
BOTZ39,GLOBAL X ROBOTICS & ARTIFICIAL INTELLIGENCE ETF,46.88,2.45,128,,https://icons.brapi.dev/icons/BRAPI.svg,Miscellaneous,,bdr,bdr,AÇÃO GLOBAL / BDR,6000.64
N1DA34,N1DA34,245.01,-2.03,127,277001149411.7647,https://icons.brapi.dev/icons/BRAPI.svg,Finance,,bdr,bdr,AÇÃO GLOBAL / BDR,31116.27
K1BF34,K1BF34,163.37,-3.28,123,217571445219.46362,https://icons.brapi.dev/icons/BRAPI.svg,Finance,,bdr,bdr,AÇÃO GLOBAL / BDR,20094.510000000002
INEP4F,INEPAR S.A. INDUSTRIA E CONSTRUCOES,1.36,1.49,123,78374125.0,https://icons.brapi.dev/icons/BRAPI.svg,Producer Manufacturing,,stock,stock,AÇÃO B3,167.28
WUNI34,WUNI34,36.95,0.3,122,11454173565.21739,https://icons.brapi.dev/icons/BRAPI.svg,Finance,,bdr,bdr,AÇÃO GLOBAL / BDR,4507.900000000001
CTXT11,CTXT11,5.4,9.53,120,,https://icons.brapi.dev/icons/BRAPI.svg,,Escritórios,fund,fii,FII,648.0
LUXM4F,TREVISA INVESTIMENTOS S.A.,2.68,-10.37,120,78662399.0,https://icons.brapi.dev/icons/BRAPI.svg,Transportation,,stock,stock,AÇÃO B3,321.6
HUCG11,HUCG11,82.0,-4.4,120,,https://icons.brapi.dev/icons/BRAPI.svg,Miscellaneous,Hospital,fund,fii,FII,9840.0
P1YC34,P1YC34,39.86,-2.95,118,52478625222.50639,https://icons.brapi.dev/icons/BRAPI.svg,Technology Services,,bdr,bdr,AÇÃO GLOBAL / BDR,4703.48
BEWL39,ISHARES MSCI SWITZERLAND ETF,64.2,-0.74,116,,https://icons.brapi.dev/icons/BRAPI.svg,Miscellaneous,,bdr,bdr,AÇÃO GLOBAL / BDR,7447.200000000001
T1RO34,T1RO34,283.36,0.1,113,119784208895.14066,https://icons.brapi.dev/icons/BRAPI.svg,Finance,,bdr,bdr,AÇÃO GLOBAL / BDR,32019.68
CPAY34,CPAY34,533.0,38.05,112,139839831416.87982,https://icons.brapi.dev/icons/BRAPI.svg,Commercial Services,,bdr,bdr,AÇÃO GLOBAL / BDR,59696.0
H2UB34,H2UB34,25.6,-2.33,112,63155351913.04348,https://icons.brapi.dev/icons/BRAPI.svg,Technology Services,,bdr,bdr,AÇÃO GLOBAL / BDR,2867.2000000000003
HOMS11,HOMS11,134.25,0.08,111,,https://icons.brapi.dev/icons/BRAPI.svg,,Multicategoria,fund,fii,FII,14901.75
KNRE11,KNRE11,0.23,0.0,109,,https://icons.brapi.dev/icons/KNRE11.svg,,Residencial,fund,fii,FII,25.07
TELB3F,TELEC BRASILEIRAS S.A. TELEBRAS,17.11,-4.94,109,1641947177.0,https://icons.brapi.dev/icons/BRAPI.svg,Communications,,stock,stock,AÇÃO B3,1864.99
G2EV34,G2EV34,241.7,0.6,108,1283237473836.3171,https://icons.brapi.dev/icons/BRAPI.svg,Producer Manufacturing,,bdr,bdr,AÇÃO GLOBAL / BDR,26103.6
CAPH34,CAPH34,69.9,3.37,108,7882946296.675193,https://icons.brapi.dev/icons/BRAPI.svg,Retail Trade,,bdr,bdr,AÇÃO GLOBAL / BDR,7549.200000000001
BTHI11,BTHI11,43.99,2.18,108,,https://icons.brapi.dev/icons/BRAPI.svg,Miscellaneous,Hotel,fund,fii,FII,4750.92
HOSI11,HOSI11,76.34,-1.65,107,,https://icons.brapi.dev/icons/HOSI11.svg,,Residencial,fund,fii,FII,8168.38
SPVT11,SPVT11,67.68,-1.81,107,,https://icons.brapi.dev/icons/BRAPI.svg,Miscellaneous,,fund,etf,ETF,7241.760000000001
RZLC11,RZLC11,1002.26,-1.11,106,,https://icons.brapi.dev/icons/BRAPI.svg,,,fund,fii,FII,106239.56
BALM4F,BAUMER S.A.,14.99,0.6,106,200487886.0,https://icons.brapi.dev/icons/BRAPI.svg,Health Technology,,stock,stock,AÇÃO B3,1588.94
MTSA4F,METISA METALURGICA TIMBOENSE S.A.,46.51,-3.06,106,450488721.0,https://icons.brapi.dev/icons/BRAPI.svg,Producer Manufacturing,,stock,stock,AÇÃO B3,4930.0599999999995
DEXP4F,DEXXOS PARTICIPACOES S.A.,7.5,-1.96,105,917781413.0,https://icons.brapi.dev/icons/BRAPI.svg,Process Industries,,stock,stock,AÇÃO B3,787.5
VOTS11,VOTS11,79.99,-5.89,105,,https://icons.brapi.dev/icons/VOTS11.svg,,Multicategoria,fund,fii,FII,8398.949999999999
W1AB34,W1AB34,770.18,0.48,105,244389353181.58566,https://icons.brapi.dev/icons/BRAPI.svg,Producer Manufacturing,,bdr,bdr,AÇÃO GLOBAL / BDR,80868.9
B3BR11,B3BR11,64.76,-0.03,104,,https://icons.brapi.dev/icons/BRAPI.svg,Miscellaneous,,fund,etf,ETF,6735.040000000001
IBCR11,IBCR11,40.54,-3.32,103,,https://icons.brapi.dev/icons/IBCR11.svg,Miscellaneous,Outros,fund,fii,FII,4175.62
FOMO11,FOMO11,20.25,0.95,102,,https://icons.brapi.dev/icons/BRAPI.svg,Miscellaneous,,fund,etf,ETF,2065.5
DEAI34,DEAI34,68.39,1.98,102,269675875043.47827,https://icons.brapi.dev/icons/BRAPI.svg,Transportation,,bdr,bdr,AÇÃO GLOBAL / BDR,6975.78
MCLO11,MCLO11,10.44,-0.1,102,,https://icons.brapi.dev/icons/MCLO11.svg,,Logística,fund,fii,FII,1064.8799999999999
SLBG34,SLBG34,146.85,-1.11,101,436588640910.48596,https://icons.brapi.dev/icons/BRAPI.svg,Industrial Services,,bdr,bdr,AÇÃO GLOBAL / BDR,14831.849999999999
LOGN3F,LOG-IN LOGISTICA INTERMODAL S.A.,28.0,0.04,101,2970455811.0,https://icons.brapi.dev/icons/BRAPI.svg,Transportation,,stock,stock,AÇÃO B3,2828.0
CLSC3F,CENTRAIS ELET DE SANTA CATARINA S.A.,137.66,2.75,100,5698074473.0,https://icons.brapi.dev/icons/BRAPI.svg,Utilities,,stock,stock,AÇÃO B3,13766.0
CBEE3,AMPLA ENERGIA E SERVICOS S.A.,8.82,0.11,100,3997434995.0,https://icons.brapi.dev/icons/BRAPI.svg,Utilities,Energia Elétrica,stock,stock,AÇÃO B3,882.0
SOND6,SONDOTECNICA ENGENHARIA SOLOS S.A.,78.56,-1.21,100,152129434.0,https://icons.brapi.dev/icons/BRAPI.svg,Industrial Services,,stock,stock,AÇÃO B3,7856.0
QTOP39,ISHARES NASDAQ TOP 30 STOCKS ETF,63.84,1.92,100,,https://icons.brapi.dev/icons/BRAPI.svg,Miscellaneous,,bdr,bdr,AÇÃO GLOBAL / BDR,6384.0
RPAD3,ALFA HOLDINGS S.A.,7.0,0.0,100,604083842.0,https://icons.brapi.dev/icons/BRAPI.svg,Finance,Bancos,stock,stock,AÇÃO B3,700.0
USIM6,USINAS SID DE MINAS GERAIS S.A.-USIMINAS,6.47,0.0,100,9031151707.0,https://icons.brapi.dev/icons/BRAPI.svg,Non-Energy Minerals,,stock,stock,AÇÃO B3,647.0
BMIN4,BCO MERCANTIL DE INVESTIMENTOS S.A.,18.86,-0.05,100,93636909.0,https://icons.brapi.dev/icons/BRAPI.svg,Finance,,stock,stock,AÇÃO B3,1886.0
B1FC34,B1FC34,137.02,-1.27,100,63083546132.99233,https://icons.brapi.dev/icons/BRAPI.svg,Consumer Non-Durables,,bdr,bdr,AÇÃO GLOBAL / BDR,13702.000000000002
BNBR3,BCO NORDESTE DO BRASIL S.A.,109.25,2.1,100,10782947994.0,https://icons.brapi.dev/icons/BNBR3.svg,Finance,Bancos,stock,stock,AÇÃO B3,10925.0
ABGD39,ABRDN PHYSICAL GOLD SHARES ETF,108.25,1.67,100,,https://icons.brapi.dev/icons/BRAPI.svg,Miscellaneous,,bdr,bdr,AÇÃO GLOBAL / BDR,10825.0
EQPA5,EQUATORIAL PARA DISTRIBUIDORA DE ENERGIA S.A.,9.78,-1.11,100,12205965769.0,https://icons.brapi.dev/icons/BRAPI.svg,Utilities,,stock,stock,AÇÃO B3,977.9999999999999
J1KH34,J1KH34,214.28,-4.04,100,59403849897.69821,https://icons.brapi.dev/icons/BRAPI.svg,Technology Services,,bdr,bdr,AÇÃO GLOBAL / BDR,21428.0
BDLL3,BARDELLA S.A. INDUSTRIAS MECANICAS,4.5,-6.25,100,5958990.0,https://icons.brapi.dev/icons/BDLL3.svg,Producer Manufacturing,Máq. e Equip. Industriais,stock,stock,AÇÃO B3,450.0
MWET3,WETZEL S.A.,24.5,4.75,100,51018536.0,https://icons.brapi.dev/icons/BRAPI.svg,Producer Manufacturing,Material Rodoviário,stock,stock,AÇÃO B3,2450.0
BALM3,BAUMER S.A.,26.0,0.0,100,200487886.0,https://icons.brapi.dev/icons/BRAPI.svg,Health Technology,Equipamentos,stock,stock,AÇÃO B3,2600.0
MSPA4,CIA MELHORAMENTOS DE SAO PAULO,35.11,0.03,100,237558523.0,https://icons.brapi.dev/icons/BRAPI.svg,Process Industries,,stock,stock,AÇÃO B3,3511.0
J2WA34,J2WA34,50.62,-7.15,100,12534981652.173914,https://icons.brapi.dev/icons/BRAPI.svg,Consumer Services,,bdr,bdr,AÇÃO GLOBAL / BDR,5062.0
COCE3,CIA ENERGETICA DO CEARA - COELCE,28.8,0.0,100,2518300536.0,https://icons.brapi.dev/icons/BRAPI.svg,Utilities,Energia Elétrica,stock,stock,AÇÃO B3,2880.0
XCAP11,XCAP11,52.14,0.0,100,,https://icons.brapi.dev/icons/BRAPI.svg,,,fund,etf,ETF,5214.0
MAPT3,CEMEPE INVESTIMENTOS S.A.,2.06,-17.6,100,1758236.0,https://icons.brapi.dev/icons/BRAPI.svg,Miscellaneous,Outros,stock,stock,AÇÃO B3,206.0
CEED3,CIA ESTADUAL DE DISTRIB ENER ELET-CEEE-D,10.0,0.0,100,682549259.0,https://icons.brapi.dev/icons/BRAPI.svg,Utilities,Energia Elétrica,stock,stock,AÇÃO B3,1000.0
AVLL3,ALPHAVILLE S.A.,6.9,0.0,100,53909061.0,https://icons.brapi.dev/icons/AVLL3.svg,Finance,Incorporações,stock,stock,AÇÃO B3,690.0
UNIP5,UNIPAR CARBOCLORO S.A.,57.7,1.21,100,6417768805.0,https://icons.brapi.dev/icons/BRAPI.svg,Process Industries,,stock,stock,AÇÃO B3,5770.0
CTAX3,CTAX3,1.59,-3.05,100,12737164.0,https://icons.brapi.dev/icons/BRAPI.svg,Commercial Services,,stock,stock,AÇÃO B3,159.0
GPRK34,GPRK34,59.5,-1.82,100,3837351161.1253195,https://icons.brapi.dev/icons/BRAPI.svg,Energy Minerals,,bdr,bdr,AÇÃO GLOBAL / BDR,5950.0
MRSA6B,MRS LOGISTICA S.A.,34.89,-0.03,100,13378693426.0,https://icons.brapi.dev/icons/BRAPI.svg,Transportation,,stock,stock,AÇÃO B3,3489.0
CEEB3,CIA ELETRICIDADE EST. DA BAHIA - COELBA,47.2,1.61,100,8265576112.999999,https://icons.brapi.dev/icons/BRAPI.svg,Utilities,Energia Elétrica,stock,stock,AÇÃO B3,4720.0
DUKB34,DUKB34,623.72,-1.57,100,479467010613.8107,https://icons.brapi.dev/icons/BRAPI.svg,Utilities,,bdr,bdr,AÇÃO GLOBAL / BDR,62372.0
PLAS3,PLASCAR PARTICIPACOES INDUSTRIAIS S.A.,2.59,7.02,100,32181831.000000004,https://icons.brapi.dev/icons/BRAPI.svg,Producer Manufacturing,Automóveis e Motocicletas,stock,stock,AÇÃO B3,259.0
CEDO4,CIA FIACAO TECIDOS CEDRO CACHOEIRA,5.12,-0.78,100,51085857.0,https://icons.brapi.dev/icons/BRAPI.svg,Process Industries,,stock,stock,AÇÃO B3,512.0
OSXB3,OSX BRASIL S.A.,1.15,10.58,100,3620244.0,https://icons.brapi.dev/icons/OSXB3.svg,Industrial Services,Equipamentos e Serviços,stock,stock,AÇÃO B3,114.99999999999999
BRKM6,BRASKEM S.A.,7.0,0.0,100,3585072481.0,https://icons.brapi.dev/icons/BRAPI.svg,Process Industries,,stock,stock,AÇÃO B3,700.0
BDLL4,BARDELLA S.A. INDUSTRIAS MECANICAS,3.25,-7.14,100,5958990.0,https://icons.brapi.dev/icons/BRAPI.svg,Producer Manufacturing,,stock,stock,AÇÃO B3,325.0
ENMT3,ENERGISA MATO GROSSO-DISTRIBUIDORA DE ENERGIA S/A,34.0,1.19,100,7488483940.0,https://icons.brapi.dev/icons/BRAPI.svg,Utilities,Energia Elétrica,stock,stock,AÇÃO B3,3400.0
BAUH4,EXCELSIOR ALIMENTOS S.A.,93.39,-0.54,100,221828613.0,https://icons.brapi.dev/icons/BRAPI.svg,Distribution Services,,stock,stock,AÇÃO B3,9339.0
ARND3,ARND3,0.51,2.0,100,71905820.0,https://icons.brapi.dev/icons/BRAPI.svg,Commercial Services,,stock,stock,AÇÃO B3,51.0
MRSA3B,MRS LOGISTICA S.A.,42.01,-5.6,100,13378693426.0,https://icons.brapi.dev/icons/MRSA3B.svg,Transportation,,stock,stock,AÇÃO B3,4201.0
DOHL4,DOHLER S.A.,3.73,1.08,100,430854061.0,https://icons.brapi.dev/icons/BRAPI.svg,Process Industries,,stock,stock,AÇÃO B3,373.0
W1HR34,W1HR34,51.1,4.39,100,13106575672.634272,https://icons.brapi.dev/icons/BRAPI.svg,Consumer Durables,,bdr,bdr,AÇÃO GLOBAL / BDR,5110.0
FESA3,CIA FERRO LIGAS DA BAHIA - FERBASA,10.15,0.0,100,2497518945.0,https://icons.brapi.dev/icons/FESA3.svg,Non-Energy Minerals,Siderurgia,stock,stock,AÇÃO B3,1015.0
SAPP34,SAPP34,78.96,-0.3,99,1289099367365.134,https://icons.brapi.dev/icons/BRAPI.svg,Technology Services,,bdr,bdr,AÇÃO GLOBAL / BDR,7817.039999999999
VVCO11,VVCO11,9.0,-3.02,99,,https://icons.brapi.dev/icons/BRAPI.svg,,,fund,fii,FII,891.0
BIJR39,ISHARES CORE S&P SMALL-CAP ETF,92.88,0.66,99,,https://icons.brapi.dev/icons/BRAPI.svg,Miscellaneous,,bdr,bdr,AÇÃO GLOBAL / BDR,9195.119999999999
MILL11,MILL11,90.91,0.9,97,,https://icons.brapi.dev/icons/BRAPI.svg,Miscellaneous,,fund,etf,ETF,8818.27
BRSR5F,BCO ESTADO DO RIO GRANDE DO SUL S.A.,17.97,5.71,96,6680411228.0,https://icons.brapi.dev/icons/BRAPI.svg,Finance,,stock,stock,AÇÃO B3,1725.12
A1SU34,A1SU34,368.15,0.31,96,72090905744.24553,https://icons.brapi.dev/icons/BRAPI.svg,Finance,,bdr,bdr,AÇÃO GLOBAL / BDR,35342.399999999994
ABCP11,ABCP11,74.01,0.42,95,,https://icons.brapi.dev/icons/ABCP11.svg,,Shoppings,fund,fii,FII,7030.950000000001
LSAG11,LSAG11,73.05,0.19,94,,https://icons.brapi.dev/icons/BRAPI.svg,Miscellaneous,Títulos e Val. Mob.,fund,fi-agro,FIAGRO,6866.7
A2RW34,A2RW34,73.08,1.95,92,56235519677.74936,https://icons.brapi.dev/icons/BRAPI.svg,Distribution Services,,bdr,bdr,AÇÃO GLOBAL / BDR,6723.36
N1IS34,N1IS34,212.3,-0.19,91,101529369800.5115,https://icons.brapi.dev/icons/BRAPI.svg,Utilities,,bdr,bdr,AÇÃO GLOBAL / BDR,19319.3
BNFS11,BNFS11,38.18,-0.05,91,,https://icons.brapi.dev/icons/BRAPI.svg,,Varejo,fund,fii,FII,3474.38
FHER3F,FERTILIZANTES HERINGER S.A.,3.14,-1.57,91,165341860.0,https://icons.brapi.dev/icons/BRAPI.svg,Process Industries,,stock,stock,AÇÃO B3,285.74
ECOM3F,ECOM3F,1.09,3.81,91,44070704.0,https://icons.brapi.dev/icons/BRAPI.svg,Technology Services,,stock,stock,AÇÃO B3,99.19000000000001
CLOV34,CLOV34,22.21,2.16,90,11560480572.890026,https://icons.brapi.dev/icons/BRAPI.svg,Finance,,bdr,bdr,AÇÃO GLOBAL / BDR,1998.9
FESA3F,CIA FERRO LIGAS DA BAHIA - FERBASA,10.21,0.1,90,2497518945.0,https://icons.brapi.dev/icons/BRAPI.svg,Non-Energy Minerals,,stock,stock,AÇÃO B3,918.9000000000001
G1MI34,G1MI34,66.14,0.3,90,104710816777.49362,https://icons.brapi.dev/icons/BRAPI.svg,Consumer Non-Durables,,bdr,bdr,AÇÃO GLOBAL / BDR,5952.6
ENMT4F,ENERGISA MATO GROSSO-DISTRIBUIDORA DE ENERGIA S/A,34.56,3.1,89,7488483940.0,https://icons.brapi.dev/icons/BRAPI.svg,Utilities,,stock,stock,AÇÃO B3,3075.84
BIHE39,ISHARES US PHARMACEUTICALS ETF,29.89,0.54,89,,https://icons.brapi.dev/icons/BRAPI.svg,Miscellaneous,,bdr,bdr,AÇÃO GLOBAL / BDR,2660.21
BHER39,GLOBAL X VIDEO GAMES & ESPORTS ETF,34.92,0.72,87,,https://icons.brapi.dev/icons/BRAPI.svg,Miscellaneous,,bdr,bdr,AÇÃO GLOBAL / BDR,3038.04
BUSR39,ISHARES CORE US REIT ETF,56.4,0.86,86,,https://icons.brapi.dev/icons/BRAPI.svg,Miscellaneous,,bdr,bdr,AÇÃO GLOBAL / BDR,4850.4
BICE11,BICE11,400.0,-19.84,86,,https://icons.brapi.dev/icons/BRAPI.svg,Miscellaneous,Outros,fund,fii,FII,34400.0
Z1TA34,Z1TA34,80.87,-3.5,85,40252052496.16368,https://icons.brapi.dev/icons/BRAPI.svg,Technology Services,,bdr,bdr,AÇÃO GLOBAL / BDR,6873.950000000001
D2KN34,D2KN34,21.1,3.38,84,60971162961.63683,https://icons.brapi.dev/icons/BRAPI.svg,Consumer Services,,bdr,bdr,AÇÃO GLOBAL / BDR,1772.4
BIXU39,ISHARES CORE MSCI TOTAL INTERNATIONAL STOCK ETF,84.48,1.33,83,,https://icons.brapi.dev/icons/BRAPI.svg,Miscellaneous,,bdr,bdr,AÇÃO GLOBAL / BDR,7011.84
D2TC34,D2TC34,33.39,-1.68,82,76722308496.16368,https://icons.brapi.dev/icons/BRAPI.svg,Technology Services,,bdr,bdr,AÇÃO GLOBAL / BDR,2737.98
COCE5F,CIA ENERGETICA DO CEARA - COELCE,31.32,-0.13,82,2518300536.0,https://icons.brapi.dev/icons/BRAPI.svg,Utilities,,stock,stock,AÇÃO B3,2568.2400000000002
R1OL34,R1OL34,183.01,-1.08,82,88255114685.42198,https://icons.brapi.dev/icons/BRAPI.svg,Commercial Services,,bdr,bdr,AÇÃO GLOBAL / BDR,15006.82
C1PR34,C1PR34,86.58,4.78,82,159684735038.36316,https://icons.brapi.dev/icons/BRAPI.svg,Retail Trade,,bdr,bdr,AÇÃO GLOBAL / BDR,7099.5599999999995
WLMM4F,WLM PART. E COMÉRCIO DE MÁQUINAS E VEÍCULOS S.A.,16.3,1.37,82,637829478.0,https://icons.brapi.dev/icons/BRAPI.svg,Distribution Services,,stock,stock,AÇÃO B3,1336.6000000000001
BFXI39,ISHARES CHINA LARGE-CAP ETF,36.8,1.55,82,,https://icons.brapi.dev/icons/BRAPI.svg,Miscellaneous,,bdr,bdr,AÇÃO GLOBAL / BDR,3017.6
FIEI3F,FICA EMPREENDIMENTOS IMOBILIÁRIOS S.A,7.99,14.31,81,18141925.0,https://icons.brapi.dev/icons/BRAPI.svg,Finance,,stock,stock,AÇÃO B3,647.19
ENMT3F,ENERGISA MATO GROSSO-DISTRIBUIDORA DE ENERGIA S/A,33.0,-4.9,81,7488483940.0,https://icons.brapi.dev/icons/BRAPI.svg,Utilities,,stock,stock,AÇÃO B3,2673.0
BEFA39,ISHARES MSCI EAFE ETF,69.23,0.77,81,,https://icons.brapi.dev/icons/BRAPI.svg,Miscellaneous,,bdr,bdr,AÇÃO GLOBAL / BDR,5607.63
A2RR34,A2RR34,55.02,3.71,81,62383173882.352936,https://icons.brapi.dev/icons/BRAPI.svg,Health Technology,,bdr,bdr,AÇÃO GLOBAL / BDR,4456.62
VLOE34,VLOE34,118.87,0.16,80,545987049708.4399,https://icons.brapi.dev/icons/BRAPI.svg,Energy Minerals,,bdr,bdr,AÇÃO GLOBAL / BDR,9509.6
CLXC34,CLXC34,121.19,-0.2,80,57564395150.89514,https://icons.brapi.dev/icons/BRAPI.svg,Consumer Non-Durables,,bdr,bdr,AÇÃO GLOBAL / BDR,9695.2
DOHL4F,DOHLER S.A.,3.74,1.36,79,430854061.0,https://icons.brapi.dev/icons/BRAPI.svg,Process Industries,,stock,stock,AÇÃO B3,295.46000000000004
MSPA4F,CIA MELHORAMENTOS DE SAO PAULO,33.36,-4.96,77,237558523.0,https://icons.brapi.dev/icons/BRAPI.svg,Process Industries,,stock,stock,AÇÃO B3,2568.72
FZDA11,FZDA11,130.0,1.1,77,,https://icons.brapi.dev/icons/BRAPI.svg,,Outros,fund,fi-agro,FIAGRO,10010.0
MOOO34,MOOO34,71.84,0.81,77,588296445033.2482,https://icons.brapi.dev/icons/BRAPI.svg,Consumer Non-Durables,,bdr,bdr,AÇÃO GLOBAL / BDR,5531.68
BEWW39,ISHARES MSCI MEXICO ETF,96.9,-0.31,76,,https://icons.brapi.dev/icons/BRAPI.svg,Miscellaneous,,bdr,bdr,AÇÃO GLOBAL / BDR,7364.400000000001
P1VH34,P1VH34,185.42,-5.99,76,17541816803.069054,https://icons.brapi.dev/icons/BRAPI.svg,Consumer Non-Durables,,bdr,bdr,AÇÃO GLOBAL / BDR,14091.919999999998
DOLB11,DOLB11,96.84,0.47,76,,https://icons.brapi.dev/icons/BRAPI.svg,Miscellaneous,,fund,etf,ETF,7359.84
ADSH11,ADSH11,11.3,0.0,76,,https://icons.brapi.dev/icons/BRAPI.svg,,Multicategoria,fund,fii,FII,858.8000000000001
PMRL11,PMRL11,100.0,-9.35,75,,https://icons.brapi.dev/icons/BRAPI.svg,,,fund,fii,FII,7500.0
ECOO11,ECOO11,153.37,0.17,75,,https://icons.brapi.dev/icons/BRAPI.svg,Miscellaneous,,fund,etf,ETF,11502.75
PEVC11,PEVC11,168.55,-0.38,74,,https://icons.brapi.dev/icons/BRAPI.svg,Miscellaneous,,fund,etf,ETF,12472.7
C1CI34,C1CI34,96.8,-1.22,74,165024486562.65985,https://icons.brapi.dev/icons/BRAPI.svg,Finance,,bdr,bdr,AÇÃO GLOBAL / BDR,7163.2
BEFV39,ISHARES MSCI EAFE VALUE ETF,71.05,0.64,74,,https://icons.brapi.dev/icons/BRAPI.svg,Miscellaneous,,bdr,bdr,AÇÃO GLOBAL / BDR,5257.7
CXRI11,CXRI11,64.67,0.0,73,,https://icons.brapi.dev/icons/BRAPI.svg,,Multicategoria,fund,fii,FII,4720.91
CPRL34,CPRL34,117.0,1.88,72,412872748372.7094,https://icons.brapi.dev/icons/BRAPI.svg,Transportation,,bdr,bdr,AÇÃO GLOBAL / BDR,8424.0
NORD3F,NORDON INDUSTRIAS METALURGICAS S.A.,1.39,-5.44,72,9203865.0,https://icons.brapi.dev/icons/BRAPI.svg,Producer Manufacturing,,stock,stock,AÇÃO B3,100.08
F2IV34,F2IV34,11.4,-1.64,72,12716378506.393862,https://icons.brapi.dev/icons/BRAPI.svg,Technology Services,,bdr,bdr,AÇÃO GLOBAL / BDR,820.8000000000001
ACNB34,ACNB34,956.34,-2.43,70,584459523682.8645,https://icons.brapi.dev/icons/BRAPI.svg,Technology Services,,bdr,bdr,AÇÃO GLOBAL / BDR,66943.8
Z2DV34,Z2DV34,18.86,-0.79,70,9768785386.189259,https://icons.brapi.dev/icons/BRAPI.svg,Technology Services,,bdr,bdr,AÇÃO GLOBAL / BDR,1320.2
Y2PF34,Y2PF34,270.81,-3.19,70,111429403733.0726,https://icons.brapi.dev/icons/BRAPI.svg,Energy Minerals,,bdr,bdr,AÇÃO GLOBAL / BDR,18956.7
EMAE4F,EMAE - EMPRESA METROP.AGUAS ENERGIA S.A.,34.59,4.47,69,2968692755.0,https://icons.brapi.dev/icons/BRAPI.svg,Utilities,,stock,stock,AÇÃO B3,2386.71
AFLT3F,AFLUENTE TRANSMISSÃO DE ENERGIA ELÉTRICA S/A,7.37,-0.67,69,466195908.0,https://icons.brapi.dev/icons/BRAPI.svg,Utilities,,stock,stock,AÇÃO B3,508.53000000000003
VMRK34,VMRK34,56.16,-0.85,69,258651989278.77234,https://icons.brapi.dev/icons/BRAPI.svg,Finance,,bdr,bdr,AÇÃO GLOBAL / BDR,3875.04
BITO39,ISHARES CORE S&P TOTAL US STOCK MARKET ETF,86.66,0.0,67,,https://icons.brapi.dev/icons/BRAPI.svg,Miscellaneous,,bdr,bdr,AÇÃO GLOBAL / BDR,5806.219999999999
HAGA4F,HAGA S.A. INDUSTRIA E COMERCIO,1.9,11.11,65,25902334.0,https://icons.brapi.dev/icons/BRAPI.svg,Consumer Durables,,stock,stock,AÇÃO B3,123.5
I1NC34,I1NC34,325.71,1.58,65,131416574465.47316,https://icons.brapi.dev/icons/BRAPI.svg,Health Technology,,bdr,bdr,AÇÃO GLOBAL / BDR,21171.149999999998
W1EL34,W1EL34,75.99,-0.42,65,870681993667.5192,https://icons.brapi.dev/icons/BRAPI.svg,Finance,,bdr,bdr,AÇÃO GLOBAL / BDR,4939.349999999999
CEEB3F,CIA ELETRICIDADE EST. DA BAHIA - COELBA,46.9,0.93,65,8265576112.999999,https://icons.brapi.dev/icons/BRAPI.svg,Utilities,,stock,stock,AÇÃO B3,3048.5
MWET4F,WETZEL S.A.,28.01,-10.65,64,51018536.0,https://icons.brapi.dev/icons/BRAPI.svg,Producer Manufacturing,,stock,stock,AÇÃO B3,1792.64
NEWU11,NEWU11,110.0,-2.65,64,,https://icons.brapi.dev/icons/BRAPI.svg,,Multicategoria,fund,fii,FII,7040.0
BGIP4F,BCO ESTADO DE SERGIPE S.A. - BANESE,33.35,-1.62,64,927539686.0,https://icons.brapi.dev/icons/BRAPI.svg,Finance,,stock,stock,AÇÃO B3,2134.4
TAKP34,TAKP34,95.04,0.76,63,301209324212.7726,https://icons.brapi.dev/icons/BRAPI.svg,Health Technology,,bdr,bdr,AÇÃO GLOBAL / BDR,5987.52
BIEM39,ISHARES CORE MSCI EMERGING MARKETS ETF,71.37,1.78,63,,https://icons.brapi.dev/icons/BRAPI.svg,Miscellaneous,,bdr,bdr,AÇÃO GLOBAL / BDR,4496.31
BGWH39,ISHARES CORE DIVIDEND GROWTH ETF,81.04,-0.58,63,,https://icons.brapi.dev/icons/BRAPI.svg,Miscellaneous,,bdr,bdr,AÇÃO GLOBAL / BDR,5105.52
B1ZE34,B1ZE34,82.22,-4.37,62,18412828690.537083,https://icons.brapi.dev/icons/BRAPI.svg,Technology Services,,bdr,bdr,AÇÃO GLOBAL / BDR,5097.64
PRXB31,PROSUS N.V.,22.31,0.54,62,439706757281.1483,https://icons.brapi.dev/icons/BRAPI.svg,Technology Services,,bdr,bdr,AÇÃO GLOBAL / BDR,1383.22
V1RS34,V1RS34,12.7,-4.65,61,123691489974.42456,https://icons.brapi.dev/icons/BRAPI.svg,Technology Services,,bdr,bdr,AÇÃO GLOBAL / BDR,774.6999999999999
HPDP11,HPDP11,88.0,0.06,61,,https://icons.brapi.dev/icons/BRAPI.svg,Miscellaneous,Shoppings,fund,fii,FII,5368.0
V1IP34,V1IP34,33.84,1.17,61,32105369902.813297,https://icons.brapi.dev/icons/BRAPI.svg,Retail Trade,,bdr,bdr,AÇÃO GLOBAL / BDR,2064.2400000000002
E1CL34,E1CL34,71.33,0.2,60,400461208450.12787,https://icons.brapi.dev/icons/BRAPI.svg,Process Industries,,bdr,bdr,AÇÃO GLOBAL / BDR,4279.8
H1RB34,H1RB34,260.49,-6.69,60,30933127002.557545,https://icons.brapi.dev/icons/BRAPI.svg,Consumer Services,,bdr,bdr,AÇÃO GLOBAL / BDR,15629.400000000001
RECD11,RECD11,5.21,-4.4,60,,https://icons.brapi.dev/icons/BRAPI.svg,,,fund,fii,FII,312.6
BIJS39,ISHARES S&P SMALL-CAP 600 VALUE ETF,86.49,-3.32,60,,https://icons.brapi.dev/icons/BRAPI.svg,Miscellaneous,,bdr,bdr,AÇÃO GLOBAL / BDR,5189.4
UNIP5F,UNIPAR CARBOCLORO S.A.,58.92,-0.22,60,6417768805.0,https://icons.brapi.dev/icons/BRAPI.svg,Process Industries,,stock,stock,AÇÃO B3,3535.2000000000003
O2NS34,O2NS34,47.5,0.36,60,148117665795.39642,https://icons.brapi.dev/icons/BRAPI.svg,Electronic Technology,,bdr,bdr,AÇÃO GLOBAL / BDR,2850.0
OIBR4F,OI S.A.,0.5,-5.66,60,32990083.0,https://icons.brapi.dev/icons/BRAPI.svg,Communications,,stock,stock,AÇÃO B3,30.0
AVLL3F,ALPHAVILLE S.A.,6.87,-0.43,59,53909061.0,https://icons.brapi.dev/icons/BRAPI.svg,Finance,,stock,stock,AÇÃO B3,405.33
D1LR34,D1LR34,60.36,4.05,58,357506129447.5704,https://icons.brapi.dev/icons/BRAPI.svg,Finance,,bdr,bdr,AÇÃO GLOBAL / BDR,3500.88
GEPA3F,RIO PARANAPANEMA ENERGIA S.A.,34.97,-0.09,57,3343882344.0,https://icons.brapi.dev/icons/BRAPI.svg,Utilities,,stock,stock,AÇÃO B3,1993.29
PHMO34,PHMO34,58.61,-2.24,57,1455210868987.2122,https://icons.brapi.dev/icons/BRAPI.svg,Consumer Non-Durables,,bdr,bdr,AÇÃO GLOBAL / BDR,3340.77
RICO11,RICO11,31.28,0.13,55,,https://icons.brapi.dev/icons/BRAPI.svg,Miscellaneous,,fund,etf,ETF,1720.4
CVSH34,CVSH34,49.64,-0.2,55,632877686245.5243,https://icons.brapi.dev/icons/BRAPI.svg,Retail Trade,,bdr,bdr,AÇÃO GLOBAL / BDR,2730.2
BEWT39,ISHARES MSCI TAIWAN ETF,93.9,0.0,54,,https://icons.brapi.dev/icons/BRAPI.svg,Miscellaneous,,bdr,bdr,AÇÃO GLOBAL / BDR,5070.6
M1SI34,M1SI34,75.43,-4.63,54,396211555468.0307,https://icons.brapi.dev/icons/BRAPI.svg,Electronic Technology,,bdr,bdr,AÇÃO GLOBAL / BDR,4073.2200000000003
C1FI34,C1FI34,688.0,-1.71,54,103227310281.32994,https://icons.brapi.dev/icons/BRAPI.svg,Process Industries,,bdr,bdr,AÇÃO GLOBAL / BDR,37152.0
M1AA34,M1AA34,57.0,0.0,53,76153132705.88235,https://icons.brapi.dev/icons/BRAPI.svg,Finance,,bdr,bdr,AÇÃO GLOBAL / BDR,3021.0
META11,META11,8.63,0.58,52,,https://icons.brapi.dev/icons/BRAPI.svg,Miscellaneous,,fund,etf,ETF,448.76000000000005
ISUS11,ISUS11,44.44,0.0,52,,https://icons.brapi.dev/icons/BRAPI.svg,Miscellaneous,,fund,etf,ETF,2310.88
A1DC34,A1DC34,46.94,-2.0,52,46201666895.14067,https://icons.brapi.dev/icons/BRAPI.svg,Finance,,bdr,bdr,AÇÃO GLOBAL / BDR,2440.88
TELM11,TELM11,9.65,-1.43,51,,https://icons.brapi.dev/icons/TELM11.svg,,Multicategoria,fund,fii,FII,492.15000000000003
F1NI34,F1NI34,13.47,1.13,51,110500875718.67009,https://icons.brapi.dev/icons/BRAPI.svg,Technology Services,,bdr,bdr,AÇÃO GLOBAL / BDR,686.97
D2PZ34,D2PZ34,35.08,-0.68,51,57721778618.925835,https://icons.brapi.dev/icons/BRAPI.svg,Consumer Services,,bdr,bdr,AÇÃO GLOBAL / BDR,1789.08
BRKM6F,BRASKEM S.A.,6.99,0.0,51,3585072481.0,https://icons.brapi.dev/icons/BRAPI.svg,Process Industries,,stock,stock,AÇÃO B3,356.49
BQCL39,FIRST TRUST NASDAQ CLEAN EDGE GREEN ENERGY INDEX,31.48,1.29,51,,https://icons.brapi.dev/icons/BRAPI.svg,Miscellaneous,,bdr,bdr,AÇÃO GLOBAL / BDR,1605.48
BGRB11,BGRB11,115.0,-2.13,50,,https://icons.brapi.dev/icons/BRAPI.svg,,,fund,fii,FII,5750.0
USIM6F,USINAS SID DE MINAS GERAIS S.A.-USIMINAS,6.3,-2.63,50,9031151707.0,https://icons.brapi.dev/icons/BRAPI.svg,Non-Energy Minerals,,stock,stock,AÇÃO B3,315.0
O2HI34,O2HI34,79.2,-0.6,50,71886154915.60103,https://icons.brapi.dev/icons/BRAPI.svg,Finance,,bdr,bdr,AÇÃO GLOBAL / BDR,3960.0
A1RE34,A1RE34,67.34,-0.1,50,46926517780.051155,https://icons.brapi.dev/icons/BRAPI.svg,Finance,,bdr,bdr,AÇÃO GLOBAL / BDR,3367.0
BQTC39,FIRST TRUST NASDAQ-100-TECHNOLOGY SECTOR INDEX,110.99,3.06,50,,https://icons.brapi.dev/icons/BRAPI.svg,Miscellaneous,,bdr,bdr,AÇÃO GLOBAL / BDR,5549.5
N1WL34,N1WL34,31.32,1.95,50,13310736675.191818,https://icons.brapi.dev/icons/BRAPI.svg,Producer Manufacturing,,bdr,bdr,AÇÃO GLOBAL / BDR,1566.0
BKYY39,FIRST TRUST CLOUD COMPUTING ETF,82.34,0.22,50,,https://icons.brapi.dev/icons/BRAPI.svg,Miscellaneous,,bdr,bdr,AÇÃO GLOBAL / BDR,4117.0
BDLL4F,BARDELLA S.A. INDUSTRIAS MECANICAS,3.5,0.0,50,5958990.0,https://icons.brapi.dev/icons/BRAPI.svg,Producer Manufacturing,,stock,stock,AÇÃO B3,175.0
EVTC31,EVERTEC INC,155.84,0.77,50,9276162378.516624,https://icons.brapi.dev/icons/BRAPI.svg,Commercial Services,,bdr,bdr,AÇÃO GLOBAL / BDR,7792.0
S2TA34,S2TA34,38.36,0.0,49,37161217887.46803,https://icons.brapi.dev/icons/BRAPI.svg,Finance,,bdr,bdr,AÇÃO GLOBAL / BDR,1879.6399999999999
IGTI4F,IGUATEMI S.A.,11.01,-4.34,49,7518813770.0,https://icons.brapi.dev/icons/BRAPI.svg,Finance,,stock,stock,AÇÃO B3,539.49
A1PL34,A1PL34,134.74,3.12,49,39314786900.25575,https://icons.brapi.dev/icons/BRAPI.svg,Technology Services,,bdr,bdr,AÇÃO GLOBAL / BDR,6602.26
SIVR39,ABRDN PHYSICAL SILVER SHARES ETF,106.92,-1.62,48,,https://icons.brapi.dev/icons/BRAPI.svg,Miscellaneous,,bdr,bdr,AÇÃO GLOBAL / BDR,5132.16
SHLD39,GLOBAL X DEFENSE TECH ETF,40.32,-0.81,48,,https://icons.brapi.dev/icons/BRAPI.svg,,,bdr,bdr,AÇÃO GLOBAL / BDR,1935.3600000000001
BGRT39,ISHARES GLOBAL REIT ETF,46.86,-0.51,47,,https://icons.brapi.dev/icons/BRAPI.svg,Miscellaneous,,bdr,bdr,AÇÃO GLOBAL / BDR,2202.42
BIWF39,ISHARES RUSSELL 1000 GROWTH ETF,25.01,-4.54,47,,https://icons.brapi.dev/icons/BRAPI.svg,Miscellaneous,,bdr,bdr,AÇÃO GLOBAL / BDR,1175.47
MNPR3F,MINUPAR PARTICIPACOES S.A.,4.11,1.99,47,292524110.0,https://icons.brapi.dev/icons/BRAPI.svg,Process Industries,,stock,stock,AÇÃO B3,193.17000000000002
M2PT34,M2PT34,11.46,10.19,47,12249474097.1867,https://icons.brapi.dev/icons/BRAPI.svg,Finance,,bdr,bdr,AÇÃO GLOBAL / BDR,538.62
C2HP34,C2HP34,17.21,17.88,46,1310115478.2608695,https://icons.brapi.dev/icons/BRAPI.svg,Producer Manufacturing,,bdr,bdr,AÇÃO GLOBAL / BDR,791.6600000000001
ELAS11,ELAS11,186.35,-0.03,46,,https://icons.brapi.dev/icons/BRAPI.svg,Miscellaneous,,fund,etf,ETF,8572.1
C1MI34,C1MI34,51.25,1.89,45,394861189897.6982,https://icons.brapi.dev/icons/BRAPI.svg,Producer Manufacturing,,bdr,bdr,AÇÃO GLOBAL / BDR,2306.25
CEDO4F,CIA FIACAO TECIDOS CEDRO CACHOEIRA,5.1,-10.37,45,51085857.0,https://icons.brapi.dev/icons/BRAPI.svg,Process Industries,,stock,stock,AÇÃO B3,229.49999999999997
TJKB11,TJKB11,249.95,-0.02,44,,https://icons.brapi.dev/icons/TJKB11.svg,,Hospital,fund,fii,FII,10997.8
GLCR11,GLCR11,94.43,0.06,44,,https://icons.brapi.dev/icons/BRAPI.svg,,Multicategoria,fund,fii,FII,4154.92
ADPR34,ADPR34,59.88,-1.02,43,564133424434.7826,https://icons.brapi.dev/icons/BRAPI.svg,Technology Services,,bdr,bdr,AÇÃO GLOBAL / BDR,2574.84
OSXB3F,OSX BRASIL S.A.,1.06,1.92,42,3620244.0,https://icons.brapi.dev/icons/BRAPI.svg,Industrial Services,,stock,stock,AÇÃO B3,44.52
EETH11,EETH11,51.18,-1.58,42,,https://icons.brapi.dev/icons/BRAPI.svg,Miscellaneous,,fund,etf,ETF,2149.56
GEHC34,GEHC34,44.18,-2.9,41,159095219268.54218,https://icons.brapi.dev/icons/BRAPI.svg,Health Technology,,bdr,bdr,AÇÃO GLOBAL / BDR,1811.3799999999999
PPLA11,PPLA PARTICIPATIONS LTD.,38.03,0.0,40,,https://icons.brapi.dev/icons/PPLA11.svg,Finance,Gestão de Recursos e Investimentos,bdr,bdr,AÇÃO GLOBAL / BDR,1521.2
MWET3F,WETZEL S.A.,25.0,0.0,40,51018536.0,https://icons.brapi.dev/icons/BRAPI.svg,Producer Manufacturing,,stock,stock,AÇÃO B3,1000.0
CRIP34,CRIP34,209.37,-7.49,40,137948477443.81924,https://icons.brapi.dev/icons/BRAPI.svg,Consumer Services,,bdr,bdr,AÇÃO GLOBAL / BDR,8374.8
CCTY3F,BELORA RDVC CITY DESENVOLVIMENTO  IMOBILIÁRIO S.A.,5.51,-0.72,40,882418.0,https://icons.brapi.dev/icons/BRAPI.svg,Consumer Durables,,stock,stock,AÇÃO B3,220.39999999999998
HETA4F,HERCULES S.A. FABRICA DE TALHERES,4.81,0.42,39,2139840.0,https://icons.brapi.dev/icons/BRAPI.svg,Consumer Durables,,stock,stock,AÇÃO B3,187.58999999999997
PQDP11,PQDP11,2480.0,0.04,39,,https://icons.brapi.dev/icons/BRAPI.svg,Miscellaneous,Shoppings,fund,fii,FII,96720.0
TRXB11,TRXB11,180.61,-4.94,39,,https://icons.brapi.dev/icons/BRAPI.svg,Miscellaneous,Multicategoria,fund,fii,FII,7043.790000000001
BEIS39,ISHARES MSCI ISRAEL ETF,64.44,2.48,39,,https://icons.brapi.dev/icons/BRAPI.svg,Miscellaneous,,bdr,bdr,AÇÃO GLOBAL / BDR,2513.16
BSDV39,GLOBAL X SUPERDIVIDEND ETF,64.27,0.77,38,,https://icons.brapi.dev/icons/BRAPI.svg,Miscellaneous,,bdr,bdr,AÇÃO GLOBAL / BDR,2442.2599999999998
BBUG39,GLOBAL X CYBERSECURITY ETF,70.86,0.08,38,,https://icons.brapi.dev/icons/BRAPI.svg,Miscellaneous,,bdr,bdr,AÇÃO GLOBAL / BDR,2692.68
MAPT4F,CEMEPE INVESTIMENTOS S.A.,3.0,8.7,38,1758236.0,https://icons.brapi.dev/icons/BRAPI.svg,Miscellaneous,,stock,stock,AÇÃO B3,114.0
CNIC34,CNIC34,27.0,5.76,38,382438283473.85266,https://icons.brapi.dev/icons/BRAPI.svg,Transportation,,bdr,bdr,AÇÃO GLOBAL / BDR,1026.0
JOGO11,JOGO11,124.34,1.58,37,,https://icons.brapi.dev/icons/BRAPI.svg,Miscellaneous,,fund,etf,ETF,4600.58
BXPO11,BXPO11,160.8,-0.06,37,,https://icons.brapi.dev/icons/BRAPI.svg,Miscellaneous,,fund,etf,ETF,5949.6
LKFT34,LKFT34,7.34,22.95,36,9639260000.10271,https://icons.brapi.dev/icons/BRAPI.svg,Health Technology,,bdr,bdr,AÇÃO GLOBAL / BDR,264.24
C1AH34,C1AH34,1276.35,0.9,36,294056609115.08954,https://icons.brapi.dev/icons/BRAPI.svg,Distribution Services,,bdr,bdr,AÇÃO GLOBAL / BDR,45948.6
GEPA4F,RIO PARANAPANEMA ENERGIA S.A.,36.97,-0.08,36,3343882344.0,https://icons.brapi.dev/icons/BRAPI.svg,Utilities,,stock,stock,AÇÃO B3,1330.92
EBAY34,EBAY34,265.68,-1.11,36,235383384296.6752,https://icons.brapi.dev/icons/BRAPI.svg,Retail Trade,,bdr,bdr,AÇÃO GLOBAL / BDR,9564.48
IAGR11,IAGR11,4.24,-1.4,36,,https://icons.brapi.dev/icons/BRAPI.svg,,Multicategoria,fund,fi-agro,FIAGRO,152.64000000000001
T2DH34,T2DH34,29.77,-9.71,35,5836192787.723785,https://icons.brapi.dev/icons/BRAPI.svg,Health Services,,bdr,bdr,AÇÃO GLOBAL / BDR,1041.95
P2CY34,P2CY34,26.02,-1.51,35,41319298731.45781,https://icons.brapi.dev/icons/BRAPI.svg,Technology Services,,bdr,bdr,AÇÃO GLOBAL / BDR,910.6999999999999
B2AP34,B2AP34,161.44,1.75,35,155620435989.76984,https://icons.brapi.dev/icons/BRAPI.svg,Finance,,bdr,bdr,AÇÃO GLOBAL / BDR,5650.4
G1PI34,G1PI34,117.12,-2.66,35,125257211831.20204,https://icons.brapi.dev/icons/BRAPI.svg,Finance,,bdr,bdr,AÇÃO GLOBAL / BDR,4099.2
CRFF11,CRFF11,65.75,1.15,35,,https://icons.brapi.dev/icons/BRAPI.svg,Miscellaneous,Multicategoria,fund,fii,FII,2301.25
HAGA3F,HAGA S.A. INDUSTRIA E COMERCIO,2.5,-5.66,34,25902334.0,https://icons.brapi.dev/icons/BRAPI.svg,Consumer Durables,,stock,stock,AÇÃO B3,85.0
W1MB34,W1MB34,381.14,-0.4,34,463927726562.65985,https://icons.brapi.dev/icons/BRAPI.svg,Industrial Services,,bdr,bdr,AÇÃO GLOBAL / BDR,12958.76
CBEE3F,AMPLA ENERGIA E SERVICOS S.A.,8.82,3.28,34,3997434995.0,https://icons.brapi.dev/icons/BRAPI.svg,Utilities,,stock,stock,AÇÃO B3,299.88
CTKA4F,KARSTEN S.A.,30.0,-4.0,34,203913368.0,https://icons.brapi.dev/icons/BRAPI.svg,Process Industries,,stock,stock,AÇÃO B3,1020.0
BEGE39,ISHARES ESG AWARE MSCI EM ETF,69.86,1.17,33,,https://icons.brapi.dev/icons/BRAPI.svg,Miscellaneous,,bdr,bdr,AÇÃO GLOBAL / BDR,2305.38
ATSA11,ATSA11,58.19,3.91,33,,https://icons.brapi.dev/icons/BRAPI.svg,,Shoppings,fund,fii,FII,1920.27
BALM3F,BAUMER S.A.,25.25,-0.51,33,200487886.0,https://icons.brapi.dev/icons/BRAPI.svg,Health Technology,,stock,stock,AÇÃO B3,833.25
EART39,EART39,39.44,-0.3,33,,https://icons.brapi.dev/icons/BRAPI.svg,,,bdr,bdr,AÇÃO GLOBAL / BDR,1301.52
RPAD3F,ALFA HOLDINGS S.A.,7.0,-12.17,32,604083842.0,https://icons.brapi.dev/icons/BRAPI.svg,Finance,,stock,stock,AÇÃO B3,224.0
AZUL99,AZUL S.A.,5.99,0.0,32,7002600525.0,https://icons.brapi.dev/icons/BRAPI.svg,Transportation,,stock,unit,AÇÃO/UNIT B3,191.68
BBSD11,BBSD11,137.55,0.08,31,,https://icons.brapi.dev/icons/BRAPI.svg,Miscellaneous,,fund,etf,ETF,4264.05
UBSG34,UBSG34,71.19,0.1,31,859545779075.0613,https://icons.brapi.dev/icons/BRAPI.svg,Finance,,bdr,bdr,AÇÃO GLOBAL / BDR,2206.89
UPSS34,UPSS34,32.85,-0.18,31,445148054905.37085,https://icons.brapi.dev/icons/BRAPI.svg,Transportation,,bdr,bdr,AÇÃO GLOBAL / BDR,1018.35
S1YF34,S1YF34,68.87,1.86,31,133010934552.42969,https://icons.brapi.dev/icons/BRAPI.svg,Finance,,bdr,bdr,AÇÃO GLOBAL / BDR,2134.9700000000003
BIXC39,ISHARES GLOBAL ENERGY ETF,75.42,-0.03,30,,https://icons.brapi.dev/icons/BRAPI.svg,Miscellaneous,,bdr,bdr,AÇÃO GLOBAL / BDR,2262.6
OCRE11,OCRE11,61.8,0.0,30,,https://icons.brapi.dev/icons/BRAPI.svg,Miscellaneous,Multicategoria,fund,fii,FII,1854.0
BEPU39,ISHARES MSCI PERU AND GLOBAL EXPOSURE ETF,94.41,0.48,30,,https://icons.brapi.dev/icons/BRAPI.svg,Miscellaneous,,bdr,bdr,AÇÃO GLOBAL / BDR,2832.2999999999997
TEXA34,TEXA34,85.91,-0.43,30,1207262060460.3582,https://icons.brapi.dev/icons/BRAPI.svg,Electronic Technology,,bdr,bdr,AÇÃO GLOBAL / BDR,2577.2999999999997
NETE34,NETE34,61.06,3.47,30,392775355716.24854,https://icons.brapi.dev/icons/BRAPI.svg,Technology Services,,bdr,bdr,AÇÃO GLOBAL / BDR,1831.8000000000002
B1WA34,B1WA34,331.65,1.79,30,70361261304.34784,https://icons.brapi.dev/icons/BRAPI.svg,Producer Manufacturing,,bdr,bdr,AÇÃO GLOBAL / BDR,9949.5
IBMB34,IBMB34,1204.59,1.1,30,1131958815872.1228,https://icons.brapi.dev/icons/BRAPI.svg,Technology Services,,bdr,bdr,AÇÃO GLOBAL / BDR,36137.7
A1FL34,A1FL34,603.9,0.99,30,300575193867.0077,https://icons.brapi.dev/icons/BRAPI.svg,Finance,,bdr,bdr,AÇÃO GLOBAL / BDR,18117.0
C1PB34,C1PB34,110.04,-7.48,29,32612015928.38875,https://icons.brapi.dev/icons/BRAPI.svg,Consumer Non-Durables,,bdr,bdr,AÇÃO GLOBAL / BDR,3191.1600000000003
BIED3F,BIOMA EDUCAÇÃO S.A.,6.0,-7.55,29,164253936.0,https://icons.brapi.dev/icons/BRAPI.svg,Consumer Services,,stock,stock,AÇÃO B3,174.0
CGRA3F,GRAZZIOTIN S.A.,24.0,0.17,28,600351112.0,https://icons.brapi.dev/icons/BRAPI.svg,Retail Trade,,stock,stock,AÇÃO B3,672.0
RDLI11,RDLI11,12.0,-14.29,28,,https://icons.brapi.dev/icons/BRAPI.svg,,Logística,fund,fii,FII,336.0
BXTC39,ISHARES FUTURE EXPONENTIAL TECHNOLOGIES ETF,70.28,-1.28,28,,https://icons.brapi.dev/icons/BRAPI.svg,Miscellaneous,,bdr,bdr,AÇÃO GLOBAL / BDR,1967.8400000000001
DPRO11,DPRO11,5.7,9.62,27,,https://icons.brapi.dev/icons/BRAPI.svg,,Multicategoria,fund,fii,FII,153.9
D1VN34,D1VN34,247.0,-0.4,27,270414329979.53967,https://icons.brapi.dev/icons/BRAPI.svg,Energy Minerals,,bdr,bdr,AÇÃO GLOBAL / BDR,6669.0
HUSI11,HUSI11,1199.99,0.0,27,,https://icons.brapi.dev/icons/BRAPI.svg,,Hospital,fund,fii,FII,32399.73
P1HC34,P1HC34,61.8,2.28,26,620624233360.6138,https://icons.brapi.dev/icons/BRAPI.svg,Producer Manufacturing,,bdr,bdr,AÇÃO GLOBAL / BDR,1606.8
D2KS34,D2KS34,68.11,3.98,26,63295039488.49105,https://icons.brapi.dev/icons/BRAPI.svg,Retail Trade,,bdr,bdr,AÇÃO GLOBAL / BDR,1770.86
W1YC34,W1YC34,119.13,-6.47,26,84866207560.10231,https://icons.brapi.dev/icons/BRAPI.svg,Finance,,bdr,bdr,AÇÃO GLOBAL / BDR,3097.38
OROF11,OROF11,102.64,-0.6,26,,https://icons.brapi.dev/icons/BRAPI.svg,Miscellaneous,,fund,etf,ETF,2668.64
P1SA34,P1SA34,62.64,0.38,25,288069444910.48596,https://icons.brapi.dev/icons/BRAPI.svg,Finance,,bdr,bdr,AÇÃO GLOBAL / BDR,1566.0
AADA39,21SHARES CARDANO ETP,20.32,11.89,25,,https://icons.brapi.dev/icons/BRAPI.svg,Miscellaneous,,bdr,bdr,AÇÃO GLOBAL / BDR,508.0
SHPH11,SHPH11,990.0,1.54,25,,https://icons.brapi.dev/icons/BRAPI.svg,Miscellaneous,Shoppings,fund,fii,FII,24750.0
A1LK34,A1LK34,214.83,-0.26,24,23998952537.084404,https://icons.brapi.dev/icons/BRAPI.svg,Transportation,,bdr,bdr,AÇÃO GLOBAL / BDR,5155.92
BQYL39,GLOBAL X NASDAQ 100 COVERED CALL ETF,31.38,0.64,24,,https://icons.brapi.dev/icons/BRAPI.svg,Miscellaneous,,bdr,bdr,AÇÃO GLOBAL / BDR,753.12
B1BW34,B1BW34,22.2,-7.81,24,20123273826.08696,https://icons.brapi.dev/icons/BRAPI.svg,Retail Trade,,bdr,bdr,AÇÃO GLOBAL / BDR,532.8
LMTB34,LMTB34,2690.08,-1.2,24,620101151877.2378,https://icons.brapi.dev/icons/BRAPI.svg,Electronic Technology,,bdr,bdr,AÇÃO GLOBAL / BDR,64561.92
MAGM11,MAGM11,10.0,0.0,23,,https://icons.brapi.dev/icons/BRAPI.svg,,,fund,fii,FII,230.0
BTSI11,BTSI11,109.5,0.3,23,,https://icons.brapi.dev/icons/BRAPI.svg,,Multicategoria,fund,fii,FII,2518.5
BMKS3,BICICLETAS MONARK S.A.,377.0,1.47,23,171440751.0,https://icons.brapi.dev/icons/BMKS3.svg,Consumer Durables,Bicicletas,stock,stock,AÇÃO B3,8671.0
HAAA11,HAAA11,56.0,-6.67,23,,https://icons.brapi.dev/icons/BRAPI.svg,,Escritórios,fund,fii,FII,1288.0
E1IX34,E1IX34,144.9,0.29,23,111743677544.75703,https://icons.brapi.dev/icons/BRAPI.svg,Utilities,,bdr,bdr,AÇÃO GLOBAL / BDR,3332.7000000000003
ACWX39,ISHARES MSCI ACWI EX U.S. ETF,67.06,0.74,22,,https://icons.brapi.dev/icons/BRAPI.svg,Miscellaneous,,bdr,bdr,AÇÃO GLOBAL / BDR,1475.3200000000002
A1EG34,A1EG34,47.3,0.0,22,70876179799.70634,https://icons.brapi.dev/icons/BRAPI.svg,Finance,,bdr,bdr,AÇÃO GLOBAL / BDR,1040.6
BPIC39,ISHARES MSCI GLOBAL METALS & MINING PRODUCERS ETF,81.76,-1.47,22,,https://icons.brapi.dev/icons/BRAPI.svg,Miscellaneous,,bdr,bdr,AÇÃO GLOBAL / BDR,1798.72
T2ND34,T2ND34,7.48,-0.53,22,7082435805.626598,https://icons.brapi.dev/icons/BRAPI.svg,Health Technology,,bdr,bdr,AÇÃO GLOBAL / BDR,164.56
TJXC34,TJXC34,44.85,-2.63,22,743143569335.0385,https://icons.brapi.dev/icons/BRAPI.svg,Retail Trade,,bdr,bdr,AÇÃO GLOBAL / BDR,986.7
BEWZ39,ISHARES MSCI BRAZIL ETF,64.75,-1.19,22,,https://icons.brapi.dev/icons/BRAPI.svg,Miscellaneous,,bdr,bdr,AÇÃO GLOBAL / BDR,1424.5
RTEL16,RTEL16,52.5,0.0,22,,https://icons.brapi.dev/icons/BRAPI.svg,,,fund,fii,FII,1155.0
HOND34,HOND34,167.96,1.65,22,216622074640.40857,https://icons.brapi.dev/icons/BRAPI.svg,Consumer Durables,,bdr,bdr,AÇÃO GLOBAL / BDR,3695.1200000000003
C1IC34,C1IC34,66.2,10.91,21,381857932015.34534,https://icons.brapi.dev/icons/BRAPI.svg,Health Services,,bdr,bdr,AÇÃO GLOBAL / BDR,1390.2
CYLD11,CYLD11,135.0,0.0,21,,https://icons.brapi.dev/icons/BRAPI.svg,,Logística,fund,fii,FII,2835.0
B1003F,B100 S.A.,26.0,-10.34,21,942719421.0,https://icons.brapi.dev/icons/BRAPI.svg,Finance,,stock,stock,AÇÃO B3,546.0
XETH11,XETH11,33.74,-1.75,21,,https://icons.brapi.dev/icons/BRAPI.svg,Miscellaneous,,fund,etf,ETF,708.5400000000001
T1EV34,T1EV34,95.67,0.49,21,216882793064.8671,https://icons.brapi.dev/icons/BRAPI.svg,Health Technology,,bdr,bdr,AÇÃO GLOBAL / BDR,2009.07
J2BL34,J2BL34,199.0,2.68,21,166464072726.3427,https://icons.brapi.dev/icons/BRAPI.svg,Producer Manufacturing,,bdr,bdr,AÇÃO GLOBAL / BDR,4179.0
BECH39,ISHARES MSCI CHILE ETF,70.0,0.43,21,,https://icons.brapi.dev/icons/BRAPI.svg,Miscellaneous,,bdr,bdr,AÇÃO GLOBAL / BDR,1470.0
BEMV39,ISHARES MSCI EMERGING MARKETS MIN VOL FACTOR ETF,65.68,1.36,20,,https://icons.brapi.dev/icons/BRAPI.svg,Miscellaneous,,bdr,bdr,AÇÃO GLOBAL / BDR,1313.6000000000001
TRPL15,TRPL15,1.14,0.0,20,,https://icons.brapi.dev/icons/BRAPI.svg,,,fund,fii,FII,22.799999999999997
BKSA39,ISHARES MSCI SAUDI ARABIA ETF,49.2,-0.4,20,,https://icons.brapi.dev/icons/BRAPI.svg,Miscellaneous,,bdr,bdr,AÇÃO GLOBAL / BDR,984.0
AZUL98,AZUL S.A.,7.8,0.39,20,7002600525.0,https://icons.brapi.dev/icons/BRAPI.svg,Transportation,,stock,unit,AÇÃO/UNIT B3,156.0
R1OK34,R1OK34,550.48,-1.8,20,246414470450.12787,https://icons.brapi.dev/icons/BRAPI.svg,Producer Manufacturing,,bdr,bdr,AÇÃO GLOBAL / BDR,11009.6
FMOF11,FMOF11,39.5,-14.24,20,,https://icons.brapi.dev/icons/BRAPI.svg,Miscellaneous,Escritórios,fund,fii,FII,790.0
RZEO11,RZEO11,122.68,-4.99,20,,https://icons.brapi.dev/icons/BRAPI.svg,,,fund,fi-agro,FIAGRO,2453.6000000000004
V1NO34,V1NO34,190.0,-1.55,20,34946825647.05882,https://icons.brapi.dev/icons/BRAPI.svg,Finance,,bdr,bdr,AÇÃO GLOBAL / BDR,3800.0
DTCR39,GLOBAL X DATA CENTER & DIGITAL INFRASTRUCTURE ETF,72.26,1.63,20,,https://icons.brapi.dev/icons/BRAPI.svg,Miscellaneous,,bdr,bdr,AÇÃO GLOBAL / BDR,1445.2
B1RF34,B1RF34,236.68,2.39,20,100829098992.32738,https://icons.brapi.dev/icons/BRAPI.svg,Technology Services,,bdr,bdr,AÇÃO GLOBAL / BDR,4733.6
SBUB34,SBUB34,542.7,-0.13,20,609185684869.5652,https://icons.brapi.dev/icons/BRAPI.svg,Consumer Services,,bdr,bdr,AÇÃO GLOBAL / BDR,10854.0
CXTL11,CXTL11,298.0,0.34,20,,https://icons.brapi.dev/icons/BRAPI.svg,Miscellaneous,Logística,fund,fii,FII,5960.0
L1HX34,L1HX34,341.36,-0.69,20,244269771130.43475,https://icons.brapi.dev/icons/BRAPI.svg,Electronic Technology,,bdr,bdr,AÇÃO GLOBAL / BDR,6827.200000000001
I1QY34,I1QY34,2.21,-1.34,20,4329318046.035806,https://icons.brapi.dev/icons/BRAPI.svg,Technology Services,,bdr,bdr,AÇÃO GLOBAL / BDR,44.2
M1PC34,M1PC34,124.56,-0.19,20,558632934624.041,https://icons.brapi.dev/icons/BRAPI.svg,Energy Minerals,,bdr,bdr,AÇÃO GLOBAL / BDR,2491.2
S2UI34,S2UI34,30.89,0.72,20,74413844342.711,https://icons.brapi.dev/icons/BRAPI.svg,Finance,,bdr,bdr,AÇÃO GLOBAL / BDR,617.8
A1MP34,A1MP34,72.24,0.49,19,253279132439.8977,https://icons.brapi.dev/icons/BRAPI.svg,Finance,,bdr,bdr,AÇÃO GLOBAL / BDR,1372.56
G1SK34,G1SK34,51.6,-0.58,19,511872115937.23785,https://icons.brapi.dev/icons/BRAPI.svg,Health Technology,,bdr,bdr,AÇÃO GLOBAL / BDR,980.4
CGAS3F,CIA GAS DE SAO PAULO - COMGAS,125.43,-0.37,19,16523826454.999998,https://icons.brapi.dev/icons/BRAPI.svg,Utilities,,stock,stock,AÇÃO B3,2383.17
INGG34,INGG34,190.0,1.73,19,530527309631.4438,https://icons.brapi.dev/icons/BRAPI.svg,Finance,,bdr,bdr,AÇÃO GLOBAL / BDR,3610.0
DAMT11,DAMT11,10.0,-15.75,18,,https://icons.brapi.dev/icons/DAMT11.svg,,Shoppings,fund,fii,FII,180.0
BCAT39,GLOBAL X S&P 500 CATHOLIC VALUES ETF,47.16,0.86,17,,https://icons.brapi.dev/icons/BRAPI.svg,Miscellaneous,,bdr,bdr,AÇÃO GLOBAL / BDR,801.7199999999999
BIXN39,ISHARES GLOBAL TECH ETF,24.34,1.04,17,,https://icons.brapi.dev/icons/BRAPI.svg,Miscellaneous,,bdr,bdr,AÇÃO GLOBAL / BDR,413.78
R1YA34,R1YA34,36.9,0.0,17,143637119632.83102,https://icons.brapi.dev/icons/BRAPI.svg,Transportation,,bdr,bdr,AÇÃO GLOBAL / BDR,627.3
GSRF11,GSRF11,117.2,0.07,17,,https://icons.brapi.dev/icons/BRAPI.svg,,Residencial,fund,fii,FII,1992.4
T1EC34,T1EC34,407.34,4.45,17,160155507309.4629,https://icons.brapi.dev/icons/BRAPI.svg,Industrial Services,,bdr,bdr,AÇÃO GLOBAL / BDR,6924.78
MRSA3BF,MRS LOGISTICA S.A.,44.5,0.0,17,13378693426.0,https://icons.brapi.dev/icons/BRAPI.svg,Transportation,,stock,stock,AÇÃO B3,756.5
EUCA3F,EUCATEX S.A. INDUSTRIA E COMERCIO,21.48,0.61,16,1955344901.0,https://icons.brapi.dev/icons/BRAPI.svg,Non-Energy Minerals,,stock,stock,AÇÃO B3,343.68
B2YN34,B2YN34,57.0,-0.94,16,1036914869.5652175,https://icons.brapi.dev/icons/BRAPI.svg,Consumer Non-Durables,,bdr,bdr,AÇÃO GLOBAL / BDR,912.0
S2RE34,S2RE34,65.67,-0.05,16,39371043085.676476,https://icons.brapi.dev/icons/BRAPI.svg,Transportation,,bdr,bdr,AÇÃO GLOBAL / BDR,1050.72
EUAT11,EUAT11,98.79,0.02,16,,https://icons.brapi.dev/icons/BRAPI.svg,Miscellaneous,,fund,etf,ETF,1580.64
A1ME34,A1ME34,52.75,-0.26,16,278772294700.7673,https://icons.brapi.dev/icons/BRAPI.svg,Producer Manufacturing,,bdr,bdr,AÇÃO GLOBAL / BDR,844.0
BIYJ39,ISHARES U.S. INDUSTRIALS ETF,82.8,-0.67,16,,https://icons.brapi.dev/icons/BRAPI.svg,Miscellaneous,,bdr,bdr,AÇÃO GLOBAL / BDR,1324.8
NUTR3F,NUTRIPLANT INDUSTRIA E COMERCIO S.A.,2.24,0.0,16,28872554.0,https://icons.brapi.dev/icons/BRAPI.svg,Process Industries,,stock,stock,AÇÃO B3,35.84
P1DT34,P1DT34,307.21,-1.98,16,215329405841.43225,https://icons.brapi.dev/icons/BRAPI.svg,Finance,,bdr,bdr,AÇÃO GLOBAL / BDR,4915.36
BIVW39,ISHARES S&P 500 GROWTH ETF,90.09,0.45,16,,https://icons.brapi.dev/icons/BRAPI.svg,Miscellaneous,,bdr,bdr,AÇÃO GLOBAL / BDR,1441.44
AZUL97,AZUL S.A.,6.98,12.22,16,7002600525.0,https://icons.brapi.dev/icons/BRAPI.svg,Transportation,,stock,unit,AÇÃO/UNIT B3,111.68
T1DG34,T1DG34,118.93,0.42,15,328563104537.0844,https://icons.brapi.dev/icons/BRAPI.svg,Electronic Technology,,bdr,bdr,AÇÃO GLOBAL / BDR,1783.95
AZOI34,AZOI34,69.5,0.72,15,249121588419.43735,https://icons.brapi.dev/icons/BRAPI.svg,Retail Trade,,bdr,bdr,AÇÃO GLOBAL / BDR,1042.5
BDVD39,GLOBAL X SUPERDIVIDEND US ETF,50.55,-0.69,15,,https://icons.brapi.dev/icons/BRAPI.svg,Miscellaneous,,bdr,bdr,AÇÃO GLOBAL / BDR,758.25
BQQW39,FIRST TRUST NASDAQ-100 SELECT EQUAL WEIGHT ETF,83.12,0.19,15,,https://icons.brapi.dev/icons/BRAPI.svg,Miscellaneous,,bdr,bdr,AÇÃO GLOBAL / BDR,1246.8000000000002
I2ND34,I2ND34,18.0,-2.7,15,4268603457.800512,https://icons.brapi.dev/icons/BRAPI.svg,Electronic Technology,,bdr,bdr,AÇÃO GLOBAL / BDR,270.0
C2AC34,C2AC34,4.1,0.24,15,70493570685.422,https://icons.brapi.dev/icons/BRAPI.svg,Technology Services,,bdr,bdr,AÇÃO GLOBAL / BDR,61.49999999999999
C1RR34,C1RR34,75.9,0.66,15,251767004445.01282,https://icons.brapi.dev/icons/BRAPI.svg,Producer Manufacturing,,bdr,bdr,AÇÃO GLOBAL / BDR,1138.5
HGIC11,HGIC11,49.57,-1.65,14,,https://icons.brapi.dev/icons/HGIC11.svg,,Multicategoria,fund,fii,FII,693.98
A1RG34,A1RG34,211.68,1.2,14,332421608795.4864,https://icons.brapi.dev/icons/BRAPI.svg,Health Technology,,bdr,bdr,AÇÃO GLOBAL / BDR,2963.52
U1LT34,U1LT34,139.61,1.96,14,123377726112.53197,https://icons.brapi.dev/icons/BRAPI.svg,Retail Trade,,bdr,bdr,AÇÃO GLOBAL / BDR,1954.5400000000002
BHEW39,ISHARES CURRENCY HEDGED MSCI JAPAN ETF,85.44,4.2,14,,https://icons.brapi.dev/icons/BRAPI.svg,Miscellaneous,,bdr,bdr,AÇÃO GLOBAL / BDR,1196.1599999999999
C1CO34,C1CO34,862.75,22.02,14,323039678797.954,https://icons.brapi.dev/icons/BRAPI.svg,Distribution Services,,bdr,bdr,AÇÃO GLOBAL / BDR,12078.5
BOBR4F,BOMBRIL S.A.,1.25,1.63,14,316791456.0,https://icons.brapi.dev/icons/BRAPI.svg,Consumer Non-Durables,,stock,stock,AÇÃO B3,17.5
INFB11,INFB11,79.5,1.79,14,,https://icons.brapi.dev/icons/BRAPI.svg,,,fund,fi-infra,FI-INFRA,1113.0
N1CL34,N1CL34,79.0,-0.5,14,36570611058.82353,https://icons.brapi.dev/icons/BRAPI.svg,Consumer Services,,bdr,bdr,AÇÃO GLOBAL / BDR,1106.0
CHME34,CHME34,71.71,-1.85,14,517371099636.8286,https://icons.brapi.dev/icons/BRAPI.svg,Finance,,bdr,bdr,AÇÃO GLOBAL / BDR,1003.9399999999999
KONG11,KONG11,101.0,0.0,13,,https://icons.brapi.dev/icons/BRAPI.svg,Miscellaneous,,fund,fii,FII,1313.0
BPVE39,GLOBAL X US INFRASTRUCTURE DEVELOPMENT ETF,47.13,1.46,13,,https://icons.brapi.dev/icons/BRAPI.svg,Miscellaneous,,bdr,bdr,AÇÃO GLOBAL / BDR,612.69
Q2SC34,Q2SC34,9.4,1.18,13,17354179554.987213,https://icons.brapi.dev/icons/BRAPI.svg,Producer Manufacturing,,bdr,bdr,AÇÃO GLOBAL / BDR,122.2
HERT11,HERT11,20.87,0.77,13,,https://icons.brapi.dev/icons/BRAPI.svg,Miscellaneous,,fund,etf,ETF,271.31
N1UE34,N1UE34,111.31,0.18,13,302968967728.90027,https://icons.brapi.dev/icons/BRAPI.svg,Non-Energy Minerals,,bdr,bdr,AÇÃO GLOBAL / BDR,1447.03
EDEN39,ISHARES MSCI DENMARK ETF,39.8,-0.08,13,,https://icons.brapi.dev/icons/BRAPI.svg,Miscellaneous,,bdr,bdr,AÇÃO GLOBAL / BDR,517.4
BOEI34,BOEI34,1080.0,0.38,13,858087117462.9156,https://icons.brapi.dev/icons/BRAPI.svg,Electronic Technology,,bdr,bdr,AÇÃO GLOBAL / BDR,14040.0
CAPE11,CAPE11,147.93,-0.54,13,,https://icons.brapi.dev/icons/BRAPI.svg,Miscellaneous,,fund,etf,ETF,1923.0900000000001
EKTR3F,ELEKTRO REDES S.A.,51.51,0.18,13,8649185883.0,https://icons.brapi.dev/icons/BRAPI.svg,Utilities,,stock,stock,AÇÃO B3,669.63
FASL34,FASL34,262.86,-0.88,13,291129837391.3044,https://icons.brapi.dev/icons/BRAPI.svg,Distribution Services,,bdr,bdr,AÇÃO GLOBAL / BDR,3417.1800000000003
BMLC11,BMLC11,98.38,0.14,13,,https://icons.brapi.dev/icons/BRAPI.svg,,Outros,fund,fii,FII,1278.94
GDBR34,GDBR34,1841.95,-5.04,13,497368554762.1484,https://icons.brapi.dev/icons/BRAPI.svg,Electronic Technology,,bdr,bdr,AÇÃO GLOBAL / BDR,23945.350000000002
L2PL34,L2PL34,101.51,0.0,12,144728720286.44504,https://icons.brapi.dev/icons/BRAPI.svg,Finance,,bdr,bdr,AÇÃO GLOBAL / BDR,1218.1200000000001
C1BO34,C1BO34,775.2,-2.52,12,159386837698.20972,https://icons.brapi.dev/icons/BRAPI.svg,Finance,,bdr,bdr,AÇÃO GLOBAL / BDR,9302.400000000001
BLCA11,BLCA11,98.72,1.75,12,,https://icons.brapi.dev/icons/BRAPI.svg,Miscellaneous,Escritórios,fund,fii,FII,1184.6399999999999
XBOV11,XBOV11,180.37,-0.07,12,,https://icons.brapi.dev/icons/BRAPI.svg,Miscellaneous,,fund,etf,ETF,2164.44
K1TC34,K1TC34,100.45,-0.64,12,49084611551.92517,https://icons.brapi.dev/icons/BRAPI.svg,Communications,,bdr,bdr,AÇÃO GLOBAL / BDR,1205.4
PEAB4F,CIA PARTICIPACOES ALIANCA DA BAHIA,38.12,-1.93,12,704968713.0,https://icons.brapi.dev/icons/BRAPI.svg,Finance,,stock,stock,AÇÃO B3,457.43999999999994
GLPF11,GLPF11,109.93,0.04,12,,https://icons.brapi.dev/icons/GLPF11.svg,,Logística,fund,fii,FII,1319.16
HCRI11,HCRI11,286.4,1.83,12,,https://icons.brapi.dev/icons/BRAPI.svg,,Hospital,fund,fii,FII,3436.7999999999997
PLRI11,PLRI11,5.6,12.0,12,,https://icons.brapi.dev/icons/BRAPI.svg,,Multicategoria,fund,fii,FII,67.19999999999999
PRSN11,PRSN11,4.81,20.25,12,,https://icons.brapi.dev/icons/BRAPI.svg,,Multicategoria,fund,fii,FII,57.72
PABY11,PABY11,22.46,0.94,12,,https://icons.brapi.dev/icons/PABY11.svg,,Multicategoria,fund,fii,FII,269.52
EDFO11,EDFO11,134.99,-1.83,12,,https://icons.brapi.dev/icons/BRAPI.svg,Miscellaneous,Residencial,fund,fii,FII,1619.88
COTY34,COTY34,7.55,-1.18,11,13199035263.42711,https://icons.brapi.dev/icons/BRAPI.svg,Consumer Non-Durables,,bdr,bdr,AÇÃO GLOBAL / BDR,83.05
H1IG34,H1IG34,59.56,-1.39,11,191716412281.32993,https://icons.brapi.dev/icons/BRAPI.svg,Finance,,bdr,bdr,AÇÃO GLOBAL / BDR,655.1600000000001
ABTT34,ABTT34,46.35,0.02,11,958835939345.2687,https://icons.brapi.dev/icons/BRAPI.svg,Health Technology,,bdr,bdr,AÇÃO GLOBAL / BDR,509.85
MDLZ34,MDLZ34,52.1,-0.57,11,400062156854.22,https://icons.brapi.dev/icons/BRAPI.svg,Consumer Non-Durables,,bdr,bdr,AÇÃO GLOBAL / BDR,573.1
TPRY34,TPRY34,63.36,7.37,11,124571352491.0486,https://icons.brapi.dev/icons/BRAPI.svg,Retail Trade,,bdr,bdr,AÇÃO GLOBAL / BDR,696.96
BLMO11,BLMO11,92.33,0.37,11,,https://icons.brapi.dev/icons/BLMO11.svg,,Escritórios,fund,fii,FII,1015.63
EPOL39,ISHARES MSCI POLAND ETF,75.45,0.65,11,,https://icons.brapi.dev/icons/BRAPI.svg,Miscellaneous,,bdr,bdr,AÇÃO GLOBAL / BDR,829.95
STZB34,STZB34,54.99,0.79,11,84935274296.6752,https://icons.brapi.dev/icons/BRAPI.svg,Consumer Non-Durables,,bdr,bdr,AÇÃO GLOBAL / BDR,604.89
PATI4F,PANATLANTICA S.A.,30.99,2.08,11,695214226.0,https://icons.brapi.dev/icons/BRAPI.svg,Producer Manufacturing,,stock,stock,AÇÃO B3,340.89
CALI3F,CONSTRUTORA ADOLPHO LINDENBERG S.A.,27.65,0.0,11,209594098.0,https://icons.brapi.dev/icons/BRAPI.svg,Industrial Services,,stock,stock,AÇÃO B3,304.15
A1PA34,A1PA34,227.7,3.97,11,76647232112.53197,https://icons.brapi.dev/icons/BRAPI.svg,Energy Minerals,,bdr,bdr,AÇÃO GLOBAL / BDR,2504.7
STMN34,STMN34,255.25,0.48,11,237788321939.41678,https://icons.brapi.dev/icons/BRAPI.svg,Electronic Technology,,bdr,bdr,AÇÃO GLOBAL / BDR,2807.75
HBTS5F,CIA HABITASUL DE PARTICIPACOES,35.0,0.0,11,190441989.0,https://icons.brapi.dev/icons/BRAPI.svg,Finance,,stock,stock,AÇÃO B3,385.0
Z2LL34,Z2LL34,14.7,8.25,11,39941933427.10997,https://icons.brapi.dev/icons/BRAPI.svg,Technology Services,,bdr,bdr,AÇÃO GLOBAL / BDR,161.7
G1DS34,G1DS34,16.06,1.32,11,31326671972.711666,https://icons.brapi.dev/icons/BRAPI.svg,Technology Services,,bdr,bdr,AÇÃO GLOBAL / BDR,176.66
MGEL4F,MANGELS INDUSTRIAL S.A.,5.19,-9.74,11,172963990.0,https://icons.brapi.dev/icons/BRAPI.svg,Producer Manufacturing,,stock,stock,AÇÃO B3,57.09
BGLC39,ISHARES GLOBAL 100 ETF,92.7,0.43,10,,https://icons.brapi.dev/icons/BRAPI.svg,Miscellaneous,,bdr,bdr,AÇÃO GLOBAL / BDR,927.0
P2CF34,P2CF34,7.38,0.0,10,63104483281.16281,https://icons.brapi.dev/icons/BRAPI.svg,Transportation,,bdr,bdr,AÇÃO GLOBAL / BDR,73.8
SOND6F,SONDOTECNICA ENGENHARIA SOLOS S.A.,79.52,0.0,10,152129434.0,https://icons.brapi.dev/icons/BRAPI.svg,Industrial Services,,stock,stock,AÇÃO B3,795.1999999999999
H1FC34,H1FC34,529.0,9.52,10,95857778240.40921,https://icons.brapi.dev/icons/BRAPI.svg,Energy Minerals,,bdr,bdr,AÇÃO GLOBAL / BDR,5290.0
DTCY3F,DTCOM - DIRECT TO COMPANY S.A.,1.95,-0.51,10,20912552.0,https://icons.brapi.dev/icons/BRAPI.svg,Communications,,stock,stock,AÇÃO B3,19.5
P1KX34,P1KX34,78.8,0.2,10,93412288555.64325,https://icons.brapi.dev/icons/BRAPI.svg,Non-Energy Minerals,,bdr,bdr,AÇÃO GLOBAL / BDR,788.0
T2YL34,T2YL34,32.07,-0.19,10,76255019805.62659,https://icons.brapi.dev/icons/BRAPI.svg,Technology Services,,bdr,bdr,AÇÃO GLOBAL / BDR,320.7
BARY39,ISHARES FUTURE AI & TECH ETF,194.0,1.8,10,,https://icons.brapi.dev/icons/BRAPI.svg,Miscellaneous,,bdr,bdr,AÇÃO GLOBAL / BDR,1940.0
BEWN39,ISHARES MSCI NETHERLANDS ETF,70.23,-3.1,10,,https://icons.brapi.dev/icons/BRAPI.svg,Miscellaneous,,bdr,bdr,AÇÃO GLOBAL / BDR,702.3000000000001
MMVE11,MMVE11,70.0,-51.72,10,,https://icons.brapi.dev/icons/BRAPI.svg,Miscellaneous,Outros,fund,fii,FII,700.0
MAPT3F,CEMEPE INVESTIMENTOS S.A.,2.26,-9.6,10,1758236.0,https://icons.brapi.dev/icons/BRAPI.svg,Miscellaneous,,stock,stock,AÇÃO B3,22.599999999999998
M1TD34,M1TD34,718.71,-9.72,10,137874068613.81073,https://icons.brapi.dev/icons/BRAPI.svg,Health Technology,,bdr,bdr,AÇÃO GLOBAL / BDR,7187.1
N1GG34,N1GG34,66.64,1.06,10,400276770182.2379,https://icons.brapi.dev/icons/BRAPI.svg,Utilities,,bdr,bdr,AÇÃO GLOBAL / BDR,666.4
P1GR34,P1GR34,56.12,-0.85,10,650802239800.5115,https://icons.brapi.dev/icons/BRAPI.svg,Finance,,bdr,bdr,AÇÃO GLOBAL / BDR,561.1999999999999
KDOL11,KDOL11,85.0,1.19,10,,https://icons.brapi.dev/icons/KDOL11.svg,,Multicategoria,fund,fi-agro,FIAGRO,850.0
METB34,METB34,489.51,0.72,10,317315905503.83636,https://icons.brapi.dev/icons/BRAPI.svg,Finance,,bdr,bdr,AÇÃO GLOBAL / BDR,4895.1
S1NN34,S1NN34,29.82,-1.58,10,61612170846.4578,https://icons.brapi.dev/icons/BRAPI.svg,Health Technology,,bdr,bdr,AÇÃO GLOBAL / BDR,298.2
K1SS34,K1SS34,90.44,5.0,10,11273852132.992327,https://icons.brapi.dev/icons/BRAPI.svg,Retail Trade,,bdr,bdr,AÇÃO GLOBAL / BDR,904.4
BAOR39,ISHARES CORE 60/40 BALANCED ALLOCATION ETF,71.8,-0.28,10,,https://icons.brapi.dev/icons/BRAPI.svg,Miscellaneous,,bdr,bdr,AÇÃO GLOBAL / BDR,718.0
F2VR34,F2VR34,2.38,0.42,9,1700993406.6496165,https://icons.brapi.dev/icons/BRAPI.svg,Technology Services,,bdr,bdr,AÇÃO GLOBAL / BDR,21.419999999999998
MKLC34,MKLC34,469.53,0.41,9,115769741237.85167,https://icons.brapi.dev/icons/BRAPI.svg,Finance,,bdr,bdr,AÇÃO GLOBAL / BDR,4225.7699999999995
CJCT11,CJCT11,76.73,0.0,9,,https://icons.brapi.dev/icons/BRAPI.svg,Miscellaneous,Escritórios,fund,fii,FII,690.57
F1IS34,F1IS34,136.5,1.06,9,144161822777.49362,https://icons.brapi.dev/icons/BRAPI.svg,Commercial Services,,bdr,bdr,AÇÃO GLOBAL / BDR,1228.5
ROST34,ROST34,73.73,0.12,9,376954691488.491,https://icons.brapi.dev/icons/BRAPI.svg,Retail Trade,,bdr,bdr,AÇÃO GLOBAL / BDR,663.57
SPGI34,SPGI34,62.97,-0.9,9,668781306726.3428,https://icons.brapi.dev/icons/BRAPI.svg,Commercial Services,,bdr,bdr,AÇÃO GLOBAL / BDR,566.73
EXGR34,EXGR34,767.7,-7.11,9,182968953104.85938,https://icons.brapi.dev/icons/BRAPI.svg,Consumer Services,,bdr,bdr,AÇÃO GLOBAL / BDR,6909.3
U1AL34,U1AL34,283.92,2.03,8,184921429641.94376,https://icons.brapi.dev/icons/BRAPI.svg,Transportation,,bdr,bdr,AÇÃO GLOBAL / BDR,2271.36
GSHP3F,GENERAL SHOPPING E OUTLETS DO BRASIL S.A.,2.76,0.0,8,5157179.0,https://icons.brapi.dev/icons/BRAPI.svg,Finance,,stock,stock,AÇÃO B3,22.08
ASRF11,ASRF11,12290.0,0.0,8,,https://icons.brapi.dev/icons/BRAPI.svg,,Multicategoria,fund,fii,FII,98320.0
EBIT11,EBIT11,67.8,6.15,8,,https://icons.brapi.dev/icons/BRAPI.svg,Miscellaneous,,fund,etf,ETF,542.4
E1XC34,E1XC34,55.5,-0.64,8,230422300966.75192,https://icons.brapi.dev/icons/BRAPI.svg,Utilities,,bdr,bdr,AÇÃO GLOBAL / BDR,444.0
G1AM34,G1AM34,43.2,0.0,8,62380397488.49105,https://icons.brapi.dev/icons/BRAPI.svg,Finance,,bdr,bdr,AÇÃO GLOBAL / BDR,345.6
ARND3F,ARND3F,0.52,1.96,8,71905820.0,https://icons.brapi.dev/icons/BRAPI.svg,Commercial Services,,stock,stock,AÇÃO B3,4.16
VFCO34,VFCO34,33.48,-0.65,8,27046852424.552433,https://icons.brapi.dev/icons/BRAPI.svg,Consumer Non-Durables,,bdr,bdr,AÇÃO GLOBAL / BDR,267.84
RPAD5F,ALFA HOLDINGS S.A.,7.54,-2.08,8,604083842.0,https://icons.brapi.dev/icons/BRAPI.svg,Finance,,stock,stock,AÇÃO B3,60.32
PSKY34,PSKY34,56.34,4.1,8,62323948624.040924,https://icons.brapi.dev/icons/BRAPI.svg,Consumer Services,,bdr,bdr,AÇÃO GLOBAL / BDR,450.72
A2XO34,A2XO34,147.45,-2.75,8,214279767769.82098,https://icons.brapi.dev/icons/BRAPI.svg,Electronic Technology,,bdr,bdr,AÇÃO GLOBAL / BDR,1179.6
BMIN3F,BCO MERCANTIL DE INVESTIMENTOS S.A.,19.24,1.42,8,93636909.0,https://icons.brapi.dev/icons/BRAPI.svg,Finance,,stock,stock,AÇÃO B3,153.92
MACY34,MACY34,115.93,-0.35,8,31012914915.60102,https://icons.brapi.dev/icons/BRAPI.svg,Retail Trade,,bdr,bdr,AÇÃO GLOBAL / BDR,927.44
B2RK34,B2RK34,30.0,-1.64,8,45590894460.35806,https://icons.brapi.dev/icons/BRAPI.svg,Health Technology,,bdr,bdr,AÇÃO GLOBAL / BDR,240.0
EIDO39,ISHARES MSCI INDONESIA ETF,33.9,2.45,8,,https://icons.brapi.dev/icons/BRAPI.svg,Miscellaneous,,bdr,bdr,AÇÃO GLOBAL / BDR,271.2
M1MC34,M1MC34,60.15,-2.86,8,453387337616.3683,https://icons.brapi.dev/icons/BRAPI.svg,Finance,,bdr,bdr,AÇÃO GLOBAL / BDR,481.2
BFAV39,ISHARES MSCI EAFE MIN VOL FACTOR ETF,60.92,0.13,8,,https://icons.brapi.dev/icons/BRAPI.svg,Miscellaneous,,bdr,bdr,AÇÃO GLOBAL / BDR,487.36
G2WR34,G2WR34,67.5,-8.25,8,69168795657.28902,https://icons.brapi.dev/icons/BRAPI.svg,Technology Services,,bdr,bdr,AÇÃO GLOBAL / BDR,540.0
BPFV39,GLOBAL X VARIABLE RATE PREFERRED ETF,56.11,-0.36,8,,https://icons.brapi.dev/icons/BRAPI.svg,Miscellaneous,,bdr,bdr,AÇÃO GLOBAL / BDR,448.88
PEAB3F,CIA PARTICIPACOES ALIANCA DA BAHIA,39.08,1.22,7,704968713.0,https://icons.brapi.dev/icons/BRAPI.svg,Finance,,stock,stock,AÇÃO B3,273.56
CBOP11,CBOP11,27.5,-1.79,7,,https://icons.brapi.dev/icons/CBOP11.svg,,Escritórios,fund,fii,FII,192.5
P2TC34,P2TC34,54.1,-0.17,7,78268811759.59079,https://icons.brapi.dev/icons/BRAPI.svg,Technology Services,,bdr,bdr,AÇÃO GLOBAL / BDR,378.7
ODER4F,CONSERVAS ODERICH S.A.,95.97,0.0,7,142851698.0,https://icons.brapi.dev/icons/BRAPI.svg,Consumer Non-Durables,,stock,stock,AÇÃO B3,671.79
GPAR3F,CIA CELG DE PARTICIPACOES - CELGPAR,14.0,-29.86,7,597573738.0,https://icons.brapi.dev/icons/BRAPI.svg,Utilities,,stock,stock,AÇÃO B3,98.0
N1VS34,N1VS34,82.0,-1.06,7,1502687468038.987,https://icons.brapi.dev/icons/BRAPI.svg,Health Technology,,bdr,bdr,AÇÃO GLOBAL / BDR,574.0
W1MC34,W1MC34,70.69,1.09,7,447742349575.4476,https://icons.brapi.dev/icons/BRAPI.svg,Industrial Services,,bdr,bdr,AÇÃO GLOBAL / BDR,494.83
EGDB11,EGDB11,1290.36,0.12,7,,https://icons.brapi.dev/icons/BRAPI.svg,,Escritórios,fund,fii,FII,9032.519999999999
TGTB34,TGTB34,831.66,-0.89,7,382120507217.3913,https://icons.brapi.dev/icons/BRAPI.svg,Retail Trade,,bdr,bdr,AÇÃO GLOBAL / BDR,5821.62
L2RN34,L2RN34,112.2,3.04,7,18001471534.52685,https://icons.brapi.dev/icons/BRAPI.svg,Consumer Services,,bdr,bdr,AÇÃO GLOBAL / BDR,785.4
BTYU11,BTYU11,501.0,0.2,7,,https://icons.brapi.dev/icons/BTYU11.svg,,Outros,fund,fii,FII,3507.0
TRVC34,TRVC34,60.15,0.45,7,394052082005.1151,https://icons.brapi.dev/icons/BRAPI.svg,Finance,,bdr,bdr,AÇÃO GLOBAL / BDR,421.05
BHDV39,ISHARES CORE HIGH DIVIDEND ETF,15.18,0.0,7,,https://icons.brapi.dev/icons/BRAPI.svg,Miscellaneous,,bdr,bdr,AÇÃO GLOBAL / BDR,106.25999999999999
BILB34,BILB34,149.7,0.5,6,840455639328.3749,https://icons.brapi.dev/icons/BRAPI.svg,Finance,,bdr,bdr,AÇÃO GLOBAL / BDR,898.1999999999999
ONDA11,ONDA11,8.11,0.0,6,,https://icons.brapi.dev/icons/BRAPI.svg,,Outros,fund,fii,FII,48.66
E1MR34,E1MR34,63.41,-4.13,6,436025566342.711,https://icons.brapi.dev/icons/BRAPI.svg,Electronic Technology,,bdr,bdr,AÇÃO GLOBAL / BDR,380.46
I1CE34,I1CE34,69.75,3.69,6,463071453621.48334,https://icons.brapi.dev/icons/BRAPI.svg,Finance,,bdr,bdr,AÇÃO GLOBAL / BDR,418.5
BLOG11,BLOG11,6.53,0.0,6,,https://icons.brapi.dev/icons/BRAPI.svg,,Multicategoria,fund,fii,FII,39.18
RSPD11,RSPD11,669.0,4.19,6,,https://icons.brapi.dev/icons/BRAPI.svg,,Residencial,fund,fii,FII,4014.0
PLAS3F,PLASCAR PARTICIPACOES INDUSTRIAIS S.A.,1.96,-21.6,6,32181831.000000004,https://icons.brapi.dev/icons/BRAPI.svg,Producer Manufacturing,,stock,stock,AÇÃO B3,11.76
A2ZT34,A2ZT34,13.63,-2.08,6,7020547437.340154,https://icons.brapi.dev/icons/BRAPI.svg,Health Services,,bdr,bdr,AÇÃO GLOBAL / BDR,81.78
CEED3F,CIA ESTADUAL DE DISTRIB ENER ELET-CEEE-D,8.5,-14.91,6,682549259.0,https://icons.brapi.dev/icons/BRAPI.svg,Utilities,,stock,stock,AÇÃO B3,51.0
L1EN34,L1EN34,53.0,-0.75,6,102768118158.56776,https://icons.brapi.dev/icons/BRAPI.svg,Consumer Durables,,bdr,bdr,AÇÃO GLOBAL / BDR,318.0
EWJV39,ISHARES MSCI JAPAN VALUE ETF,63.12,2.12,6,,https://icons.brapi.dev/icons/BRAPI.svg,Miscellaneous,,bdr,bdr,AÇÃO GLOBAL / BDR,378.71999999999997
BIGF39,ISHARES GLOBAL INFRASTRUCTURE ETF,83.28,0.01,6,,https://icons.brapi.dev/icons/BRAPI.svg,Miscellaneous,,bdr,bdr,AÇÃO GLOBAL / BDR,499.68
BIIB34,BIIB34,188.29,0.0,6,166897778030.69052,https://icons.brapi.dev/icons/BRAPI.svg,Health Technology,,bdr,bdr,AÇÃO GLOBAL / BDR,1129.74
PRIF11,PRIF11,91.11,-13.02,6,,https://icons.brapi.dev/icons/BRAPI.svg,,,fund,fi-infra,FI-INFRA,546.66
C1MS34,C1MS34,178.19,0.62,6,109808128930.94629,https://icons.brapi.dev/icons/BRAPI.svg,Utilities,,bdr,bdr,AÇÃO GLOBAL / BDR,1069.1399999999999
BCTE39,GLOBAL X CLIMATETECH ETF,37.16,1.89,6,,https://icons.brapi.dev/icons/BRAPI.svg,Miscellaneous,,bdr,bdr,AÇÃO GLOBAL / BDR,222.95999999999998
BBYY34,BBYY34,70.0,-6.37,6,97319423258.31201,https://icons.brapi.dev/icons/BRAPI.svg,Retail Trade,,bdr,bdr,AÇÃO GLOBAL / BDR,420.0
E1SS34,E1SS34,145.88,-2.16,6,91589919161.12532,https://icons.brapi.dev/icons/BRAPI.svg,Finance,,bdr,bdr,AÇÃO GLOBAL / BDR,875.28
VRSN34,VRSN34,373.33,-2.64,6,134909584035.80563,https://icons.brapi.dev/icons/BRAPI.svg,Technology Services,,bdr,bdr,AÇÃO GLOBAL / BDR,2239.98
S2MP34,S2MP34,19.86,0.0,5,5180937401.534527,https://icons.brapi.dev/icons/BRAPI.svg,Consumer Non-Durables,,bdr,bdr,AÇÃO GLOBAL / BDR,99.3
E2ST34,E2ST34,38.68,0.83,5,49305622117.64706,https://icons.brapi.dev/icons/BRAPI.svg,Technology Services,,bdr,bdr,AÇÃO GLOBAL / BDR,193.4
FISC11,FISC11,70.0,0.0,5,,https://icons.brapi.dev/icons/BRAPI.svg,,Escritórios,fund,fii,FII,350.0
FRIO3F,METALFRIO SOLUTIONS S.A.,164.64,-2.0,5,510590172.0,https://icons.brapi.dev/icons/BRAPI.svg,Producer Manufacturing,,stock,stock,AÇÃO B3,823.1999999999999
BMIN4F,BCO MERCANTIL DE INVESTIMENTOS S.A.,18.16,-3.15,5,93636909.0,https://icons.brapi.dev/icons/BRAPI.svg,Finance,,stock,stock,AÇÃO B3,90.8
SOND5F,SONDOTECNICA ENGENHARIA SOLOS S.A.,82.1,0.0,5,152129434.0,https://icons.brapi.dev/icons/BRAPI.svg,Industrial Services,,stock,stock,AÇÃO B3,410.5
BIHF39,ISHARES U.S. HEALTHCARE PROVIDERS ETF,10.45,0.58,5,,https://icons.brapi.dev/icons/BRAPI.svg,Miscellaneous,,bdr,bdr,AÇÃO GLOBAL / BDR,52.25
Z1BH34,Z1BH34,129.09,5.88,5,95681047687.97954,https://icons.brapi.dev/icons/BRAPI.svg,Health Technology,,bdr,bdr,AÇÃO GLOBAL / BDR,645.45
B1KR34,B1KR34,330.0,2.46,5,322428662859.3351,https://icons.brapi.dev/icons/BRAPI.svg,Industrial Services,,bdr,bdr,AÇÃO GLOBAL / BDR,1650.0
BRIP11,BRIP11,360.0,0.0,5,,https://icons.brapi.dev/icons/BRAPI.svg,,Multicategoria,fund,fii,FII,1800.0
BIFR39,ISHARES US INFRASTRUCTURE ETF,103.3,-0.11,5,,https://icons.brapi.dev/icons/BRAPI.svg,Miscellaneous,,bdr,bdr,AÇÃO GLOBAL / BDR,516.5
I1HG34,I1HG34,141.12,0.6,5,120154715534.52687,https://icons.brapi.dev/icons/BRAPI.svg,Consumer Services,,bdr,bdr,AÇÃO GLOBAL / BDR,705.6
BGAR39,ISHARES MSCI USA QUALITY GARP ETF,69.86,-1.29,5,,https://icons.brapi.dev/icons/BRAPI.svg,Miscellaneous,,bdr,bdr,AÇÃO GLOBAL / BDR,349.3
BEWQ39,ISHARES MSCI FRANCE ETF,59.58,-0.2,5,,https://icons.brapi.dev/icons/BRAPI.svg,Miscellaneous,,bdr,bdr,AÇÃO GLOBAL / BDR,297.9
T1CH34,T1CH34,12.42,0.73,5,58098951283.887474,https://icons.brapi.dev/icons/BRAPI.svg,Health Technology,,bdr,bdr,AÇÃO GLOBAL / BDR,62.1
BGIP3F,BCO ESTADO DE SERGIPE S.A. - BANESE,46.25,-7.13,5,927539686.0,https://icons.brapi.dev/icons/BRAPI.svg,Finance,,stock,stock,AÇÃO B3,231.25
ROCA11,ROCA11,10.29,0.0,5,,https://icons.brapi.dev/icons/BRAPI.svg,,,fund,fi-agro,FIAGRO,51.449999999999996
WLMM3F,WLM PART. E COMÉRCIO DE MÁQUINAS E VEÍCULOS S.A.,19.48,0.05,5,637829478.0,https://icons.brapi.dev/icons/BRAPI.svg,Distribution Services,,stock,stock,AÇÃO B3,97.4
U1RI34,U1RI34,183.79,1.79,5,321515083831.2021,https://icons.brapi.dev/icons/BRAPI.svg,Finance,,bdr,bdr,AÇÃO GLOBAL / BDR,918.9499999999999
PRSV11,PRSV11,28.5,6.58,5,,https://icons.brapi.dev/icons/BRAPI.svg,Miscellaneous,Escritórios,fund,fii,FII,142.5
R1DY34,R1DY34,10.25,0.0,5,52032417315.53709,https://icons.brapi.dev/icons/BRAPI.svg,Health Technology,,bdr,bdr,AÇÃO GLOBAL / BDR,51.25
BCWV39,ISHARES MSCI GLOBAL MIN VOL FACTOR ETF,65.59,-0.26,4,,https://icons.brapi.dev/icons/BRAPI.svg,Miscellaneous,,bdr,bdr,AÇÃO GLOBAL / BDR,262.36
S1KM34,S1KM34,49.34,3.76,4,73205394236.57323,https://icons.brapi.dev/icons/BRAPI.svg,Communications,,bdr,bdr,AÇÃO GLOBAL / BDR,197.36
ERPA11,ERPA11,125.0,0.0,4,,https://icons.brapi.dev/icons/BRAPI.svg,,Multicategoria,fund,fii,FII,500.0
BIEZ39,ISHARES U.S. OIL EQUIPMENT & SERVICES ETF,76.3,0.12,4,,https://icons.brapi.dev/icons/BRAPI.svg,Miscellaneous,,bdr,bdr,AÇÃO GLOBAL / BDR,305.2
M1TT34,M1TT34,431.2,-2.56,4,448851503549.8721,https://icons.brapi.dev/icons/BRAPI.svg,Consumer Services,,bdr,bdr,AÇÃO GLOBAL / BDR,1724.8
MCOR34,MCOR34,79.4,-1.56,4,437252462301.7902,https://icons.brapi.dev/icons/BRAPI.svg,Commercial Services,,bdr,bdr,AÇÃO GLOBAL / BDR,317.6
W1MG34,W1MG34,37.2,-0.11,4,77008180230.17903,https://icons.brapi.dev/icons/BRAPI.svg,Commercial Services,,bdr,bdr,AÇÃO GLOBAL / BDR,148.8
TRNT11,TRNT11,114.88,3.49,4,,https://icons.brapi.dev/icons/BRAPI.svg,Miscellaneous,Escritórios,fund,fii,FII,459.52
C1FG34,C1FG34,358.4,1.9,4,152485383959.0793,https://icons.brapi.dev/icons/BRAPI.svg,Finance,,bdr,bdr,AÇÃO GLOBAL / BDR,1433.6
Q1RV34,Q1RV34,264.0,1.54,4,46407736613.810745,https://icons.brapi.dev/icons/BRAPI.svg,Electronic Technology,,bdr,bdr,AÇÃO GLOBAL / BDR,1056.0
A1CR34,A1CR34,231.89,-3.86,4,106777022117.64706,https://icons.brapi.dev/icons/BRAPI.svg,Process Industries,,bdr,bdr,AÇÃO GLOBAL / BDR,927.56
VLYB34,VLYB34,72.8,0.0,4,39643417207.161125,https://icons.brapi.dev/icons/BRAPI.svg,Finance,,bdr,bdr,AÇÃO GLOBAL / BDR,291.2
M1TC34,M1TC34,10.83,2.56,4,49150916352.94118,https://icons.brapi.dev/icons/BRAPI.svg,Technology Services,,bdr,bdr,AÇÃO GLOBAL / BDR,43.32
RBLG11,RBLG11,17.69,-0.23,4,,https://icons.brapi.dev/icons/BRAPI.svg,,,fund,fii,FII,70.76
P1AC34,P1AC34,320.0,1.42,4,335742736905.37085,https://icons.brapi.dev/icons/BRAPI.svg,Producer Manufacturing,,bdr,bdr,AÇÃO GLOBAL / BDR,1280.0
P2ST34,P2ST34,137.07,4.47,4,169194967084.399,https://icons.brapi.dev/icons/BRAPI.svg,Electronic Technology,,bdr,bdr,AÇÃO GLOBAL / BDR,548.28
U1MH34,U1MH34,42.2,1.54,4,6966242358.056266,https://icons.brapi.dev/icons/BRAPI.svg,Finance,,bdr,bdr,AÇÃO GLOBAL / BDR,168.8
BMTU39,ISHARES MSCI USA MOMENTUM FACTOR ETF,77.97,2.34,4,,https://icons.brapi.dev/icons/BRAPI.svg,Miscellaneous,,bdr,bdr,AÇÃO GLOBAL / BDR,311.88
COCE3F,CIA ENERGETICA DO CEARA - COELCE,30.5,0.0,4,2518300536.0,https://icons.brapi.dev/icons/BRAPI.svg,Utilities,,stock,stock,AÇÃO B3,122.0
MRSA6BF,MRS LOGISTICA S.A.,36.03,10.28,4,13378693426.0,https://icons.brapi.dev/icons/BRAPI.svg,Transportation,,stock,stock,AÇÃO B3,144.12
U1DR34,U1DR34,191.1,-2.54,4,59783082915.60103,https://icons.brapi.dev/icons/BRAPI.svg,Finance,,bdr,bdr,AÇÃO GLOBAL / BDR,764.4
EMET11,EMET11,9.98,4.61,4,,https://icons.brapi.dev/icons/BRAPI.svg,,,fund,fii,FII,39.92
RSSL39,GLOBAL X RUSSELL 2000 ETF,58.79,-2.67,4,,https://icons.brapi.dev/icons/BRAPI.svg,Miscellaneous,,bdr,bdr,AÇÃO GLOBAL / BDR,235.16
G1LO34,G1LO34,10.13,-2.03,3,8642537053.70844,https://icons.brapi.dev/icons/BRAPI.svg,Technology Services,,bdr,bdr,AÇÃO GLOBAL / BDR,30.39
P1SX34,P1SX34,82.16,-0.29,3,520645734414.3223,https://icons.brapi.dev/icons/BRAPI.svg,Energy Minerals,,bdr,bdr,AÇÃO GLOBAL / BDR,246.48
A1ES34,A1ES34,75.91,2.13,3,53973180803.06906,https://icons.brapi.dev/icons/BRAPI.svg,Utilities,,bdr,bdr,AÇÃO GLOBAL / BDR,227.73
X1EL34,X1EL34,48.8,-2.59,3,241929989079.2839,https://icons.brapi.dev/icons/BRAPI.svg,Utilities,,bdr,bdr,AÇÃO GLOBAL / BDR,146.39999999999998
S1LG34,S1LG34,71.33,3.57,3,21711571626.598465,https://icons.brapi.dev/icons/BRAPI.svg,Finance,,bdr,bdr,AÇÃO GLOBAL / BDR,213.99
EQMA3BF,EQUATORIAL MARANHÃO DISTRIBUIDORA DE ENERGIA S.A.,29.49,0.0,3,4716965746.0,https://icons.brapi.dev/icons/BRAPI.svg,Utilities,,stock,stock,AÇÃO B3,88.47
BIJT39,ISHARES S&P SMALL-CAP 600 GROWTH ETF,58.04,-1.33,3,,https://icons.brapi.dev/icons/BRAPI.svg,Miscellaneous,,bdr,bdr,AÇÃO GLOBAL / BDR,174.12
DVAI34,DVAI34,941.23,1.86,3,60043796470.588234,https://icons.brapi.dev/icons/BRAPI.svg,Health Services,,bdr,bdr,AÇÃO GLOBAL / BDR,2823.69
S1OU34,S1OU34,198.47,2.41,3,99142854230.17903,https://icons.brapi.dev/icons/BRAPI.svg,Transportation,,bdr,bdr,AÇÃO GLOBAL / BDR,595.41
PDBM11,PDBM11,115.0,0.0,3,,https://icons.brapi.dev/icons/BRAPI.svg,,Outros,fund,fii,FII,345.0
STYI11,STYI11,1200.0,20.0,3,,https://icons.brapi.dev/icons/BRAPI.svg,,,fund,fii,FII,3600.0
CFII11,CFII11,365.0,0.0,3,,https://icons.brapi.dev/icons/BRAPI.svg,,Multicategoria,fund,fii,FII,1095.0
ICNE11,ICNE11,500.0,-23.08,3,,https://icons.brapi.dev/icons/BRAPI.svg,,Residencial,fund,fii,FII,1500.0
I1QV34,I1QV34,86.31,0.64,3,225447272767.26343,https://icons.brapi.dev/icons/BRAPI.svg,Health Technology,,bdr,bdr,AÇÃO GLOBAL / BDR,258.93
M1UF34,M1UF34,123.24,-0.77,3,1388352830230.1792,https://icons.brapi.dev/icons/BRAPI.svg,Finance,,bdr,bdr,AÇÃO GLOBAL / BDR,369.71999999999997
DOHL3F,DOHLER S.A.,6.2,12.52,3,430854061.0,https://icons.brapi.dev/icons/BRAPI.svg,Process Industries,,stock,stock,AÇÃO B3,18.6
CEEB5F,CIA ELETRICIDADE EST. DA BAHIA - COELBA,43.71,6.32,3,8265576112.999999,https://icons.brapi.dev/icons/BRAPI.svg,Utilities,,stock,stock,AÇÃO B3,131.13
AHEB3F,SAO PAULO TURISMO S.A.,23.89,3.87,3,204566693.0,https://icons.brapi.dev/icons/BRAPI.svg,Commercial Services,,stock,stock,AÇÃO B3,71.67
LAFI11,LAFI11,123.2,0.33,3,,https://icons.brapi.dev/icons/BRAPI.svg,,Outros,fund,fi-agro,FIAGRO,369.6
U2TH34,U2TH34,127.0,-1.93,3,106976617130.4348,https://icons.brapi.dev/icons/BRAPI.svg,Health Technology,,bdr,bdr,AÇÃO GLOBAL / BDR,381.0
P2EN34,P2EN34,8.55,1.54,3,11705967462.915602,https://icons.brapi.dev/icons/BRAPI.svg,Consumer Services,,bdr,bdr,AÇÃO GLOBAL / BDR,25.650000000000002
S2CH34,S2CH34,69.83,0.56,3,108879415924.66727,https://icons.brapi.dev/icons/BRAPI.svg,Process Industries,,bdr,bdr,AÇÃO GLOBAL / BDR,209.49
BSRE39,GLOBAL X SUPERDIVIDEND REIT ETF,37.8,1.2,3,,https://icons.brapi.dev/icons/BRAPI.svg,Miscellaneous,,bdr,bdr,AÇÃO GLOBAL / BDR,113.39999999999999
W1RB34,W1RB34,35.22,1.09,3,131287323907.92839,https://icons.brapi.dev/icons/BRAPI.svg,Finance,,bdr,bdr,AÇÃO GLOBAL / BDR,105.66
R1SG34,R1SG34,71.4,-0.67,3,348832201109.9745,https://icons.brapi.dev/icons/BRAPI.svg,Industrial Services,,bdr,bdr,AÇÃO GLOBAL / BDR,214.20000000000002
E1DU34,E1DU34,19.94,-1.87,2,47955068680.581436,https://icons.brapi.dev/icons/BRAPI.svg,Consumer Services,,bdr,bdr,AÇÃO GLOBAL / BDR,39.88
H1LT34,H1LT34,67.0,0.13,2,358238860982.0972,https://icons.brapi.dev/icons/BRAPI.svg,Consumer Services,,bdr,bdr,AÇÃO GLOBAL / BDR,134.0
PPLI34,PPLI34,9.88,0.2,2,14850789227.621485,https://icons.brapi.dev/icons/BRAPI.svg,Technology Services,,bdr,bdr,AÇÃO GLOBAL / BDR,19.76
O2LE34,O2LE34,24.38,-4.77,2,19358973498.72123,https://icons.brapi.dev/icons/BRAPI.svg,Electronic Technology,,bdr,bdr,AÇÃO GLOBAL / BDR,48.76
BEMC39,ISHARES MSCI EMERGING MARKETS EX CHINA ETF,102.08,0.98,2,,https://icons.brapi.dev/icons/BRAPI.svg,Miscellaneous,,bdr,bdr,AÇÃO GLOBAL / BDR,204.16
W1PP34,W1PP34,27.03,1.01,2,27978977008.503838,https://icons.brapi.dev/icons/BRAPI.svg,Commercial Services,,bdr,bdr,AÇÃO GLOBAL / BDR,54.06
APXR11,APXR11,99.0,-0.99,2,,https://icons.brapi.dev/icons/BRAPI.svg,,Residencial,fund,fii,FII,198.0
BICL39,ISHARES GLOBAL CLEAN ENERGY ETF,45.5,1.11,2,,https://icons.brapi.dev/icons/BRAPI.svg,Miscellaneous,,bdr,bdr,AÇÃO GLOBAL / BDR,91.0
JOPA4F,JOSAPAR-JOAQUIM OLIVEIRA S.A. - PARTICIP,20.0,10.01,2,180682513.0,https://icons.brapi.dev/icons/BRAPI.svg,Process Industries,,stock,stock,AÇÃO B3,40.0
EPHE39,ISHARES MSCI PHILIPPINES ETF,41.52,-0.1,2,,https://icons.brapi.dev/icons/BRAPI.svg,Miscellaneous,,bdr,bdr,AÇÃO GLOBAL / BDR,83.04
A1TM34,A1TM34,430.86,0.1,2,144837439687.97955,https://icons.brapi.dev/icons/BRAPI.svg,Utilities,,bdr,bdr,AÇÃO GLOBAL / BDR,861.72
A1SN34,A1SN34,92.25,3.33,2,86325725759.59079,https://icons.brapi.dev/icons/BRAPI.svg,Health Technology,,bdr,bdr,AÇÃO GLOBAL / BDR,184.5
L1DO34,L1DO34,68.67,-0.2,2,85405314450.12787,https://icons.brapi.dev/icons/BRAPI.svg,Technology Services,,bdr,bdr,AÇÃO GLOBAL / BDR,137.34
BFNX39,GLOBAL X FINTECH ETF,25.56,0.0,2,,https://icons.brapi.dev/icons/BRAPI.svg,Miscellaneous,,bdr,bdr,AÇÃO GLOBAL / BDR,51.12
T1SC34,T1SC34,10.04,0.8,2,93254189140.66495,https://icons.brapi.dev/icons/BRAPI.svg,Retail Trade,,bdr,bdr,AÇÃO GLOBAL / BDR,20.08
CTSH34,CTSH34,320.43,0.73,2,143566135984.65475,https://icons.brapi.dev/icons/BRAPI.svg,Technology Services,,bdr,bdr,AÇÃO GLOBAL / BDR,640.86
S1RE34,S1RE34,107.95,1.38,2,281093552056.266,https://icons.brapi.dev/icons/BRAPI.svg,Utilities,,bdr,bdr,AÇÃO GLOBAL / BDR,215.9
G1PC34,G1PC34,355.94,34.88,2,97369194542.19948,https://icons.brapi.dev/icons/BRAPI.svg,Distribution Services,,bdr,bdr,AÇÃO GLOBAL / BDR,711.88
B1LL34,B1LL34,162.51,-1.77,2,84854003820.97188,https://icons.brapi.dev/icons/BRAPI.svg,Process Industries,,bdr,bdr,AÇÃO GLOBAL / BDR,325.02
BIAI39,ISHARES US BROKERDEALER & SECURITIES EXCHANGES ETF,66.8,-0.33,2,,https://icons.brapi.dev/icons/BRAPI.svg,Miscellaneous,,bdr,bdr,AÇÃO GLOBAL / BDR,133.6
EDGE11,EDGE11,866.0,-3.67,2,,https://icons.brapi.dev/icons/BRAPI.svg,,Multicategoria,fund,fii,FII,1732.0
C1BR34,C1BR34,756.2,-0.67,2,218995971570.3325,https://icons.brapi.dev/icons/BRAPI.svg,Finance,,bdr,bdr,AÇÃO GLOBAL / BDR,1512.4
I1PG34,I1PG34,194.0,7.78,2,16970301713.554985,https://icons.brapi.dev/icons/BRAPI.svg,Electronic Technology,,bdr,bdr,AÇÃO GLOBAL / BDR,388.0
E1OG34,E1OG34,75.27,-1.67,2,389546763017.90283,https://icons.brapi.dev/icons/BRAPI.svg,Energy Minerals,,bdr,bdr,AÇÃO GLOBAL / BDR,150.54
HOOT4F,HOTEIS OTHON S.A.,8.41,4.47,2,70286838.0,https://icons.brapi.dev/icons/BRAPI.svg,Consumer Services,,stock,stock,AÇÃO B3,16.82
M1SC34,M1SC34,65.59,-1.59,2,213083508751.91818,https://icons.brapi.dev/icons/BRAPI.svg,Commercial Services,,bdr,bdr,AÇÃO GLOBAL / BDR,131.18
TOPB39,ISHARES TOP 20 US STOCKS ETF,57.36,-2.83,2,,https://icons.brapi.dev/icons/BRAPI.svg,Miscellaneous,,bdr,bdr,AÇÃO GLOBAL / BDR,114.72
H1EI34,H1EI34,164.63,0.11,2,195800747171.3555,https://icons.brapi.dev/icons/BRAPI.svg,Electronic Technology,,bdr,bdr,AÇÃO GLOBAL / BDR,329.26
M1TB34,M1TB34,306.88,-2.35,2,177170307994.88492,https://icons.brapi.dev/icons/BRAPI.svg,Finance,,bdr,bdr,AÇÃO GLOBAL / BDR,613.76
RBOP11,RBOP11,214.53,-0.22,2,,https://icons.brapi.dev/icons/BRAPI.svg,,Outros,fund,fii,FII,429.06
BUSM39,ISHARES MSCI USA MIN VOL FACTOR ETF,65.16,-0.43,2,,https://icons.brapi.dev/icons/BRAPI.svg,Miscellaneous,,bdr,bdr,AÇÃO GLOBAL / BDR,130.32
GBIT11,GBIT11,78.37,-2.09,2,,https://icons.brapi.dev/icons/BRAPI.svg,Miscellaneous,,fund,etf,ETF,156.74
NVHO11,NVHO11,12.9,3.2,2,,https://icons.brapi.dev/icons/NVHO11.svg,,Hospital,fund,fii,FII,25.8
BIYM39,ISHARES U.S. BASIC MATERIALS ETF,82.0,-7.74,2,,https://icons.brapi.dev/icons/BRAPI.svg,Miscellaneous,,bdr,bdr,AÇÃO GLOBAL / BDR,164.0
E2NT34,E2NT34,40.07,-7.03,2,108437203391.30435,https://icons.brapi.dev/icons/BRAPI.svg,Producer Manufacturing,,bdr,bdr,AÇÃO GLOBAL / BDR,80.14
M1LM34,M1LM34,541.26,-2.14,2,187003242644.50128,https://icons.brapi.dev/icons/BRAPI.svg,Non-Energy Minerals,,bdr,bdr,AÇÃO GLOBAL / BDR,1082.52
PSVM11F,PORTO SUDESTE V.M. S.A.,12.74,-2.0,2,2749440.0,https://icons.brapi.dev/icons/BRAPI.svg,Transportation,,stock,stock,AÇÃO B3,25.48
FIGE3F,INVESTIMENTOS BEMGE S.A.,37.96,-0.13,2,25273353.0,https://icons.brapi.dev/icons/BRAPI.svg,Finance,,stock,stock,AÇÃO B3,75.92
TXRX3F,TEXTIL RENAUXVIEW S.A.,9.0,-18.03,2,16893044.0,https://icons.brapi.dev/icons/BRAPI.svg,Process Industries,,stock,stock,AÇÃO B3,18.0
BTHD39,ISHARES MSCI THAILAND ETF,64.2,4.77,2,,https://icons.brapi.dev/icons/BRAPI.svg,Miscellaneous,,bdr,bdr,AÇÃO GLOBAL / BDR,128.4
N2VC34,N2VC34,9.02,-1.96,2,10685619176.470587,https://icons.brapi.dev/icons/BRAPI.svg,Health Technology,,bdr,bdr,AÇÃO GLOBAL / BDR,18.04
LMAI11,LMAI11,35.84,0.82,2,,https://icons.brapi.dev/icons/BRAPI.svg,,Multicategoria,fund,fii,FII,71.68
D1OM34,D1OM34,55.7,-2.28,2,296204525140.665,https://icons.brapi.dev/icons/BRAPI.svg,Utilities,,bdr,bdr,AÇÃO GLOBAL / BDR,111.4
BGNO39,GLOBAL X GENOMICS & BIOTECHNOLOGY ETF,54.69,-1.46,2,,https://icons.brapi.dev/icons/BRAPI.svg,Miscellaneous,,bdr,bdr,AÇÃO GLOBAL / BDR,109.38
J1EF34,J1EF34,53.49,-3.83,2,65132490429.66752,https://icons.brapi.dev/icons/BRAPI.svg,Finance,,bdr,bdr,AÇÃO GLOBAL / BDR,106.98
FDXB34,FDXB34,1653.36,0.37,2,390439631335.0383,https://icons.brapi.dev/icons/BRAPI.svg,Transportation,,bdr,bdr,AÇÃO GLOBAL / BDR,3306.72
RCFF11,RCFF11,75.0,0.0,2,,https://icons.brapi.dev/icons/BRAPI.svg,,Outros,fund,fii,FII,150.0
PRAF11,PRAF11,100.12,-0.79,2,,https://icons.brapi.dev/icons/BRAPI.svg,Miscellaneous,,fund,etf,ETF,200.24
I1DX34,I1DX34,542.81,-5.18,2,215743409570.33246,https://icons.brapi.dev/icons/BRAPI.svg,Health Technology,,bdr,bdr,AÇÃO GLOBAL / BDR,1085.62
BDVE39,ISHARES EMERGING MARKETS DIVIDEND ETF,60.9,6.01,2,,https://icons.brapi.dev/icons/BRAPI.svg,Miscellaneous,,bdr,bdr,AÇÃO GLOBAL / BDR,121.8
CTEM11,CTEM11,6.5,0.0,2,,https://icons.brapi.dev/icons/BRAPI.svg,,,fund,fi-agro,FIAGRO,13.0
GOEX39,GLOBAL X GOLD EXPLORERS ETF,47.8,4.82,2,,https://icons.brapi.dev/icons/BRAPI.svg,,,bdr,bdr,AÇÃO GLOBAL / BDR,95.6
C1HT34,C1HT34,56.0,0.45,2,171749563239.58734,https://icons.brapi.dev/icons/BRAPI.svg,Communications,,bdr,bdr,AÇÃO GLOBAL / BDR,112.0
BCLO39,GLOBAL X CLOUD COMPUTING ETF,49.2,-1.64,2,,https://icons.brapi.dev/icons/BRAPI.svg,Miscellaneous,,bdr,bdr,AÇÃO GLOBAL / BDR,98.4
GCDL11,GCDL11,126.63,0.06,2,,https://icons.brapi.dev/icons/BRAPI.svg,Miscellaneous,Logística,fund,fii,FII,253.26
K1IM34,K1IM34,125.84,0.0,2,80975086102.30179,https://icons.brapi.dev/icons/BRAPI.svg,Finance,,bdr,bdr,AÇÃO GLOBAL / BDR,251.68
E1RI34,E1RI34,25.71,-0.35,2,172942675609.38724,https://icons.brapi.dev/icons/BRAPI.svg,Electronic Technology,,bdr,bdr,AÇÃO GLOBAL / BDR,51.42
A1LL34,A1LL34,137.48,-0.97,2,21787951519.181587,https://icons.brapi.dev/icons/BRAPI.svg,Finance,,bdr,bdr,AÇÃO GLOBAL / BDR,274.96
BFBI39,FIRST TRUST NYSE ARCA BIOTECHNOLOGY INDEX FUND,58.24,0.0,2,,https://icons.brapi.dev/icons/BRAPI.svg,Miscellaneous,,bdr,bdr,AÇÃO GLOBAL / BDR,116.48
LRDI11,LRDI11,179.0,-7.16,2,,https://icons.brapi.dev/icons/BRAPI.svg,,Multicategoria,fund,fii,FII,358.0
M1HK34,M1HK34,26.58,-0.67,1,41311250992.32737,https://icons.brapi.dev/icons/BRAPI.svg,Producer Manufacturing,,bdr,bdr,AÇÃO GLOBAL / BDR,26.58
W2ST34,W2ST34,50.44,-1.73,1,122381832286.44502,https://icons.brapi.dev/icons/BRAPI.svg,Health Technology,,bdr,bdr,AÇÃO GLOBAL / BDR,50.44
P1RG34,P1RG34,76.09,5.24,1,10590472219.948849,https://icons.brapi.dev/icons/BRAPI.svg,Health Technology,,bdr,bdr,AÇÃO GLOBAL / BDR,76.09
A1TH34,A1TH34,11.13,0.18,1,13450516646.487112,https://icons.brapi.dev/icons/BRAPI.svg,Technology Services,,bdr,bdr,AÇÃO GLOBAL / BDR,11.13
BIYP39,ISHARES US TRANSPORTATION ETF,21.24,0.09,1,,https://icons.brapi.dev/icons/BRAPI.svg,Miscellaneous,,bdr,bdr,AÇÃO GLOBAL / BDR,21.24
UPAC34,UPAC34,62.15,0.39,1,880082575708.4398,https://icons.brapi.dev/icons/BRAPI.svg,Transportation,,bdr,bdr,AÇÃO GLOBAL / BDR,62.15
AIGB34,AIGB34,390.5,-0.47,1,203834704675.1918,https://icons.brapi.dev/icons/BRAPI.svg,Finance,,bdr,bdr,AÇÃO GLOBAL / BDR,390.5
ALMI11,ALMI11,630.0,-1.52,1,,https://icons.brapi.dev/icons/BRAPI.svg,Miscellaneous,Escritórios,fund,fii,FII,630.0
BCNY39,ISHARES MSCI CHINA A ETF,61.45,-0.08,1,,https://icons.brapi.dev/icons/BRAPI.svg,Miscellaneous,,bdr,bdr,AÇÃO GLOBAL / BDR,61.45
G1AR34,G1AR34,249.5,1.22,1,60216019810.74169,https://icons.brapi.dev/icons/BRAPI.svg,Technology Services,,bdr,bdr,AÇÃO GLOBAL / BDR,249.5
BIHA39,ISHARES CYBERSECURITY AND TECH ETF,108.79,-3.89,1,,https://icons.brapi.dev/icons/BRAPI.svg,Miscellaneous,,bdr,bdr,AÇÃO GLOBAL / BDR,108.79
T2RE34,T2RE34,14.54,0.14,1,23775491892.58312,https://icons.brapi.dev/icons/BRAPI.svg,Non-Energy Minerals,,bdr,bdr,AÇÃO GLOBAL / BDR,14.54
SOLN39,21SHARES SOLANA STAKING ETP,33.69,-5.68,1,,https://icons.brapi.dev/icons/BRAPI.svg,Miscellaneous,,bdr,bdr,AÇÃO GLOBAL / BDR,33.69
A1GN34,A1GN34,397.1,-4.31,1,68342607994.88491,https://icons.brapi.dev/icons/BRAPI.svg,Consumer Durables,,bdr,bdr,AÇÃO GLOBAL / BDR,397.1
LPLP11,LPLP11,290.0,0.0,1,,https://icons.brapi.dev/icons/BRAPI.svg,,Residencial,fund,fii,FII,290.0
R1CL34,R1CL34,48.45,0.19,1,363798601299.2327,https://icons.brapi.dev/icons/BRAPI.svg,Consumer Services,,bdr,bdr,AÇÃO GLOBAL / BDR,48.45
SNSY3F,SANSUY S.A. INDUSTRIA DE PLASTICOS,9.0,6.76,1,34965616.0,https://icons.brapi.dev/icons/BRAPI.svg,Producer Manufacturing,,stock,stock,AÇÃO B3,9.0
X1YL34,X1YL34,288.55,-0.7,1,126226200491.04858,https://icons.brapi.dev/icons/BRAPI.svg,Producer Manufacturing,,bdr,bdr,AÇÃO GLOBAL / BDR,288.55
BMYB34,BMYB34,341.6,-1.91,1,698179994491.0486,https://icons.brapi.dev/icons/BRAPI.svg,Health Technology,,bdr,bdr,AÇÃO GLOBAL / BDR,341.6
MRSA5BF,MRS LOGISTICA S.A.,34.53,0.03,1,13378693426.0,https://icons.brapi.dev/icons/BRAPI.svg,Transportation,,stock,stock,AÇÃO B3,34.53
CEDO3F,CIA FIACAO TECIDOS CEDRO CACHOEIRA,7.67,-14.68,1,51085857.0,https://icons.brapi.dev/icons/BRAPI.svg,Process Industries,,stock,stock,AÇÃO B3,7.67
C2PT34,C2PT34,37.32,0.0,1,73112263360.61382,https://icons.brapi.dev/icons/BRAPI.svg,Finance,,bdr,bdr,AÇÃO GLOBAL / BDR,37.32
A1LG34,A1LG34,202.0,0.62,1,57644020199.488495,https://icons.brapi.dev/icons/BRAPI.svg,Health Technology,,bdr,bdr,AÇÃO GLOBAL / BDR,202.0
S1RP34,S1RP34,5.69,-2.4,1,12156562608.695652,https://icons.brapi.dev/icons/BRAPI.svg,Health Technology,,bdr,bdr,AÇÃO GLOBAL / BDR,5.69
C2RS34,C2RS34,35.72,-0.22,1,27593265723.785168,https://icons.brapi.dev/icons/BRAPI.svg,Health Technology,,bdr,bdr,AÇÃO GLOBAL / BDR,35.72
BAUH4F,EXCELSIOR ALIMENTOS S.A.,90.28,-2.6,1,221828613.0,https://icons.brapi.dev/icons/BRAPI.svg,Distribution Services,,stock,stock,AÇÃO B3,90.28
B1AX34,B1AX34,65.15,-3.5,1,68306935595.90793,https://icons.brapi.dev/icons/BRAPI.svg,Health Technology,,bdr,bdr,AÇÃO GLOBAL / BDR,65.15
BSNS39,GLOBAL X INTERNET OF THINGS ETF,61.06,0.93,1,,https://icons.brapi.dev/icons/BRAPI.svg,Miscellaneous,,bdr,bdr,AÇÃO GLOBAL / BDR,61.06
P2IN34,P2IN34,17.36,-1.31,1,59093531109.97442,https://icons.brapi.dev/icons/BRAPI.svg,Technology Services,,bdr,bdr,AÇÃO GLOBAL / BDR,17.36
BEWP39,ISHARES MSCI SPAIN ETF,108.68,0.6,1,,https://icons.brapi.dev/icons/BRAPI.svg,Miscellaneous,,bdr,bdr,AÇÃO GLOBAL / BDR,108.68
APTV34,APTV34,115.47,-2.5,1,50925925289.00256,https://icons.brapi.dev/icons/BRAPI.svg,Producer Manufacturing,,bdr,bdr,AÇÃO GLOBAL / BDR,115.47
I1BN34,I1BN34,156.21,0.0,1,551982465891.7842,https://icons.brapi.dev/icons/BRAPI.svg,Finance,,bdr,bdr,AÇÃO GLOBAL / BDR,156.21
P2NB34,P2NB34,55.13,-4.07,1,64910951693.09463,https://icons.brapi.dev/icons/BRAPI.svg,Health Technology,,bdr,bdr,AÇÃO GLOBAL / BDR,55.13
BFCC11,BFCC11,104.97,0.16,1,,https://icons.brapi.dev/icons/BRAPI.svg,,,fund,fii,FII,104.97
C2GN34,C2GN34,40.04,2.54,1,53564882051.150894,https://icons.brapi.dev/icons/BRAPI.svg,Electronic Technology,,bdr,bdr,AÇÃO GLOBAL / BDR,40.04
HDEL11,HDEL11,3.26,-2.1,1,,https://icons.brapi.dev/icons/BRAPI.svg,,Logística,fund,fii,FII,3.26
L1CA34,L1CA34,415.01,10.7,1,135605011196.93095,https://icons.brapi.dev/icons/BRAPI.svg,Health Services,,bdr,bdr,AÇÃO GLOBAL / BDR,415.01
G2NT34,G2NT34,29.43,-1.31,1,24937146946.29156,https://icons.brapi.dev/icons/BRAPI.svg,Producer Manufacturing,,bdr,bdr,AÇÃO GLOBAL / BDR,29.43
N1XP34,N1XP34,58.32,1.57,1,293871228685.422,https://icons.brapi.dev/icons/BRAPI.svg,Electronic Technology,,bdr,bdr,AÇÃO GLOBAL / BDR,58.32
H1HH34,H1HH34,40.41,0.0,1,19586761682.86445,https://icons.brapi.dev/icons/BRAPI.svg,Finance,,bdr,bdr,AÇÃO GLOBAL / BDR,40.41
L1NC34,L1NC34,223.74,0.83,1,44527421335.03837,https://icons.brapi.dev/icons/BRAPI.svg,Finance,,bdr,bdr,AÇÃO GLOBAL / BDR,223.74
BBUS39,JPMORGAN BETABUILDERS US EQUITY ETF,89.28,3.66,1,,https://icons.brapi.dev/icons/BRAPI.svg,Miscellaneous,,bdr,bdr,AÇÃO GLOBAL / BDR,89.28
K1RC34,K1RC34,49.39,-0.9,1,183606177381.07416,https://icons.brapi.dev/icons/BRAPI.svg,Retail Trade,,bdr,bdr,AÇÃO GLOBAL / BDR,49.39
EXIF11,EXIF11,10.23,0.0,1,,https://icons.brapi.dev/icons/BRAPI.svg,,,fund,fi-infra,FI-INFRA,10.23
CRPG6F,TRONOX PIGMENTOS DO BRASIL S.A.,9.52,-2.36,1,345245643.0,https://icons.brapi.dev/icons/BRAPI.svg,Process Industries,,stock,stock,AÇÃO B3,9.52
H1AS34,H1AS34,238.05,-0.31,1,66756235764.70588,https://icons.brapi.dev/icons/BRAPI.svg,Consumer Durables,,bdr,bdr,AÇÃO GLOBAL / BDR,238.05
IDUA11,IDUA11,29.06,0.0,1,,https://icons.brapi.dev/icons/BRAPI.svg,Miscellaneous,,fund,fii,FII,29.06
N1OV34,N1OV34,109.34,-0.2,1,39002898956.52174,https://icons.brapi.dev/icons/BRAPI.svg,Industrial Services,,bdr,bdr,AÇÃO GLOBAL / BDR,109.34
BBAX39,BBAX39,66.78,0.0,1,,https://icons.brapi.dev/icons/BRAPI.svg,Miscellaneous,,bdr,bdr,AÇÃO GLOBAL / BDR,66.78
W1SO34,W1SO34,63.9,-3.2,1,66507184649.61636,https://icons.brapi.dev/icons/BRAPI.svg,Producer Manufacturing,,bdr,bdr,AÇÃO GLOBAL / BDR,63.9
BLPX39,GLOBAL X MLP & ENERGY INFRASTRUCTURE ETF,48.4,0.0,1,,https://icons.brapi.dev/icons/BRAPI.svg,Miscellaneous,,bdr,bdr,AÇÃO GLOBAL / BDR,48.4
FPAB11,FPAB11,204.98,4.02,1,,https://icons.brapi.dev/icons/BRAPI.svg,Miscellaneous,Escritórios,fund,fii,FII,204.98
A1ON34,A1ON34,69.22,-0.8,1,350565772081.84143,https://icons.brapi.dev/icons/BRAPI.svg,Finance,,bdr,bdr,AÇÃO GLOBAL / BDR,69.22
B1DX34,B1DX34,192.4,0.0,1,257395093769.82098,https://icons.brapi.dev/icons/BRAPI.svg,Health Technology,,bdr,bdr,AÇÃO GLOBAL / BDR,192.4
R1KU34,R1KU34,40.17,-0.99,1,118191595299.23274,https://icons.brapi.dev/icons/BRAPI.svg,Technology Services,,bdr,bdr,AÇÃO GLOBAL / BDR,40.17
BBMR39,JPMORGAN BETABUILDERS MSCI US REIT ETF,56.22,-0.85,1,,https://icons.brapi.dev/icons/BRAPI.svg,Finance,,bdr,bdr,AÇÃO GLOBAL / BDR,56.22
IBKR34,IBKR34,29.6,-0.54,1,806011549930.3324,https://icons.brapi.dev/icons/BRAPI.svg,Finance,,bdr,bdr,AÇÃO GLOBAL / BDR,29.6
RPAD6F,ALFA HOLDINGS S.A.,7.07,17.64,1,604083842.0,https://icons.brapi.dev/icons/BRAPI.svg,Finance,,stock,stock,AÇÃO B3,7.07
BDRI39,GLOBAL X AUTONOMOUS & ELECTRIC VEHICLES ETF,56.82,-1.88,1,,https://icons.brapi.dev/icons/BRAPI.svg,Miscellaneous,,bdr,bdr,AÇÃO GLOBAL / BDR,56.82
EQPA7F,EQUATORIAL PARA DISTRIBUIDORA DE ENERGIA S.A.,10.0,1.01,1,12205965769.0,https://icons.brapi.dev/icons/BRAPI.svg,Utilities,,stock,stock,AÇÃO B3,10.0
N1IC34,N1IC34,21.79,-2.51,1,32205152772.928696,https://icons.brapi.dev/icons/BRAPI.svg,Technology Services,,bdr,bdr,AÇÃO GLOBAL / BDR,21.79
HMRN31,HOMERUN RESOURCES INC,2.62,-4.73,1,163335674.10127878,https://icons.brapi.dev/icons/BRAPI.svg,Industrial Services,,bdr,bdr,AÇÃO GLOBAL / BDR,2.62
BIYK39,ISHARES US CONSUMER STAPLES ETF,21.35,-0.97,1,,https://icons.brapi.dev/icons/BRAPI.svg,Miscellaneous,,bdr,bdr,AÇÃO GLOBAL / BDR,21.35
HBCR11,HBCR11,152.0,0.0,1,,https://icons.brapi.dev/icons/BRAPI.svg,,Multicategoria,fund,fii,FII,152.0
D1TE34,D1TE34,176.11,-0.06,1,144842063314.578,https://icons.brapi.dev/icons/BRAPI.svg,Utilities,,bdr,bdr,AÇÃO GLOBAL / BDR,176.11
TXRX4F,TEXTIL RENAUXVIEW S.A.,1.33,-6.34,1,16893044.0,https://icons.brapi.dev/icons/BRAPI.svg,Process Industries,,stock,stock,AÇÃO B3,1.33
FMXB34,FMXB34,618.14,0.61,1,123811980969.38107,https://icons.brapi.dev/icons/BRAPI.svg,Consumer Non-Durables,,bdr,bdr,AÇÃO GLOBAL / BDR,618.14
E1XR34,E1XR34,61.14,-2.05,1,150482283764.70587,https://icons.brapi.dev/icons/BRAPI.svg,Finance,,bdr,bdr,AÇÃO GLOBAL / BDR,61.14
H1TH34,H1TH34,59.19,-2.04,1,70545749144.26701,https://icons.brapi.dev/icons/BRAPI.svg,Consumer Services,,bdr,bdr,AÇÃO GLOBAL / BDR,59.19
BOXP34,BOXP34,35.19,-0.57,1,55281285882.352936,https://icons.brapi.dev/icons/BRAPI.svg,Finance,,bdr,bdr,AÇÃO GLOBAL / BDR,35.19
TURK39,ISHARES MSCI TURKEY ETF,50.5,0.42,1,,https://icons.brapi.dev/icons/BRAPI.svg,Miscellaneous,,bdr,bdr,AÇÃO GLOBAL / BDR,50.5
RCFA11,RCFA11,0.9,1700.0,1,,https://icons.brapi.dev/icons/RCFA11.svg,,Multicategoria,fund,fii,FII,0.9
R1HI34,R1HI34,219.0,-3.75,1,22294460255.754475,https://icons.brapi.dev/icons/BRAPI.svg,Commercial Services,,bdr,bdr,AÇÃO GLOBAL / BDR,219.0
YUMR34,YUMR34,389.22,2.43,1,210378135483.37595,https://icons.brapi.dev/icons/BRAPI.svg,Consumer Services,,bdr,bdr,AÇÃO GLOBAL / BDR,389.22
K1MX34,K1MX34,164.96,4.67,1,45941446690.53709,https://icons.brapi.dev/icons/BRAPI.svg,Retail Trade,,bdr,bdr,AÇÃO GLOBAL / BDR,164.96
JOPA3F,JOSAPAR-JOAQUIM OLIVEIRA S.A. - PARTICIP,16.86,0.0,1,180682513.0,https://icons.brapi.dev/icons/BRAPI.svg,Process Industries,,stock,stock,AÇÃO B3,16.86
BEWD39,ISHARES MSCI SWEDEN ETF,54.65,2.15,1,,https://icons.brapi.dev/icons/BRAPI.svg,Miscellaneous,,bdr,bdr,AÇÃO GLOBAL / BDR,54.65
EXPB31,EXPERIAN PLC,235.88,0.0,1,172147335844.02814,https://icons.brapi.dev/icons/BRAPI.svg,Commercial Services,,bdr,bdr,AÇÃO GLOBAL / BDR,235.88
A1LN34,A1LN34,67.97,1.15,1,182137826296.6752,https://icons.brapi.dev/icons/BRAPI.svg,Health Technology,,bdr,bdr,AÇÃO GLOBAL / BDR,67.97
H1II34,H1II34,23.53,15.0,1,57631490971.86701,https://icons.brapi.dev/icons/BRAPI.svg,Electronic Technology,,bdr,bdr,AÇÃO GLOBAL / BDR,23.53
K1SG34,K1SG34,830.0,1.1,1,284940069115.08954,https://icons.brapi.dev/icons/BRAPI.svg,Electronic Technology,,bdr,bdr,AÇÃO GLOBAL / BDR,830.0
CTAX3F,CTAX3F,1.66,-7.26,1,12737164.0,https://icons.brapi.dev/icons/BRAPI.svg,Commercial Services,,stock,stock,AÇÃO B3,1.66
BEWS39,ISHARES MSCI SINGAPORE ETF,58.44,1.35,1,,https://icons.brapi.dev/icons/BRAPI.svg,Miscellaneous,,bdr,bdr,AÇÃO GLOBAL / BDR,58.44
EBTA11,EBTA11,1.2,0.0,1,,https://icons.brapi.dev/icons/BRAPI.svg,Miscellaneous,,fund,fii,FII,1.2
ARNC34,ARNC34,52.13,1.22,1,528886099329.9233,https://icons.brapi.dev/icons/BRAPI.svg,Electronic Technology,,bdr,bdr,AÇÃO GLOBAL / BDR,52.13
VGII11,VGII11,62.54,2.22,1,,https://icons.brapi.dev/icons/BRAPI.svg,,Multicategoria,fund,fii,FII,62.54
H1OG34,H1OG34,142.0,0.0,1,15065227350.383633,https://icons.brapi.dev/icons/BRAPI.svg,Consumer Durables,,bdr,bdr,AÇÃO GLOBAL / BDR,142.0
R1OP34,R1OP34,217.64,1.89,1,206037579196.93094,https://icons.brapi.dev/icons/BRAPI.svg,Technology Services,,bdr,bdr,AÇÃO GLOBAL / BDR,217.64
ANCR11,ANCR11,270.0,0.0,1,,https://icons.brapi.dev/icons/BRAPI.svg,,Shoppings,fund,fii,FII,270.0
FAMB11,FAMB11,690.0,-1.43,1,,https://icons.brapi.dev/icons/BRAPI.svg,Miscellaneous,Residencial,fund,fii,FII,690.0
REIT11,REIT11,61.01,-23.75,1,,https://icons.brapi.dev/icons/BRAPI.svg,,Outros,fund,fii,FII,61.01
P2OD34,P2OD34,25.35,-1.36,1,52318958204.60358,https://icons.brapi.dev/icons/BRAPI.svg,Health Technology,,bdr,bdr,AÇÃO GLOBAL / BDR,25.35
H1DB34,H1DB34,23.67,1.2,1,594106320718.3694,https://icons.brapi.dev/icons/BRAPI.svg,Finance,,bdr,bdr,AÇÃO GLOBAL / BDR,23.67
N2TN34,N2TN34,86.85,-1.23,1,94107479647.05882,https://icons.brapi.dev/icons/BRAPI.svg,Technology Services,,bdr,bdr,AÇÃO GLOBAL / BDR,86.85
S2TW34,S2TW34,26.56,-0.71,1,30446632286.44501,https://icons.brapi.dev/icons/BRAPI.svg,Finance,,bdr,bdr,AÇÃO GLOBAL / BDR,26.56
ORBX39,ORBX39,27.2,1.19,1,,https://icons.brapi.dev/icons/BRAPI.svg,,,bdr,bdr,AÇÃO GLOBAL / BDR,27.2
BEWO39,ISHARES MSCI AUSTRIA ETF,74.48,0.77,1,,https://icons.brapi.dev/icons/BRAPI.svg,Miscellaneous,,bdr,bdr,AÇÃO GLOBAL / BDR,74.48
D2OC34,D2OC34,22.45,-2.01,1,24024458015.345264,https://icons.brapi.dev/icons/BRAPI.svg,Technology Services,,bdr,bdr,AÇÃO GLOBAL / BDR,22.45
Z1BR34,Z1BR34,61.74,-0.74,1,87782449227.62149,https://icons.brapi.dev/icons/BRAPI.svg,Electronic Technology,,bdr,bdr,AÇÃO GLOBAL / BDR,61.74
BCHQ39,GLOBAL X MSCI CHINA CONSUMER DISCRETIONARY ETF,22.34,-4.28,1,,https://icons.brapi.dev/icons/BRAPI.svg,Miscellaneous,,bdr,bdr,AÇÃO GLOBAL / BDR,22.34
S1TT34,S1TT34,1001.0,-0.79,1,272959390168.79797,https://icons.brapi.dev/icons/BRAPI.svg,Finance,,bdr,bdr,AÇÃO GLOBAL / BDR,1001.0
BIDV39,ISHARES INTERNATIONAL SELECT DIVIDEND ETF,76.3,-0.52,1,,https://icons.brapi.dev/icons/BRAPI.svg,Miscellaneous,,bdr,bdr,AÇÃO GLOBAL / BDR,76.3
O1KE34,O1KE34,247.43,4.23,1,307704244005.1151,https://icons.brapi.dev/icons/BRAPI.svg,Industrial Services,,bdr,bdr,AÇÃO GLOBAL / BDR,247.43
B2AH34,B2AH34,39.32,-1.01,1,44791541749.36061,https://icons.brapi.dev/icons/BRAPI.svg,Commercial Services,,bdr,bdr,AÇÃO GLOBAL / BDR,39.32
C2PR34,C2PR34,38.56,3.1,1,24509290245.5243,https://icons.brapi.dev/icons/BRAPI.svg,Finance,,bdr,bdr,AÇÃO GLOBAL / BDR,38.56
AXRP39,21SHARES XRP ETP,32.9,0.0,1,,https://icons.brapi.dev/icons/BRAPI.svg,Miscellaneous,,bdr,bdr,AÇÃO GLOBAL / BDR,32.9
EQPA5F,EQUATORIAL PARA DISTRIBUIDORA DE ENERGIA S.A.,9.68,-2.12,1,12205965769.0,https://icons.brapi.dev/icons/BRAPI.svg,Utilities,,stock,stock,AÇÃO B3,9.68
L1YB34,L1YB34,168.3,-0.4,1,104958412654.73146,https://icons.brapi.dev/icons/BRAPI.svg,Process Industries,,bdr,bdr,AÇÃO GLOBAL / BDR,168.3
BOVS11,BOVS11,142.76,-0.05,1,,https://icons.brapi.dev/icons/BRAPI.svg,Miscellaneous,,fund,etf,ETF,142.76
RBRI11,RBRI11,225.02,0.0,1,,https://icons.brapi.dev/icons/BRAPI.svg,,Multicategoria,fund,fii,FII,225.02
SPUB11,SPUB11,68.06,0.03,1,,https://icons.brapi.dev/icons/BRAPI.svg,Miscellaneous,,fund,etf,ETF,68.06
A1GI34,A1GI34,76.48,0.0,1,217553881943.734,https://icons.brapi.dev/icons/BRAPI.svg,Health Technology,,bdr,bdr,AÇÃO GLOBAL / BDR,76.48
B2MB34,B2MB34,2.87,2.5,1,1957586465.4731457,https://icons.brapi.dev/icons/BRAPI.svg,Technology Services,,bdr,bdr,AÇÃO GLOBAL / BDR,2.87
A1RC34,A1RC34,42.08,2.73,1,8707171882.352942,https://icons.brapi.dev/icons/BRAPI.svg,Consumer Services,,bdr,bdr,AÇÃO GLOBAL / BDR,42.08
M1CB34,M1CB34,219.82,2.67,1,38830471892.58312,https://icons.brapi.dev/icons/BRAPI.svg,Consumer Non-Durables,,bdr,bdr,AÇÃO GLOBAL / BDR,219.82
CLOB11,CLOB11,94.79,0.55,1,,https://icons.brapi.dev/icons/BRAPI.svg,Miscellaneous,,fund,etf,ETF,94.79
BONY34,BONY34,841.68,2.14,1,572095251488.4911,https://icons.brapi.dev/icons/BRAPI.svg,Finance,,bdr,bdr,AÇÃO GLOBAL / BDR,841.68
A2RE34,A2RE34,74.69,1.81,1,160550766930.9463,https://icons.brapi.dev/icons/BRAPI.svg,Finance,,bdr,bdr,AÇÃO GLOBAL / BDR,74.69
G2DD34,G2DD34,52.49,5.61,1,65630070035.80562,https://icons.brapi.dev/icons/BRAPI.svg,Technology Services,,bdr,bdr,AÇÃO GLOBAL / BDR,52.49
MDTC34,MDTC34,59.88,-0.86,1,616145298828.6444,https://icons.brapi.dev/icons/BRAPI.svg,Health Technology,,bdr,bdr,AÇÃO GLOBAL / BDR,59.88
O1MC34,O1MC34,223.33,-2.51,1,115940999682.86446,https://icons.brapi.dev/icons/BRAPI.svg,Commercial Services,,bdr,bdr,AÇÃO GLOBAL / BDR,223.33
S1WK34,S1WK34,121.92,-0.59,1,75207063309.46292,https://icons.brapi.dev/icons/BRAPI.svg,Consumer Durables,,bdr,bdr,AÇÃO GLOBAL / BDR,121.92
BDLL3F,BARDELLA S.A. INDUSTRIAS MECANICAS,6.39,42.0,1,5958990.0,https://icons.brapi.dev/icons/BRAPI.svg,Producer Manufacturing,,stock,stock,AÇÃO B3,6.39
F1AN34,F1AN34,64.68,-0.11,1,285352695406.6496,https://icons.brapi.dev/icons/BRAPI.svg,Energy Minerals,,bdr,bdr,AÇÃO GLOBAL / BDR,64.68
C1RB34,C1RB34,39.0,2.85,1,240508362792.83887,https://icons.brapi.dev/icons/BRAPI.svg,Technology Services,,bdr,bdr,AÇÃO GLOBAL / BDR,39.0
MOTB39,VANECK MORNINGSTAR WIDE MOAT ETF,74.13,8.39,1,,https://icons.brapi.dev/icons/BRAPI.svg,Miscellaneous,,bdr,bdr,AÇÃO GLOBAL / BDR,74.13
A1EN34,A1EN34,352.8,-1.65,1,90146195769.82097,https://icons.brapi.dev/icons/BRAPI.svg,Utilities,,bdr,bdr,AÇÃO GLOBAL / BDR,352.8
XRAY34,XRAY34,56.0,-2.57,1,11604333493.606138,https://icons.brapi.dev/icons/BRAPI.svg,Health Technology,,bdr,bdr,AÇÃO GLOBAL / BDR,56.0
A2SO34,A2SO34,55.0,-2.76,1,14256294291.560102,https://icons.brapi.dev/icons/BRAPI.svg,Retail Trade,,bdr,bdr,AÇÃO GLOBAL / BDR,55.0
T1MU34,T1MU34,66.77,-0.34,1,995966030777.4938,https://icons.brapi.dev/icons/BRAPI.svg,Communications,,bdr,bdr,AÇÃO GLOBAL / BDR,66.77
R2HH34,R2HH34,12.79,1.03,1,14307695345.268541,https://icons.brapi.dev/icons/BRAPI.svg,Retail Trade,,bdr,bdr,AÇÃO GLOBAL / BDR,12.79
C1MG34,C1MG34,9.53,-0.83,1,239231953790.2813,https://icons.brapi.dev/icons/BRAPI.svg,Consumer Services,,bdr,bdr,AÇÃO GLOBAL / BDR,9.53
ESTR3F,MANUFATURA DE BRINQUEDOS ESTRELA S.A.,3.05,1.33,1,8299060.000000001,https://icons.brapi.dev/icons/BRAPI.svg,Consumer Durables,,stock,stock,AÇÃO B3,3.05
E2TS34,E2TS34,28.44,0.96,1,35919294930.9463,https://icons.brapi.dev/icons/BRAPI.svg,Retail Trade,,bdr,bdr,AÇÃO GLOBAL / BDR,28.44
INHF11,INTER HOLDING FINANCEIRA S.A.,9.02,0.11,1,,https://icons.brapi.dev/icons/BRAPI.svg,Miscellaneous,,fund,fii,FII,9.02
A1JG34,A1JG34,691.6,2.51,1,344385904956.5217,https://icons.brapi.dev/icons/BRAPI.svg,Finance,,bdr,bdr,AÇÃO GLOBAL / BDR,691.6
BRAX,BRAX,154.97,-0.02,0,,https://icons.brapi.dev/icons/BRAPI.svg,,,stock,stock,AÇÃO B3,0.0
