ticker,cnpj,company_name,sector,industry,market_cap,revenue,operating_income,net_income,equity,total_cash,total_debt,roe,operating_margin,profit_margin,debt_to_equity,revenue_growth,earnings_growth,earnings_yield,book_to_price,sales_yield,ev_to_ebit,raw_pe,raw_pb,raw_ev_ebitda,enterprise_value,ebitda,fcf,beta,trailing_eps,book_value_per_share,fundamental_source,price,avg_daily_volume_brl,pe,pb,ev_ebitda,fcf_yield,fcf_margin,debt_to_ebitda,ret_3m,ret_6m,ret_12m,price_to_ma50,price_to_ma200,volatility,max_drawdown,history_days,last_price_date,model_group,__quality_roe,__quality_operating_margin,__quality_profit_margin,__quality_debt_to_equity,quality_score,quality_coverage,__growth_revenue_growth,__growth_earnings_growth,growth_score,growth_coverage,__valuation_earnings_yield,__valuation_book_to_price,__valuation_sales_yield,__valuation_ev_to_ebit,valuation_score,valuation_coverage,__momentum_ret_3m,__momentum_ret_6m,__momentum_ret_12m,__momentum_price_to_ma50,__momentum_price_to_ma200,momentum_score,momentum_coverage,__risk_volatility,__risk_max_drawdown,risk_score,risk_coverage,__weighted_quality,__weighted_growth,__weighted_valuation,__weighted_momentum,__weighted_risk,score,data_coverage,has_quality,has_valuation,has_momentum,n_components,data_quality,signal,entry_watch_low,entry_watch_high,max_position_pct,in_portfolio,action,validated_score,price_now,trend_confirm,relative_strength_6m,news_risk,final_confidence_score,final_signal,gates_passed,gates_total,failed_gates,market_regime,market_regime_score,strong_buy_authorized
PETR4,,Petróleo Brasileiro S.A. - Petrobras,Energy,Oil & Gas Integrated,662679060480.0,548493000704.0,243035996160.0,133376000000.0,203241645458.764,53764001792.0,366532984832.0,0.30274,0.44679,0.24317,1.8034344487058704,0.423,0.968,0.209278355909236,0.7694021091620018,0.8276902552295958,3.862705696607868,4.778325,1.2997105,3.863,938776526848.0,243035996160.0,94240129024.0,-0.213,10.15,37.316,Yahoo Finance,48.5,1918760475.8333333,4.778325123152709,1.299710579912102,3.862705696607868,0.1422108146222981,0.1718164660315468,1.2869245213951437,0.2892341813585872,0.0974742953397336,,1.1355679282816622,1.2444614863646222,0.2674892216122582,-0.221617715192079,249,2026-09-18 00:00:00+00:00,general,92.85714285714286,92.85714285714286,92.85714285714286,14.285714285714292,73.21428571428571,1.0,78.57142857142857,75.0,76.78571428571428,1.0,100.0,71.42857142857143,42.85714285714285,71.42857142857143,71.42857142857143,1.0,85.71428571428571,85.71428571428571,,85.71428571428571,85.71428571428571,85.71428571428571,0.8,85.71428571428572,100.0,92.85714285714286,1.0,18.303571428571427,15.357142857142856,14.285714285714286,17.142857142857142,13.928571428571429,79.01785714285714,0.96,True,True,True,5,OK,WATCHLIST,46.86083821032022,48.5,5.0,False,AGUARDAR,79.01785714285714,48.5,True,0.06636197615658701,False,82.26339285714286,AVALIAR_COMPRA,9,9,,RISK_ON,80.0,False
JHSF3,,JHSF Participações S.A.,Real Estate,Real Estate - Development,7496415744.0,4052741888.0,2057853056.0,2131408000.0,7447097531.7,4291578112.0,6793206784.0,0.29331,0.48852003,0.52592,0.9121952217066328,0.885,0.902,0.2719298212219145,0.993420970282209,0.5406239496847202,5.077722758451418,3.6774194,1.0066226,5.078,10449207296.0,2057853056.0,1666673408.0,0.47,3.1,11.325,Yahoo Finance,11.399999618530272,42284460.58506648,3.677419231783959,1.0066224828724304,5.077722758451418,0.2223293724516248,0.4112458809515973,1.2156498077965776,0.0921548598827606,0.3316905782996806,,1.0512033000233838,1.148659026953832,0.3882914005748373,-0.2793894952151726,249,2026-09-18 00:00:00+00:00,general,75.0,93.75,93.75,31.25,73.4375,1.0,100.0,100.0,100.0,1.0,93.75,56.25,31.25,75.0,64.0625,1.0,81.25,100.0,,68.75,100.0,87.5,0.8,50.0,75.0,62.5,1.0,18.359375,20.0,12.8125,17.5,9.375,78.046875,0.96,True,True,True,5,OK,WATCHLIST,10.974904414218143,11.399999618530273,5.0,False,AGUARDAR,78.046875,11.399999618530273,True,0.3005780571410428,False,81.53515625,AVALIAR_COMPRA,9,9,,RISK_ON,80.0,False
VTRU3,,Vitru Educação S.A.,Consumer Defensive,Education & Training Services,2197835008.0,2347764992.0,736126016.0,1093176064.0,4158566439.324,697932032.0,2241594112.0,0.32387,0.32659,0.46562,0.539030491566316,0.091,-0.239,0.4959239514506321,1.892119662188524,1.068217124331109,5.0826852341542565,2.0164382,0.5285078,5.083,3741496832.0,736126016.0,278875872.0,0.436,7.3,27.852,Yahoo Finance,14.720000267028809,8529307.888059616,2.0164383927436726,0.5285078366734457,5.0826852341542565,0.126886627515217,0.1187835549768688,2.097007912297451,0.1026217113417233,0.0121645012674485,,1.1041435556567751,1.0550961087112067,0.3880807361839217,-0.2882058453173313,250,2026-09-18 00:00:00+00:00,general,100.0,100.0,100.0,68.75,92.1875,1.0,87.5,38.46153846153847,62.98076923076923,1.0,100.0,81.25,25.0,60.0,66.5625,1.0,56.25,75.0,,62.5,81.25,68.75,0.8,68.75,81.25,75.0,1.0,23.046875,12.596153846153848,13.3125,13.75,11.25,73.95552884615384,0.96,True,True,True,5,OK,WATCHLIST,14.195667068918995,14.720000267028809,5.0,False,AGUARDAR,73.95552884615384,14.720000267028809,False,-0.015338535826704192,False,76.79997996794872,WATCHLIST,8,9,trend,RISK_ON,80.0,False
FLRY3,,Fleury S.A.,Healthcare,Diagnostics & Research,11622728704.0,8791348224.0,1975149056.0,704307968.0,4988857710.816,1899128960.0,5408985088.0,0.12618,0.17142001,0.08011,1.0842131408705344,0.144,0.457,0.0542563157335611,0.4292329624130996,0.7563927927677111,7.727558789365617,18.431034,2.3297372,7.728,15263080448.0,1975149056.0,840416128.0,,1.16,9.177,Yahoo Finance,21.3799991607666,72950659.5031198,18.431033759281554,2.3297372954959794,7.727558789365617,0.0723079880295896,0.0955958183644347,1.7770082300057055,0.4635651272998615,0.424447743095907,,1.1808191035304478,1.3235099856744477,0.2811564100312128,-0.1860725074347553,249,2026-09-18 00:00:00+00:00,general,66.66666666666666,77.77777777777779,55.55555555555556,33.33333333333334,58.333333333333336,1.0,77.77777777777779,100.0,88.88888888888889,1.0,33.33333333333333,33.33333333333333,55.55555555555556,55.55555555555556,44.44444444444444,1.0,100.0,100.0,,100.0,100.0,100.0,0.8,88.88888888888889,100.0,94.44444444444444,1.0,14.583333333333334,17.77777777777778,8.88888888888889,20.0,14.166666666666666,75.41666666666667,0.96,True,True,True,5,OK,WATCHLIST,20.777424937875963,21.3799991607666,5.0,False,AGUARDAR,75.41666666666667,21.3799991607666,True,0.39333551864700933,False,76.22916666666667,AVALIAR_COMPRA,7,9,"quality,valuation",RISK_ON,80.0,False
BMGB4,,Banco BMG S.A.,Financial Services,Banks - Regional,3899682816.0,2096654976.0,,632313024.0,1792057858.646,2740652032.0,17587191808.0,0.13986,0.44228,0.30158,9.813964277519538,-0.012,0.26,0.2158154620685657,1.2947281647008162,0.5376475664630054,,4.6335883,0.7723629,,18768138240.0,,,0.376,1.31,7.859,Yahoo Finance,6.070000171661377,7001937.414683501,4.633587917298761,0.7723629178854023,,,,,0.2023082761476304,0.2562853184009979,,1.1400704918701343,1.2200290200124748,0.3273523744985526,-0.1509463528435669,249,2026-09-18 00:00:00+00:00,financial,42.10526315789473,,,,42.10526315789473,1.0,,82.35294117647058,82.35294117647058,1.0,89.47368421052632,84.21052631578947,,,86.84210526315789,1.0,89.47368421052632,100.0,,100.0,100.0,97.36842105263158,0.8,15.789473684210536,94.73684210526316,55.26315789473684,1.0,10.526315789473683,16.470588235294116,17.36842105263158,19.473684210526315,8.289473684210526,72.12848297213621,0.96,True,True,True,5,OK,WATCHLIST,5.851525865100384,6.070000171661377,5.0,False,AGUARDAR,72.12848297213621,6.070000171661377,True,0.22517309395210017,False,75.42969556243548,WATCHLIST,8,9,quality,RISK_ON,80.0,False
VBBR3,,Vibra Energia S.A.,Consumer Cyclical,Specialty Retail,47417880576.0,203974000640.0,10529999872.0,5056000000.0,23531903119.6,5895000064.0,21926000640.0,0.22621,0.06862,0.02479,0.9317563704287722,0.258,6.77,0.1072149323811503,0.4962664387017154,4.3016262676075625,6.036266326746637,9.327059,2.0150466,6.036,63561883648.0,10529999872.0,6769874944.0,0.135,4.25,19.672,Yahoo Finance,39.63999938964844,362758451.3478088,9.32705867991728,2.015046735952035,6.036266326746637,0.1427705089675917,0.0331898914702779,1.5224122289523994,0.3985866067754959,0.3659917303469215,,1.1304397302055835,1.297224701150386,0.2786488764181419,-0.1836257649297883,249,2026-09-18 00:00:00+00:00,general,85.71428571428571,38.095238095238095,23.809523809523807,42.85714285714286,47.61904761904761,1.0,100.0,100.0,100.0,1.0,42.85714285714285,23.809523809523807,76.19047619047619,57.142857142857146,49.99999999999999,1.0,95.23809523809524,95.23809523809524,,85.71428571428571,100.0,94.04761904761904,0.8,76.19047619047619,100.0,88.0952380952381,1.0,11.904761904761903,20.0,10.0,18.809523809523807,13.214285714285715,73.92857142857142,0.96,True,True,True,5,OK,WATCHLIST,38.5222948585075,39.63999938964844,5.0,False,AGUARDAR,73.92857142857142,39.63999938964844,True,0.33487950589802384,False,75.11309523809523,WATCHLIST,7,9,"quality,valuation",RISK_ON,80.0,False
CBAV3,,Companhia Brasileira de Alumínio,Basic Materials,Aluminum,7324568064.0,9321967616.0,1491926016.0,597929984.0,5064043437.266,1810013952.0,4716751872.0,0.14575,0.16893,0.06414,0.9314201053825286,0.281,,0.0817777769054814,0.6913777520032152,1.2726986130168072,7.010062740269287,12.228261,1.4463873,7.01,10458494976.0,1491926016.0,598254848.0,1.009,0.92,7.778,Yahoo Finance,11.25,25439887.5,12.228260869565217,1.4463872460786835,7.010062740269287,0.0816778331189796,0.0641768854649494,1.9483123752967653,0.0465116279069768,0.0978762041385903,,1.0162601643526308,1.1251133256259498,0.3175312714943915,-0.1520572450805009,249,2026-09-18 00:00:00+00:00,general,84.21052631578947,68.42105263157895,78.94736842105263,63.15789473684211,73.68421052631578,1.0,94.73684210526316,,94.73684210526316,0.5,84.21052631578947,31.57894736842105,52.63157894736842,31.57894736842105,50.0,1.0,42.10526315789473,78.94736842105263,,47.368421052631575,84.21052631578947,63.15789473684211,0.8,52.631578947368425,100.0,76.31578947368422,1.0,18.421052631578945,18.94736842105263,10.0,12.631578947368425,11.447368421052632,71.44736842105263,0.86,True,True,True,5,OK,WATCHLIST,11.181231942332916,11.25,5.0,False,AGUARDAR,71.44736842105263,11.25,True,0.06676397968969261,False,74.91885964912281,WATCHLIST,8,9,score,RISK_ON,80.0,False
PETR3,,Petróleo Brasileiro S.A. - Petrobras,Energy,Oil & Gas Integrated,688387194880.0,548493000704.0,243035996160.0,133376000000.0,277714306250.71204,53764001792.0,366532984832.0,0.30274,0.44679,0.24317,1.3198203210356227,0.423,0.968,0.1900393172343426,0.6986707230557286,0.7967797843764562,4.123093703947892,5.262069,1.4312894,4.123,1002060185600.0,243035996160.0,94240129024.0,-0.213,10.15,37.316,Yahoo Finance,53.40999984741211,552096052.8393745,5.262068950483951,1.4312895231914489,4.123093703947892,0.1368998867569406,0.1718164660315468,1.2869245213951437,0.2669669381350223,0.0932765780409865,,1.1174051820504691,1.2417808579296328,0.2984967810718619,-0.2290373145732596,249,2026-09-18 00:00:00+00:00,general,92.85714285714286,92.85714285714286,92.85714285714286,42.85714285714286,80.35714285714286,1.0,78.57142857142857,75.0,76.78571428571428,1.0,85.71428571428571,57.14285714285714,28.57142857142857,57.142857142857146,57.14285714285713,1.0,71.42857142857143,71.42857142857143,,71.42857142857143,71.42857142857143,71.42857142857143,0.8,57.142857142857146,71.42857142857143,64.28571428571429,1.0,20.089285714285715,15.357142857142856,11.428571428571429,14.285714285714286,9.642857142857144,70.80357142857143,0.96,True,True,True,5,OK,WATCHLIST,51.39030078512424,53.40999984741211,5.0,False,AGUARDAR,70.80357142857143,53.40999984741211,True,0.062164268223607655,False,74.4360119047619,WATCHLIST,8,9,score,RISK_ON,80.0,False
SEER3,,Ser Educacional S.A.,Consumer Defensive,Education & Training Services,1769519232.0,2293104128.0,629548992.0,271664992.0,1523681593.0,269033984.0,1397248000.0,0.19143999,0.26444,0.11847,0.9170209881245184,0.056,0.293,0.1534008665308148,0.8610709397599076,1.2958910457323585,4.60287191755205,6.518868,1.1613445,4.603,2897733376.0,629548992.0,256117504.0,0.175,2.12,11.9,Yahoo Finance,13.81999969482422,13795100.66204071,6.5188677805774615,1.1613445121701025,4.60287191755205,0.1447384687141959,0.1116903069828672,1.7920988363682424,0.280883812411544,0.4401589456730892,,1.1595660292536425,1.243527614304356,0.5232857183699864,-0.253818146162616,249,2026-09-18 00:00:00+00:00,general,81.25,87.5,87.5,56.25,78.125,1.0,75.0,69.23076923076923,72.11538461538461,1.0,81.25,37.5,31.25,86.66666666666667,59.16666666666667,1.0,75.0,100.0,,68.75,100.0,85.9375,0.8,12.5,87.5,50.0,1.0,19.53125,14.423076923076923,11.833333333333336,17.1875,7.5,70.47516025641025,0.96,True,True,True,5,OK,WATCHLIST,13.043238003571261,13.819999694824219,5.0,False,AGUARDAR,70.47516025641025,13.819999694824219,True,0.4090467212241915,False,74.18970352564102,WATCHLIST,8,9,score,RISK_ON,80.0,False
ISAE4,,ISA Energía Brasil S.A.,Utilities,Utilities - Independent Power Producers,19327860736.0,10674519040.0,4684274176.0,2817168896.0,15644185246.207998,1757264000.0,17725698048.0,0.13186,0.50495,0.26392,1.133053448871461,0.813,2.2,0.1562614192915316,1.2278934061804836,0.5522866283963689,7.330219031141528,6.3995323,0.81440294,7.33,34336755712.0,4684274176.0,1482226688.0,0.116,4.28,33.632,Yahoo Finance,27.38999938964844,93708218.01183064,6.399532567674868,0.8144029314238951,7.330219031141528,0.0766886055443896,0.1388565313758623,3.408945217129835,-0.0094032633804302,-0.0138789336177561,,1.011216020035094,0.9906273491369456,0.2496051348818866,-0.199059452890471,249,2026-09-18 00:00:00+00:00,general,50.0,88.88888888888889,77.77777777777779,61.11111111111111,69.44444444444444,1.0,100.0,91.66666666666666,95.83333333333331,1.0,94.44444444444444,88.88888888888889,44.44444444444444,66.66666666666667,73.61111111111111,1.0,22.22222222222222,44.44444444444444,,33.33333333333333,50.0,37.5,0.8,77.77777777777777,77.77777777777779,77.77777777777777,1.0,17.36111111111111,19.166666666666668,14.722222222222223,7.5,11.666666666666666,70.41666666666667,0.96,True,True,True,5,OK,WATCHLIST,26.932305206593874,27.389999389648438,5.0,False,AGUARDAR,70.41666666666666,27.389999389648438,False,-0.04499109034952076,False,70.8125,WATCHLIST,6,9,"score,momentum,trend",RISK_ON,80.0,False
MULT3,,Multiplan Empreendimentos Imobiliários S.A.,Real Estate,Real Estate Services,14994034688.0,3193019904.0,2351633920.0,1386265984.0,6730438199.304,81836000.0,5086900224.0,0.21899,0.78469,0.43416,0.7558052051538101,0.22,0.62,0.0913540015062447,0.4488744159807192,0.212952682212709,8.52846451202745,10.946428,2.2277946,8.528,20055826432.0,2351633920.0,913610880.0,0.126,2.8,13.758,Yahoo Finance,30.649999618530277,113396978.5053285,10.946428435189384,2.2277947098800897,8.52846451202745,0.0609316237430862,0.2861275242460875,2.12833476394149,0.104621110385211,0.0203260384933787,,1.07521976432256,1.0302493392671053,0.2749580669055573,-0.249740816880025,249,2026-09-18 00:00:00+00:00,general,56.25,100.0,87.5,56.25,75.0,1.0,75.0,93.33333333333331,84.16666666666666,1.0,18.75,25.0,18.75,31.25,23.4375,1.0,87.5,81.25,,87.5,87.5,85.9375,0.8,87.5,81.25,84.375,1.0,18.75,16.833333333333332,4.6875,17.1875,12.65625,70.11458333333333,0.96,True,True,True,5,OK,WATCHLIST,29.921771306582986,30.649999618530273,5.0,False,AGUARDAR,70.11458333333333,30.649999618530273,False,-0.010786185955518945,False,70.5859375,WATCHLIST,6,9,"score,valuation,trend",RISK_ON,80.0,False
BBSE3,,BB Seguridade Participações S.A.,Financial Services,Insurance - Diversified,79319416832.0,10450822144.0,9979697152.0,9189316608.0,10890404331.84,6470633984.0,0.0,0.85944,0.964,0.87929,0.0,-0.009,-0.001,0.1157611329217948,0.1372980902865376,0.1317561646492565,7.299699008742024,8.638478,7.2834225,7.3,72848785408.0,9979697152.0,5830927872.0,0.074,4.73,5.61,Yahoo Finance,40.86000061035156,244947395.45893356,8.638477930306884,7.283422568690118,7.299699008742024,0.0735119861552942,0.5579396330409888,-0.6483797940404675,0.103833271689818,0.2438908713550314,,1.0425106002018172,1.179628146798004,0.1958509848903994,-0.0979379516670851,249,2026-09-18 00:00:00+00:00,financial,100.0,,,,100.0,1.0,,29.411764705882355,29.411764705882355,1.0,63.1578947368421,5.263157894736842,,,34.21052631578947,1.0,63.1578947368421,94.73684210526316,,57.89473684210527,94.73684210526316,77.63157894736841,0.8,94.73684210526316,100.0,97.3684210526316,1.0,25.0,5.882352941176471,6.842105263157895,15.526315789473683,14.605263157894738,67.8560371517028,0.96,True,True,True,5,OK,NEUTRO,39.7497863259833,40.86000061035156,5.0,False,AGUARDAR,67.8560371517028,40.86000061035156,True,0.21277864690613368,False,70.55869453044376,AGUARDAR,7,9,"score,valuation",RISK_ON,80.0,False
MOTV3,,Motiva Infraestrutura de Mobilidade S.A.,Industrials,Infrastructure Operations,32440420352.0,20122644480.0,9126241280.0,3378234880.0,17743744864.295998,10485000192.0,44183998464.0,0.21971,0.35694999,0.1927,2.490116872279151,0.199,0.584,0.1040892286176263,0.5469641166926064,0.6202954296416634,7.280918770536823,9.607142,1.8282735,7.281,66447421440.0,9126241280.0,-6100474368.0,0.292,1.68,8.828,Yahoo Finance,16.139999389648438,178041678.26716107,9.607142493838357,1.8282736055333528,7.280918770536823,-0.188051643653375,-0.3031646448886623,3.6925386079645706,0.2338747436052408,0.1172885853208198,,1.115295499398367,1.094499067149154,0.2857470250032811,-0.2209819311411646,249,2026-09-18 00:00:00+00:00,general,78.57142857142857,89.28571428571429,92.85714285714286,21.42857142857143,70.53571428571429,1.0,75.0,71.42857142857143,73.21428571428572,1.0,67.85714285714286,35.714285714285715,28.57142857142857,35.71428571428571,41.96428571428572,1.0,85.71428571428571,75.0,,85.71428571428571,78.57142857142857,81.25,0.8,89.28571428571429,85.71428571428571,87.5,1.0,17.633928571428573,14.642857142857146,8.392857142857144,16.25,13.125,70.04464285714286,0.96,True,True,True,5,OK,WATCHLIST,15.667955682004793,16.139999389648438,5.0,False,AGUARDAR,70.04464285714286,16.139999389648438,False,0.08617636087192215,False,70.53348214285714,WATCHLIST,6,9,"score,valuation,trend",RISK_ON,80.0,False
MILS3,,"Mills Locação, Serviços e Logística S.A.",Industrials,Rental & Leasing Services,3622540288.0,1908754048.0,955825024.0,449044992.0,1885999429.998,642121024.0,1862545024.0,0.26255,0.43065,0.23526,0.987563937918038,0.049,0.213,0.1182389910335826,0.5206289322452466,0.5269103712449864,5.070231967477763,8.457447,1.9207538,5.07,4846254592.0,955825024.0,537975360.0,0.009,1.88,8.278,Yahoo Finance,15.899999618530272,10967607.736867268,8.45744660560121,1.9207537591846189,5.070231967477763,0.1485077645049506,0.2818463492264457,1.27682783915061,0.0412573111906027,0.2729614500698618,,1.017222383928419,1.1407043219758308,0.267699971439443,-0.1502557730247334,249,2026-09-18 00:00:00+00:00,general,89.28571428571429,92.85714285714286,96.42857142857144,60.71428571428572,84.82142857142858,1.0,41.07142857142857,52.38095238095239,46.72619047619048,1.0,78.57142857142857,28.57142857142857,21.428571428571427,67.85714285714286,49.10714285714285,1.0,46.42857142857143,82.14285714285714,,35.714285714285715,89.28571428571429,63.39285714285714,0.8,92.85714285714286,100.0,96.42857142857144,1.0,21.205357142857142,9.345238095238097,9.821428571428571,12.678571428571429,14.464285714285714,67.51488095238095,0.96,True,True,True,5,OK,NEUTRO,15.824928459944896,15.899999618530273,5.0,False,AGUARDAR,67.51488095238096,15.899999618530273,True,0.24184922562096411,False,70.30282738095238,AGUARDAR,7,9,"score,valuation",RISK_ON,80.0,False
HYPE3,,Hypera S.A.,Healthcare,Drug Manufacturers - Specialty & Generic,16755103744.0,8818791424.0,2720952064.0,1744487040.0,14431213081.545,1578512000.0,7689572864.0,0.13163,0.28667,0.19823,0.5328431380334631,0.085,0.045,0.1109243760864349,0.8613025547439598,0.5263346356275477,8.403703964701673,9.015151,1.1610322,8.404,22866075648.0,2720952064.0,684217728.0,0.109,2.64,20.499,Yahoo Finance,23.799999237060547,68149433.4820493,9.015151226159295,1.1610322082570148,8.403703964701673,0.0408363766917897,0.0775863375266964,2.2459274254969013,0.1915833972031237,0.102677006818399,,1.1019028297720657,1.068347531197899,0.3099303714741269,-0.2533612154018901,249,2026-09-18 00:00:00+00:00,general,77.77777777777779,100.0,100.0,66.66666666666667,86.11111111111111,1.0,55.55555555555556,37.5,46.52777777777778,1.0,88.88888888888889,66.66666666666666,22.22222222222222,33.33333333333334,52.77777777777778,1.0,66.66666666666666,66.66666666666666,,77.77777777777779,77.77777777777779,72.22222222222221,0.8,77.77777777777777,77.77777777777779,77.77777777777777,1.0,21.52777777777778,9.305555555555555,10.555555555555555,14.444444444444445,11.666666666666666,67.5,0.96,True,True,True,5,OK,NEUTRO,23.177981864880962,23.799999237060547,5.0,False,AGUARDAR,67.5,23.799999237060547,False,0.07156478236950137,False,70.29166666666666,AGUARDAR,7,9,"score,trend",RISK_ON,80.0,False
GOAU4,,Metalurgica Gerdau S.A.,Basic Materials,Steel,15105096704.0,69543739392.0,9845697536.0,794483008.0,12153772029.36,5471215104.0,15170434048.0,0.04168,0.12823,0.011419999,1.2482078824049536,0.02,0.732,0.0525394054735447,1.273204956077612,4.603991669486236,6.029685679753142,19.033333,0.7854195,6.03,59366461440.0,9845697536.0,2672468992.0,0.857,0.6,14.54,Yahoo Finance,11.420000076293944,92361972.38371211,19.03333346048991,0.7854195375717982,6.029685679753142,0.1769249839554023,0.0384286064477491,0.985122578520779,0.1985916065322519,0.4744843670762046,,1.0691927527742104,1.1893832812985965,0.290751206332983,-0.2530016340827643,249,2026-09-18 00:00:00+00:00,general,47.368421052631575,63.1578947368421,52.63157894736842,47.36842105263158,52.63157894736842,1.0,55.26315789473685,73.33333333333333,64.2982456140351,1.0,68.42105263157895,63.1578947368421,89.47368421052632,52.631578947368425,68.42105263157895,1.0,84.21052631578947,94.73684210526316,,68.42105263157895,100.0,86.84210526315789,0.8,63.15789473684211,73.68421052631578,68.42105263157895,1.0,13.157894736842104,12.85964912280702,13.68421052631579,17.36842105263158,10.26315789473684,67.33333333333333,0.96,True,True,True,5,OK,NEUTRO,10.997779716798219,11.420000076293945,5.0,False,AGUARDAR,67.33333333333333,11.420000076293945,True,0.44337214262730695,False,70.16666666666666,AGUARDAR,7,9,"score,quality",RISK_ON,80.0,False
GGBR4,,Gerdau S.A.,Basic Materials,Steel,49712070656.0,69543739392.0,9993178112.0,2237081088.0,33955253986.394,5449220096.0,15170434048.0,0.041810002,0.12746,0.03217,0.4467772219898237,0.02,0.735,0.0453827952552469,1.0763220388260355,1.398930651535965,5.969912991779967,22.034782,0.92908996,5.97,59658403840.0,9993178112.0,2647796480.0,0.894,1.15,27.274,Yahoo Finance,25.34000015258789,240403917.8809547,22.034782741380777,0.9290899813957576,5.969912991779967,0.053262647181252,0.0380738295517164,0.972785018244254,0.1817468435949483,0.4832830772446206,,1.044635841098415,1.162447029597362,0.2859726958716586,-0.263263942377134,249,2026-09-18 00:00:00+00:00,general,52.63157894736842,57.89473684210527,57.89473684210527,84.21052631578948,63.15789473684211,1.0,55.26315789473685,80.0,67.63157894736842,1.0,63.1578947368421,47.368421052631575,57.89473684210527,57.89473684210527,56.57894736842105,1.0,73.68421052631578,100.0,,52.63157894736842,94.73684210526316,80.26315789473684,0.8,68.42105263157895,63.1578947368421,65.78947368421052,1.0,15.789473684210527,13.526315789473683,11.31578947368421,16.052631578947366,9.868421052631575,66.55263157894737,0.96,True,True,True,5,OK,NEUTRO,24.418623641591314,25.34000015258789,5.0,False,AGUARDAR,66.55263157894737,25.34000015258789,True,0.45217101840001983,True,69.58114035087719,AGUARDAR,7,9,"score,news",RISK_ON,80.0,False
CXSE3,,Caixa Seguridade Participações S.A.,Financial Services,Insurance - Diversified,61919997952.0,5995810816.0,4886031872.0,4522960896.0,13794000000.0,1255443968.0,9660000.0,0.33348998,0.82413,0.75434995,0.0007003044802087,0.11,0.128,0.0731589156502576,0.2227713287953328,0.0968315732285378,12.41789196744724,13.668874,4.488908,12.418,60674215936.0,4886031872.0,3074638592.0,0.073,1.51,4.598,Yahoo Finance,20.63999938964844,135964379.1793569,13.668873767979097,4.488908088222801,12.41789196744724,0.0496550176630083,0.5127977993894062,-0.254968448965533,0.0697791577562099,0.1856432183025476,,1.036702002154946,1.1545819488428437,0.2258883642136795,-0.1875462845635751,249,2026-09-18 00:00:00+00:00,financial,89.47368421052632,,,,89.47368421052632,1.0,,58.82352941176471,58.82352941176471,1.0,36.84210526315789,15.789473684210526,,,26.31578947368421,1.0,47.368421052631575,89.47368421052632,,52.63157894736842,89.47368421052632,69.73684210526315,0.8,89.47368421052632,73.68421052631578,81.57894736842104,1.0,22.36842105263158,11.764705882352942,5.2631578947368425,13.94736842105263,12.236842105263156,65.58049535603715,0.96,True,True,True,5,OK,NEUTRO,20.158530394383618,20.639999389648438,5.0,False,AGUARDAR,65.58049535603715,20.639999389648438,True,0.15453086394789284,False,68.85203818369453,AGUARDAR,7,9,"score,valuation",RISK_ON,80.0,False
ALUP11,,Alupar Investimento S.A.,Utilities,Utilities - Renewable,15553951744.0,5009931776.0,3241288960.0,1386608000.0,9640596949.902,3618935040.0,14894602240.0,0.15841,0.5995,0.27677,1.5449875477007062,0.554,1.765,0.1276146714810407,0.8944036626187746,0.3221002519782538,7.957574606368943,7.8360896,1.1180634,7.958,25792798720.0,3241288960.0,92562752.0,0.14,4.173,29.247,Yahoo Finance,32.70000076293945,30361732.7083842,7.83608932732793,1.1180634172031132,7.957574606368943,0.0059510761974497,0.0184758507976935,3.4787602522176857,0.0635819625145477,-0.0181023339245797,,1.00197104203751,0.9880066915014316,0.2147670788202267,-0.1563284891959774,249,2026-09-18 00:00:00+00:00,general,61.11111111111112,94.44444444444444,88.88888888888889,33.33333333333334,69.44444444444444,1.0,94.44444444444444,83.33333333333334,88.88888888888889,1.0,83.33333333333334,66.66666666666666,16.666666666666664,61.11111111111111,56.94444444444444,1.0,50.0,33.33333333333333,,22.22222222222222,44.44444444444444,37.5,0.8,94.44444444444444,88.88888888888889,91.66666666666666,1.0,17.36111111111111,17.77777777777778,11.38888888888889,7.5,13.749999999999998,67.77777777777777,0.96,True,True,True,5,OK,NEUTRO,31.991468886643275,32.70000076293945,5.0,False,AGUARDAR,67.77777777777777,32.70000076293945,False,-0.049214558373477435,False,68.83333333333333,AGUARDAR,6,9,"score,momentum,trend",RISK_ON,80.0,False
TGMA3,,Tegma Gestão Logística S.A.,Industrials,Trucking,2332878336.0,2505925888.0,368824992.0,254011008.0,994143788.444,196923008.0,224258000.0,0.25561002,0.15384,0.10135999,0.2255790385724795,0.369,0.235,0.1088185402417218,0.4261446928280871,1.074177701138376,6.39927689065062,9.1896105,2.3466208,6.399,2360213248.0,368824992.0,82055128.0,0.172,3.85,15.077,Yahoo Finance,35.380001068115234,9061231.040223438,9.189610667042915,2.3466207513507484,6.39927689065062,0.0351733421901003,0.032744435257616,0.0741137194954511,0.2136508676159929,0.2948185298425589,,1.085035586343812,1.0737754267561814,0.315970097363374,-0.3191699758835863,249,2026-09-18 00:00:00+00:00,general,85.71428571428571,50.0,71.42857142857143,92.85714285714286,75.0,1.0,89.28571428571429,57.14285714285714,73.21428571428572,1.0,71.42857142857143,10.714285714285714,42.85714285714285,46.42857142857143,42.85714285714286,1.0,78.57142857142857,89.28571428571429,,75.0,67.85714285714286,77.67857142857143,0.8,75.0,60.71428571428571,67.85714285714286,1.0,18.75,14.642857142857146,8.571428571428573,15.535714285714286,10.178571428571429,67.67857142857143,0.96,True,True,True,5,OK,NEUTRO,34.60771525058896,35.380001068115234,5.0,False,AGUARDAR,67.67857142857143,35.380001068115234,False,0.26370630539366124,False,68.75892857142857,AGUARDAR,6,9,"score,valuation,trend",RISK_ON,80.0,False
CSED3,,Cruzeiro do Sul Educacional S.A.,Consumer Defensive,Education & Training Services,1913848448.0,2925590016.0,692342976.0,309939008.0,1675802111.544,865947008.0,2454320896.0,0.19259001,0.20492001,0.10594,1.4645648666349462,0.082,0.606,0.1619047694603178,0.8756190955362603,1.5286424685597677,5.058507787908864,6.1764703,1.1420491,5.059,3502222336.0,692342976.0,330340128.0,0.427,0.85,4.597,Yahoo Finance,5.25,1573468.75,6.176470588235294,1.1420491624972808,5.058507787908864,0.1726051654430685,0.1129140194604765,2.2942009135079315,0.4542936710696614,-0.090574802952538,,1.1626876861998987,1.021572984585128,0.4799223517108473,-0.5083605494893051,249,2026-09-18 00:00:00+00:00,general,87.5,68.75,81.25,50.0,71.875,1.0,81.25,84.61538461538461,82.9326923076923,1.0,93.75,43.75,37.5,66.66666666666667,60.41666666666667,1.0,100.0,50.0,,75.0,75.0,75.0,0.8,18.75,25.0,21.875,1.0,17.96875,16.586538461538463,12.083333333333336,15.0,3.28125,64.9198717948718,0.96,True,True,True,5,OK,NEUTRO,5.010939260336759,5.25,5.0,False,AGUARDAR,64.9198717948718,5.25,False,-0.12168702740143578,False,66.68990384615384,AGUARDAR,6,9,"score,risk,trend",RISK_ON,80.0,False
OPCT3,,OceanPact Serviços Marítimos S.A.,Industrials,Specialty Business Services,4422399488.0,2399507968.0,750998976.0,167648000.0,2456994077.064,355505984.0,1982800000.0,0.1719,0.20745,0.06987,0.8070023523904294,0.447,4.867,0.0901287561384442,0.5555794146048605,0.5425805548573724,4.647139566805481,11.095238,1.7999227,4.647,3489997056.0,750998976.0,-343670496.0,0.769,0.84,5.178,Yahoo Finance,9.31999969482422,7843991.343154907,11.095237731933594,1.7999226911595634,4.647139566805481,-0.0777113186930615,-0.143225403117311,2.166839194198848,-0.062374236592792,0.0509772004835942,,0.8776720624551472,0.9591181809072828,0.3276942561991863,-0.18245613976382,249,2026-09-18 00:00:00+00:00,general,64.28571428571429,67.85714285714286,57.14285714285714,67.85714285714286,64.28571428571429,1.0,92.85714285714286,100.0,96.42857142857144,1.0,57.14285714285714,39.285714285714285,25.0,82.14285714285714,50.89285714285714,1.0,21.428571428571427,67.85714285714286,,3.571428571428571,46.42857142857143,34.82142857142857,0.8,67.85714285714286,89.28571428571429,78.57142857142858,1.0,16.071428571428573,19.28571428571429,10.178571428571429,6.964285714285714,11.785714285714286,64.28571428571429,0.96,True,True,True,5,OK,NEUTRO,8.74406720459305,9.319999694824219,5.0,False,AGUARDAR,64.28571428571429,9.319999694824219,False,0.019864976034696502,False,66.21428571428572,AGUARDAR,6,9,"score,momentum,trend",RISK_ON,80.0,False
ITSA4,,Itaúsa S.A.,Industrials,Conglomerates,157239115776.0,8474999808.0,1934000000.0,18161000448.0,61543248902.716,6531999744.0,12147000320.0,0.18924999,0.096370004,2.14289,0.1973734006016041,0.052,0.284,0.1154668544311675,0.596507555633128,0.0538988009832956,86.68361834953464,8.660494,1.6764247,86.684,167646117888.0,1934000000.0,-1008499968.0,0.246,1.62,8.369,Yahoo Finance,14.029999732971191,298136933.1256485,8.660493662327895,1.6764248695150188,86.68361834953464,-0.006413798265291,-0.1189970490675437,2.903309501551189,0.0989845118219383,0.073842977176225,,1.0465187881591655,1.0748921916965266,0.24487848079942,-0.1770902340559565,249,2026-09-18 00:00:00+00:00,general,75.0,17.857142857142858,100.0,96.42857142857144,72.32142857142857,1.0,46.42857142857143,61.90476190476191,54.16666666666667,1.0,75.0,42.85714285714285,3.571428571428571,0.0,30.357142857142858,1.0,53.57142857142857,71.42857142857143,,50.0,71.42857142857143,61.60714285714286,0.8,96.42857142857144,96.42857142857144,96.42857142857144,1.0,18.080357142857142,10.833333333333336,6.071428571428572,12.321428571428571,14.464285714285714,61.770833333333336,0.96,True,True,True,5,OK,NEUTRO,13.720133892287723,14.029999732971191,5.0,False,AGUARDAR,61.770833333333336,14.029999732971191,True,0.042730831110713074,False,65.99479166666666,AGUARDAR,7,9,"score,valuation",RISK_ON,80.0,False
UGPA3,,Ultrapar Participações S.A.,Energy,Oil & Gas Refining & Marketing,41697714176.0,153258049536.0,9134960640.0,3641993984.0,16422270220.686,9250765824.0,19563366400.0,0.19804001,0.075729996,0.02256,1.1912705208904295,0.219,0.443,0.0838231539333428,0.3938410506355925,3.675454459904445,5.940501252121432,11.929878,2.5390954,5.941,54266245120.0,9134960640.0,5826124800.0,0.261,3.28,15.411,Yahoo Finance,39.130001068115234,391150142.7770615,11.929878374425376,2.539095520609645,5.940501252121432,0.1397228820603636,0.0380151308048028,1.128915709920344,0.6051968423721972,0.5366300856039861,,1.1805345068147672,1.4431341794521302,0.2957509764777847,-0.221896432103327,249,2026-09-18 00:00:00+00:00,general,71.42857142857143,14.285714285714285,42.85714285714285,57.142857142857146,46.42857142857143,1.0,57.14285714285714,50.0,53.57142857142857,1.0,57.14285714285714,28.57142857142857,100.0,0.0,46.42857142857143,1.0,100.0,100.0,,100.0,100.0,100.0,0.8,71.42857142857143,85.71428571428571,78.57142857142857,1.0,11.607142857142858,10.714285714285715,9.285714285714286,20.0,11.785714285714285,63.392857142857146,0.96,True,True,True,5,OK,NEUTRO,38.256297196069355,39.130001068115234,5.0,False,AGUARDAR,63.392857142857146,39.130001068115234,True,0.5055178611550883,False,65.54464285714286,AGUARDAR,6,9,"score,quality,valuation",RISK_ON,80.0,False
ALOS3,,Allos S.A.,Real Estate,Real Estate Services,14439074816.0,2976561920.0,2121271040.0,934540992.0,12853626398.5,44899000.0,7262720000.0,0.07586,0.45057,0.31397,0.565032760003632,0.034,0.608,0.065465878431304,0.8901974395607125,0.2061463049351097,10.254231636519206,15.275133,1.1233463,10.254,21752004608.0,2121271040.0,1275234944.0,0.119,1.89,25.7,Yahoo Finance,28.8700008392334,119934788.8364315,15.275132719171111,1.1233463361569416,10.254231636519206,0.0883183278880795,0.4284254714916194,3.402592532446961,0.1238368167791663,0.0336240340714586,,1.0690929937542946,1.0441697243031915,0.2614152777864636,-0.2179149806719115,249,2026-09-18 00:00:00+00:00,general,18.75,87.5,75.0,75.0,64.0625,1.0,25.0,86.66666666666667,55.833333333333336,1.0,12.5,43.75,12.5,18.75,21.875,1.0,93.75,87.5,,75.0,93.75,87.5,0.8,93.75,93.75,93.75,1.0,16.015625,11.166666666666668,4.375,17.5,14.0625,63.11979166666667,0.96,True,True,True,5,OK,NEUTRO,28.10823941711492,28.8700008392334,5.0,False,AGUARDAR,63.11979166666667,28.8700008392334,False,0.002511809622560923,False,65.33984375,AGUARDAR,6,9,"score,valuation,trend",RISK_ON,80.0,False
CPLE3,,Companhia Paranaense de Energia - COPEL,Utilities,Utilities - Regulated Electric,47484071936.0,27985377280.0,6831488000.0,3172987904.0,22574979720.384003,3272766976.0,23569670144.0,0.12764,0.2214,0.11406,1.0440616308823456,0.111,0.5,0.0669168285384749,0.475422148719845,0.5893634673479407,10.403486537632796,14.943924,2.1033938,10.403,71071293440.0,6831488000.0,3834806272.0,0.264,1.07,7.602,Yahoo Finance,15.989999771118164,272506799.499321,14.943925019736602,2.1033938136172274,10.403486537632796,0.0807598446310297,0.1370289288449428,2.971080849150288,0.0982142383440336,0.0680728907943972,,1.0736010837451029,1.113688341147326,0.2565955653879184,-0.1790012792819915,249,2026-09-18 00:00:00+00:00,general,44.44444444444444,50.0,50.0,72.22222222222223,54.16666666666667,1.0,55.55555555555556,75.0,65.27777777777777,1.0,50.0,33.33333333333333,50.0,16.666666666666657,37.49999999999999,1.0,77.77777777777779,88.88888888888889,,88.88888888888889,88.88888888888889,86.11111111111111,0.8,61.11111111111111,83.33333333333334,72.22222222222223,1.0,13.541666666666668,13.055555555555555,7.499999999999999,17.222222222222225,10.833333333333334,62.15277777777778,0.96,True,True,True,5,OK,NEUTRO,15.73773549320478,15.989999771118164,5.0,False,AGUARDAR,62.15277777777778,15.989999771118164,True,0.03696066634549955,False,64.61458333333334,AGUARDAR,6,9,"score,quality,valuation",RISK_ON,80.0,False
CYRE3,,Cyrela Brazil Realty S.A. Empreendimentos e Participações,Consumer Cyclical,Residential Construction,9624478720.0,9891042304.0,1604488960.0,2039668992.0,9248809990.731,4075608064.0,9054868480.0,0.20593001,0.15767999,0.20621,0.9790306524920108,0.177,0.164,0.1743532140864285,0.9609673327803926,1.027696417827396,11.146464439368907,5.7354836,1.0406181,11.146,17884379136.0,1604488960.0,-1742768000.0,0.099,4.65,25.629,Yahoo Finance,26.670000076293945,191630662.4981912,5.735483887375041,1.0406180528422468,11.146464439368907,-0.1810766121159858,-0.1761965975310017,3.103331054393793,0.2217132464270852,-0.0230768929806913,,1.1670138094804798,1.0390840597238469,0.4499707895980074,-0.4383259216951976,249,2026-09-18 00:00:00+00:00,general,80.95238095238095,76.19047619047619,90.47619047619048,38.095238095238095,71.42857142857143,1.0,85.71428571428571,72.22222222222221,78.96825396825396,1.0,66.66666666666666,52.38095238095239,42.85714285714285,9.523809523809518,42.85714285714285,1.0,80.95238095238095,71.42857142857143,,90.47619047619048,80.95238095238095,80.95238095238095,0.8,28.57142857142857,38.095238095238095,33.33333333333333,1.0,17.857142857142858,15.793650793650793,8.571428571428571,16.19047619047619,4.999999999999999,63.41269841269841,0.96,True,True,True,5,OK,NEUTRO,25.563958793752636,26.670000076293945,5.0,False,AGUARDAR,63.41269841269841,26.670000076293945,False,-0.054189117429589095,False,63.892857142857146,AGUARDAR,5,9,"score,valuation,risk,trend",RISK_ON,80.0,False
SMTO3,,São Martinho S.A.,Basic Materials,Specialty Chemicals,6126236672.0,7102598144.0,3089167872.0,811497024.0,7375692472.641,4852369920.0,12189508608.0,0.11342,0.12405,0.114250004,1.6526595507086437,-0.177,-0.393,0.1290832584435295,1.2039515036776385,1.1593737761491432,4.358253235128816,7.746938,0.83059824,4.358,13463375872.0,3089167872.0,-396056256.0,-0.134,2.45,22.851,Yahoo Finance,18.979999542236328,35085636.320463814,7.746938588667889,0.8305982032399601,4.358253235128816,-0.0646491928413698,-0.0557621658962323,2.3751181522063947,0.2892582841698463,0.0587803186815139,,1.1182466017849957,1.152727828597696,0.4456442262164072,-0.3399956057349043,249,2026-09-18 00:00:00+00:00,general,73.68421052631578,52.63157894736842,89.47368421052632,26.31578947368422,60.526315789473685,1.0,10.526315789473683,53.333333333333336,31.92982456140351,1.0,94.73684210526316,52.63157894736842,47.368421052631575,94.73684210526316,72.36842105263158,1.0,94.73684210526316,68.42105263157895,,94.73684210526316,89.47368421052632,86.84210526315788,0.8,26.31578947368422,47.368421052631575,36.8421052631579,1.0,15.13157894736842,6.385964912280702,14.473684210526317,17.368421052631575,5.526315789473684,58.8859649122807,0.96,True,True,True,5,OK,NAO_PRIORIZAR,17.837575816768748,18.979999542236328,5.0,False,AGUARDAR,58.8859649122807,18.979999542236328,True,0.02766809423261618,False,63.831140350877185,AGUARDAR,7,9,"score,risk",RISK_ON,80.0,False
VULC3,,Vulcabras S.A.,Consumer Cyclical,Footwear & Accessories,4212254208.0,3735503872.0,803924992.0,929819008.0,2505992883.738,355577984.0,969760000.0,0.37129003,0.17455,0.24891001,0.3869763582702128,0.112,-0.647,0.226696490554702,0.5949291924199119,0.8868182420959908,6.003994482112082,4.4111843,1.6808723,6.004,4826761216.0,803924992.0,-580375.0,-0.026,3.04,7.978,Yahoo Finance,13.40999984741211,22885393.98959478,4.4111841603329305,1.6808723799714351,6.003994482112082,-0.0001377825200809,-0.0001553672596487,0.7639792544227808,-0.0674548163636451,-0.1788120079569025,,0.974833153097332,0.8245383369595862,0.2635803080050338,-0.3537345414984509,249,2026-09-18 00:00:00+00:00,general,100.0,85.71428571428571,100.0,85.71428571428572,92.85714285714286,1.0,66.66666666666666,16.666666666666664,41.66666666666666,1.0,85.71428571428571,38.095238095238095,33.33333333333333,61.90476190476191,54.76190476190475,1.0,42.85714285714285,38.095238095238095,,38.095238095238095,33.33333333333333,38.09523809523809,0.8,85.71428571428572,57.14285714285714,71.42857142857143,1.0,23.214285714285715,8.333333333333332,10.95238095238095,7.619047619047618,10.714285714285714,60.833333333333336,0.96,True,True,True,5,OK,NEUTRO,13.06330011345613,13.40999984741211,5.0,False,AGUARDAR,60.833333333333336,13.40999984741211,False,-0.20992423240580027,False,63.625,AGUARDAR,6,9,"score,momentum,trend",RISK_ON,80.0,False
PINE4,,Banco Pine S.A.,Financial Services,Banks - Regional,2931692800.0,1525430016.0,,602689984.0,868265988.1279999,851388032.0,9569654784.0,0.40772,0.77971,0.3951,11.02157048053026,0.486,0.763,0.2091222032780741,0.6096385934393986,0.5203239630018534,,4.781893,1.6403161,,11674129408.0,,,0.434,2.43,7.084,Yahoo Finance,11.619999885559082,12710343.20815404,4.781892957020198,1.6403161893787526,,,,,-0.1033366132743488,0.038864572786665,,0.9951056083533756,0.9320201507718012,0.4715453971747811,-0.3631203121025663,249,2026-09-18 00:00:00+00:00,financial,94.73684210526316,,,,94.73684210526316,1.0,,100.0,100.0,1.0,84.21052631578947,47.368421052631575,,,65.78947368421052,1.0,10.526315789473683,57.89473684210527,,21.052631578947366,10.526315789473683,25.0,0.8,5.26315789473685,10.526315789473683,7.894736842105266,1.0,23.684210526315788,20.0,13.157894736842104,5.0,1.1842105263157898,63.02631578947368,0.96,True,True,True,5,OK,NEUTRO,11.223900777052174,11.619999885559082,5.0,False,AGUARDAR,63.026315789473685,11.619999885559082,False,0.007752348337767279,False,63.603070175438596,AGUARDAR,5,9,"score,momentum,risk,trend",RISK_ON,80.0,False
BMOB3,,Bemobi Mobile Tech S.A.,Communication Services,Entertainment,2295929088.0,1880563968.0,147664992.0,159702000.0,942732524.1,327964992.0,45493000.0,0.16359,0.106750004,0.08492,0.048256529648673,0.217,-0.01,0.0686773235100952,0.410610453329133,0.819086259165858,13.791702775428316,14.560847,2.4353983,13.792,2036551680.0,147664992.0,23424750.0,0.078,1.89,11.3,Yahoo Finance,27.520000457763672,10743854.045378368,14.560846803049564,2.435398270598555,13.791702775428316,0.0102027323589534,0.0124562367452527,-1.9129245745667327,0.1957495895009708,0.2425310509916847,,1.145892132644817,1.1420730484780877,0.3396879413691406,-0.2054168614885636,249,2026-09-18 00:00:00+00:00,general,66.66666666666666,16.666666666666664,50.0,66.66666666666667,50.0,1.0,100.0,40.0,70.0,1.0,66.66666666666666,16.666666666666664,83.33333333333334,0.0,41.66666666666666,1.0,83.33333333333334,66.66666666666666,,100.0,83.33333333333334,83.33333333333334,0.8,50.0,100.0,75.0,1.0,12.5,14.0,8.333333333333334,16.666666666666668,11.25,62.75,0.96,True,True,True,5,OK,NEUTRO,26.745851801666767,27.520000457763672,5.0,False,AGUARDAR,62.75,27.520000457763672,False,0.21141893354584362,False,63.395833333333336,AGUARDAR,5,9,"score,quality,valuation,trend",RISK_ON,80.0,False
TAEE11,,Transmissora Aliança de Energia Elétrica S.A.,Utilities,Utilities - Regulated Electric,43313987584.0,4484395008.0,2480977920.0,1635716992.0,8070920393.196,208359008.0,11015445504.0,0.20858999,0.75343,0.36476,1.3648313906411855,-0.154,0.135,0.0252922903534698,0.5590073951647314,0.1035322596263687,10.175437814456648,39.53774,1.7888851,10.175,25245036544.0,2480977920.0,415424736.0,-0.006,1.06,23.428,Yahoo Finance,41.90999984741211,79813822.8094101,39.53773570510576,1.788885088245352,10.175437814456648,0.0095910064894015,0.0926378553314097,4.355978507055799,0.0835548318567314,0.0539608281643968,,1.06109845887791,1.0519537859034194,0.2280297817453136,-0.1529437935325365,249,2026-09-18 00:00:00+00:00,general,83.33333333333334,100.0,100.0,38.888888888888886,80.55555555555557,1.0,5.555555555555555,58.333333333333336,31.944444444444446,1.0,27.77777777777778,44.44444444444444,5.555555555555555,27.777777777777786,26.388888888888893,1.0,66.66666666666666,72.22222222222221,,72.22222222222221,77.77777777777779,72.22222222222221,0.8,88.88888888888889,94.44444444444444,91.66666666666666,1.0,20.138888888888893,6.388888888888889,5.277777777777779,14.444444444444445,13.749999999999998,60.0,0.96,True,True,True,5,OK,NEUTRO,41.04716754372541,41.90999984741211,5.0,False,AGUARDAR,60.0,41.90999984741211,False,0.022848603715499127,False,63.0,AGUARDAR,6,9,"score,valuation,trend",RISK_ON,80.0,False
ALPA4,,Alpargatas S.A.,Consumer Cyclical,Footwear & Accessories,8776963072.0,4826843136.0,829094976.0,701038016.0,1810905272.347,717699968.0,1401408000.0,0.18084998,0.17097001,0.14524001,0.7738715113373786,0.113,0.928,0.0766253872934419,0.4124612801973215,0.5499445646978336,11.408671616410809,13.050505,2.42447,11.409,9458872320.0,829094976.0,388684128.0,0.58,0.99,5.329,Yahoo Finance,12.920000076293944,23894829.541101456,13.05050512756964,2.4244698960956925,11.408671616410809,0.0442845805333245,0.0805255354376612,0.8246438005191821,-0.0122324043077498,0.1052181813568819,,1.0175151313781912,1.0251146185191526,0.418448459465192,-0.3169364488278891,249,2026-09-18 00:00:00+00:00,general,71.42857142857143,80.95238095238095,80.95238095238095,47.61904761904761,70.23809523809523,1.0,71.42857142857143,83.33333333333334,77.38095238095238,1.0,38.095238095238095,19.047619047619047,4.761904761904762,4.761904761904773,16.666666666666668,1.0,57.14285714285714,85.71428571428571,,57.14285714285714,76.19047619047619,69.04761904761904,0.8,33.33333333333334,66.66666666666666,50.0,1.0,17.559523809523807,15.476190476190476,3.333333333333334,13.809523809523808,7.5,57.67857142857143,0.96,True,True,True,5,OK,NAO_PRIORIZAR,12.310212551896752,12.920000076293945,5.0,False,AGUARDAR,57.67857142857143,12.920000076293945,True,0.07410595690798427,False,62.925595238095234,AGUARDAR,7,9,"score,valuation",RISK_ON,80.0,False
PRIO3,,Prio S.A.,Energy,Oil & Gas E&P,50433175552.0,21361551360.0,12617509888.0,3868892928.0,28189623533.348,3693425920.0,25462675456.0,0.14225,0.39878,0.18111,0.9032641186526648,1.108,1.894,0.0754269428962226,0.5589500280229597,0.4235614974903732,5.725857783453001,13.257862,1.7890687,5.726,72246067200.0,12617509888.0,-7240010752.0,0.071,4.77,35.348,Yahoo Finance,63.2400016784668,468680189.839344,13.25786198709996,1.7890687359530044,5.725857783453001,-0.1435565116167444,-0.3389271982163752,1.7253205845872843,0.1055944201916991,-0.0422534780010454,,1.0506100540827203,1.1177628074083334,0.3609681532095729,-0.2766989926553584,249,2026-09-18 00:00:00+00:00,general,57.14285714285714,71.42857142857143,71.42857142857143,71.42857142857143,67.85714285714286,1.0,100.0,100.0,100.0,1.0,42.85714285714285,42.85714285714285,14.285714285714285,28.57142857142857,32.14285714285714,1.0,42.85714285714285,57.14285714285714,,42.85714285714285,57.14285714285714,50.0,0.8,28.57142857142857,57.14285714285714,42.85714285714285,1.0,16.964285714285715,20.0,6.428571428571428,10.0,6.428571428571428,59.82142857142858,0.96,True,True,True,5,OK,NAO_PRIORIZAR,60.92869508604808,63.2400016784668,5.0,False,AGUARDAR,59.82142857142857,63.2400016784668,False,-0.07336570244994312,False,62.86607142857143,AGUARDAR,6,9,"score,valuation,trend",RISK_ON,80.0,False
ITUB3,,Itaú Unibanco Holding S.A.,Financial Services,Banks - Regional,511084199936.0,143713992704.0,,46827999232.0,111000983482.543,484164993024.0,1115894054912.0,0.21476,0.39073002,0.32584,10.05301052208691,0.175,0.081,0.0905757966797992,0.4261160383855554,0.2811943564719794,,11.040477,2.3467786,,1153060175872.0,,,0.144,4.2,19.759,Yahoo Finance,46.369998931884766,87630255.83147049,11.04047593616304,2.346778629074587,,,,,0.1072535866409052,0.1493439711198845,,1.0472418209331509,1.1197901435360236,0.2418324681938208,-0.1588463871351846,249,2026-09-18 00:00:00+00:00,financial,60.526315789473685,,,,60.526315789473685,1.0,,44.11764705882353,44.11764705882353,1.0,42.10526315789473,26.31578947368421,,,34.21052631578947,1.0,68.42105263157895,78.94736842105263,,68.42105263157895,78.94736842105263,73.68421052631578,0.8,68.42105263157895,89.47368421052632,78.94736842105263,1.0,15.13157894736842,8.823529411764707,6.842105263157895,14.736842105263158,11.842105263157894,57.37616099071207,0.96,True,True,True,5,OK,NAO_PRIORIZAR,45.285704299007136,46.369998931884766,5.0,False,AGUARDAR,57.376160990712066,46.369998931884766,True,0.11823152932433723,False,62.698787409700714,AGUARDAR,7,9,"score,valuation",RISK_ON,80.0,False
CASH3,,Méliuz S.A.,Communication Services,Internet Content & Information,596904768.0,495894016.0,100455000.0,-100710000.0,395123834.636,112637000.0,3000.0,-0.20842,0.11344,-0.20309,7.592556401371459e-06,0.182,,-0.1687203812049295,0.6619546089781169,0.8307757662274193,5.401478313672789,,1.5106776,5.401,542605504.0,100455000.0,29781000.0,0.815,-0.93,3.793,Yahoo Finance,5.730000019073486,10430624.634720484,,1.5106775689621634,5.401478313672789,0.0498923808227981,0.0600551711436663,-1.1212383654372604,0.4009779475064099,0.7685185191998702,,1.1417071823700362,1.36109362745013,0.514981211220866,-0.3319587477843048,249,2026-09-18 00:00:00+00:00,general,16.666666666666664,33.33333333333333,16.666666666666664,83.33333333333334,37.5,1.0,66.66666666666666,,66.66666666666666,0.5,16.666666666666664,83.33333333333334,100.0,50.0,62.5,1.0,100.0,100.0,,83.33333333333334,100.0,95.83333333333334,0.8,16.666666666666657,50.0,33.33333333333333,1.0,9.375,13.333333333333332,12.5,19.166666666666668,4.999999999999999,59.375,0.86,True,True,True,5,OK,NAO_PRIORIZAR,5.390808844718743,5.730000019073486,5.0,False,AGUARDAR,59.375,5.730000019073486,True,0.7374062947509725,False,62.53125,AGUARDAR,6,9,"score,quality,risk",RISK_ON,80.0,False
SLCE3,,SLC Agrícola S.A.,Consumer Defensive,Farm Products,8768578560.0,8803083264.0,2300013056.0,388387008.0,5420846133.65,924265984.0,11082380288.0,0.069749996,0.31254,0.044120003,2.044400452395416,0.168,0.242,0.0350678733428369,0.6182126816069301,1.0039350396149045,8.523918166836701,28.516129,1.6175663,8.524,19605123072.0,2300013056.0,-1049248128.0,0.12,0.62,10.93,Yahoo Finance,17.68000030517578,59274676.22314453,28.516129524477066,1.6175663591194678,8.523918166836701,-0.1196600019969485,-0.1191909807658954,4.416546365900281,0.2999999859753781,-0.0183231493343819,,1.193594576699772,1.1334638578156404,0.2581800934123034,-0.3467908858746023,249,2026-09-18 00:00:00+00:00,general,50.0,93.75,62.5,31.25,59.375,1.0,93.75,53.84615384615385,73.79807692307692,1.0,31.25,31.25,18.75,6.666666666666671,21.979166666666668,1.0,81.25,62.5,,93.75,87.5,81.25,0.8,81.25,62.5,71.875,1.0,14.84375,14.759615384615383,4.395833333333334,16.25,10.78125,61.03044871794872,0.96,True,True,True,5,OK,NEUTRO,16.91343569057765,17.68000030517578,5.0,False,AGUARDAR,61.03044871794872,17.68000030517578,False,-0.04943537378327967,False,62.106169871794876,AGUARDAR,5,9,"score,quality,valuation,trend",RISK_ON,80.0,False
ASAI3,,Sendas Distribuidora S.A.,Consumer Defensive,Grocery Stores,13703944192.0,77566001152.0,6054000128.0,965000000.0,6332397318.115,4478000128.0,26993000448.0,0.16157,0.07145,0.01244,4.262682692190129,0.009,1.232,0.0701754385964912,0.4620857701426421,5.66012237537285,5.987346479289668,14.25,2.1641004,5.987,36247396352.0,6054000128.0,614091008.0,0.235,0.72,4.741,Yahoo Finance,10.260000228881836,104137634.32312012,14.25000031789144,2.164100449036456,5.987346479289668,0.0448112601303856,0.0079170125941727,3.7190287155540673,0.3411764837878797,0.3238709972750755,,1.193023285074064,1.2015957756019713,0.4780013022121614,-0.3093385005496012,249,2026-09-18 00:00:00+00:00,general,68.75,37.5,43.75,12.5,40.625,1.0,43.75,92.3076923076923,68.02884615384616,1.0,56.25,18.75,81.25,33.33333333333334,47.395833333333336,1.0,93.75,93.75,,87.5,93.75,92.1875,0.8,25.0,68.75,46.875,1.0,10.15625,13.605769230769234,9.479166666666668,18.4375,7.03125,58.7099358974359,0.96,True,True,True,5,OK,NAO_PRIORIZAR,9.65273285395067,10.260000228881836,5.0,False,AGUARDAR,58.7099358974359,10.260000228881836,True,0.2927587728261778,False,62.03245192307692,AGUARDAR,6,9,"score,quality,valuation",RISK_ON,80.0,False
B3SA3,,"B3 S.A. - Brasil, Bolsa, Balcão",Financial Services,Financial Data & Stock Exchanges,87609655296.0,10777143296.0,7260534784.0,5329711104.0,18637596386.264,15663472640.0,15465590784.0,0.27714002,0.64725,0.49453998,0.829806079253772,0.088,0.33,0.0568504832291074,0.2127345180008077,0.1230131914066788,12.085421824486916,17.59,4.7006946,12.085,87746625536.0,7260534784.0,4277547008.0,0.113,1.0,3.742,Yahoo Finance,17.59000015258789,626367621.7502148,17.59000015258789,4.7006948563837225,12.085421824486916,0.0488250637848965,0.396909170687898,-0.0272544463854193,0.2389115632002039,0.0470290965229993,,1.115352430497598,1.1027795703601824,0.3509588267666146,-0.2777217983407428,249,2026-09-18 00:00:00+00:00,financial,84.21052631578947,,,,84.21052631578947,1.0,,88.23529411764706,88.23529411764706,1.0,21.052631578947366,10.526315789473683,,,15.789473684210524,1.0,100.0,63.1578947368421,,84.21052631578947,68.42105263157895,78.94736842105263,0.8,10.526315789473683,31.57894736842105,21.05263157894737,1.0,21.052631578947366,17.647058823529413,3.157894736842105,15.789473684210527,3.1578947368421053,60.80495356037151,0.96,True,True,True,5,OK,NEUTRO,17.08986750576027,17.59000015258789,5.0,False,AGUARDAR,60.80495356037151,17.59000015258789,False,0.01591687207410164,False,61.93704850361197,AGUARDAR,5,9,"score,valuation,risk,trend",RISK_ON,80.0,False
VIVA3,,Vivara Participações S.A.,Consumer Cyclical,Luxury Goods,5309349376.0,3157123072.0,767401024.0,585833984.0,3031125955.332,416659008.0,1262338048.0,0.19703,0.24741,0.18556,0.4164584601901625,0.095,0.004,0.110274580396951,0.5709034381346484,0.5946346432335441,8.02061541163646,9.068273,1.7516097,8.021,6155028480.0,767401024.0,244042864.0,0.232,2.49,12.891,Yahoo Finance,22.57999992370605,60312233.529548645,9.068273061729338,1.7516096442251226,8.02061541163646,0.0459647400683695,0.0772991291230853,1.102004054662299,0.0829735976299479,-0.085459723155575,,1.0180985201869064,0.8703096057477798,0.379714218094389,-0.4223949193011654,249,2026-09-18 00:00:00+00:00,general,76.19047619047619,100.0,85.71428571428571,80.95238095238095,85.71428571428572,1.0,61.90476190476191,55.55555555555556,58.730158730158735,1.0,47.61904761904761,28.57142857142857,14.285714285714285,33.33333333333334,30.95238095238095,1.0,71.42857142857143,57.14285714285714,,61.90476190476191,47.61904761904761,59.52380952380952,0.8,52.38095238095239,42.85714285714285,47.61904761904762,1.0,21.42857142857143,11.746031746031749,6.19047619047619,11.904761904761903,7.142857142857143,58.41269841269842,0.96,True,True,True,5,OK,NAO_PRIORIZAR,21.850135341682705,22.579999923706055,5.0,False,AGUARDAR,58.41269841269842,22.579999923706055,False,-0.11657194760447276,False,61.80952380952381,AGUARDAR,6,9,"score,valuation,trend",RISK_ON,80.0,False
TRIS3,,Trisul S.A.,Real Estate,Real Estate - Development,1146568448.0,1526349056.0,233631008.0,189236000.0,1524165367.622,408816000.0,854217024.0,0.12507,0.13748,0.12398,0.5604490445369112,0.261,-0.035,0.2097759802307116,1.3293278911535689,1.3312323905846744,6.840035617189992,4.76699,0.75225985,6.84,1598044416.0,233631008.0,-4682250.0,0.409,1.03,6.527,Yahoo Finance,4.909999847412109,1672133.18136851,4.766990143118552,0.7522598203481092,6.840035617189992,-0.0040837073514166,-0.0030676141748797,1.9064294068362704,0.1946471260120461,-0.1416083867989795,,1.1003540458711532,0.915234756564773,0.3965166253926311,-0.4894179994296876,249,2026-09-18 00:00:00+00:00,general,50.0,37.5,31.25,81.25,50.0,1.0,87.5,53.333333333333336,70.41666666666667,1.0,75.0,68.75,75.0,50.0,67.1875,1.0,100.0,56.25,,93.75,56.25,76.5625,0.8,37.5,31.25,34.375,1.0,12.5,14.083333333333336,13.4375,15.3125,5.15625,60.489583333333336,0.96,True,True,True,5,OK,NEUTRO,4.784165530826526,4.909999847412109,5.0,False,AGUARDAR,60.489583333333336,4.909999847412109,False,-0.1727206112478773,False,61.700520833333336,AGUARDAR,5,9,"score,quality,risk,trend",RISK_ON,80.0,False
WEGE3,,WEG S.A.,Industrials,Electrical Equipment & Parts,217260064768.0,40130179072.0,8491448832.0,6254050816.0,17416889047.341,8801141760.0,5834735104.0,0.30791,0.19312,0.15584,0.3350044366787062,-0.006,-0.021,0.0287755872521846,0.0801660913146293,0.1847103337415129,25.393031874068768,34.75168,12.474102,25.393,215623630848.0,8491448832.0,4960677888.0,-0.045,1.49,4.151,Yahoo Finance,51.77999877929688,389968978.80655926,34.75167703308515,12.474102331798814,25.393031874068768,0.0228329025552727,0.123614646201796,-0.3493404617620853,0.149247285317333,0.1268048713429399,,1.074983048038305,1.093704264620227,0.2927363704729478,-0.2250376699295735,249,2026-09-18 00:00:00+00:00,general,100.0,64.28571428571429,89.28571428571429,82.14285714285714,83.92857142857142,1.0,17.857142857142858,38.095238095238095,27.976190476190474,1.0,32.142857142857146,3.571428571428571,10.714285714285714,7.142857142857139,13.392857142857142,1.0,64.28571428571429,78.57142857142857,,71.42857142857143,75.0,72.32142857142857,0.8,82.14285714285714,82.14285714285714,82.14285714285714,1.0,20.98214285714285,5.595238095238095,2.678571428571429,14.464285714285715,12.321428571428571,56.04166666666666,0.96,True,True,True,5,OK,NAO_PRIORIZAR,50.72554027578175,51.779998779296875,5.0,False,AGUARDAR,56.041666666666664,51.779998779296875,True,0.09569264689404222,False,61.697916666666664,AGUARDAR,7,9,"score,valuation",RISK_ON,80.0,False
INTB3,,Intelbras S.A. - Indústria de Telecomunicação Eletrônica Brasileira,Industrials,Building Products & Equipment,4885261824.0,4552335872.0,569356032.0,596331008.0,3302541733.23,1445232000.0,875651968.0,0.18591,0.121750005,0.13099,0.265144860756561,-0.078,0.143,0.1225720018581915,0.6760214515126993,0.9318509500628148,7.619651922823573,8.15847,1.479243,7.62,4338294784.0,569356032.0,769173760.0,-0.029,1.83,10.093,Yahoo Finance,14.93000030517578,21171113.682746887,8.158470112117913,1.479243069966886,7.619651922823573,0.1574478068342729,0.1689624363463487,-1.0003934269374704,0.185862254079383,0.033003476724291,,1.054958347021694,1.1256026704172075,0.3732776116470984,-0.1786874278519865,249,2026-09-18 00:00:00+00:00,general,71.42857142857143,35.714285714285715,78.57142857142857,89.28571428571429,68.75,1.0,7.142857142857142,47.61904761904761,27.38095238095238,1.0,82.14285714285714,46.42857142857143,39.285714285714285,32.14285714285714,49.99999999999999,1.0,67.85714285714286,57.14285714285714,,53.57142857142857,82.14285714285714,65.17857142857142,0.8,42.85714285714286,92.85714285714286,67.85714285714286,1.0,17.1875,5.476190476190476,10.0,13.035714285714285,10.178571428571429,55.87797619047619,0.96,True,True,True,5,OK,NAO_PRIORIZAR,14.16447558425972,14.930000305175781,5.0,False,AGUARDAR,55.87797619047619,14.930000305175781,True,0.0018912522753933292,False,61.5751488095238,AGUARDAR,7,9,"score,valuation",RISK_ON,80.0,False
ABEV3,,Ambev S.A.,Consumer Defensive,Beverages - Brewers,237105577984.0,88268292096.0,26785636352.0,16246909952.0,88105220484.66,18346395648.0,2948960000.0,0.184,0.23743,0.18406,0.0334708883739011,0.003,0.246,0.0669700902870666,0.3715864903786039,0.3722742115411405,8.31962874010125,14.932039,2.6911635,8.32,222846550016.0,26785636352.0,19859091456.0,0.251,1.03,5.715,Yahoo Finance,15.380000114440918,425831984.46856976,14.932038946059144,2.691163624574089,8.31962874010125,0.0837563233427604,0.2249855637220372,-0.5748392700347521,-0.0390762342077465,0.0463246410048912,,0.9918101595865456,1.009589488734864,0.2550315757882799,-0.1357057309877837,249,2026-09-18 00:00:00+00:00,general,75.0,75.0,93.75,93.75,84.375,1.0,37.5,61.53846153846154,49.51923076923077,1.0,50.0,6.25,6.25,13.333333333333329,18.95833333333333,1.0,6.25,81.25,,25.0,68.75,45.3125,0.8,87.5,100.0,93.75,1.0,21.09375,9.903846153846157,3.7916666666666665,9.0625,14.0625,57.91426282051282,0.96,True,True,True,5,OK,NAO_PRIORIZAR,15.092446086563346,15.380000114440918,5.0,False,AGUARDAR,57.91426282051282,15.380000114440918,True,0.01521241655599348,False,61.43569711538461,AGUARDAR,6,9,"score,valuation,momentum",RISK_ON,80.0,False
CMIN3,,CSN Mineração S.A.,Basic Materials,Steel,29328345088.0,17392873472.0,5918235136.0,2333062912.0,7299857271.942,7939402240.0,9118186496.0,0.28136,0.21728,0.13414,1.24909106525233,-0.105,0.907,0.0586080586080586,0.2489011016362758,0.5930397170318511,5.183348151444586,17.0625,4.01766,5.183,30676273152.0,5918235136.0,352687008.0,0.92,0.32,1.359,Yahoo Finance,5.460000038146973,48061914.23579057,17.06250011920929,4.017660072219995,5.183348151444586,0.012025465703631,0.0202776734142161,0.1991783409938513,0.2638888474967762,0.1684677540575105,,0.9329824787854966,1.0526000766949433,0.4179319886263918,-0.3458244528002646,249,2026-09-18 00:00:00+00:00,general,94.73684210526316,84.21052631578947,94.73684210526316,42.10526315789473,78.94736842105262,1.0,21.052631578947366,86.66666666666667,53.85964912280702,1.0,73.68421052631578,10.526315789473683,10.526315789473683,78.94736842105263,43.42105263157895,1.0,89.47368421052632,84.21052631578947,,21.052631578947366,63.1578947368421,64.47368421052632,0.8,31.57894736842105,42.10526315789473,36.84210526315789,1.0,19.736842105263158,10.771929824561404,8.68421052631579,12.894736842105264,5.526315789473683,57.6140350877193,0.96,True,True,True,5,OK,NAO_PRIORIZAR,5.116476298421496,5.460000038146973,5.0,False,AGUARDAR,57.6140350877193,5.460000038146973,True,0.13735552960861286,False,61.21052631578948,AGUARDAR,6,9,"score,valuation,risk",RISK_ON,80.0,False
ABCB4,,Banco ABC Brasil S.A.,Financial Services,Banks - Regional,6395040256.0,2492614912.0,,1019867008.0,3570965412.448,13162109952.0,18647248896.0,0.14905,0.42564,0.40916002,5.221906891340281,0.122,-0.029,0.2245967791564126,1.1358064458605932,0.3897731385914829,,4.4524236,0.8804317,,11895858176.0,,,0.183,5.57,28.168,Yahoo Finance,24.799999237060547,13159044.928512571,4.452423561411229,0.8804316684557139,,,,,0.0725798728033912,0.0069456668671159,,1.0450641459848793,1.037687087828164,0.2320770190473348,-0.1732290942644478,249,2026-09-18 00:00:00+00:00,financial,52.63157894736842,,,,52.63157894736842,1.0,,23.52941176470588,23.52941176470588,1.0,94.73684210526316,73.68421052631578,,,84.21052631578947,1.0,52.63157894736842,36.84210526315789,,63.1578947368421,57.89473684210527,52.63157894736842,0.8,84.21052631578948,78.94736842105263,81.57894736842105,1.0,13.157894736842104,4.705882352941177,16.842105263157894,10.526315789473683,12.236842105263158,57.469040247678016,0.96,True,True,True,5,OK,NAO_PRIORIZAR,24.306025768971043,24.799999237060547,5.0,False,AGUARDAR,57.469040247678016,24.799999237060547,False,-0.024166557581781767,False,61.101780185758514,AGUARDAR,6,9,"score,quality,trend",RISK_ON,80.0,False
MTRE3,,Mitre Realty Empreendimentos e Participações S.A.,Real Estate,Real Estate - Development,344825888.0,1114803968.0,109923000.0,65630000.0,1025169555.44,130687000.0,726611968.0,0.09355,0.12321,0.058870003,0.7087724797759333,0.055,0.455,0.190184056897136,2.973006350995627,3.232947428819497,9.000645178897956,5.2580643,0.33635986,9.001,989377920.0,109923000.0,37278876.0,0.791,0.62,9.692,Yahoo Finance,3.259999990463257,2382234.12636439,5.258064500747189,0.3363598834567949,9.000645178897956,0.1081092728165467,0.0334398486819881,5.421294615321634,0.0120287216732668,-0.0874803351970892,,1.0718508451321802,0.9617987786230578,0.3068708593159708,-0.322482578175947,249,2026-09-18 00:00:00+00:00,general,25.0,25.0,12.5,62.5,31.25,1.0,31.25,80.0,55.625,1.0,68.75,100.0,93.75,25.0,71.875,1.0,62.5,62.5,,81.25,62.5,67.1875,0.8,81.25,56.25,68.75,1.0,7.8125,11.125,14.375,13.4375,10.3125,57.0625,0.96,True,True,True,5,OK,NAO_PRIORIZAR,3.120340378494025,3.259999990463257,5.0,False,AGUARDAR,57.0625,3.259999990463257,False,-0.11859268144307311,False,60.796875,AGUARDAR,6,9,"score,quality,trend",RISK_ON,80.0,False
FIQE3,,Unifique Telecomunicações S.A.,Communication Services,Telecom Services,2036790400.0,1303484032.0,580076992.0,223743008.0,1215843212.668,675537984.0,1287837952.0,0.18125999,0.24268,0.17165,1.0592138349598692,0.205,0.018,0.1166347991236761,0.5969407265317828,0.6399696463612554,4.565093538479802,8.5737705,1.6752082,4.565,2648105728.0,580076992.0,205503744.0,0.162,0.61,3.122,Yahoo Finance,5.230000019073486,4842640.067660809,8.573770523071289,1.6752082059812576,4.565093538479802,0.1008958722507726,0.1576572776919142,1.0555494812661006,-0.06954151944587,-0.0086704353339446,,1.015213944192132,0.9466245060592352,0.3716813217006215,-0.438236617930741,249,2026-09-18 00:00:00+00:00,general,100.0,66.66666666666666,100.0,16.666666666666657,70.83333333333331,1.0,83.33333333333334,60.0,71.66666666666667,1.0,100.0,50.0,66.66666666666666,83.33333333333334,75.0,1.0,16.666666666666664,50.0,,50.0,50.0,41.66666666666666,0.8,33.33333333333334,16.666666666666664,25.000000000000004,1.0,17.70833333333333,14.333333333333336,15.0,8.333333333333334,3.75,59.125,0.96,True,True,True,5,OK,NAO_PRIORIZAR,5.003861885736472,5.230000019073486,5.0,False,AGUARDAR,59.125,5.230000019073486,False,-0.039782659782842344,False,60.677083333333336,AGUARDAR,5,9,"score,momentum,risk,trend",RISK_ON,80.0,False
SAUD3,,Bradsaúde S.A.,Healthcare,Healthcare Plans,42477981696.0,10684187648.0,1753040000.0,1053996032.0,18707269370.769,13191663616.0,204828992.0,0.10538,0.12842,0.09865,0.010949165692779,12.628,-0.196,0.0777701312456512,0.4403992307106238,0.2515229589876228,16.82367208506366,12.858407,2.270667,16.824,29492570112.0,1753040000.0,-306891872.0,0.465,1.13,6.399,Yahoo Finance,14.529999732971191,70791950.73233604,12.858406843337338,2.2706672500345664,16.82367208506366,-0.0072247281943929,-0.0287239313002376,-7.408179290831926,0.0902933975094542,0.1152618870649226,,0.9945242788502496,1.0889635917001377,0.3615231090221903,-0.2124060298324057,249,2026-09-18 00:00:00+00:00,general,33.33333333333333,55.55555555555556,77.77777777777779,88.88888888888889,63.88888888888889,1.0,100.0,12.5,56.25,1.0,66.66666666666666,44.44444444444444,11.11111111111111,0.0,30.555555555555557,1.0,44.44444444444444,88.88888888888889,,11.11111111111111,88.88888888888889,58.33333333333333,0.8,33.33333333333334,88.88888888888889,61.11111111111112,1.0,15.972222222222223,11.25,6.111111111111111,11.666666666666666,9.166666666666666,54.16666666666666,0.96,True,True,True,5,OK,NAO_PRIORIZAR,14.010077090128883,14.529999732971191,5.0,False,AGUARDAR,54.16666666666667,14.529999732971191,True,0.08414966261602497,False,60.291666666666664,AGUARDAR,7,9,"score,valuation",RISK_ON,80.0,False
ALLD3,,Allied Tecnologia S.A.,Technology,Software - Application,484605760.0,5532278784.0,521532992.0,363075008.0,1574153036.544,348803008.0,444688000.0,0.23627001,0.04368,0.065630004,0.2824934994734042,0.047,1.238,0.7326731947848322,3.2483166573418325,11.41604008998985,1.1130470380673445,1.364865,0.30785176,1.113,580490752.0,521532992.0,458854624.0,0.452,3.7,16.404,Yahoo Finance,5.050000190734863,2154574.164710045,1.364864916414828,0.3078517551045393,1.1130470380673445,0.9468616798941888,0.0829413415186272,0.1838522077621505,0.0455487102492544,-0.306318675110614,,1.0400362831477343,0.7967176465328117,0.3458179761548131,-0.4576140204206617,249,2026-09-18 00:00:00+00:00,general,84.02777777777779,9.722222222222223,48.61111111111111,88.88888888888889,57.8125,1.0,38.54166666666667,87.93103448275862,63.236350574712645,1.0,100.0,97.2222222222222,97.2222222222222,99.29577464788731,98.43505477308295,1.0,44.44444444444444,6.25,,51.388888888888886,11.805555555555555,28.47222222222222,0.8,56.25,24.305555555555557,40.27777777777778,1.0,14.453125,12.647270114942527,19.687010954616596,5.694444444444445,6.041666666666667,58.52351718067023,0.96,True,True,True,5,OK,NAO_PRIORIZAR,4.956751027827539,5.050000190734863,5.0,False,AGUARDAR,58.52351718067023,5.050000190734863,False,-0.3374308995595118,False,60.22597121883601,AGUARDAR,5,9,"score,quality,momentum,trend",RISK_ON,80.0,False
VALE3,,Vale S.A.,Basic Materials,Other Industrial Metals & Mining,312245321728.0,218068992000.0,77332996096.0,10369000448.0,196633264180.18,29841999872.0,110007001088.0,0.041149996,0.21955,0.04755,0.5594526518524242,0.064,-0.435,0.0348916429560507,0.6297396171523187,0.6983899415792114,5.1367763117682586,28.660158,1.5879579,5.137,397242302464.0,77332996096.0,13308999680.0,0.748,2.56,46.204,Yahoo Finance,73.37000274658203,1365870767.4142585,28.66015732288361,1.5879578120202154,5.1367763117682586,0.0426235358991018,0.0610311422909681,1.0366209155595678,-0.065897173588873,-0.0220562139414007,,0.9859871297538356,0.9535007154853518,0.2649433072951444,-0.2015761311645082,249,2026-09-18 00:00:00+00:00,general,42.10526315789473,89.47368421052632,68.42105263157895,73.6842105263158,68.42105263157895,1.0,73.68421052631578,46.66666666666666,60.17543859649122,1.0,47.368421052631575,26.31578947368421,15.789473684210526,84.21052631578948,43.42105263157895,1.0,31.57894736842105,42.10526315789473,,36.84210526315789,42.10526315789473,38.1578947368421,0.8,78.94736842105263,94.73684210526316,86.84210526315789,1.0,17.105263157894736,12.035087719298245,8.68421052631579,7.631578947368421,13.026315789473683,58.48245614035088,0.96,True,True,True,5,OK,NAO_PRIORIZAR,71.25365695806457,73.37000274658203,5.0,False,AGUARDAR,58.48245614035088,73.37000274658203,False,-0.0531684383902985,False,60.19517543859649,AGUARDAR,5,9,"score,valuation,momentum,trend",RISK_ON,80.0,False
EGIE3,,Engie Brasil Energia S.A.,Utilities,Utilities - Renewable,43043835904.0,13680974848.0,7469018112.0,3959344896.0,18615502317.36,6530681856.0,33147752448.0,0.2859,0.46243,0.28941,1.7806531289294223,0.138,2.7,0.1131951341486854,0.4324777841568251,0.3178381889223922,8.35625790808097,8.834302,2.3122575,8.356,62413041664.0,7469018112.0,3423348224.0,0.318,3.44,13.143,Yahoo Finance,30.38999938964844,119044060.15912372,8.834302148153615,2.312257429022935,8.35625790808097,0.0795316716575874,0.2502269218410597,3.563663950584888,-0.0851139502576052,-0.0053939194183096,,1.0315731817460805,0.969588433588559,0.2604648905586348,-0.2690184506559938,249,2026-09-18 00:00:00+00:00,general,94.44444444444444,83.33333333333334,94.44444444444444,22.22222222222221,73.61111111111111,1.0,77.77777777777779,100.0,88.88888888888889,1.0,72.22222222222221,16.666666666666664,11.11111111111111,55.55555555555556,38.888888888888886,1.0,5.555555555555555,50.0,,55.55555555555556,33.33333333333333,36.11111111111112,0.8,55.55555555555556,38.88888888888889,47.22222222222223,1.0,18.40277777777778,17.77777777777778,7.777777777777778,7.222222222222223,7.083333333333334,58.26388888888889,0.96,True,True,True,5,OK,NAO_PRIORIZAR,29.70825979770063,30.389999389648438,5.0,False,AGUARDAR,58.26388888888889,30.389999389648438,False,-0.03650614386720741,False,60.03125000000001,AGUARDAR,5,9,"score,valuation,momentum,trend",RISK_ON,80.0,False
BPAC11,,Banco BTG Pactual S.A.,Financial Services,Capital Markets,206890991616.0,45732073472.0,,18199445504.0,55776227727.384,499620380672.0,505420185600.0,0.24406,0.52285,0.39796,9.061569887270414,0.109,0.208,0.01,0.2718078062223439,0.2210442954272316,,100.0,3.6790702,,305294770176.0,,,0.313,0.614,16.689,Yahoo Finance,61.400001525878906,616492957.6540756,100.0000024851448,3.679070137568393,,,,,0.2302207200803452,0.1241136042072508,,1.1098481848231243,1.1087864501606792,0.3258580197209328,-0.2353123417302512,249,2026-09-18 00:00:00+00:00,financial,73.68421052631578,,,,73.68421052631578,1.0,,76.47058823529412,76.47058823529412,1.0,10.526315789473683,21.052631578947366,,,15.789473684210524,1.0,94.73684210526316,73.68421052631578,,78.94736842105263,73.68421052631578,80.26315789473684,0.8,21.05263157894737,47.368421052631575,34.21052631578947,1.0,18.421052631578945,15.294117647058824,3.157894736842105,16.052631578947366,5.13157894736842,58.05727554179565,0.96,True,True,True,5,OK,NAO_PRIORIZAR,59.76762325724973,61.400001525878906,5.0,False,AGUARDAR,58.057275541795654,61.400001525878906,False,0.0930013797583531,False,59.876289989680075,AGUARDAR,5,9,"score,valuation,risk,trend",RISK_ON,80.0,False
PNVL3,,Dimed S.A. Distribuidora de Medicamentos,Healthcare,Drug Manufacturers - General,1952339456.0,5898494976.0,265608992.0,137651008.0,1317044894.442,295198016.0,1403750016.0,0.10791001,0.0423,0.023340002,1.0658330797407896,0.149,0.176,0.0696250973968081,0.6745983694282813,3.021244567829909,11.524050330344238,14.362637,1.4823635,11.524,3060891392.0,265608992.0,126680872.0,0.311,0.91,8.817,Yahoo Finance,13.06999969482422,9197663.751907349,14.36263702727936,1.4823635811301143,11.524050330344238,0.0648867038007554,0.0214768127319669,4.173623760448592,0.2141957072670273,-0.0706052799545586,,1.098411607695173,1.0473268471361268,0.3527791832542051,-0.3529030783162111,249,2026-09-18 00:00:00+00:00,general,55.55555555555556,11.11111111111111,33.33333333333333,44.44444444444444,36.11111111111112,1.0,88.88888888888889,75.0,81.94444444444444,1.0,55.55555555555556,55.55555555555556,88.88888888888889,11.111111111111114,52.77777777777778,1.0,77.77777777777779,44.44444444444444,,66.66666666666666,55.55555555555556,61.11111111111112,0.8,44.44444444444444,55.55555555555556,50.0,1.0,9.02777777777778,16.38888888888889,10.555555555555555,12.222222222222223,7.5,55.69444444444445,0.96,True,True,True,5,OK,NAO_PRIORIZAR,12.578055234151337,13.069999694824219,5.0,False,AGUARDAR,55.69444444444446,13.069999694824219,False,-0.1017175044034564,False,59.77083333333334,AGUARDAR,6,9,"score,quality,trend",RISK_ON,80.0,False
MDNE3,,Moura Dubeux Engenharia S.A.,Real Estate,Real Estate Services,2506764800.0,2611987968.0,603256000.0,559849984.0,2289491268.766,548320000.0,1094963968.0,0.28023002,0.24061,0.21434,0.4782564506525367,0.1,0.195,0.2442244280843927,0.913325084181173,1.041975684356187,5.066452504409405,4.0945945,1.0949004,5.066,3056367872.0,603256000.0,-118647872.0,0.329,5.92,22.139,Yahoo Finance,24.239999771118164,30417604.11278725,4.094594555932122,1.0949003916671107,5.066452504409405,-0.0473310746983522,-0.0454243562579841,0.906155874123092,-0.1114369809021129,-0.2117073245164824,,0.9761833732417324,0.882237605674772,0.4547238814002446,-0.3392648650790048,249,2026-09-18 00:00:00+00:00,general,68.75,75.0,68.75,87.5,75.0,1.0,43.75,73.33333333333333,58.54166666666666,1.0,87.5,50.0,62.5,81.25,70.3125,1.0,31.25,43.75,,43.75,43.75,40.625,0.8,18.75,50.0,34.375,1.0,18.75,11.708333333333334,14.0625,8.125,5.15625,57.802083333333336,0.96,True,True,True,5,OK,NAO_PRIORIZAR,23.26643790172008,24.239999771118164,5.0,False,AGUARDAR,57.80208333333333,24.239999771118164,False,-0.24281954896538016,False,59.684895833333336,AGUARDAR,5,9,"score,momentum,risk,trend",RISK_ON,80.0,False
SOJA3,,Boa Safra Sementes S.A.,Basic Materials,Agricultural Inputs,1070659904.0,2668295936.0,204176992.0,38192000.0,1331201131.426,1101415936.0,1982148992.0,0.06291,0.32412997,0.0086900005,1.4889928690765883,0.231,-0.31,0.0382081668810463,1.2433465418180958,2.4921974999074963,9.615215410755,26.172415,0.804281,9.615,1963205760.0,204176992.0,393173504.0,0.172,0.29,9.437,Yahoo Finance,7.590000152587891,5547784.111531576,26.17241431926859,0.8042810376801834,9.615215410755,0.3672253929852966,0.1473500366639991,4.313576409236159,0.2908163273581097,-0.0652709039951789,,1.1989006353176488,1.0492381338883086,0.457231908464443,-0.5237080697051134,249,2026-09-18 00:00:00+00:00,general,63.1578947368421,100.0,47.368421052631575,31.57894736842105,60.526315789473685,1.0,89.47368421052632,66.66666666666666,78.0701754385965,1.0,52.63157894736842,57.89473684210527,68.42105263157895,15.789473684210536,48.6842105263158,1.0,100.0,31.57894736842105,,100.0,57.89473684210527,72.36842105263158,0.8,21.05263157894737,15.789473684210526,18.42105263157895,1.0,15.13157894736842,15.6140350877193,9.73684210526316,14.473684210526317,2.763157894736842,57.719298245614034,0.96,True,True,True,5,OK,NAO_PRIORIZAR,7.1063678908393095,7.590000152587891,5.0,False,AGUARDAR,57.719298245614034,7.590000152587891,False,-0.0963831284440767,False,59.62280701754386,AGUARDAR,5,9,"score,valuation,risk,trend",RISK_ON,80.0,False
KLBN3,,Klabin S.A.,Basic Materials,Paper & Paper Products,24788883456.0,20688439296.0,6664628224.0,176927008.0,17643177857.422,10108760064.0,36700041216.0,0.036510002,0.12394,0.00855,2.0801264665912385,-0.018,-0.517,0.0074074063100138,1.903456677326024,0.8345853629398741,5.711070541479614,135.00002,0.52536,5.711,38062161920.0,6664628224.0,2128736640.0,0.021,0.03,7.709,Yahoo Finance,4.050000190734863,2699149.627116521,135.0000063578288,0.5253599936093999,5.711070541479614,0.0858746479557453,0.1028949844665943,3.989912153875607,0.1946902847807861,0.0574413241282594,,1.084627793078914,1.0987854542824134,0.2202530779937937,-0.2304038051831406,249,2026-09-18 00:00:00+00:00,general,31.57894736842105,42.10526315789473,36.84210526315789,21.05263157894737,32.89473684210526,1.0,42.10526315789473,26.666666666666668,34.3859649122807,1.0,31.57894736842105,84.21052631578947,31.57894736842105,63.15789473684211,52.63157894736842,1.0,78.94736842105263,63.1578947368421,,78.94736842105263,78.94736842105263,75.0,0.8,84.21052631578948,84.21052631578947,84.21052631578948,1.0,8.223684210526315,6.87719298245614,10.526315789473683,15.0,12.63157894736842,53.25877192982456,0.96,True,True,True,5,OK,NAO_PRIORIZAR,3.9549684588622585,4.050000190734863,5.0,False,AGUARDAR,53.25877192982456,4.050000190734863,True,0.0263290996793617,False,59.61074561403509,AGUARDAR,7,9,"score,quality",RISK_ON,80.0,False
TOTS3,,TOTVS S.A.,Technology,Software - Application,19443458048.0,6591676928.0,1441842944.0,888091008.0,5397685521.048,2020195968.0,5027038208.0,0.17014,0.18529,0.21629,0.9313321771706262,0.361,2.695,0.0443148677710818,0.2776093383117571,0.3390177257423628,15.721150477815147,22.56579,3.6021843,15.721,22667429888.0,1441842944.0,688151616.0,0.369,1.52,9.522,Yahoo Finance,34.29999923706055,145613157.9277738,22.56578897175036,3.602184334914991,15.721150477815147,0.0353924499593211,0.1043970485077754,2.085415927242628,0.2656826108575996,0.0268927910988316,,1.0866947798980546,0.9745173407261692,0.3865431825909233,-0.4296572029053641,249,2026-09-18 00:00:00+00:00,general,67.36111111111111,59.02777777777778,88.19444444444444,57.63888888888889,68.05555555555556,1.0,92.36111111111111,95.6896551724138,94.02538314176246,1.0,34.72222222222222,6.25,8.333333333333332,4.929577464788736,13.558783255086071,1.0,86.11111111111111,65.27777777777779,,75.69444444444444,50.69444444444444,69.44444444444446,0.8,39.583333333333336,30.55555555555556,35.06944444444444,1.0,17.01388888888889,18.80507662835249,2.711756651017214,13.888888888888893,5.260416666666666,57.68002772381415,0.96,True,True,True,5,OK,NAO_PRIORIZAR,32.995774569551905,34.29999923706055,5.0,False,AGUARDAR,57.68002772381415,34.29999923706055,False,-0.004219433350066026,False,59.59335412619395,AGUARDAR,5,9,"score,valuation,risk,trend",RISK_ON,80.0,False
EMBJ3,,Embraer S.A.,Industrials,Aerospace & Defense,69104762880.0,44127916032.0,4756832256.0,2329171968.0,17906157630.855,11174525952.0,13665290240.0,0.12189999,0.12979001,0.05278,0.7631615068803288,0.104,1.139,0.0325504727630664,0.2591161935312938,0.638565479323442,15.455656244187727,30.72152,3.8592725,15.456,73519964160.0,4756832256.0,1674840704.0,0.687,3.16,25.155,Yahoo Finance,97.08000183105467,464901728.56864935,30.721519566789457,3.859272583226185,15.455656244187727,0.0242362557108885,0.037954221603972,0.5236182724035077,0.2301438298635871,0.2775857052235502,,1.0588913034317524,1.131403207755678,0.3803316785781725,-0.3396506507694373,249,2026-09-18 00:00:00+00:00,general,46.42857142857143,42.85714285714285,53.57142857142857,71.42857142857143,53.57142857142857,1.0,67.85714285714286,85.71428571428571,76.78571428571428,1.0,35.714285714285715,7.142857142857142,32.142857142857146,14.285714285714292,22.321428571428573,1.0,82.14285714285714,85.71428571428571,,57.14285714285714,85.71428571428571,77.67857142857142,0.8,39.28571428571429,50.0,44.642857142857146,1.0,13.392857142857142,15.357142857142856,4.464285714285714,15.535714285714285,6.696428571428572,55.44642857142857,0.96,True,True,True,5,OK,NAO_PRIORIZAR,94.909377260165,97.08000183105469,5.0,False,AGUARDAR,55.44642857142857,97.08000183105469,True,0.24647348077465248,False,59.58482142857143,AGUARDAR,6,9,"score,quality,valuation",RISK_ON,80.0,False
COGN3,,Cogna Educação S.A.,Consumer Defensive,Education & Training Services,4529540608.0,7831289856.0,1854998016.0,701928000.0,13752968193.756,1431485056.0,6816978944.0,0.04926,0.17608,0.08963,0.4956732865197044,0.178,0.34,0.1592920373717597,3.0362831279363705,1.72893689089982,5.347372912769735,6.2777777,0.32935005,5.347,9919366144.0,1854998016.0,508353632.0,0.215,0.36,6.862,Yahoo Finance,2.259999990463257,60159674.246138334,6.277777751286825,0.3293500423292417,5.347372912769735,0.1122307262467531,0.0649131421959207,2.9032343115993933,-0.0341880028377925,-0.2031158182795501,,1.0110951976712734,0.7856525556912431,0.4416264356261563,-0.5555581248877077,249,2026-09-18 00:00:00+00:00,general,43.75,62.5,75.0,81.25,65.625,1.0,100.0,76.92307692307693,88.46153846153847,1.0,87.5,100.0,43.75,46.66666666666666,69.47916666666667,1.0,12.5,25.0,,43.75,6.25,21.875,0.8,50.0,18.75,34.375,1.0,16.40625,17.692307692307693,13.895833333333336,4.375,5.15625,57.52564102564103,0.96,True,True,True,5,OK,NAO_PRIORIZAR,2.1858081056763377,2.259999990463257,5.0,False,AGUARDAR,57.52564102564103,2.259999990463257,False,-0.23422804272844788,False,59.47756410256411,AGUARDAR,5,9,"score,momentum,risk,trend",RISK_ON,80.0,False
FRAS3,,Frasle Mobility S.A.,Consumer Cyclical,Auto Parts,6536788480.0,5433865216.0,919457024.0,292940000.0,2520143971.917,1349129984.0,2860477952.0,0.124060005,0.15749,0.05391,1.1350454513216237,0.018,1.55,0.0424268137462876,0.3855324625465814,0.8312744450314538,8.773769785242296,23.57,2.5938153,8.774,8067104256.0,919457024.0,1030375232.0,0.026,1.0,9.087,Yahoo Finance,23.56999969482422,5732420.342445374,23.56999969482422,2.5938153070126795,8.773769785242296,0.1576271337450405,0.1896210507699129,1.643739651283582,0.1249069099002533,0.1249069099002533,,1.0831265601467246,1.0585941155708205,0.2697106984861156,-0.2419149123120137,249,2026-09-18 00:00:00+00:00,general,38.095238095238095,71.42857142857143,42.85714285714285,23.80952380952381,44.04761904761905,1.0,47.61904761904761,88.88888888888889,68.25396825396825,1.0,14.285714285714285,14.285714285714285,28.57142857142857,14.285714285714292,17.857142857142858,1.0,76.19047619047619,90.47619047619048,,76.19047619047619,85.71428571428571,82.14285714285715,0.8,80.95238095238095,90.47619047619048,85.71428571428572,1.0,11.011904761904765,13.650793650793652,3.571428571428572,16.42857142857143,12.857142857142858,57.51984126984128,0.96,True,True,True,5,OK,NAO_PRIORIZAR,23.08139758550565,23.56999969482422,5.0,False,AGUARDAR,57.51984126984128,23.56999969482422,False,0.09379468545135561,False,59.4732142857143,AGUARDAR,5,9,"score,quality,valuation,trend",RISK_ON,80.0,False
VLID3,,Valid Soluções S.A.,Industrials,Specialty Business Services,1352829824.0,2024424960.0,356734016.0,225808992.0,1668802653.1810002,539913984.0,710481024.0,0.13442001,0.14947,0.111540005,0.4257429856344676,0.032,-0.329,0.1663778347455483,1.233564449856777,1.496437263642112,4.399251592536665,6.010416,0.8106589,4.399,1569362688.0,356734016.0,256422880.0,-0.111,2.88,21.353,Yahoo Finance,17.309999465942383,3754654.2841593423,6.010416481229994,0.8106588987937237,4.399251592536665,0.1895455551399789,0.1266645516957072,0.4781350595957745,0.0172692280100792,-0.109696884379321,,0.9878570568659,0.907384454497869,0.3199664960098459,-0.2794249127806357,249,2026-09-18 00:00:00+00:00,general,60.71428571428571,46.42857142857143,75.0,78.57142857142857,65.17857142857143,1.0,35.714285714285715,23.809523809523807,29.76190476190476,1.0,92.85714285714286,89.28571428571429,64.28571428571429,85.71428571428572,83.03571428571429,1.0,32.142857142857146,35.714285714285715,,17.857142857142858,28.57142857142857,28.571428571428573,0.8,71.42857142857143,64.28571428571429,67.85714285714286,1.0,16.294642857142858,5.9523809523809526,16.607142857142858,5.714285714285715,10.178571428571429,54.74702380952382,0.96,True,True,True,5,OK,NAO_PRIORIZAR,16.74968265820363,17.309999465942383,5.0,False,AGUARDAR,54.74702380952382,17.309999465942383,False,-0.14080910882821873,False,59.06026785714286,AGUARDAR,6,9,"score,momentum,trend",RISK_ON,80.0,False
GGPS3,,GPS Participações e Empreendimentos S.A.,Industrials,Specialty Business Services,9720368128.0,17962420224.0,2084051968.0,915632000.0,4496798860.799,4077675008.0,6234079232.0,0.22337,0.12874,0.050970003,1.3863371311413997,0.07,2.077,0.0975232222296773,0.4626161293704155,1.847915633180431,5.7126228437697,10.253968,2.1616194,5.713,11905402880.0,2084051968.0,699137728.0,0.27,1.26,5.977,Yahoo Finance,12.920000076293944,40700132.04033852,10.253968314519003,2.16161955434063,5.7126228437697,0.0719250257596828,0.0389222454035378,1.0347171073998862,0.1484444512261284,-0.2145896974423441,,1.0618014483594742,0.8712850019312347,0.3074745675323863,-0.4373401314948638,249,2026-09-18 00:00:00+00:00,general,82.14285714285714,39.285714285714285,48.21428571428572,53.57142857142857,55.80357142857143,1.0,57.14285714285714,95.23809523809524,76.19047619047618,1.0,64.28571428571429,14.285714285714285,78.57142857142857,57.142857142857146,53.57142857142858,1.0,60.71428571428571,17.857142857142858,,64.28571428571429,25.0,41.96428571428572,0.8,78.57142857142857,35.714285714285715,57.14285714285714,1.0,13.950892857142858,15.238095238095235,10.714285714285715,8.392857142857144,8.571428571428571,56.867559523809526,0.96,True,True,True,5,OK,NAO_PRIORIZAR,12.494601610764521,12.920000076293945,5.0,False,AGUARDAR,56.867559523809526,12.920000076293945,False,-0.24570192189124185,False,58.98400297619048,AGUARDAR,5,9,"score,quality,momentum,trend",RISK_ON,80.0,False
CMIG4,,Companhia Energética de Minas Gerais - CEMIG,Utilities,Utilities - Regulated Electric,32068245504.0,43739537408.0,7890142208.0,4595104768.0,19423521140.904,3082108928.0,22749945856.0,0.15944,0.15578,0.105059996,1.17125755371362,0.034,-0.204,0.1445138287450433,0.9099910556979136,1.3639516824375126,6.557624009810496,6.919753,1.0989119,6.558,51740585984.0,7890142208.0,-3181103360.0,0.048,1.62,10.201,Yahoo Finance,11.210000038146973,154960856.34398937,6.919753109967266,1.098911875124691,6.557624009810496,-0.0991979233663783,-0.0727283265556021,2.492710069035045,0.0711065043465581,0.0059787703160301,,1.0273093905331716,1.0146874214716566,0.2350179923160578,-0.2506383341815726,249,2026-09-18 00:00:00+00:00,general,69.44444444444444,19.444444444444446,41.66666666666667,50.0,45.138888888888886,1.0,13.88888888888889,45.83333333333333,29.861111111111107,1.0,88.88888888888889,72.22222222222221,88.88888888888889,77.77777777777777,81.94444444444443,1.0,61.11111111111112,55.55555555555556,,50.0,61.11111111111112,56.94444444444445,0.8,83.33333333333334,44.44444444444444,63.88888888888889,1.0,11.28472222222222,5.972222222222221,16.388888888888886,11.388888888888893,9.583333333333334,54.61805555555556,0.96,True,True,True,5,OK,NAO_PRIORIZAR,10.88349231089136,11.210000038146973,5.0,False,AGUARDAR,54.61805555555556,11.210000038146973,False,-0.025133454132867605,False,58.96354166666667,AGUARDAR,6,9,"score,quality,trend",RISK_ON,80.0,False
DXCO3,,Dexco S.A.,Basic Materials,Lumber & Wood Production,5102233088.0,8474588160.0,1895437056.0,-36063000.0,6923421744.672,2677775104.0,8774855680.0,0.0073,0.056760002,-0.00426,1.2674160268732426,0.052,,-0.0070680816375906,1.35693948486832,1.6609566857953786,6.162426487878055,,0.73695254,6.162,11680491520.0,1895437056.0,10151750.0,0.425,-0.04,7.626,Yahoo Finance,5.619999885559082,9867876.799058914,,0.7369525158089538,6.162426487878055,0.0019896680188672,0.0011979048194832,3.216714876761384,0.1611569645414443,0.2164502218118533,,1.0830602986491866,1.095481091166942,0.3305248851950082,-0.267651900427008,249,2026-09-18 00:00:00+00:00,general,21.052631578947366,15.789473684210526,26.31578947368421,36.8421052631579,25.0,1.0,63.1578947368421,,63.1578947368421,0.5,26.31578947368421,68.42105263157895,63.1578947368421,47.36842105263158,51.31578947368421,1.0,68.42105263157895,89.47368421052632,,73.68421052631578,73.68421052631578,76.3157894736842,0.8,47.36842105263158,57.89473684210527,52.631578947368425,1.0,6.25,12.63157894736842,10.263157894736842,15.263157894736842,7.894736842105264,52.30263157894737,0.86,True,True,True,5,OK,NAO_PRIORIZAR,5.449340067138128,5.619999885559082,5.0,False,AGUARDAR,52.30263157894737,5.619999885559082,True,0.18533799736295564,False,58.89364035087719,AGUARDAR,7,9,"score,quality",RISK_ON,80.0,False
ORVR3,,Orizon Valorização de Resíduos S.A.,Industrials,Waste Management,9277615104.0,1499271040.0,478848000.0,50255000.0,14344875590.46,1544302976.0,3883214080.0,0.023599999,0.15535,0.03352,0.2707039217950775,1.358,,0.0100651278186685,1.546181169078096,0.1616009096296306,12.274265704357123,99.352936,0.64675474,12.274,5877507584.0,478848000.0,-858251904.0,,0.17,26.115,Yahoo Finance,16.889999389648438,43949833.36179097,99.35293758616729,0.6467547152842595,12.274265704357123,-0.0925078152498446,-0.572446129553733,4.884454156642609,-0.1015957406874206,0.0330274615033476,,0.9814232309493004,0.933901805530336,0.2895426111854397,-0.2633210193504146,249,2026-09-18 00:00:00+00:00,general,28.57142857142857,53.57142857142857,39.285714285714285,85.71428571428572,51.785714285714285,1.0,100.0,,100.0,0.5,25.0,96.42857142857144,7.142857142857142,17.85714285714286,36.60714285714286,1.0,14.285714285714285,60.71428571428571,,14.285714285714285,39.285714285714285,32.14285714285714,0.8,85.71428571428572,75.0,80.35714285714286,1.0,12.946428571428571,20.0,7.321428571428573,6.428571428571428,12.053571428571429,58.75,0.86,True,True,True,5,OK,NAO_PRIORIZAR,16.53844366937784,16.889999389648438,5.0,False,AGUARDAR,58.75,16.889999389648438,False,0.0019152370544499586,False,58.729166666666664,AGUARDAR,4,9,"score,quality,valuation,momentum,trend",RISK_ON,80.0,False
VIVT3,,Telefônica Brasil S.A.,Communication Services,Telecom Services,98904014848.0,61774049280.0,20136968192.0,6598880256.0,65628167651.024,8576167936.0,19848372224.0,0.09872,0.17638001,0.10682,0.3024367879588408,0.076,0.185,0.0662358598030596,0.6635541112784226,0.6245858610991379,5.47501389269712,15.097562,1.5070361,5.475,110250180608.0,20136968192.0,12585449472.0,0.198,2.05,20.537,Yahoo Finance,30.950000762939453,164942715.9826215,15.097561347775343,1.5070361183687713,5.47501389269712,0.1272491262497469,0.2037336004145461,0.5597766347209215,-0.0368748063566077,-0.1938646789560545,,0.9779649470259952,0.9015590975377497,0.2564294718048158,-0.2850143691580157,249,2026-09-18 00:00:00+00:00,general,50.0,50.0,66.66666666666666,50.0,54.16666666666666,1.0,33.33333333333333,100.0,66.66666666666666,1.0,50.0,100.0,50.0,33.33333333333334,58.333333333333336,1.0,50.0,33.33333333333333,,16.666666666666664,33.33333333333333,33.33333333333333,0.8,83.33333333333334,66.66666666666666,75.0,1.0,13.541666666666666,13.333333333333332,11.666666666666668,6.666666666666666,11.25,56.458333333333336,0.96,True,True,True,5,OK,NAO_PRIORIZAR,30.4976570131622,30.950000762939453,5.0,False,AGUARDAR,56.45833333333333,30.950000762939453,False,-0.22497690340495224,False,58.677083333333336,AGUARDAR,5,9,"score,quality,momentum,trend",RISK_ON,80.0,False
CMIG3,,Companhia Energética de Minas Gerais - CEMIG,Utilities,Utilities - Regulated Electric,49632833536.0,43739537408.0,7890142208.0,4595104768.0,9758294747.579,3082108928.0,22749945856.0,0.15944,0.15578,0.105059996,2.331344404373949,0.034,-0.204,0.0933717539426456,0.5879538717262214,0.8812621462821494,8.783767154124277,10.709877,1.7008137,8.784,69305171968.0,7890142208.0,-3181103360.0,0.048,1.62,10.201,Yahoo Finance,17.350000381469727,1846907.5406074524,10.709876778685016,1.7008136831163343,8.783767154124277,-0.064092721155899,-0.0727283265556021,2.492710069035045,0.1575954980968463,0.1687047228590903,,1.06683885307256,1.1255678811556131,0.2642429568191272,-0.2344256469190914,249,2026-09-18 00:00:00+00:00,general,69.44444444444444,19.444444444444446,41.66666666666667,5.555555555555557,34.02777777777777,1.0,13.88888888888889,45.83333333333333,29.861111111111107,1.0,61.11111111111112,50.0,72.22222222222221,38.888888888888886,55.55555555555555,1.0,88.88888888888889,100.0,,77.77777777777779,94.44444444444444,90.2777777777778,0.8,50.0,61.11111111111112,55.55555555555556,1.0,8.506944444444443,5.972222222222221,11.11111111111111,18.05555555555556,8.333333333333334,51.97916666666666,0.96,True,True,True,5,OK,NAO_PRIORIZAR,16.819752101613087,17.350000381469727,5.0,False,AGUARDAR,51.97916666666667,17.350000381469727,True,0.13759242333262933,False,58.651041666666664,AGUARDAR,7,9,"score,quality",RISK_ON,80.0,False
KLBN4,,Klabin S.A.,Basic Materials,Paper & Paper Products,23625947136.0,20688439296.0,6664628224.0,176927008.0,29541389663.175,10108760064.0,36700041216.0,0.036510002,0.12394,0.00855,1.2423261611740852,-0.018,-0.517,0.0077720205240409,1.9971504657155168,0.8756660284097573,5.675988633811001,128.66667,0.5007134,5.676,37828354048.0,6664628224.0,2128736640.0,0.021,0.03,7.709,Yahoo Finance,3.859999895095825,13899988.288903236,128.66666316986084,0.5007134382015599,5.675988633811001,0.0901016423911463,0.1028949844665943,3.989912153875607,0.0934843984081204,0.0157894588243265,,1.0613726138976265,1.0557690532469763,0.213500805584374,-0.2248803486615191,249,2026-09-18 00:00:00+00:00,general,31.57894736842105,42.10526315789473,36.84210526315789,52.631578947368425,40.78947368421052,1.0,42.10526315789473,26.666666666666668,34.3859649122807,1.0,36.84210526315789,89.47368421052632,36.84210526315789,68.42105263157895,57.89473684210526,1.0,47.368421052631575,57.89473684210527,,63.1578947368421,68.42105263157895,59.21052631578948,0.8,89.47368421052632,89.47368421052632,89.47368421052632,1.0,10.19736842105263,6.87719298245614,11.578947368421051,11.842105263157896,13.421052631578949,53.91666666666666,0.96,True,True,True,5,OK,NAO_PRIORIZAR,3.8025532667258286,3.859999895095825,5.0,False,AGUARDAR,53.916666666666664,3.859999895095825,False,-0.015322765624571133,False,58.4375,AGUARDAR,6,9,"score,quality,trend",RISK_ON,80.0,False
RIAA3,,Guararapes Confecções S.A.,Consumer Cyclical,Apparel Manufacturing,3444152576.0,10670363648.0,1199977984.0,1531565952.0,5403202425.718,1136450944.0,3673465088.0,0.28024,0.095290005,0.14353,0.6798681223777868,0.021,0.166,0.4460641529464767,1.568804633621366,3.0981100321613626,4.984399073775007,2.24183,0.637428,4.984,5981169152.0,1199977984.0,-152128368.0,0.543,3.06,10.762,Yahoo Finance,6.860000133514404,9446849.017194908,2.2418301089916355,0.6374279997690396,4.984399073775007,-0.0441700431798756,-0.0142570931055863,2.1142172421723364,-0.2009712557743881,-0.1806366862018099,,0.9145935153126916,0.8036001726645807,0.4514332962784157,-0.3721157292841121,249,2026-09-18 00:00:00+00:00,general,95.23809523809524,42.85714285714285,76.19047619047619,61.90476190476191,69.04761904761905,1.0,52.38095238095239,77.77777777777779,65.07936507936509,1.0,100.0,76.19047619047619,61.90476190476191,85.71428571428572,80.95238095238096,1.0,9.523809523809524,33.33333333333333,,19.047619047619047,23.809523809523807,21.428571428571427,0.8,23.80952380952381,47.61904761904761,35.71428571428571,1.0,17.261904761904763,13.01587301587302,16.190476190476193,4.285714285714286,5.357142857142856,56.11111111111112,0.96,True,True,True,5,OK,NAO_PRIORIZAR,6.579825344621592,6.860000133514404,5.0,False,AGUARDAR,56.111111111111114,6.860000133514404,False,-0.21174891065070767,False,58.41666666666667,AGUARDAR,5,9,"score,momentum,risk,trend",RISK_ON,80.0,False
LOGG3,,LOG Commercial Properties e Participações S.A.,Real Estate,Real Estate Services,2134446848.0,273552000.0,16707000.0,374063008.0,3503818113.969,250199008.0,2273096960.0,0.10479999,-1.64653,1.36743,0.6487485611589344,0.076,-0.331,0.174143558063215,1.6415579435481356,0.1281606052904625,250.9871531693302,5.7423887,0.6091774,250.987,4193242368.0,16707000.0,669249856.0,0.392,4.27,40.251,Yahoo Finance,24.520000457763672,10340942.393054962,5.7423888659868085,0.6091774231140512,250.9871531693302,0.3135472108977998,2.446517868631924,121.08086143532653,-0.0759127753069001,0.0391726933582001,,0.991065946853734,1.014470560688637,0.3179440193294685,-0.1922659266573043,249,2026-09-18 00:00:00+00:00,general,31.25,6.25,100.0,68.75,51.5625,1.0,37.5,26.666666666666668,32.083333333333336,1.0,56.25,87.5,6.25,0.0,37.5,1.0,50.0,93.75,,50.0,81.25,68.75,0.8,75.0,100.0,87.5,1.0,12.890625,6.416666666666668,7.5,13.75,13.125,53.68229166666667,0.96,True,True,True,5,OK,NAO_PRIORIZAR,23.66223972954398,24.520000457763672,5.0,False,AGUARDAR,53.68229166666667,24.520000457763672,True,0.008060384908192386,False,58.26171875,AGUARDAR,6,9,"score,quality,valuation",RISK_ON,80.0,False
LIGT3,,Light S.A.,Utilities,Utilities - Renewable,5830670848.0,15639898112.0,1609383936.0,2414539008.0,40434577672.368,1854622976.0,9534141440.0,0.32412,0.00034000003,0.15438,0.235791789820409,0.098,,0.4143646637770533,6.93480698906492,2.6823496849191373,8.392670443555366,2.4133332,0.14420012,8.393,13507028992.0,1609383936.0,-842295616.0,0.619,1.5,25.104,Yahoo Finance,3.619999885559082,11226693.578418097,2.413333257039388,0.1442001229110533,8.392670443555366,-0.1444594692373895,-0.0538555692606292,4.7717131333414775,0.2701754409447199,-0.2297872271349978,,1.091742533204008,0.8825608613223156,0.6068675958561507,-0.5999999846181557,249,2026-09-18 00:00:00+00:00,general,100.0,5.555555555555555,66.66666666666666,88.88888888888889,65.27777777777777,1.0,44.44444444444444,,44.44444444444444,0.5,100.0,100.0,100.0,50.0,87.5,1.0,100.0,5.555555555555555,,94.44444444444444,11.11111111111111,52.77777777777778,0.8,0.0,5.555555555555555,2.7777777777777777,1.0,16.319444444444443,8.88888888888889,17.5,10.555555555555555,0.4166666666666666,53.68055555555555,0.86,True,True,True,5,OK,NAO_PRIORIZAR,3.504218811372931,3.619999885559082,5.0,False,AGUARDAR,53.68055555555555,3.619999885559082,False,-0.2608994515838956,False,58.260416666666664,AGUARDAR,6,9,"score,risk,trend",RISK_ON,80.0,False
SUZB3,,Suzano S.A.,Basic Materials,Paper & Paper Products,59102601216.0,47825412096.0,19853993984.0,8168698880.0,43657596034.178,26269284352.0,99413540864.0,0.17604999,0.26674998,0.1708,2.277118987178603,-0.128,-0.64,0.1369035160012761,0.7386746949772115,0.809193015400698,6.67251681987817,7.3044143,1.3537759,6.673,132476108800.0,19853993984.0,177601872.0,0.031,6.57,35.449,Yahoo Finance,47.9900016784668,295912749.0163167,7.304414258518538,1.3537758943402296,6.67251681987817,0.0030049755568443,0.0037135460880817,3.6841079216073966,0.1101087713771515,-0.0868555239970704,,1.0958172513313729,1.0186870451165255,0.2787120361835207,-0.3271612361003779,249,2026-09-18 00:00:00+00:00,general,89.47368421052632,94.73684210526316,100.0,15.789473684210536,75.0,1.0,15.789473684210526,13.333333333333334,14.56140350877193,1.0,100.0,36.84210526315789,21.052631578947366,42.10526315789473,50.0,1.0,52.63157894736842,21.052631578947366,,84.21052631578947,47.368421052631575,51.315789473684205,0.8,73.6842105263158,52.63157894736842,63.15789473684211,1.0,18.75,2.912280701754386,10.0,10.263157894736842,9.473684210526317,51.39912280701755,0.96,True,True,True,5,OK,NAO_PRIORIZAR,46.89691710391493,47.9900016784668,5.0,False,AGUARDAR,51.39912280701755,47.9900016784668,False,-0.11796774844596813,False,58.21600877192983,AGUARDAR,7,9,"score,trend",RISK_ON,80.0,False
GMAT3,,Grupo Mateus S.A.,Consumer Cyclical,Department Stores,11295391744.0,40568193024.0,2378043904.0,1620167040.0,11173466349.828,1631590016.0,6883795968.0,0.14265999,0.051149998,0.03994,0.616084190212464,0.122,-0.408,0.1466395207585838,0.9892056886053692,3.5915702565649767,7.451711088341622,6.819444,1.0109121,7.452,17720496128.0,2378043904.0,968797888.0,0.477,0.72,4.857,Yahoo Finance,4.909999847412109,26871275.314922333,6.819444232516819,1.0109120542335,7.451711088341622,0.0857693039743058,0.0238807256568431,2.208624467851709,0.2589742890633244,0.012371122465844,,1.1684355376789244,1.0897791253425535,0.4125102939805935,-0.4890542767939598,249,2026-09-18 00:00:00+00:00,general,47.61904761904761,28.57142857142857,33.33333333333333,71.42857142857143,45.238095238095234,1.0,76.19047619047619,22.22222222222222,49.2063492063492,1.0,57.14285714285714,61.90476190476191,66.66666666666666,47.61904761904761,58.33333333333333,1.0,85.71428571428571,76.19047619047619,,95.23809523809524,95.23809523809524,88.09523809523809,0.8,42.85714285714286,28.57142857142857,35.714285714285715,1.0,11.309523809523808,9.841269841269842,11.666666666666666,17.619047619047617,5.357142857142857,55.79365079365079,0.96,True,True,True,5,OK,NAO_PRIORIZAR,4.7194681855007135,4.909999847412109,5.0,False,AGUARDAR,55.79365079365079,4.909999847412109,False,-0.018741101983053676,False,58.17857142857143,AGUARDAR,5,9,"score,quality,risk,trend",RISK_ON,80.0,False
WIZC3,,Wiz Co Participações e Corretagem de Seguros S.A.,Financial Services,Insurance Brokers,1285654528.0,1274242944.0,646388992.0,198428992.0,687441405.3180001,386075008.0,375248000.0,0.26558,0.40855998,0.15572,0.5458617957794031,-0.2,0.084,0.1542288549540853,0.5347014847163066,0.9911239110107192,2.90357756587538,6.483871,1.8702024,2.904,1876840576.0,646388992.0,339439008.0,0.484,1.24,4.299,Yahoo Finance,8.039999961853027,2395142.788635889,6.483870936978248,1.8702023637713483,2.9035775658753797,0.2640203885316227,0.2663848441133687,-0.0167499882176211,0.0496083710196546,-0.0633265422464894,,1.0039709206336571,0.959025610211056,0.2680081201090347,-0.2534497434280799,249,2026-09-18 00:00:00+00:00,financial,78.94736842105263,,,,78.94736842105263,1.0,,52.94117647058824,52.94117647058824,1.0,78.94736842105263,42.10526315789473,,,60.526315789473685,1.0,26.31578947368421,15.789473684210526,,26.31578947368421,21.052631578947366,22.36842105263158,0.8,47.36842105263158,36.84210526315789,42.10526315789474,1.0,19.73684210526316,10.588235294117649,12.105263157894738,4.473684210526316,6.315789473684211,53.21981424148607,0.96,True,True,True,5,OK,NAO_PRIORIZAR,7.846939077154196,8.039999961853027,5.0,False,AGUARDAR,53.21981424148607,8.039999961853027,False,-0.0944387666953872,False,57.914860681114554,AGUARDAR,6,9,"score,momentum,trend",RISK_ON,80.0,False
TFCO4,,Track & Field Co S.A.,Consumer Cyclical,Apparel Retail,1994094336.0,1122510976.0,254106000.0,147004000.0,258562899.846,50313000.0,171758000.0,0.25722,0.20653,0.13096,0.6642793691681947,0.155,0.093,0.0715372876665996,0.3073059248613043,0.5629176893665275,8.336681920143562,13.978724,3.2540863,8.337,2118400896.0,254106000.0,68467376.0,0.133,0.94,4.038,Yahoo Finance,13.140000343322754,7604818.998699189,13.978723769492293,3.2540862663008303,8.336681920143562,0.0343350737043565,0.06099483877118,0.4779304699613547,-0.1054116331706253,-0.1914226519677453,,0.956833298271478,0.8626138490345218,0.3182022801514815,-0.3016236747764869,249,2026-09-18 00:00:00+00:00,general,90.47619047619048,90.47619047619048,66.66666666666666,66.66666666666667,78.57142857142857,1.0,80.95238095238095,66.66666666666666,73.8095238095238,1.0,33.33333333333333,9.523809523809524,9.523809523809524,28.57142857142857,20.23809523809524,1.0,23.809523809523807,28.57142857142857,,28.57142857142857,42.85714285714285,30.95238095238095,0.8,61.90476190476191,80.95238095238095,71.42857142857143,1.0,19.642857142857142,14.76190476190476,4.047619047619048,6.19047619047619,10.714285714285714,55.35714285714285,0.96,True,True,True,5,OK,NAO_PRIORIZAR,12.76625979810652,13.140000343322754,5.0,False,AGUARDAR,55.357142857142854,13.140000343322754,False,-0.22253478151408956,False,57.851190476190474,AGUARDAR,5,9,"score,valuation,momentum,trend",RISK_ON,80.0,False
TASA4,,Taurus Armas S.A.,Industrials,Aerospace & Defense,1122617728.0,1427314048.0,74359000.0,26678000.0,753077866.633,308059008.0,734168000.0,0.02085,0.29681,0.01869,0.9748898919077972,-0.103,1.75,0.021091810838685,1.059429211323815,1.2714159169237704,20.827696122863404,47.411766,0.9439045,20.828,1548726656.0,74359000.0,116207376.0,0.583,0.17,8.539,Yahoo Finance,8.0600004196167,2915315.585109393,47.41176717421588,0.9439044876000352,20.827696122863404,0.1035146453700043,0.0814168235524856,5.730429295714036,0.6448980128055104,0.5274905990407279,,1.536057393832719,1.5886289394704984,0.3998232696740877,-0.3202270753461368,249,2026-09-18 00:00:00+00:00,general,21.428571428571427,78.57142857142857,25.0,64.28571428571428,47.32142857142857,1.0,3.571428571428571,90.47619047619048,47.023809523809526,1.0,28.57142857142857,78.57142857142857,53.57142857142857,10.714285714285708,42.85714285714286,1.0,96.42857142857144,96.42857142857144,,100.0,100.0,98.21428571428572,0.8,25.0,53.57142857142857,39.285714285714285,1.0,11.830357142857142,9.404761904761903,8.571428571428573,19.642857142857142,5.892857142857142,55.34226190476191,0.96,True,True,True,5,OK,NAO_PRIORIZAR,7.605186569499159,8.0600004196167,5.0,False,AGUARDAR,55.34226190476191,8.0600004196167,True,0.4963783745918302,False,57.840029761904766,AGUARDAR,5,9,"score,quality,valuation,risk",RISK_ON,80.0,False
BBDC3,,Banco Bradesco S.A.,Financial Services,Banks - Regional,166911541248.0,93278076928.0,,24318943232.0,90773443173.369,280313430016.0,838676250624.0,0.13763,0.34515,0.26071,9.23922483608124,0.072,0.178,0.1386953837862849,1.0860671743842456,0.558847376463955,,7.2100453,0.92075336,,726729555968.0,,,0.221,2.19,17.149,Yahoo Finance,15.789999961853027,110965041.07492018,7.210045644681748,0.920753394475073,,,,,0.0661238971741593,0.0247924405703552,,1.0164513293628588,0.9984959803820376,0.2358140983829438,-0.2243958178506839,249,2026-09-18 00:00:00+00:00,financial,34.21052631578947,,,,34.21052631578947,1.0,,67.64705882352942,67.64705882352942,1.0,73.68421052631578,68.42105263157895,,,71.05263157894737,1.0,42.10526315789473,47.368421052631575,,36.84210526315789,47.368421052631575,43.42105263157895,0.8,78.94736842105263,57.89473684210527,68.42105263157895,1.0,8.552631578947368,13.529411764705884,14.210526315789474,8.68421052631579,10.26315789473684,55.23993808049536,0.96,True,True,True,5,OK,NAO_PRIORIZAR,15.44164126739753,15.789999961853027,5.0,False,AGUARDAR,55.23993808049536,15.789999961853027,False,-0.006319910737087486,False,57.76328689370485,AGUARDAR,5,9,"score,quality,momentum,trend",RISK_ON,80.0,False
TEND3,,Construtora Tenda S.A.,Real Estate,Real Estate - Development,3694016256.0,4791539200.0,790249984.0,578844992.0,1539786631.5,834753024.0,1207054976.0,0.406,0.1823,0.12081,0.783910544036958,0.301,-0.115,0.1567065007278547,0.416832652902658,1.297108314620259,5.137567810441107,6.3813562,2.3990443,5.138,4059962880.0,790249984.0,551143360.0,0.433,4.72,12.555,Yahoo Finance,30.1200008392334,81410848.26834998,6.381356110007077,2.399044272340374,5.137567810441107,0.1491989536063373,0.1150242828024865,0.4711192148534102,-0.0967407506552131,0.0079719603302834,,0.9423061447726324,1.0114944531602683,0.4978767062233413,-0.2224003915291301,249,2026-09-18 00:00:00+00:00,general,87.5,50.0,25.0,43.75,51.5625,1.0,93.75,46.66666666666666,70.20833333333333,1.0,43.75,12.5,68.75,68.75,48.4375,1.0,43.75,75.0,,37.5,75.0,57.8125,0.8,6.25,87.5,46.875,1.0,12.890625,14.041666666666666,9.6875,11.5625,7.03125,55.21354166666666,0.96,True,True,True,5,OK,NAO_PRIORIZAR,28.573038929449122,30.1200008392334,5.0,False,AGUARDAR,55.213541666666664,30.1200008392334,False,-0.02314026411861425,False,57.743489583333336,AGUARDAR,5,9,"score,quality,valuation,trend",RISK_ON,80.0,False
RAIL3,,Rumo S.A.,Industrials,Railroads,27782260736.0,14392211456.0,7518930944.0,1227117952.0,14470159382.304,5812203008.0,29535496192.0,0.0881,0.44779,0.085260004,2.041131366398069,0.062,0.568,0.0440881767061176,0.5208416613744814,0.5180360083998026,6.878997470414858,22.681818,1.9199693,6.879,51722706944.0,7518930944.0,-1785493760.0,-0.079,0.66,7.797,Yahoo Finance,14.970000267028809,168678395.15881696,22.681818586407285,1.9199692531779928,6.878997470414858,-0.0642674034689471,-0.1240597225421977,3.1551417828795,0.2024096784233136,-0.0625112055988038,,1.059253093174955,1.0072442259108936,0.339221376530978,-0.2764374078333599,249,2026-09-18 00:00:00+00:00,general,35.714285714285715,100.0,64.28571428571429,32.14285714285714,58.035714285714285,1.0,50.0,66.66666666666666,58.33333333333333,1.0,42.85714285714285,32.142857142857146,17.857142857142858,39.28571428571429,33.03571428571429,1.0,75.0,42.85714285714285,,60.71428571428571,64.28571428571429,60.71428571428571,0.8,60.71428571428572,67.85714285714286,64.28571428571429,1.0,14.508928571428571,11.666666666666666,6.6071428571428585,12.142857142857142,9.642857142857144,54.56845238095239,0.96,True,True,True,5,OK,NAO_PRIORIZAR,14.567486262478091,14.970000267028809,5.0,False,AGUARDAR,54.56845238095239,14.970000267028809,False,-0.09362343004770157,False,57.25967261904763,AGUARDAR,5,9,"score,quality,valuation,trend",RISK_ON,80.0,False
BLAU3,,Blau Farmacêutica S.A.,Healthcare,Drug Manufacturers - Specialty & Generic,2436891392.0,1786128000.0,356223008.0,233831008.0,2333872056.048,884870016.0,853092992.0,0.10276,0.17128,0.13092,0.3655268890123147,0.047,-0.148,0.095734593072932,0.957725149929478,0.732953469269754,6.702288157647582,10.445545,1.0441409,6.702,2387509248.0,356223008.0,-132334624.0,0.471,1.01,10.104,Yahoo Finance,10.550000190734863,2614747.213939031,10.445544743301843,1.044140953160616,6.702288157647582,-0.0543046868787166,-0.0740902242168534,-0.0892054226884749,0.0879976277914265,0.1075735763282226,,1.1315614631832371,1.0606073090057406,0.522432102548717,-0.390595034311529,249,2026-09-18 00:00:00+00:00,general,22.22222222222222,66.66666666666666,88.88888888888889,77.77777777777777,63.888888888888886,1.0,22.22222222222222,25.0,23.61111111111111,1.0,77.77777777777779,77.77777777777779,44.44444444444444,77.77777777777777,69.44444444444444,1.0,33.33333333333333,77.77777777777779,,88.88888888888889,66.66666666666666,66.66666666666666,0.8,11.111111111111114,44.44444444444444,27.77777777777778,1.0,15.97222222222222,4.722222222222222,13.88888888888889,13.333333333333332,4.166666666666667,52.08333333333332,0.96,True,True,True,5,OK,NAO_PRIORIZAR,10.230150981359643,10.550000190734863,5.0,False,AGUARDAR,52.08333333333332,10.550000190734863,False,0.07646146276943999,False,57.06249999999999,AGUARDAR,6,9,"score,risk,trend",RISK_ON,80.0,False
VAMO3,,"Vamos Locação de Caminhões, Máquinas e Equipamentos S.A.",Industrials,Rental & Leasing Services,4215004928.0,6196624896.0,3738003968.0,315812000.0,2984712124.5620003,4407007232.0,15959940096.0,0.10701,0.4319,0.050970003,5.347229290443575,0.108,-0.019,0.0811594240537704,0.7081159505879523,1.470134674063185,4.2182775039793645,12.321428,1.4121981,4.218,15767938048.0,3738003968.0,1307178880.0,0.204,0.28,2.443,Yahoo Finance,3.450000047683716,48299690.16756773,12.321428741727557,1.4121981365876854,4.2182775039793645,0.3101251130969021,0.21095013849294,3.090668967422562,0.2873134185620425,-0.0086206813865931,,1.107259791735073,0.985309121925084,0.5640789363239919,-0.4854771927904994,249,2026-09-18 00:00:00+00:00,general,39.285714285714285,96.42857142857144,48.21428571428572,14.285714285714292,49.55357142857143,1.0,71.42857142857143,42.85714285714285,57.14285714285714,1.0,50.0,60.71428571428571,60.71428571428571,89.28571428571429,65.17857142857143,1.0,89.28571428571429,53.57142857142857,,82.14285714285714,57.14285714285714,70.53571428571428,0.8,17.85714285714286,25.0,21.42857142857143,1.0,12.388392857142858,11.428571428571429,13.035714285714286,14.107142857142856,3.2142857142857144,54.17410714285714,0.96,True,True,True,5,OK,NAO_PRIORIZAR,3.1523039790575003,3.450000047683716,5.0,False,AGUARDAR,54.17410714285714,3.450000047683716,False,-0.03973290583549083,False,56.96391369047619,AGUARDAR,5,9,"score,quality,risk,trend",RISK_ON,80.0,False
RDOR3,,Rede D'Or São Luiz S.A.,Healthcare,Medical Care Facilities,80886964224.0,57792339968.0,12600981504.0,4822606848.0,19529759824.761,43320135680.0,57459974144.0,0.19779,0.19038999,0.083450004,2.942175155228934,0.05,0.229,0.0590921274631371,0.2414450933093536,0.7144827417178851,7.738568783792415,16.922728,4.1417284,7.739,97513562112.0,12600981504.0,3014036992.0,0.618,2.2,8.989,Yahoo Finance,37.22999954223633,239656394.60329056,16.922727064652875,4.141728728694663,7.738568783792415,0.0372623329471636,0.0521528803586927,1.1221219918076628,0.113947310300589,0.015247930883897,,1.059983132102745,0.987911944126697,0.3232729282495546,-0.2762180969325774,249,2026-09-18 00:00:00+00:00,general,88.88888888888889,88.88888888888889,66.66666666666666,0.0,61.11111111111111,1.0,33.33333333333333,87.5,60.41666666666666,1.0,44.44444444444444,22.22222222222222,33.33333333333333,44.44444444444444,36.11111111111111,1.0,55.55555555555556,55.55555555555556,,33.33333333333333,44.44444444444444,47.22222222222223,0.8,66.66666666666667,66.66666666666666,66.66666666666666,1.0,15.277777777777777,12.083333333333334,7.222222222222221,9.444444444444446,9.999999999999998,54.02777777777777,0.96,True,True,True,5,OK,NAO_PRIORIZAR,36.17691677356462,37.22999954223633,5.0,False,AGUARDAR,54.02777777777777,37.22999954223633,False,-0.01586429356500063,False,56.854166666666664,AGUARDAR,5,9,"score,valuation,momentum,trend",RISK_ON,80.0,False
CPFE3,,CPFL Energia S.A.,Utilities,Utilities - Regulated Electric,52369965056.0,45612396544.0,13895108608.0,6004880896.0,22716696284.6,3988265984.0,36626141184.0,0.27276,0.26161,0.13165,1.6123005178719332,0.053,0.215,0.1146314558573177,0.4337733689438134,0.8709648076951354,6.186735755235919,8.723609,2.3053513,6.187,85965365248.0,13895108608.0,-15126375.0,0.104,5.21,19.715,Yahoo Finance,45.45000076293945,69498277.91662216,8.72360859173502,2.3053512940877225,6.186735755235919,-0.0002888368358433,-0.0003316285954281,2.34887514166021,0.0357793905334482,0.0226725433664687,,1.007090640577656,0.9868497323875344,0.2564080423772895,-0.2164869981465246,249,2026-09-18 00:00:00+00:00,general,88.88888888888889,55.55555555555556,55.55555555555556,27.777777777777786,56.94444444444444,1.0,22.22222222222222,66.66666666666666,44.44444444444444,1.0,77.77777777777779,22.22222222222222,66.66666666666666,83.33333333333334,62.5,1.0,38.88888888888889,61.11111111111112,,27.77777777777778,38.88888888888889,41.66666666666666,0.8,66.66666666666667,66.66666666666666,66.66666666666666,1.0,14.23611111111111,8.88888888888889,12.5,8.333333333333334,9.999999999999998,53.958333333333336,0.96,True,True,True,5,OK,NAO_PRIORIZAR,44.37791881957975,45.45000076293945,5.0,False,AGUARDAR,53.95833333333333,45.45000076293945,False,-0.008439681082428985,False,56.802083333333336,AGUARDAR,5,9,"score,quality,momentum,trend",RISK_ON,80.0,False
CURY3,,Cury Construtora e Incorporadora S.A.,Real Estate,Real Estate - Development,8948782080.0,6139806208.0,1528724992.0,1098648064.0,1655139722.562,1566100992.0,1343154944.0,0.68527,0.22939,0.17894,0.8115054733390864,0.255,0.082,0.1256454406285086,0.184956985940957,0.686105232322296,5.965529402426359,7.958904,5.4066625,5.966,9119653888.0,1528724992.0,940452736.0,0.032,3.65,5.373,Yahoo Finance,29.049999237060547,104189516.84700648,7.958903900564533,5.406662802356327,5.965529402426359,0.1050928190666142,0.1531730325257849,-0.1458379035907067,-0.1095426469957155,-0.1446935966044193,,0.9319210482723844,0.8962346834094548,0.4055173911585238,-0.299495970087798,249,2026-09-18 00:00:00+00:00,general,100.0,68.75,56.25,37.5,65.625,1.0,81.25,60.0,70.625,1.0,37.5,6.25,43.75,56.25,35.9375,1.0,37.5,50.0,,31.25,50.0,42.1875,0.8,31.25,68.75,50.0,1.0,16.40625,14.125,7.1875,8.4375,7.5,53.65625,0.96,True,True,True,5,OK,NAO_PRIORIZAR,27.643395556348043,29.049999237060547,5.0,False,AGUARDAR,53.65625,29.049999237060547,False,-0.1758058210533171,False,56.575520833333336,AGUARDAR,5,9,"score,valuation,momentum,trend",RISK_ON,80.0,False
YDUQ3,,Yduqs Participações S.A.,Consumer Defensive,Education & Training Services,2697228032.0,5557208064.0,1376148992.0,113536000.0,2916568356.438,721897984.0,5042131968.0,0.03751,0.16569,0.02043,1.728789231656462,0.01,,0.0396226403132787,1.081320690056044,2.060340467349852,5.115930144866175,25.238096,0.92479503,5.116,7040282112.0,1376148992.0,708725376.0,0.107,0.42,11.462,Yahoo Finance,10.600000381469728,44895630.282357536,25.238096146356494,0.9247950079802588,5.115930144866175,0.2627606444808,0.1275326329044929,3.139365002710404,0.3200499046028742,0.0707071504961707,,1.2367574054485766,0.9987322251886408,0.4716466419897748,-0.5040650367106455,249,2026-09-18 00:00:00+00:00,general,37.5,56.25,50.0,43.75,46.875,1.0,50.0,,50.0,0.5,37.5,50.0,62.5,53.333333333333336,50.833333333333336,1.0,87.5,87.5,,100.0,62.5,84.375,0.8,31.25,31.25,31.25,1.0,11.71875,10.0,10.166666666666668,16.875,4.6875,53.44791666666667,0.86,True,True,True,5,OK,NAO_PRIORIZAR,10.005914775680653,10.600000381469727,5.0,False,AGUARDAR,53.44791666666667,10.600000381469727,False,0.039594926047272994,False,56.419270833333336,AGUARDAR,5,9,"score,quality,risk,trend",RISK_ON,80.0,False
ENGI11,,Energisa S.A.,Utilities,Utilities - Regulated Electric,15951219712.0,36704055296.0,8387615232.0,1516834944.0,23332852786.194,9454823424.0,45682962432.0,0.09408,0.20114,0.04133,1.9578815694166,0.079,,0.0264976947535518,0.9800690223409672,2.3010187282661385,7.106664784119654,37.739132,1.0203363,7.107,59607969792.0,8387615232.0,-6184883712.0,0.07,1.38,51.042,Yahoo Finance,52.08000183105469,172466137.6636505,37.73913176163384,1.0203362295963068,7.106664784119654,-0.3877373532349474,-0.1685068219879787,4.319241882935242,0.1588220205433581,0.0425039716825998,,1.0729641696207213,1.0532097106443548,0.2678477650767613,-0.2406927920115011,249,2026-09-18 00:00:00+00:00,general,33.33333333333333,38.88888888888889,16.666666666666664,16.666666666666657,26.38888888888889,1.0,33.33333333333333,,33.33333333333333,0.5,33.33333333333333,77.77777777777779,94.44444444444444,72.22222222222223,69.44444444444444,1.0,94.44444444444444,66.66666666666666,,83.33333333333334,83.33333333333334,81.94444444444444,0.8,44.44444444444444,55.55555555555556,50.0,1.0,6.597222222222221,6.666666666666666,13.88888888888889,16.38888888888889,7.5,51.04166666666667,0.86,True,True,True,5,OK,NAO_PRIORIZAR,50.66729149680799,52.08000183105469,5.0,False,AGUARDAR,51.04166666666667,52.08000183105469,False,0.011391747233702176,False,56.28125,AGUARDAR,6,9,"score,quality,trend",RISK_ON,80.0,False
ARML3,,"Armac Locação, Logística e Serviços S.A.",Industrials,Rental & Leasing Services,1408358272.0,1993250048.0,728860992.0,61978000.0,1374446829.54,900614976.0,3298129920.0,0.06273,0.22674,0.031089999,2.3996053169287155,0.209,,0.0442260463993143,0.9759213844576908,1.4153004158305538,5.469438210791228,22.61111,1.0246727,5.469,3986460160.0,728860992.0,119053000.0,0.1,0.18,3.972,Yahoo Finance,4.070000171661377,4047140.337363879,22.611112064785427,1.0246727521806085,5.469438210791228,0.0845331776487055,0.0597280808393589,3.2893994469661507,0.3566667238871257,-0.1520833312637276,,1.1805999213128784,0.9823548497085098,0.5886835736893175,-0.5461912613138695,249,2026-09-18 00:00:00+00:00,general,32.142857142857146,71.42857142857143,35.714285714285715,25.0,41.07142857142858,1.0,78.57142857142857,,78.57142857142857,0.5,46.42857142857143,75.0,57.14285714285714,60.71428571428572,59.82142857142857,1.0,92.85714285714286,28.57142857142857,,92.85714285714286,53.57142857142857,66.96428571428571,0.8,10.714285714285708,14.285714285714285,12.499999999999996,1.0,10.267857142857144,15.714285714285715,11.964285714285715,13.392857142857142,1.8749999999999996,53.21428571428572,0.86,True,True,True,5,OK,NAO_PRIORIZAR,3.834054806041504,4.070000171661377,5.0,False,AGUARDAR,53.21428571428572,4.070000171661377,False,-0.18319555571262536,False,56.24404761904763,AGUARDAR,5,9,"score,quality,risk,trend",RISK_ON,80.0,False
SHUL4,,Schulz S.A.,Consumer Cyclical,Auto Parts,1547445376.0,1867069952.0,263128992.0,259668000.0,893946253.4599999,1062444992.0,881537024.0,0.16851999,0.11668,0.13908,0.9861185955956856,-0.048,-0.181,0.1682027587371787,1.0103686557373406,1.2065498278370248,5.206565515973246,5.9452057,0.98973775,5.207,1369998336.0,263128992.0,82774872.0,0.091,0.73,4.385,Yahoo Finance,4.340000152587891,2171085.0763320923,5.9452056884765625,0.9897377771010012,5.206565515973246,0.0534913046261866,0.0443341032355706,-0.6875257896324857,-0.0750885646365605,-0.1406131309725476,,0.972701633784446,0.8965180891991194,0.2387659968615147,-0.2438093164556788,249,2026-09-18 00:00:00+00:00,general,66.66666666666666,52.38095238095239,71.42857142857143,33.33333333333334,55.95238095238096,1.0,14.285714285714285,33.33333333333333,23.809523809523807,1.0,61.90476190476191,66.66666666666666,47.61904761904761,76.19047619047619,63.09523809523809,1.0,38.095238095238095,47.61904761904761,,33.33333333333333,52.38095238095239,42.85714285714285,0.8,90.47619047619048,85.71428571428571,88.0952380952381,1.0,13.98809523809524,4.761904761904762,12.61904761904762,8.571428571428571,13.214285714285715,53.15476190476191,0.96,True,True,True,5,OK,NAO_PRIORIZAR,4.261107889869827,4.340000152587891,5.0,False,AGUARDAR,53.154761904761905,4.340000152587891,False,-0.1717253554214454,False,56.199404761904766,AGUARDAR,5,9,"score,quality,momentum,trend",RISK_ON,80.0,False
TIMS3,,TIM S.A.,Communication Services,Telecom Services,46222659584.0,27402760192.0,11373073408.0,4325640192.0,24282337069.893,4529852928.0,16497486848.0,0.17254,0.24656999,0.15785,0.6794027609663148,0.055,0.025,0.0924974358554562,0.5253339955343459,0.5928425676631874,5.139430480320698,10.8111105,1.9035509,5.139,58451120128.0,11373073408.0,4423418880.0,0.105,1.8,10.223,Yahoo Finance,19.459999084472656,143563126.94583893,10.811110602484808,1.903550727230036,5.139430480320698,0.0956980606440735,0.1614223840593758,1.0522779103475914,-0.0693732010264159,-0.2510266351063546,,0.9839214830609456,0.8466689451649662,0.2857347387657785,-0.3584821845413727,249,2026-09-18 00:00:00+00:00,general,83.33333333333334,83.33333333333334,83.33333333333334,33.33333333333334,70.83333333333334,1.0,16.666666666666664,80.0,48.33333333333333,1.0,83.33333333333334,33.33333333333333,33.33333333333333,66.66666666666667,54.16666666666667,1.0,33.33333333333333,16.666666666666664,,33.33333333333333,16.666666666666664,24.999999999999996,0.8,66.66666666666667,33.33333333333333,50.0,1.0,17.708333333333336,9.666666666666666,10.833333333333336,4.999999999999999,7.5,50.708333333333336,0.96,True,True,True,5,OK,NAO_PRIORIZAR,19.165581213140168,19.459999084472656,5.0,False,AGUARDAR,50.708333333333336,19.459999084472656,False,-0.2821388595552523,False,56.03125,AGUARDAR,6,9,"score,momentum,trend",RISK_ON,80.0,False
MYPK3,,Iochpe-Maxion S.A.,Consumer Cyclical,Auto Parts,1380877312.0,15141321728.0,1345465984.0,91458000.0,4095754009.578,1868049024.0,5767065088.0,0.049039997,0.06424,0.00604,1.408059437777173,-0.023,0.001,0.0661605210379209,2.966051875298162,10.965001449745015,4.36217828305944,15.114754,0.33714852,4.362,5869162496.0,1345465984.0,324733504.0,0.194,0.61,27.347,Yahoo Finance,9.220000267028809,6976881.768730481,15.114754536112802,0.3371485086857355,4.36217828305944,0.2351646313383704,0.0214468399677082,2.8978927080775607,-0.0253699545613506,0.0154185401430722,,0.9849375348009368,0.9574694828551864,0.2889337361884515,-0.3147406277341141,249,2026-09-18 00:00:00+00:00,general,23.809523809523807,33.33333333333333,19.047619047619047,9.523809523809518,21.428571428571427,1.0,23.809523809523807,50.0,36.90476190476191,1.0,23.809523809523807,95.23809523809524,90.47619047619048,95.23809523809524,76.19047619047619,1.0,52.38095238095239,80.95238095238095,,42.85714285714285,66.66666666666666,60.71428571428572,0.8,66.66666666666667,71.42857142857143,69.04761904761905,1.0,5.357142857142857,7.380952380952381,15.23809523809524,12.142857142857144,10.357142857142858,50.47619047619048,0.96,True,True,True,5,OK,NAO_PRIORIZAR,8.907870524354172,9.220000267028809,5.0,False,AGUARDAR,50.47619047619048,9.220000267028809,False,-0.015693684305825517,False,55.85714285714286,AGUARDAR,6,9,"score,quality,trend",RISK_ON,80.0,False
GRND3,,Grendene S.A.,Consumer Cyclical,Footwear & Accessories,3310927360.0,2551922944.0,255672000.0,579414976.0,3153951360.0,452649984.0,96582000.0,0.16027,0.01726,0.22705,0.0306225394674444,-0.004,-0.378,0.1743869057755286,0.9525885259568944,0.7707577565217257,11.557226696705154,5.7343755,1.0497712,11.557,2954859264.0,255672000.0,240304000.0,0.28,0.64,3.496,Yahoo Finance,3.670000076293945,11379269.51989174,5.7343751192092896,1.0497711888712655,11.557226696705154,0.0725790613539766,0.0941658526817963,-1.3926749272505397,-0.0416356978234501,-0.1528976848986146,,1.0152540986883989,0.9007510868992404,0.2813787850051501,-0.3034042701758144,249,2026-09-18 00:00:00+00:00,general,61.90476190476191,9.523809523809524,95.23809523809524,95.23809523809524,65.47619047619048,1.0,33.33333333333333,27.77777777777778,30.555555555555557,1.0,71.42857142857143,47.61904761904761,19.047619047619047,0.0,34.52380952380952,1.0,47.61904761904761,42.85714285714285,,52.38095238095239,57.14285714285714,50.0,0.8,71.42857142857143,76.19047619047619,73.80952380952381,1.0,16.36904761904762,6.111111111111111,6.904761904761904,10.0,11.071428571428571,50.4563492063492,0.96,True,True,True,5,OK,NAO_PRIORIZAR,3.581088536091731,3.6700000762939453,5.0,False,AGUARDAR,50.4563492063492,3.6700000762939453,False,-0.18400990934751238,False,55.8422619047619,AGUARDAR,6,9,"score,valuation,trend",RISK_ON,80.0,False
LREN3,,Lojas Renner S.A.,Consumer Cyclical,Department Stores,10587581440.0,15971509248.0,2326944000.0,1493933056.0,10222655971.65,1916984960.0,3287977984.0,0.14456001,0.12481,0.09354,0.3216363724963836,0.008,0.032,0.1342882715564536,0.9655327032202544,1.508513472931548,5.203616650851933,7.4466667,1.0356977,5.204,12108524544.0,2326944000.0,1390865536.0,0.34,1.5,10.785,Yahoo Finance,11.170000076293944,183185469.38453677,7.446666717529297,1.0356977354004586,5.203616650851933,0.131367635175423,0.0870841643330713,0.5891817869274035,-0.2058099595276544,-0.2370786257038443,,0.9103801333889224,0.8088345595639886,0.3833426742229935,-0.3458158181877383,249,2026-09-18 00:00:00+00:00,general,52.38095238095239,57.14285714285714,61.90476190476191,90.47619047619048,65.47619047619048,1.0,38.095238095238095,61.11111111111112,49.60317460317461,1.0,52.38095238095239,57.14285714285714,52.38095238095239,80.95238095238095,60.71428571428571,1.0,4.761904761904762,19.047619047619047,,14.285714285714285,28.57142857142857,16.666666666666664,0.8,47.61904761904761,61.90476190476191,54.76190476190476,1.0,16.36904761904762,9.920634920634924,12.142857142857142,3.333333333333333,8.214285714285714,49.980158730158735,0.96,True,True,True,5,OK,NAO_PRIORIZAR,10.746760896882646,11.170000076293945,5.0,False,AGUARDAR,49.980158730158735,11.170000076293945,False,-0.268190850152742,False,55.48511904761905,AGUARDAR,6,9,"score,momentum,trend",RISK_ON,80.0,False
ANIM3,,Ânima Holding S.A.,Consumer Defensive,Education & Training Services,1084458752.0,4148687104.0,1266364032.0,153832992.0,2417549591.59,1776907008.0,6017077248.0,0.09607001,0.26252002,0.03708,2.4889157471399064,0.044,2.052,0.1428571428571428,2.2292683449891744,3.8255831273885095,4.648267660210994,7.0,0.44857767,4.648,5886398976.0,1266364032.0,214091504.0,0.758,0.41,6.398,Yahoo Finance,2.869999885559082,29982376.98778947,6.9999997208758105,0.448577662638181,4.648267660210994,0.197417839641355,0.0516046398856113,3.348302804607767,0.0512820020173878,-0.2557019620345089,,1.170377571015186,0.8219879391261664,0.685260697272095,-0.626746210773917,249,2026-09-18 00:00:00+00:00,general,62.5,81.25,56.25,18.75,54.6875,1.0,62.5,100.0,81.25,1.0,75.0,87.5,75.0,73.33333333333333,77.70833333333333,1.0,43.75,12.5,,81.25,25.0,40.625,0.8,0.0,6.25,3.125,1.0,13.671875,16.25,15.541666666666666,8.125,0.46875,54.05729166666666,0.96,True,True,True,5,OK,NAO_PRIORIZAR,2.726746462455858,2.869999885559082,5.0,False,AGUARDAR,54.057291666666664,2.869999885559082,False,-0.2868141864834066,False,55.209635416666664,AGUARDAR,4,9,"score,quality,momentum,risk,trend",RISK_ON,80.0,False
RANI3,,Irani Papel e Embalagem S.A.,Consumer Cyclical,Packaging & Containers,1845614848.0,1691191040.0,472288000.0,131436000.0,1429262441.046,835699008.0,1977170944.0,0.09207,0.13475999,0.07654,1.38335052207278,0.044,-0.702,0.0708074509972609,0.774409903525563,0.9163293424045968,6.335404837726133,14.1228075,1.2913058,6.335,2992135680.0,472288000.0,87657752.0,-0.07,0.57,6.234,Yahoo Finance,8.050000190734863,4448054.438724518,14.122807352166427,1.291305773297219,6.335404837726133,0.0474951488903496,0.0518319633481501,2.416898028321702,0.0232493327421683,-0.094211175245386,,1.018547003203563,0.9682535938464856,0.2337540029323196,-0.2051835598682009,249,2026-09-18 00:00:00+00:00,general,28.57142857142857,61.90476190476191,52.38095238095239,14.285714285714292,39.28571428571429,1.0,57.14285714285714,11.11111111111111,34.12698412698413,1.0,28.57142857142857,42.85714285714285,38.095238095238095,52.38095238095239,40.47619047619048,1.0,61.90476190476191,52.38095238095239,,66.66666666666666,71.42857142857143,63.0952380952381,0.8,95.23809523809524,95.23809523809524,95.23809523809524,1.0,9.821428571428571,6.825396825396826,8.095238095238095,12.61904761904762,14.285714285714286,51.6468253968254,0.96,True,True,True,5,OK,NAO_PRIORIZAR,7.913253866572366,8.050000190734863,5.0,False,AGUARDAR,51.6468253968254,8.050000190734863,False,-0.12532339969428374,False,55.06845238095239,AGUARDAR,5,9,"score,quality,valuation,trend",RISK_ON,80.0,False
EZTC3,,EZTEC Empreendimentos e Participações S.A.,Real Estate,Real Estate - Development,3711064064.0,1437549952.0,333572000.0,531142016.0,5232378044.355,1793574016.0,1816470016.0,0.10551,0.13019,0.36948,0.3471595516611641,-0.161,-0.225,0.1233183842677311,1.409940077546704,0.3873686703350859,11.442347822958762,8.109091,0.70925,11.442,3816846848.0,333572000.0,451775872.0,0.452,1.65,18.865,Yahoo Finance,13.380000114440918,34054709.39127445,8.109090978449041,0.7092499398060387,11.442347822958762,0.1217375567246472,0.3142679469130545,0.0686388545801206,0.0596803182406491,0.0070097618588766,,1.13725439443567,0.9935043424544652,0.3905142439550881,-0.3709112288907834,249,2026-09-18 00:00:00+00:00,general,37.5,31.25,81.25,93.75,60.9375,1.0,12.5,40.0,26.25,1.0,31.25,75.0,25.0,6.25,34.375,1.0,68.75,68.75,,100.0,68.75,76.5625,0.8,43.75,43.75,43.75,1.0,15.234375,5.25,6.875,15.3125,6.5625,49.234375,0.96,True,True,True,5,OK,NAO_PRIORIZAR,12.63743358464809,13.380000114440918,5.0,False,AGUARDAR,49.234375,13.380000114440918,False,-0.024102462590021023,False,54.92578125,AGUARDAR,6,9,"score,valuation,trend",RISK_ON,80.0,False
PSSA3,,Porto Seguro S.A.,Financial Services,Insurance - Diversified,31479134208.0,45328318464.0,5306067968.0,3684011008.0,16126084862.034,14486344704.0,1032854976.0,0.24169001,0.12352,0.08127,0.0640487126811339,0.096,0.003,0.115658722107598,0.5122785483870141,1.439948067329006,3.4154590369544247,8.646127,1.952063,3.415,18122657792.0,5306067968.0,-1952288256.0,0.405,5.68,25.158,Yahoo Finance,49.11000061035156,74860420.18038432,8.646126868019643,1.952062986340391,3.4154590369544247,-0.0620184863757737,-0.0430699466063476,-2.535491405148921,-0.0554738077769625,0.0709940936767474,,0.9577094627850858,0.9956054685551516,0.260456295071363,-0.1614066842163377,249,2026-09-18 00:00:00+00:00,financial,68.42105263157895,,,,68.42105263157895,1.0,,35.294117647058826,35.294117647058826,1.0,57.89473684210527,36.84210526315789,,,47.368421052631575,1.0,21.052631578947366,68.42105263157895,,10.526315789473683,42.10526315789473,35.526315789473685,0.8,57.89473684210527,84.21052631578947,71.05263157894737,1.0,17.105263157894736,7.058823529411765,9.473684210526317,7.105263157894737,10.657894736842104,51.40092879256966,0.96,True,True,True,5,OK,NAO_PRIORIZAR,48.14851869662148,49.11000061035156,5.0,False,AGUARDAR,51.40092879256966,49.11000061035156,False,0.03988186922784975,False,54.88402992776058,AGUARDAR,5,9,"score,valuation,momentum,trend",RISK_ON,80.0,False
SANB11,,Banco Santander (Brasil) S.A.,Financial Services,Banks - Regional,158356455424.0,48286806016.0,,13840916480.0,126989866107.9,171627053056.0,328950317056.0,0.11151,0.33218,0.28664,2.5903666736407094,0.288,0.498,0.069426538183138,1.153579898731835,0.3049247716912575,,14.403714,0.8668667,,269470367744.0,,,0.183,2.046,33.996,Yahoo Finance,29.46999931335449,143168007.19754535,14.403714229401023,0.8668666700010146,,,,,0.118330098298869,0.0313025846430448,,1.028952116437447,0.9941872365441308,0.3093820787127265,-0.3055830836628702,249,2026-09-18 00:00:00+00:00,financial,26.31578947368421,,,,26.31578947368421,1.0,,94.11764705882352,94.11764705882352,1.0,31.57894736842105,78.94736842105263,,,55.26315789473684,1.0,73.68421052631578,52.63157894736842,,47.368421052631575,36.84210526315789,52.63157894736842,0.8,31.57894736842105,21.052631578947366,26.31578947368421,1.0,6.578947368421052,18.823529411764707,11.05263157894737,10.526315789473683,3.947368421052632,50.92879256965944,0.96,True,True,True,5,OK,NAO_PRIORIZAR,28.879294364754454,29.469999313354492,5.0,False,AGUARDAR,50.92879256965944,29.469999313354492,False,0.00019036019414708782,False,54.52992776057792,AGUARDAR,5,9,"score,quality,risk,trend",RISK_ON,80.0,False
ITUB4,,Itaú Unibanco Holding S.A.,Financial Services,Banks - Regional,466555863040.0,143713992704.0,,46827999232.0,106780196074.835,484164993024.0,1115894054912.0,0.21476,0.39073002,0.32584,10.450384021864368,0.175,0.081,0.0992204054304518,0.4667847632117592,0.308031693713125,,10.078572,2.142315,,1108531871744.0,,,0.144,4.2,19.759,Yahoo Finance,42.33000183105469,987470966.8647004,10.07857186453683,2.142314987147866,,,,,0.0630980704817099,0.0212177356091531,,1.0263686534955885,1.0205180437699548,0.2412586390429475,-0.2250781150828535,249,2026-09-18 00:00:00+00:00,financial,60.526315789473685,,,,60.526315789473685,1.0,,44.11764705882353,44.11764705882353,1.0,52.63157894736842,31.57894736842105,,,42.10526315789473,1.0,36.84210526315789,42.10526315789473,,42.10526315789473,52.63157894736842,43.42105263157895,0.8,73.6842105263158,52.63157894736842,63.15789473684211,1.0,15.13157894736842,8.823529411764707,8.421052631578947,8.68421052631579,9.473684210526317,50.534055727554176,0.96,True,True,True,5,OK,NAO_PRIORIZAR,41.321479080727684,42.33000183105469,5.0,False,AGUARDAR,50.534055727554176,42.33000183105469,False,-0.00989448883974453,False,54.23387512899897,AGUARDAR,5,9,"score,valuation,momentum,trend",RISK_ON,80.0,False
MDIA3,,M. Dias Branco S.A. Indústria e Comércio de Alimentos,Consumer Defensive,Packaged Foods,5640965632.0,10421844992.0,961396992.0,649200000.0,8485945140.608,2102305024.0,1790073984.0,0.07809,0.072569996,0.06229,0.2109457407913133,-0.009,-0.226,0.1142177318916923,1.5043425857422623,1.8475285388868683,5.542699596879953,8.755208,0.6647422,5.543,5328734720.0,961396992.0,544970752.0,-0.067,1.92,25.288,Yahoo Finance,16.809999465942383,10527178.115549088,8.755208055178326,0.6647421490802904,5.542699596879953,0.0966094792190359,0.0522911972321915,-0.3247680641796724,-0.0271972108504064,-0.2166221732677307,,0.9720039109552194,0.8001871889853824,0.3095534326346566,-0.4087981915329211,249,2026-09-18 00:00:00+00:00,general,56.25,43.75,68.75,87.5,64.0625,1.0,25.0,46.15384615384615,35.57692307692308,1.0,68.75,68.75,50.0,40.0,56.875,1.0,18.75,18.75,,18.75,12.5,17.1875,0.8,75.0,56.25,65.625,1.0,16.015625,7.115384615384617,11.375,3.4375,9.84375,47.78725961538461,0.96,True,True,True,5,OK,NAO_PRIORIZAR,16.497566794416866,16.809999465942383,5.0,False,AGUARDAR,47.78725961538461,16.809999465942383,False,-0.24773446734799098,False,53.84044471153846,AGUARDAR,6,9,"score,momentum,trend",RISK_ON,80.0,False
SBFG3,,Grupo SBF S.A.,Consumer Cyclical,Specialty Retail,1863765120.0,8368808960.0,793177984.0,418827008.0,3203461548.672,429320992.0,3200668928.0,0.13704,0.09770001,0.05005,0.9991282490426152,0.221,1.85,0.2227722866018041,1.7188118664846193,4.490270190269469,5.843723670474445,4.4888887,0.58179724,5.844,4635112960.0,793177984.0,-694090496.0,0.538,1.8,13.888,Yahoo Finance,8.079999923706055,17248012.23713875,4.488888846503364,0.5817972295295258,5.843723670474445,-0.3724130731666445,-0.0829377871232945,3.493979903506752,-0.1960199233473607,-0.2508222392017301,,0.8931137339407232,0.7286668980765874,0.4178647214739894,-0.4675655157680483,249,2026-09-18 00:00:00+00:00,general,42.85714285714285,47.61904761904761,38.095238095238095,28.57142857142857,39.28571428571428,1.0,95.23809523809524,94.44444444444444,94.84126984126983,1.0,80.95238095238095,80.95238095238095,80.95238095238095,66.66666666666667,77.38095238095238,1.0,14.285714285714285,14.285714285714285,,9.523809523809524,9.523809523809524,11.904761904761903,0.8,38.095238095238095,33.33333333333333,35.71428571428571,1.0,9.82142857142857,18.96825396825397,15.476190476190476,2.380952380952381,5.357142857142856,52.003968253968246,0.96,True,True,True,5,OK,NAO_PRIORIZAR,7.716606199949023,8.079999923706055,5.0,False,AGUARDAR,52.003968253968246,8.079999923706055,False,-0.2819344636506278,False,53.66964285714285,AGUARDAR,4,9,"score,quality,momentum,risk,trend",RISK_ON,80.0,False
PRNR3,,Priner Serviços Industriais S.A.,Industrials,Engineering & Construction,1033539712.0,1716699008.0,271158016.0,43844000.0,478347045.996,313387008.0,974953024.0,0.12181,0.074829996,0.02554,2.038170889024687,0.278,,0.0391616094669588,0.4628240514664047,1.660989885601996,6.526895963127271,25.535212,2.1606483,6.527,1769820160.0,271158016.0,-15316500.0,0.541,0.71,8.391,Yahoo Finance,18.1299991607666,7776198.373374939,25.535210085586765,2.1606482136535097,6.526895963127271,-0.0148194595932468,-0.0089220649214704,2.4397804120236666,0.0359999520438059,-0.0889447483263015,,1.0014803529552474,0.9857385543016716,0.3354977482394876,-0.2703686305123527,249,2026-09-18 00:00:00+00:00,general,42.85714285714285,14.285714285714285,28.57142857142857,35.71428571428571,30.35714285714285,1.0,85.71428571428571,,85.71428571428571,0.5,39.285714285714285,17.857142857142858,67.85714285714286,42.85714285714286,41.96428571428572,1.0,42.85714285714285,39.285714285714285,,28.57142857142857,60.71428571428571,42.85714285714285,0.8,64.28571428571428,71.42857142857143,67.85714285714286,1.0,7.5892857142857135,17.142857142857142,8.392857142857144,8.571428571428571,10.178571428571429,51.875,0.86,True,True,True,5,OK,NAO_PRIORIZAR,17.532666680777112,18.1299991607666,5.0,False,AGUARDAR,51.875,18.1299991607666,False,-0.12005697277519922,False,53.572916666666664,AGUARDAR,4,9,"score,quality,valuation,momentum,trend",RISK_ON,80.0,False
CSMG3,,Companhia de Saneamento de Minas Gerais,Utilities,Utilities - Regulated Water,21435125760.0,8688549888.0,2886625024.0,1293036032.0,8853507209.07,1384306048.0,9370937344.0,0.1497,0.20989999,0.14882,1.0584435210489147,0.147,-0.212,0.0603219588036008,0.4130373590226048,0.405341680066728,10.19244140523324,16.577711,2.4210885,10.192,29421756416.0,2886625024.0,-761662848.0,0.247,3.41,23.349,Yahoo Finance,56.52999877929688,225905840.63847855,16.57771225199322,2.4210886453080165,10.19244140523324,-0.0355333976822909,-0.0876628272632644,2.766771308915252,0.0039417194861233,0.0586994892323282,,0.9495860820974332,1.047890608332644,0.3209416566654881,-0.2093401891185035,249,2026-09-18 00:00:00+00:00,general,55.55555555555556,44.44444444444444,61.11111111111112,66.66666666666667,56.94444444444444,1.0,88.88888888888889,33.33333333333333,61.11111111111111,1.0,44.44444444444444,11.11111111111111,33.33333333333333,22.22222222222221,27.77777777777777,1.0,27.77777777777778,77.77777777777779,,5.555555555555555,72.22222222222221,45.833333333333336,0.8,22.22222222222221,72.22222222222221,47.22222222222221,1.0,14.23611111111111,12.22222222222222,5.555555555555555,9.166666666666668,7.083333333333332,48.263888888888886,0.96,True,True,True,5,OK,NAO_PRIORIZAR,55.1061815824218,56.529998779296875,5.0,False,AGUARDAR,48.263888888888886,56.529998779296875,True,0.027587264783430543,False,52.53125,AGUARDAR,5,9,"score,quality,valuation,momentum",RISK_ON,80.0,False
BBDC4,,Banco Bradesco S.A.,Financial Services,Banks - Regional,190167105536.0,93278076928.0,,24318943232.0,90503697394.803,280313430016.0,838676250624.0,0.13763,0.34515,0.26071,9.2667622955276,0.072,0.178,0.1217342949368758,0.9532517705698388,0.490505845714425,,8.214612,1.0490408,,749985071104.0,,,0.221,2.19,17.149,Yahoo Finance,17.989999771118164,638898625.9853013,8.214611767633865,1.0490407470475342,,,,,0.0529948188356408,0.0059032127781222,,1.0152301928523615,0.9854655934143672,0.2577317159261064,-0.2461702512856913,249,2026-09-18 00:00:00+00:00,financial,34.21052631578947,,,,34.21052631578947,1.0,,67.64705882352942,67.64705882352942,1.0,68.42105263157895,52.63157894736842,,,60.526315789473685,1.0,31.57894736842105,31.57894736842105,,31.57894736842105,26.31578947368421,30.26315789473684,0.8,63.15789473684211,42.10526315789473,52.631578947368425,1.0,8.552631578947368,13.529411764705884,12.105263157894738,6.052631578947368,7.894736842105264,48.134674922600624,0.96,True,True,True,5,OK,NAO_PRIORIZAR,17.509977241648592,17.989999771118164,5.0,False,AGUARDAR,48.134674922600624,17.989999771118164,False,-0.025209226227049353,False,52.434339525283804,AGUARDAR,5,9,"score,quality,momentum,trend",RISK_ON,80.0,False
RADL3,,Raia Drogasil S.A.,Healthcare,Pharmaceutical Retailers,35372888064.0,46533849088.0,3859574016.0,1403911936.0,7291396108.29,652950016.0,8593035264.0,0.19993,0.075830005,0.02885,1.1785171366880058,0.098,0.144,0.042016806722689,0.2061295082842418,1.315523035716126,11.2222156114754,23.8,4.851319,11.222,43312971776.0,3859574016.0,2181056000.0,0.023,0.85,4.17,Yahoo Finance,20.229999542236328,192237762.2333845,23.799999461454505,4.851318835068664,11.2222156114754,0.0616589744115274,0.0468703114559771,2.057243938083347,0.2534100717656078,-0.1178441432991569,,1.07056293211642,0.9525890917348132,0.3524106770332637,-0.395770661974495,249,2026-09-18 00:00:00+00:00,general,100.0,33.33333333333333,44.44444444444444,11.111111111111114,47.22222222222222,1.0,66.66666666666666,62.5,64.58333333333333,1.0,22.22222222222222,11.11111111111111,66.66666666666666,22.22222222222221,30.55555555555555,1.0,88.88888888888889,33.33333333333333,,55.55555555555556,33.33333333333333,52.77777777777777,0.8,55.55555555555556,33.33333333333333,44.44444444444444,1.0,11.805555555555555,12.916666666666666,6.111111111111111,10.555555555555555,6.666666666666666,48.05555555555555,0.96,True,True,True,5,OK,NAO_PRIORIZAR,19.427426139660426,20.229999542236328,5.0,False,AGUARDAR,48.05555555555555,20.229999542236328,False,-0.14895636774805465,False,52.375,AGUARDAR,5,9,"score,quality,valuation,trend",RISK_ON,80.0,False
BEEF3,,Minerva S.A.,Consumer Defensive,Packaged Foods,3947034880.0,57227616256.0,4844455936.0,458624992.0,1579805727.399,14934947840.0,29384437760.0,0.2322,0.068280004,0.00801,18.600032428277547,0.013,-0.575,0.0979899421163612,0.4002512777521728,14.498887898350672,3.92148493927389,10.205129,2.4984305,3.921,18997460992.0,4844455936.0,404387360.0,0.266,0.39,1.593,Yahoo Finance,3.9800000190734863,59899099.787056446,10.20512825403458,2.498430645997167,3.92148493927389,0.1024534548830741,0.0070662974706307,2.9826857981354133,0.1306818297271395,-0.0670807800532591,,1.079937054182843,0.8968971475753498,0.4315613365588454,-0.5765848227450018,249,2026-09-18 00:00:00+00:00,general,93.75,31.25,31.25,0.0,39.0625,1.0,56.25,23.07692307692308,39.66346153846154,1.0,62.5,12.5,100.0,93.33333333333331,67.08333333333333,1.0,68.75,56.25,,56.25,37.5,54.6875,0.8,56.25,12.5,34.375,1.0,9.765625,7.932692307692308,13.416666666666666,10.9375,5.15625,47.20873397435897,0.96,True,True,True,5,OK,NAO_PRIORIZAR,3.810967400910756,3.9800000190734863,5.0,False,AGUARDAR,47.20873397435897,3.9800000190734863,False,-0.09819300450215684,False,51.73988381410256,AGUARDAR,5,9,"score,quality,risk,trend",RISK_ON,80.0,False
ECOR3,,EcoRodovias Infraestrutura e Logística S.A.,Industrials,Infrastructure Operations,5752787968.0,11891030016.0,5261095936.0,546745024.0,4113903930.564,4889879040.0,29215342592.0,0.12307,0.33336,0.04593,7.101610315920697,0.087,-0.897,0.0955259923837126,0.7151148388617431,2.06700300482898,5.771321866273605,10.468355,1.3983768,5.771,30363478016.0,5261095936.0,-2380126464.0,0.573,0.79,5.914,Yahoo Finance,8.270000457763672,44579409.90090688,10.468355009827432,1.3983768105789098,5.771321866273605,-0.4137344322856155,-0.20016150499977,4.623649492028575,0.2002903654600472,-0.0238863908074906,,1.1627907584826371,0.9611569889386528,0.4374083928541223,-0.4999948416571521,249,2026-09-18 00:00:00+00:00,general,50.0,82.14285714285714,42.85714285714285,3.5714285714285694,44.64285714285714,1.0,60.71428571428571,9.523809523809524,35.11904761904761,1.0,60.71428571428571,64.28571428571429,82.14285714285714,53.57142857142857,65.17857142857143,1.0,71.42857142857143,46.42857142857143,,89.28571428571429,50.0,64.28571428571429,0.8,21.42857142857143,17.857142857142858,19.642857142857142,1.0,11.160714285714285,7.023809523809523,13.035714285714286,12.85714285714286,2.946428571428572,47.023809523809526,0.96,True,True,True,5,OK,NAO_PRIORIZAR,7.868972363824854,8.270000457763672,5.0,False,AGUARDAR,47.023809523809526,8.270000457763672,False,-0.05499861525638838,False,51.60119047619048,AGUARDAR,5,9,"score,quality,risk,trend",RISK_ON,80.0,False
LWSA3,,Locaweb Serviços de Internet S.A.,Technology,Software - Infrastructure,2222103040.0,1506848000.0,-190507008.0,-200224992.0,2452229168.222,314495008.0,75137000.0,-0.07797,0.11532,-0.13288,0.0306402847554735,0.012,1.081,-0.0901060789692272,1.103562303530044,0.6781179688229039,,,0.90615636,-10.074,1919162112.0,-190507008.0,-109469624.0,0.177,-0.37,4.337,Yahoo Finance,3.930000066757202,12242428.357956806,,0.9061563446523409,-10.074,-0.0492639729253959,-0.0726480866019664,,0.0596911806228075,0.0798482726642577,,1.001614386837722,1.007217198442265,0.4378010136529385,-0.2752447063855449,249,2026-09-18 00:00:00+00:00,general,7.638888888888889,31.25,2.7777777777777777,96.52777777777776,34.54861111111111,1.0,26.041666666666668,85.34482758620689,55.69324712643678,1.0,9.027777777777777,67.36111111111111,28.47222222222222,,34.9537037037037,0.75,48.61111111111111,77.77777777777779,,34.02777777777778,58.333333333333336,54.6875,0.8,27.083333333333343,65.97222222222221,46.52777777777778,1.0,8.637152777777777,11.138649425287356,6.9907407407407405,10.9375,6.979166666666667,44.68320961047254,0.91,True,True,True,5,OK,NAO_PRIORIZAR,3.8089923058716892,3.930000066757202,5.0,False,AGUARDAR,44.68320961047254,3.930000066757202,True,0.04873604821536004,False,51.5124072078544,AGUARDAR,6,9,"score,quality,valuation",RISK_ON,80.0,False
DESK3,,Desktop S.A.,Communication Services,Telecom Services,2260178688.0,1269847040.0,615406976.0,55865000.0,1430981435.18,491900992.0,1776641024.0,0.04651,0.30884,0.04399,1.2415542091058087,0.081,-0.5,0.0246913555860389,0.6331275373377468,0.5618347994970564,5.817890137143976,40.500004,1.5794606,5.818,3580370176.0,615406976.0,118278376.0,0.212,0.48,12.308,Yahoo Finance,19.440000534057617,9321512.656081518,40.50000111262004,1.5794605568782594,5.817890137143976,0.0523314269920237,0.0931437978545825,2.087626695996374,0.1196294163539362,0.3949027583046365,,1.046594854895091,1.1281542003961975,0.5822490852928237,-0.279651765539852,249,2026-09-18 00:00:00+00:00,general,33.33333333333333,100.0,33.33333333333333,0.0,41.66666666666666,1.0,50.0,20.0,35.0,1.0,33.33333333333333,66.66666666666666,16.666666666666664,16.666666666666657,33.33333333333333,1.0,66.66666666666666,83.33333333333334,,66.66666666666666,66.66666666666666,70.83333333333333,0.8,0.0,83.33333333333334,41.66666666666667,1.0,10.416666666666664,7.0,6.666666666666666,14.166666666666666,6.250000000000001,44.49999999999999,0.96,True,True,True,5,OK,NAO_PRIORIZAR,19.163281804917546,19.440000534057617,5.0,False,AGUARDAR,44.49999999999999,19.440000534057617,True,0.3637905338557388,False,51.37499999999999,AGUARDAR,6,9,"score,quality,valuation",RISK_ON,80.0,False
POSI3,,Positivo Tecnologia S.A.,Technology,Computer Hardware,473569920.0,3477363968.0,254382000.0,12465000.0,1560842203.824,489828992.0,1271160064.0,0.00811,0.06783,0.00358,0.8144065177669526,0.115,,0.0263157894736842,3.2959065565666883,7.342873398715865,4.933135960877735,38.0,0.30340666,4.933,1254900992.0,254382000.0,-14375250.0,0.104,0.09,11.272,Yahoo Finance,3.4200000762939453,2255376.050313313,38.0000008477105,0.3034066781666026,4.933135960877735,-0.0303550740722721,-0.0041339503521306,3.0714872593186624,-0.1449999809265136,-0.2173912663944148,,0.9706533661192058,0.8551524210026399,0.3710726014735369,-0.3050847209345766,249,2026-09-18 00:00:00+00:00,general,15.97222222222222,15.97222222222222,17.36111111111111,60.41666666666667,27.43055555555556,1.0,66.66666666666666,,66.66666666666666,0.5,23.61111111111111,97.91666666666666,93.75,83.09859154929578,74.5940923317684,1.0,10.416666666666668,17.36111111111111,,17.36111111111111,22.22222222222222,16.84027777777778,0.8,46.52777777777778,56.94444444444444,51.73611111111112,1.0,6.857638888888889,13.333333333333332,14.91881846635368,3.368055555555556,7.760416666666667,46.23826291079812,0.86,True,True,True,5,OK,NAO_PRIORIZAR,3.3373438997870055,3.4200000762939453,5.0,False,AGUARDAR,46.23826291079813,3.4200000762939453,False,-0.24850349084331258,False,51.01203051643193,AGUARDAR,5,9,"score,quality,momentum,trend",RISK_ON,80.0,False
ENEV3,,Eneva S.A.,Utilities,Utilities - Diversified,52099006464.0,19136661504.0,6085488128.0,962659968.0,20434410437.133,2536866048.0,26299074560.0,0.071490005,0.18917999,0.050300002,1.286999428777737,0.131,-0.915,0.0184297825285661,0.3922226177133617,0.367313367429056,12.70302015385018,54.26,2.5495725,12.703,77304078336.0,6085488128.0,-3266925568.0,0.307,0.5,10.641,Yahoo Finance,27.1299991607666,251943777.18976024,54.2599983215332,2.5495723297403066,12.70302015385018,-0.0627061011280017,-0.1707155434252279,3.9047333611033546,0.1077990777591542,0.1141683259032901,,1.035662172630844,1.1295153725755274,0.3489340360430092,-0.1348314350409876,249,2026-09-18 00:00:00+00:00,general,27.77777777777778,33.33333333333333,22.22222222222222,44.44444444444444,31.944444444444443,1.0,72.22222222222221,8.333333333333332,40.27777777777777,1.0,16.666666666666664,5.555555555555555,27.77777777777778,0.0,12.5,1.0,83.33333333333334,94.44444444444444,,61.11111111111112,100.0,84.72222222222223,0.8,11.111111111111114,100.0,55.55555555555556,1.0,7.986111111111111,8.055555555555555,2.5,16.944444444444446,8.333333333333334,43.81944444444445,0.96,True,True,True,5,OK,NAO_PRIORIZAR,26.515965595366858,27.1299991607666,5.0,False,AGUARDAR,43.81944444444445,27.1299991607666,True,0.08305610145439246,False,50.864583333333336,AGUARDAR,6,9,"score,quality,valuation",RISK_ON,80.0,False
POMO3,,Marcopolo S.A.,Industrials,Farm & Heavy Construction Machinery,5040060416.0,9103541248.0,1463309952.0,1200685952.0,1540410394.376,1588446976.0,3470045952.0,0.2832,0.11925,0.13189,2.252676276834441,0.03,-0.14,0.2364532112887965,0.8413793033816885,1.8062365322249343,4.770126317025144,4.2291665,1.1885246,4.77,6980173312.0,1463309952.0,218819008.0,0.112,0.96,3.416,Yahoo Finance,4.059999942779541,6953879.935327371,4.229166607062022,1.1885245734132146,4.770126317025144,0.0434159494011906,0.0240366910017652,1.2858512808091664,-0.2687609569653471,-0.2360126789903323,,0.9328306223762356,0.7674543122282647,0.3571957180998719,-0.424104308186383,249,2026-09-18 00:00:00+00:00,general,94.64285714285714,30.35714285714285,83.92857142857143,28.57142857142857,59.375,1.0,30.35714285714285,30.952380952380956,30.654761904761905,1.0,100.0,71.42857142857143,75.0,78.57142857142857,81.25,1.0,3.571428571428571,14.285714285714285,,10.714285714285714,10.714285714285714,9.821428571428571,0.8,50.0,39.285714285714285,44.64285714285714,1.0,14.84375,6.130952380952381,16.25,1.9642857142857144,6.69642857142857,45.88541666666666,0.96,True,True,True,5,OK,NAO_PRIORIZAR,3.9087518152812484,4.059999942779541,5.0,False,AGUARDAR,45.885416666666664,4.059999942779541,False,-0.26712490343923,False,50.747395833333336,AGUARDAR,5,9,"score,quality,momentum,trend",RISK_ON,80.0,False
UNIP6,,Unipar Carbocloro S.A.,Basic Materials,Chemicals,6453962240.0,5233764864.0,859390016.0,266558000.0,1180522178.0470002,1371294976.0,3710853888.0,0.107650004,0.20482999,0.05093,3.143400401116615,0.174,-0.461,0.0389340723124082,0.2903097395898411,0.8109382530257878,10.242437705955384,25.684444,3.4445968,10.242,8802248704.0,859390016.0,-473150112.0,0.258,2.25,16.777,Yahoo Finance,57.790000915527344,12058750.541038511,25.68444485134549,3.4445968239570446,10.242437705955384,-0.0733115711566357,-0.0904033949355505,2.722348256836161,-0.0458972889764506,-0.084877283940445,,0.9719367939692644,0.9449135884206484,0.3035755812721832,-0.2546788738288345,249,2026-09-18 00:00:00+00:00,general,68.42105263157895,78.94736842105263,73.68421052631578,10.526315789473683,57.89473684210526,1.0,78.94736842105263,40.0,59.47368421052632,1.0,57.89473684210527,15.789473684210526,26.31578947368421,10.526315789473683,27.63157894736842,1.0,36.84210526315789,26.31578947368421,,31.57894736842105,36.84210526315789,32.89473684210526,0.8,57.89473684210527,68.42105263157895,63.15789473684211,1.0,14.473684210526317,11.894736842105264,5.526315789473685,6.578947368421052,9.473684210526317,47.94736842105263,0.96,True,True,True,5,OK,NAO_PRIORIZAR,56.58454743919482,57.790000915527344,5.0,False,AGUARDAR,47.94736842105264,57.790000915527344,False,-0.11598950838934274,False,50.627192982456144,AGUARDAR,4,9,"score,quality,valuation,momentum,trend",RISK_ON,80.0,False
RECV3,,Petroreconcavo S.A.,Energy,Oil & Gas E&P,3234172928.0,2982953984.0,1340194944.0,499164000.0,4433634477.481999,1620116992.0,3201586944.0,0.11252,0.27608,0.16734,0.722113417391657,0.002,-0.148,0.1542649713769059,1.3708711485854883,0.9223235894948412,3.5932407875133725,6.482353,0.72946316,3.593,4815643136.0,1340194944.0,-314575008.0,-0.216,1.7,15.107,Yahoo Finance,11.020000457763672,22973303.12096278,6.482353210449219,0.7294631930736528,3.5932407875133725,-0.0972659826803175,-0.1054575463407483,1.1800297852787602,0.1180179439274038,-0.1484253880235764,,1.0529296113037396,1.022784637422659,0.3206946396357758,-0.3191885819876922,249,2026-09-18 00:00:00+00:00,general,42.85714285714285,28.57142857142857,57.14285714285714,85.71428571428572,53.57142857142857,1.0,14.285714285714285,33.33333333333333,23.809523809523807,1.0,71.42857142857143,85.71428571428571,57.14285714285714,85.71428571428572,75.0,1.0,57.14285714285714,28.57142857142857,,57.14285714285714,42.85714285714285,46.42857142857142,0.8,42.85714285714286,28.57142857142857,35.714285714285715,1.0,13.392857142857142,4.761904761904762,15.0,9.285714285714285,5.357142857142857,47.79761904761904,0.96,True,True,True,5,OK,NAO_PRIORIZAR,10.67525706008782,11.020000457763672,5.0,False,AGUARDAR,47.797619047619044,11.020000457763672,False,-0.1795375497152224,False,50.51488095238095,AGUARDAR,4,9,"score,quality,momentum,risk,trend",RISK_ON,80.0,False
TTEN3,,Três Tentos Agroindustrial S/A,Basic Materials,Agricultural Inputs,5174590976.0,18269057024.0,501182016.0,588275968.0,5001104351.341,1422050048.0,5171244032.0,0.121350005,0.03361,0.0322,1.0340204220320617,0.319,-0.378,0.1188405676538554,0.9664735169343072,3.5305316127850026,17.827699228537362,8.414635,1.0346895,17.828,8934922240.0,501182016.0,-1356063232.0,0.122,1.23,10.003,Yahoo Finance,10.350000381469728,18903378.696721397,8.414634456479453,1.0346896312575953,17.827699228537362,-0.2620619172200249,-0.0742273249362867,7.4807033459077665,-0.2499999827232916,-0.3016193930770193,,0.8408481898317818,0.6906550344469621,0.3875912103876661,-0.4402480026328722,249,2026-09-18 00:00:00+00:00,general,78.94736842105263,10.526315789473683,63.1578947368421,57.89473684210527,52.63157894736842,1.0,100.0,60.0,80.0,1.0,89.47368421052632,42.10526315789473,84.21052631578947,0.0,53.94736842105263,1.0,10.526315789473683,10.526315789473683,,10.526315789473683,10.526315789473683,10.526315789473683,0.8,36.8421052631579,36.84210526315789,36.84210526315789,1.0,13.157894736842104,16.0,10.789473684210527,2.1052631578947367,5.526315789473683,47.578947368421055,0.96,True,True,True,5,OK,NAO_PRIORIZAR,9.87380162624161,10.350000381469727,5.0,False,AGUARDAR,47.578947368421055,10.350000381469727,False,-0.33273161752591707,False,50.35087719298246,AGUARDAR,4,9,"score,quality,momentum,risk,trend",RISK_ON,80.0,False
POMO4,,Marcopolo S.A.,Industrials,Farm & Heavy Construction Machinery,5313167360.0,9103541248.0,1463309952.0,1200685952.0,2700192107.424,1588446976.0,3470045952.0,0.2832,0.11925,0.13189,1.2851107676595817,0.03,-0.14,0.2242990570355492,0.7981307777185831,1.7133925267507475,4.956763445834885,4.4583335,1.2529275,4.957,7253281280.0,1463309952.0,218819008.0,0.112,0.96,3.416,Yahoo Finance,4.28000020980835,51818454.74017382,4.4583335518836975,1.2529274618876902,4.956763445834885,0.0411842867302414,0.0240366910017652,1.2858512808091664,-0.2642684394760752,-0.2382685928625384,,0.915502398180266,0.7630586890116821,0.3567879199221416,-0.4885648157563318,249,2026-09-18 00:00:00+00:00,general,94.64285714285714,30.35714285714285,83.92857142857143,57.142857142857146,66.51785714285715,1.0,30.35714285714285,30.952380952380956,30.654761904761905,1.0,96.42857142857144,67.85714285714286,71.42857142857143,71.42857142857143,76.78571428571429,1.0,7.142857142857142,10.714285714285714,,7.142857142857142,7.142857142857142,8.035714285714285,0.8,53.57142857142857,21.428571428571427,37.5,1.0,16.62946428571429,6.130952380952381,15.35714285714286,1.607142857142857,5.625,45.34970238095239,0.96,True,True,True,5,OK,NAO_PRIORIZAR,4.107917683118574,4.28000020980835,5.0,False,AGUARDAR,45.34970238095239,4.28000020980835,False,-0.26938081731143615,False,50.34561011904763,AGUARDAR,5,9,"score,momentum,risk,trend",RISK_ON,80.0,False
SAPR4,,Companhia de Saneamento do Paraná - SANEPAR,Utilities,Utilities - Regulated Water,10200637440.0,7542637056.0,2914906880.0,455251008.0,40346161502.21999,4662453248.0,7250028032.0,0.03812,0.33501,0.06036,0.1796956082575805,0.115,,0.0414814812356652,5.932888940175418,0.7394280112753424,1.5875986652444969,24.107143,0.16855195,1.588,4627702272.0,2914906880.0,-372866496.0,0.131,0.28,40.047,Yahoo Finance,6.75,8328870.000000001,24.10714285714285,0.168551951457038,1.5875986652444969,-0.0365532544601448,-0.0494345005906645,0.8877040984581984,-0.071526820122528,-0.1551939682902684,,0.992822263977775,0.8826153370955702,0.2926767675927653,-0.3127753498293784,249,2026-09-18 00:00:00+00:00,general,13.88888888888889,69.44444444444444,30.55555555555556,94.44444444444444,52.08333333333333,1.0,63.888888888888886,,63.888888888888886,0.5,38.88888888888889,94.44444444444444,61.11111111111112,94.44444444444444,72.22222222222223,1.0,11.11111111111111,16.666666666666664,,16.666666666666664,16.666666666666664,15.277777777777777,0.8,33.33333333333334,22.22222222222222,27.777777777777786,1.0,13.020833333333332,12.77777777777778,14.444444444444446,3.055555555555556,4.166666666666667,47.46527777777778,0.86,True,True,True,5,OK,NAO_PRIORIZAR,6.564646850094957,6.75,5.0,False,AGUARDAR,47.465277777777786,6.75,False,-0.18630619273916615,False,50.26562500000001,AGUARDAR,4,9,"score,quality,momentum,risk,trend",RISK_ON,80.0,False
BRSR6,,Banco do Estado do Rio Grande do Sul S.A.,Financial Services,Banks - Regional,6081449984.0,7334586880.0,,1641805056.0,5865660879.745,6962681856.0,36434948096.0,0.14481,0.16420999,0.22384001,6.21156743340129,-0.115,-0.292,0.2696704866659675,1.9476126096464512,1.2060589003111006,,3.7082293,0.51344913,,35557470208.0,,,0.156,4.01,28.961,Yahoo Finance,14.869999885559082,27498619.9050347,3.708229397895033,0.513449117280449,,,,,0.1004480957782052,-0.0961422681370937,,1.0653616102270025,0.9865875063119492,0.2938997104796044,-0.2920120610465262,249,2026-09-18 00:00:00+00:00,financial,47.368421052631575,,,,47.368421052631575,1.0,,11.76470588235294,11.76470588235294,1.0,100.0,94.73684210526316,,,97.36842105263158,1.0,57.89473684210527,10.526315789473683,,73.68421052631578,31.57894736842105,43.42105263157895,0.8,36.8421052631579,26.31578947368421,31.57894736842105,1.0,11.842105263157894,2.3529411764705883,19.473684210526315,8.68421052631579,4.736842105263158,47.08978328173375,0.96,True,True,True,5,OK,NAO_PRIORIZAR,14.471294700681385,14.869999885559082,5.0,False,AGUARDAR,47.08978328173375,14.869999885559082,False,-0.12725449258599142,False,49.984004127966976,AGUARDAR,4,9,"score,quality,momentum,risk,trend",RISK_ON,80.0,False
RENT3,,Localiza Rent a Car S.A.,Industrials,Rental & Leasing Services,39987060736.0,46353379328.0,8856755200.0,3424267008.0,26107202778.216,10149359616.0,46479572992.0,0.13011,0.1887,0.07387,1.780335234948373,0.245,,0.087016574525541,0.6777900141468332,1.1592094661328398,8.616843109313894,11.4920635,1.4753832,8.617,76317270016.0,8856755200.0,9880596480.0,0.233,3.15,24.536,Yahoo Finance,36.20000076293945,299929615.9878858,11.492063734266493,1.4753831416261596,8.616843109313894,0.2470948426350473,0.2131580614669786,4.10197781869369,-0.0863631882353439,-0.1592847409627619,,0.9913245639143144,0.8487003433657425,0.3862130224046193,-0.3789112117829217,249,2026-09-18 00:00:00+00:00,general,53.57142857142857,60.71428571428571,60.71428571428571,42.85714285714286,54.46428571428572,1.0,82.14285714285714,,82.14285714285714,0.5,53.57142857142857,50.0,46.42857142857143,25.0,43.75,1.0,17.857142857142858,21.428571428571427,,21.428571428571427,21.428571428571427,20.535714285714285,0.8,35.71428571428571,42.85714285714285,39.28571428571428,1.0,13.616071428571429,16.428571428571427,8.75,4.107142857142857,5.8928571428571415,48.79464285714285,0.86,True,True,True,5,OK,NAO_PRIORIZAR,34.70342777527934,36.20000076293945,5.0,False,AGUARDAR,48.794642857142854,36.20000076293945,False,-0.1903970398933149,False,49.59598214285714,AGUARDAR,3,9,"score,quality,valuation,momentum,risk,trend",RISK_ON,80.0,False
SMFT3,,Smartfit Escola de Ginástica e Dança S.A.,Consumer Cyclical,Leisure,10405341184.0,8051568128.0,2556260096.0,686465984.0,6036934565.494,2627201024.0,13665627136.0,0.11691,0.24190001,0.085260004,2.2636699118970403,0.215,-0.063,0.0647058842560554,0.5801764722775727,0.7737918426337302,8.42178097983344,15.454545,1.7236135,8.422,21528262656.0,2556260096.0,-394064384.0,0.315,1.1,9.863,Yahoo Finance,17.0,125813146.66666666,15.454545454545451,1.723613505018757,8.42178097983344,-0.0378713563574389,-0.0489425634529015,4.318193649101973,-0.0860815975722073,-0.070695624711381,,0.921538894898796,0.859018035773108,0.359631418862455,-0.3618650805617071,249,2026-09-18 00:00:00+00:00,general,33.33333333333333,95.23809523809524,57.14285714285714,4.761904761904773,47.61904761904762,1.0,90.47619047619048,44.44444444444444,67.46031746031747,1.0,19.047619047619047,33.33333333333333,23.809523809523807,23.80952380952381,25.0,1.0,33.33333333333333,61.90476190476191,,23.809523809523807,38.095238095238095,39.285714285714285,0.8,57.142857142857146,52.38095238095239,54.761904761904766,1.0,11.904761904761903,13.492063492063494,5.0,7.857142857142858,8.214285714285715,46.46825396825397,0.96,True,True,True,5,OK,NAO_PRIORIZAR,16.553574962641783,17.0,5.0,False,AGUARDAR,46.46825396825397,17.0,False,-0.10180775226621519,False,49.51785714285714,AGUARDAR,4,9,"score,quality,valuation,momentum,trend",RISK_ON,80.0,False
SBSP3,,Companhia de Saneamento Básico do Estado de São Paulo - SABESP,Utilities,Utilities - Regulated Water,96038158336.0,40875065344.0,15214611456.0,8040221184.0,45086241840.293,17440886784.0,51657801728.0,0.18792,0.31519,0.1967,1.1457553262253517,0.139,-0.339,0.0871475719509962,0.4694617480220402,0.4256127569730576,8.582344120033767,11.474789,2.130099,8.582,130577031168.0,15214611456.0,-6260882944.0,0.069,2.38,12.821,Yahoo Finance,27.309999465942383,506661710.0087007,11.47478969157243,2.130099014580952,8.582344120033767,-0.0651916181284486,-0.1531712033071777,2.2489509536903944,0.0129822104360273,-0.0660711556696028,,1.0151359487074003,0.9594348731357089,0.2740193439991382,-0.3379345789390313,249,2026-09-18 00:00:00+00:00,general,77.77777777777779,61.11111111111112,72.22222222222221,55.55555555555556,66.66666666666667,1.0,83.33333333333334,25.0,54.16666666666667,1.0,55.55555555555556,27.77777777777778,38.88888888888889,44.44444444444444,41.66666666666667,1.0,33.33333333333333,22.22222222222222,,38.88888888888889,22.22222222222222,29.166666666666664,0.8,38.888888888888886,16.666666666666664,27.77777777777777,1.0,16.666666666666668,10.833333333333336,8.333333333333334,5.833333333333333,4.166666666666666,45.833333333333336,0.96,True,True,True,5,OK,NAO_PRIORIZAR,26.65026124429537,27.309999465942383,5.0,False,AGUARDAR,45.833333333333336,27.309999465942383,False,-0.09718338011850058,False,49.041666666666664,AGUARDAR,4,9,"score,valuation,momentum,risk,trend",RISK_ON,80.0,False
KLBN11,,Klabin S.A.,Basic Materials,Paper & Paper Products,136010006528.0,20688439296.0,6664628224.0,176927008.0,9365942364.064,10108760064.0,36700041216.0,0.036510002,0.12394,0.00855,3.918456871655934,-0.018,-0.517,0.0345350077056235,0.4027690857971456,0.1521096853395189,8.497338066070045,28.956125,2.4828122,8.497,56631599104.0,6664628224.0,2128736640.0,0.021,0.661,7.709,Yahoo Finance,19.13999938964844,91761272.17384338,28.956126156805503,2.482812218140931,8.497338066070045,0.0156513237102283,0.1028949844665943,3.989912153875607,0.1173380226127158,0.0073683889288651,,1.046267515588756,1.0466032419376028,0.203295025097161,-0.2340627958681493,249,2026-09-18 00:00:00+00:00,general,31.57894736842105,42.10526315789473,36.84210526315789,5.26315789473685,28.94736842105263,1.0,42.10526315789473,26.666666666666668,34.3859649122807,1.0,42.10526315789473,21.052631578947366,5.263157894736842,21.05263157894737,22.36842105263157,1.0,63.1578947368421,52.63157894736842,,57.89473684210527,52.63157894736842,56.57894736842105,0.8,94.73684210526316,78.94736842105263,86.84210526315789,1.0,7.236842105263157,6.87719298245614,4.473684210526315,11.31578947368421,13.026315789473683,42.92982456140351,0.96,True,True,True,5,OK,NAO_PRIORIZAR,18.805349836219026,19.139999389648438,5.0,False,AGUARDAR,42.92982456140351,19.139999389648438,False,-0.023743835520032563,False,48.530701754385966,AGUARDAR,5,9,"score,quality,valuation,trend",RISK_ON,80.0,False
CEAB3,,C&A Modas S.A.,Consumer Cyclical,Specialty Retail,2646804224.0,8014325760.0,1003480000.0,562297024.0,3752896147.148,781976000.0,2725574912.0,0.15493,0.15468,0.07016,0.7262590823546479,0.012,-0.095,0.2080537048196036,1.4178970941333375,3.027925408056172,4.609675576992068,4.8064513,0.7052698,4.61,4625717248.0,1003480000.0,218054880.0,0.795,1.86,12.676,Yahoo Finance,8.9399995803833,73634977.04379559,4.806451387302849,0.7052697680958742,4.609675576992068,0.0823842118819287,0.027208137843401,1.9368586439191613,-0.097880956807695,-0.2081488387431332,,0.9888504957832168,0.7987501348864003,0.5218943537409447,-0.5946281939696854,249,2026-09-18 00:00:00+00:00,general,57.14285714285714,66.66666666666666,47.61904761904761,57.142857142857146,57.14285714285714,1.0,42.85714285714285,38.88888888888889,40.87301587301587,1.0,76.19047619047619,71.42857142857143,57.14285714285714,90.47619047619048,73.80952380952381,1.0,28.57142857142857,23.809523809523807,,47.61904761904761,14.285714285714285,28.57142857142857,0.8,14.285714285714292,14.285714285714285,14.285714285714288,1.0,14.285714285714285,8.174603174603176,14.761904761904765,5.714285714285714,2.1428571428571432,45.07936507936509,0.96,True,True,True,5,OK,NAO_PRIORIZAR,8.485852494664927,8.9399995803833,5.0,False,AGUARDAR,45.07936507936509,8.9399995803833,False,-0.239261063192031,False,48.47619047619048,AGUARDAR,4,9,"score,quality,momentum,risk,trend",RISK_ON,80.0,False
TUPY3,,Tupy S.A.,Industrials,Metal Fabrication,2076096000.0,9363995648.0,491328992.0,-773241024.0,2288689261.362,2036770944.0,3941316096.0,-0.28198,0.02473,-0.08258,1.7220844098575974,-0.058,,-0.3724495514658281,1.1024004936108451,4.510386633373408,8.12105589730801,,0.90711135,8.121,3990110208.0,491328992.0,943854656.0,0.02,-5.85,17.451,Yahoo Finance,15.829999923706056,10791047.114658356,,0.9071113359524412,8.12105589730801,0.4546295816763772,0.1007961442401558,3.876313392880345,0.087972489085345,0.3280201193276979,,1.024330260739185,1.1606252481142971,0.3979694113839861,-0.2290958447872039,249,2026-09-18 00:00:00+00:00,general,7.142857142857142,3.571428571428571,7.142857142857142,46.42857142857143,16.07142857142857,1.0,10.714285714285714,,10.714285714285714,0.5,7.142857142857142,82.14285714285714,85.71428571428571,28.57142857142857,50.89285714285714,1.0,50.0,92.85714285714286,,42.85714285714285,92.85714285714286,69.64285714285714,0.8,28.57142857142857,78.57142857142857,53.57142857142857,1.0,4.017857142857142,2.142857142857143,10.178571428571429,13.928571428571429,8.035714285714285,38.30357142857143,0.86,True,True,True,5,OK,NAO_PRIORIZAR,15.330978746395804,15.829999923706055,5.0,False,AGUARDAR,38.30357142857143,15.829999923706055,True,0.2969078948788002,False,48.39434523809524,AGUARDAR,7,9,"score,quality",RISK_ON,80.0,False
MOVI3,,Movida Participações S.A.,Industrials,Rental & Leasing Services,3164176384.0,14971292672.0,5921321984.0,432464000.0,3901681948.662,3464793088.0,25076221952.0,0.13204001,0.26975,0.028889999,6.427028722984293,0.024,0.97,0.1533586855688403,1.2330798934905045,4.731497506809026,4.184133930049091,6.520661,0.81097746,4.184,24775604224.0,5921321984.0,4438614528.0,0.303,1.21,9.729,Yahoo Finance,7.889999866485596,39736623.96007772,6.520661046682311,0.8109774762550721,4.184133930049091,1.4027708918012074,0.2964750356060636,3.6497641780663552,-0.1223581682578566,-0.3397489546093315,,1.0205660578577225,0.7583960368885413,0.6226344038442664,-0.5616992560054151,249,2026-09-18 00:00:00+00:00,general,57.14285714285714,75.0,32.142857142857146,10.714285714285708,43.75,1.0,25.0,80.95238095238095,52.97619047619048,1.0,89.28571428571429,85.71428571428571,89.28571428571429,92.85714285714286,89.28571428571428,1.0,10.714285714285714,3.571428571428571,,39.285714285714285,3.571428571428571,14.285714285714285,0.8,3.5714285714285694,10.714285714285714,7.1428571428571415,1.0,10.9375,10.595238095238097,17.857142857142858,2.857142857142857,1.0714285714285712,43.31845238095237,0.96,True,True,True,5,OK,NAO_PRIORIZAR,7.366864097254202,7.889999866485596,5.0,False,AGUARDAR,43.31845238095237,7.889999866485596,False,-0.37086117905822924,False,47.15550595238094,AGUARDAR,4,9,"score,quality,momentum,risk,trend",RISK_ON,80.0,False
KEPL3,,Kepler Weber S.A.,Industrials,Farm & Heavy Construction Machinery,1133105024.0,1439127040.0,183994000.0,139768000.0,797678225.204,354217984.0,341390016.0,0.18312,0.05286,0.09712,0.4279796103406134,-0.039,-0.562,0.1238532121454423,0.7039755399474792,1.270073832096962,6.088660456319228,8.074074,1.4205039,6.089,1120276992.0,183994000.0,9124375.0,0.05,0.81,4.604,Yahoo Finance,6.539999961853027,6703031.260902087,8.074074026979046,1.4205039013581726,6.088660456319228,0.0080525412973546,0.0063402151070693,-0.0697194908529626,0.0061538402850811,-0.1528497228507476,,1.0311228769736345,0.8274590169103339,0.3559725243165979,-0.4555023769306087,249,2026-09-18 00:00:00+00:00,general,67.85714285714286,7.142857142857142,67.85714285714286,75.0,54.46428571428572,1.0,14.285714285714285,14.285714285714285,14.285714285714285,1.0,85.71428571428571,57.14285714285714,50.0,50.0,60.71428571428571,1.0,28.57142857142857,25.0,,46.42857142857143,17.857142857142858,29.464285714285715,0.8,57.142857142857146,28.57142857142857,42.85714285714286,1.0,13.616071428571429,2.857142857142857,12.142857142857142,5.892857142857143,6.428571428571429,40.9375,0.96,True,True,True,5,OK,NAO_PRIORIZAR,6.3617282885471615,6.539999961853027,5.0,False,AGUARDAR,40.93750000000001,6.539999961853027,False,-0.18396194729964532,False,47.03645833333334,AGUARDAR,5,9,"score,quality,momentum,trend",RISK_ON,80.0,False
USIM3,,Usinas Siderúrgicas de Minas Gerais S.A.,Basic Materials,Steel,7976508928.0,24781692928.0,2052312960.0,-2320418048.0,11846690244.024,6822557184.0,6463138816.0,-0.08073,0.08245,-0.09363,0.5455649369460214,-0.075,3.017,-0.2909064691013657,2.601543105292905,3.1068344750431653,5.121551831938926,,0.38438725,5.122,10511027200.0,2052312960.0,1414088832.0,1.318,-1.91,16.858,Yahoo Finance,6.480000019073486,4991230.814691384,,0.3843872356788163,5.121551831938926,0.1772816710624009,0.0570618333504677,-0.1751284404499399,-0.2294886876760782,-0.0030769201425405,,0.9565140404907456,0.9137442400398352,0.5169322459351926,-0.5050597818691508,249,2026-09-18 00:00:00+00:00,general,13.157894736842104,23.684210526315788,7.894736842105263,78.94736842105263,30.921052631578945,1.0,28.947368421052637,96.66666666666669,62.80701754385965,1.0,15.789473684210526,100.0,78.94736842105263,89.47368421052632,71.05263157894737,1.0,21.052631578947366,47.368421052631575,,26.31578947368421,26.31578947368421,30.26315789473684,0.8,10.526315789473683,21.052631578947366,15.789473684210526,1.0,7.730263157894736,12.561403508771932,14.210526315789474,6.052631578947368,2.3684210526315788,42.923245614035096,0.96,True,True,True,5,OK,NAO_PRIORIZAR,5.923730793539419,6.480000019073486,5.0,False,AGUARDAR,42.923245614035096,6.480000019073486,False,-0.03418914459143829,False,46.859100877192986,AGUARDAR,4,9,"score,quality,momentum,risk,trend",RISK_ON,80.0,False
BRKM5,,Braskem S.A.,Basic Materials,Chemicals,3514630400.0,70602997760.0,8344999936.0,-5539999744.0,-5449193284.08,5928000000.0,68296998912.0,1.016664202421539,0.17352,-0.07847,-12.533414645344289,0.216,,-1.576268088957519,-1.5504313864923036,20.08831362751543,7.835073294840586,,-0.2792553,7.835,65383686144.0,8344999936.0,-7604749824.0,0.684,-6.95,-15.792,Yahoo Finance,4.409999847412109,35024740.638128914,,-0.2792553,7.835073294840586,-2.163740979421336,-0.1077114296173477,7.473816583621841,-0.4120000203450521,-0.6291001076472887,,0.8131430198632016,0.5342151953248381,0.8175355081844125,-0.7228346430085346,249,2026-09-18 00:00:00+00:00,general,100.0,73.68421052631578,15.789473684210526,94.73684210526316,71.05263157894737,1.0,84.21052631578947,,84.21052631578947,0.5,5.263157894736842,5.263157894736842,100.0,26.31578947368422,34.21052631578948,1.0,5.263157894736842,5.263157894736842,,5.263157894736842,5.263157894736842,5.263157894736842,0.8,0.0,5.263157894736842,2.631578947368421,1.0,17.763157894736842,16.842105263157894,6.8421052631578965,1.0526315789473684,0.3947368421052631,42.89473684210527,0.86,True,True,True,5,OK,NAO_PRIORIZAR,3.8055263912958996,4.409999847412109,5.0,False,AGUARDAR,42.89473684210527,4.409999847412109,False,-0.6602123320961865,False,46.83771929824562,AGUARDAR,4,9,"score,valuation,momentum,risk,trend",RISK_ON,80.0,False
USIM5,,Usinas Siderúrgicas de Minas Gerais S.A.,Basic Materials,Steel,8493505024.0,24781692928.0,2052312960.0,-2320418048.0,8903230189.602001,6822557184.0,6463138816.0,-0.08073,0.08245,-0.09363,0.725931900935038,-0.075,3.017,-0.2731991140810798,2.443188417566896,2.9177227608595806,5.373460827338926,,0.40930122,5.373,11028023296.0,2052312960.0,1414088832.0,1.318,-1.91,16.858,Yahoo Finance,6.900000095367432,72537849.50257221,,0.4093012276288665,5.373460827338926,0.1664906099430359,0.0570618333504677,-0.1751284404499399,-0.2475463426434271,0.0664606366491156,,0.9219176065421836,0.9225400725325462,0.4658994722339704,-0.4958471602248104,249,2026-09-18 00:00:00+00:00,general,13.157894736842104,23.684210526315788,7.894736842105263,68.42105263157895,28.289473684210524,1.0,28.947368421052637,96.66666666666669,62.80701754385965,1.0,21.052631578947366,94.73684210526316,73.68421052631578,73.6842105263158,65.78947368421052,1.0,15.789473684210526,73.68421052631578,,15.789473684210526,31.57894736842105,34.210526315789465,0.8,15.789473684210536,26.31578947368421,21.05263157894737,1.0,7.072368421052631,12.561403508771932,13.157894736842104,6.842105263157894,3.1578947368421053,42.79166666666666,0.96,True,True,True,5,OK,NAO_PRIORIZAR,6.511591850915244,6.900000095367432,5.0,False,AGUARDAR,42.791666666666664,6.900000095367432,False,0.035348412200217894,False,46.760416666666664,AGUARDAR,4,9,"score,quality,momentum,risk,trend",RISK_ON,80.0,False
AXIA3,,AXIA Energia SA,Utilities,Utilities - Renewable,123453562880.0,44568350720.0,17948565504.0,12055711744.0,97828916834.673,23586426880.0,76453789696.0,0.10005999,0.40319002,0.2705,0.7815050209050549,0.097,,0.097211894808564,0.7924349719937631,0.3610130779564586,11.54265999752623,10.286807,1.2619332,11.543,207174189056.0,17948565504.0,1264715264.0,0.215,5.23,42.633,Yahoo Finance,53.79999923706055,623304195.1609039,10.286806737487677,1.2619332263049878,11.54265999752623,0.0102444614355062,0.0283769815029852,2.9454923739848757,0.0384095311913157,-0.0659722107244124,,1.023989514210387,0.9600979236303304,0.3752493671799096,-0.2700675106963193,249,2026-09-18 00:00:00+00:00,general,38.88888888888889,77.77777777777779,83.33333333333334,77.77777777777777,69.44444444444446,1.0,38.88888888888889,,38.88888888888889,0.5,66.66666666666666,55.55555555555556,22.22222222222222,5.555555555555557,37.5,1.0,44.44444444444444,27.77777777777778,,44.44444444444444,27.77777777777778,36.11111111111112,0.8,5.555555555555557,33.33333333333333,19.444444444444443,1.0,17.361111111111114,7.777777777777779,7.5,7.222222222222223,2.9166666666666665,42.77777777777778,0.86,True,True,True,5,OK,NAO_PRIORIZAR,52.53345434341679,53.79999923706055,5.0,False,AGUARDAR,42.77777777777778,53.79999923706055,False,-0.09708443517331011,False,46.75,AGUARDAR,4,9,"score,valuation,momentum,risk,trend",RISK_ON,80.0,False
SAPR11,,Companhia de Saneamento do Paraná - SANEPAR,Utilities,Utilities - Regulated Water,10430336000.0,7542637056.0,2914906880.0,455251008.0,12103849451.841,4662453248.0,7250028032.0,0.03812,0.33501,0.06036,0.5989853113132755,0.115,,0.0234424815273245,1.160446326224207,0.7231442070514316,4.465979850443799,42.6576,0.8617374,4.466,13017915392.0,2914906880.0,-372866496.0,0.131,0.809,40.047,Yahoo Finance,34.5099983215332,43744011.12241745,42.657599903007664,0.8617374165738558,4.465979850443799,-0.0357482727306196,-0.0494345005906645,0.8877040984581984,-0.0635006851962617,-0.1668276231985178,,0.9908978116741248,0.8716820553614532,0.3113475878094294,-0.343423804570278,249,2026-09-18 00:00:00+00:00,general,13.88888888888889,69.44444444444444,30.55555555555556,83.33333333333334,49.30555555555556,1.0,63.888888888888886,,63.888888888888886,0.5,22.22222222222222,83.33333333333334,55.55555555555556,88.88888888888889,62.50000000000001,1.0,16.666666666666664,11.11111111111111,,11.11111111111111,5.555555555555555,11.11111111111111,0.8,27.777777777777786,11.11111111111111,19.44444444444445,1.0,12.32638888888889,12.77777777777778,12.500000000000002,2.2222222222222223,2.9166666666666674,42.74305555555556,0.86,True,True,True,5,OK,NAO_PRIORIZAR,33.39767627499534,34.5099983215332,5.0,False,AGUARDAR,42.74305555555556,34.5099983215332,False,-0.19793984764741557,False,46.723958333333336,AGUARDAR,4,9,"score,quality,momentum,risk,trend",RISK_ON,80.0,False
PGMN3,,Empreendimentos Pague Menos S.A.,Healthcare,Pharmaceutical Retailers,2652611584.0,15637474304.0,939587968.0,328407008.0,3411732829.6380005,111177000.0,3487166976.0,0.10585,0.067600004,0.021,1.022110214993008,0.08,0.111,0.1355013550135501,1.2861787616130689,5.895124034865106,6.4299669874018655,7.38,0.7774969,6.43,6041519616.0,939587968.0,-79996624.0,0.035,0.5,4.746,Yahoo Finance,3.690000057220459,16992007.463493347,7.380000114440918,0.7774968515003073,6.4299669874018655,-0.0301576847822436,-0.005115699789162,3.5930536479581656,-0.0107238503079051,-0.3950819483754196,,1.0583376523935508,0.7279291145463009,0.4487938178646055,-0.5848806193267286,249,2026-09-18 00:00:00+00:00,general,44.44444444444444,22.22222222222222,22.22222222222222,55.55555555555556,36.11111111111112,1.0,44.44444444444444,50.0,47.22222222222222,1.0,100.0,88.88888888888889,100.0,88.88888888888889,94.44444444444446,1.0,11.11111111111111,11.11111111111111,,22.22222222222222,11.11111111111111,13.88888888888889,0.8,22.22222222222221,11.11111111111111,16.666666666666664,1.0,9.02777777777778,9.444444444444445,18.888888888888893,2.777777777777778,2.5,42.63888888888889,0.96,True,True,True,5,OK,NAO_PRIORIZAR,3.5060090969617836,3.690000057220459,5.0,False,AGUARDAR,42.63888888888889,3.690000057220459,False,-0.4261941728243174,False,46.645833333333336,AGUARDAR,4,9,"score,quality,momentum,risk,trend",RISK_ON,80.0,False
LAVV3,,Lavvi Empreendimentos Imobiliários S.A.,Real Estate,Real Estate Services,2063098496.0,1813208960.0,358144000.0,361088000.0,1448267891.84,937393024.0,1475431040.0,0.23990999,0.19179001,0.19914,1.018755610279732,0.028,-0.303,0.175023655322135,0.7019868051752153,0.8788765846688883,8.018367405289492,5.7135134,1.4245282,8.018,2871730176.0,358144000.0,-819651264.0,0.424,1.85,7.42,Yahoo Finance,10.56999969482422,5903010.112902324,5.713513348553631,1.424528260757981,8.018367405289492,-0.3972913874878807,-0.4520445696451886,1.5022952108649037,-0.0167442144349564,-0.2877358769446537,,1.0259944226483415,0.7916953267082775,0.3659519048218615,-0.5131995772413234,249,2026-09-18 00:00:00+00:00,general,62.5,56.25,62.5,25.0,51.5625,1.0,18.75,33.33333333333333,26.041666666666664,1.0,62.5,31.25,50.0,37.5,45.3125,1.0,56.25,25.0,,56.25,31.25,42.1875,0.8,68.75,25.0,46.875,1.0,12.890625,5.208333333333333,9.0625,8.4375,7.03125,42.63020833333333,0.96,True,True,True,5,OK,NAO_PRIORIZAR,10.121797213920253,10.569999694824219,5.0,False,AGUARDAR,42.63020833333333,10.569999694824219,False,-0.31884810139355146,False,46.639322916666664,AGUARDAR,4,9,"score,quality,valuation,momentum,trend",RISK_ON,80.0,False
BBAS3,,Banco do Brasil S.A.,Financial Services,Banks - Regional,132445863936.0,75029250048.0,,16381933568.0,181981756224.228,295502970880.0,1075951304704.0,0.105459996,0.24253,0.21834,5.912413018908728,0.002,-0.138,0.0926724195851296,1.3740086613383986,0.5664899440291722,,10.790697,0.72779745,,917582577664.0,,,0.227,2.15,31.877,Yahoo Finance,23.200000762939453,597970662.3311234,10.790698029274164,0.7277974954650517,,,,,0.2006036043923591,0.0030290061228275,,1.1334665590350663,1.0659656499507884,0.2870374807849621,-0.3483362307058988,249,2026-09-18 00:00:00+00:00,financial,21.052631578947366,,,,21.052631578947366,1.0,,17.647058823529413,17.647058823529413,1.0,47.368421052631575,89.47368421052632,,,68.42105263157895,1.0,84.21052631578947,26.31578947368421,,94.73684210526316,63.1578947368421,67.10526315789473,0.8,42.10526315789473,15.789473684210526,28.94736842105263,1.0,5.263157894736842,3.5294117647058827,13.68421052631579,13.421052631578943,4.342105263157895,40.23993808049536,0.96,True,True,True,5,OK,NAO_PRIORIZAR,22.439889485208177,23.200000762939453,5.0,False,AGUARDAR,40.23993808049536,23.200000762939453,False,-0.028083218326070192,False,46.51328689370485,AGUARDAR,5,9,"score,quality,risk,trend",RISK_ON,80.0,False
DIRR3,,Direcional Engenharia S.A.,Real Estate,Real Estate - Development,5214931968.0,4827458048.0,1217927040.0,855892992.0,2322071637.75,2454206976.0,3179394048.0,0.41882,0.2214,0.17729999,1.3692058402990157,0.201,0.086,0.1621890592450683,0.4452736429172548,0.9256991419298224,5.2232210954114295,6.165644,2.24581,5.223,6361502208.0,1217927040.0,-1037024640.0,0.245,1.63,4.475,Yahoo Finance,10.050000190734863,86654786.64458592,6.165644288794395,2.2458100984882376,5.2232210954114295,-0.1988567916826945,-0.2148179496722164,0.5954273517073733,-0.2604856454824188,-0.2769783837017466,,0.889537985801763,0.7473078276018639,0.4061189524586521,-0.40706911948924,249,2026-09-18 00:00:00+00:00,general,93.75,62.5,50.0,6.25,53.125,1.0,68.75,66.66666666666666,67.70833333333333,1.0,50.0,18.75,56.25,62.5,46.875,1.0,12.5,31.25,,12.5,18.75,18.75,0.8,25.0,37.5,31.25,1.0,13.28125,13.541666666666666,9.375,3.75,4.6875,44.63541666666666,0.96,True,True,True,5,OK,NAO_PRIORIZAR,9.650242723931495,10.050000190734863,5.0,False,AGUARDAR,44.635416666666664,10.050000190734863,False,-0.3080906081506444,False,46.4765625,AGUARDAR,3,9,"score,quality,valuation,momentum,risk,trend",RISK_ON,80.0,False
CAML3,,Camil Alimentos S.A.,Consumer Defensive,Packaged Foods,1661016832.0,11095651328.0,808681024.0,110276000.0,2988807206.016,1455809024.0,5946954240.0,0.0341,0.05231,0.00994,1.9897416695294747,-0.007,-0.585,0.0616016477701558,1.79938381900502,6.680035454330664,7.608187665350733,16.233332,0.5557458,7.608,6152596992.0,808681024.0,-242458368.0,0.298,0.3,8.763,Yahoo Finance,4.869999885559082,4700921.606198946,16.23333295186361,0.5557457361130985,7.608187665350733,-0.1459698440912608,-0.0218516570891294,5.5536671230213015,0.0023494505108403,-0.1413455237792893,,1.0255193316217397,0.8806332625010292,0.4292185795777086,-0.4132194527017589,249,2026-09-18 00:00:00+00:00,general,31.25,25.0,37.5,37.5,32.8125,1.0,31.25,15.384615384615383,23.317307692307693,1.0,43.75,75.0,87.5,20.0,56.5625,1.0,31.25,37.5,,50.0,31.25,37.5,0.8,62.5,50.0,56.25,1.0,8.203125,4.663461538461539,11.3125,7.5,8.4375,40.11658653846154,0.96,True,True,True,5,OK,NAO_PRIORIZAR,4.65355523341219,4.869999885559082,5.0,False,AGUARDAR,40.11658653846154,4.869999885559082,False,-0.17245774822818705,False,46.42077323717949,AGUARDAR,5,9,"score,quality,momentum,trend",RISK_ON,80.0,False
AMER3,,Americanas S.A.,Consumer Cyclical,Internet Retail,949162368.0,12769000448.0,776000000.0,0.0,4155088439.5,456000000.0,5564000256.0,0.0,-0.02362,-0.021930002,1.33908106578582,-0.017,,0.3248945229931103,4.377637225465784,13.45291477885478,7.8056214432989695,3.077922,0.22843373,7.806,6057162240.0,776000000.0,-544499968.0,-0.336,1.54,20.75,Yahoo Finance,4.739999771118164,8315918.798446655,3.077921929297509,0.2284337239093091,7.8056214432989695,-0.5736636705765393,-0.0426423329075287,6.582474556701031,0.0821917002902175,-0.0385395667010576,,1.0602128840064562,0.9279742702071012,0.6071137792242574,-0.5799256216727755,249,2026-09-18 00:00:00+00:00,general,9.523809523809524,4.761904761904762,9.523809523809524,19.04761904761905,10.714285714285715,1.0,28.57142857142857,,28.57142857142857,0.5,90.47619047619048,100.0,100.0,38.095238095238095,82.14285714285714,1.0,66.66666666666666,66.66666666666666,,71.42857142857143,61.90476190476191,66.66666666666667,0.8,4.761904761904773,19.047619047619047,11.90476190476191,1.0,2.678571428571429,5.714285714285714,16.428571428571427,13.333333333333336,1.7857142857142865,39.94047619047619,0.86,True,True,True,5,OK,NAO_PRIORIZAR,4.412844753069195,4.739999771118164,5.0,False,AGUARDAR,39.94047619047619,4.739999771118164,False,-0.06965179114995534,False,46.288690476190474,AGUARDAR,5,9,"score,quality,risk,trend",RISK_ON,80.0,False
SIMH3,,SIMPAR S.A.,Industrials,Rental & Leasing Services,4454083584.0,45115953152.0,12923643904.0,-118537000.0,5819496371.979,13884297216.0,59459956736.0,-0.0023100001,0.18651,-0.00404,10.217371561962128,0.088,,-0.0266131063246791,1.3065530035236428,10.12912135597678,4.175922405854615,,0.7653727,4.176,53968134144.0,12923643904.0,5904375808.0,0.199,-0.07,9.969,Yahoo Finance,7.630000114440918,20938704.114055637,,0.7653726667108957,4.175922405854615,1.3256095662887315,0.1308711308416246,3.526533217608532,0.0200534886343504,-0.2847584923941444,,1.0627629201277478,0.774537441511705,0.5823124174489624,-0.6061707586066296,249,2026-09-18 00:00:00+00:00,general,17.857142857142858,57.14285714285714,21.428571428571427,0.0,24.107142857142858,1.0,64.28571428571429,,64.28571428571429,0.5,17.857142857142858,92.85714285714286,100.0,96.42857142857144,76.78571428571429,1.0,35.714285714285715,7.142857142857142,,67.85714285714286,14.285714285714285,31.25,0.8,14.285714285714292,7.142857142857142,10.714285714285715,1.0,6.026785714285714,12.85714285714286,15.35714285714286,6.25,1.6071428571428574,42.098214285714285,0.86,True,True,True,5,OK,NAO_PRIORIZAR,7.088244055204923,7.630000114440918,5.0,False,AGUARDAR,42.098214285714285,7.630000114440918,False,-0.31587071684304213,False,46.24032738095238,AGUARDAR,4,9,"score,quality,momentum,risk,trend",RISK_ON,80.0,False
CSNA3,,Companhia Siderúrgica Nacional,Basic Materials,Steel,7757649408.0,45106970624.0,7378395136.0,-2626882048.0,12166911963.725,14135023616.0,54406230016.0,-0.12294,0.08567,-0.05824,4.4716547779920885,0.057,,-0.3386182991578678,1.5683761417680289,5.814515228992416,6.926017810927929,,0.63760215,6.926,51102896128.0,7378395136.0,-2367489280.0,1.435,-1.98,9.175,Yahoo Finance,5.849999904632568,100220843.11618724,,0.6376021694422417,6.926017810927929,-0.3051812676090453,-0.0524861068533015,5.457989936525948,0.1121672338550741,-0.0346534719686237,,1.103648628655605,0.8405293042360392,0.5723554107424665,-0.6069788728305552,249,2026-09-18 00:00:00+00:00,general,5.263157894736842,31.57894736842105,21.052631578947366,0.0,14.473684210526317,1.0,68.42105263157895,,68.42105263157895,0.5,10.526315789473683,73.68421052631578,94.73684210526316,36.8421052631579,53.94736842105262,1.0,57.89473684210527,36.84210526315789,,89.47368421052632,21.052631578947366,51.31578947368421,0.8,5.26315789473685,10.526315789473683,7.894736842105266,1.0,3.6184210526315783,13.68421052631579,10.789473684210526,10.263157894736842,1.1842105263157898,39.53947368421053,0.86,True,True,True,5,OK,NAO_PRIORIZAR,5.374067135795691,5.849999904632568,5.0,False,AGUARDAR,39.53947368421053,5.849999904632568,False,-0.0657656964175215,False,45.98793859649123,AGUARDAR,5,9,"score,quality,risk,trend",RISK_ON,80.0,False
HBSA3,,Hidrovias do Brasil S.A.,Industrials,Integrated Freight & Logistics,4516470272.0,2246341120.0,815710976.0,47353000.0,2090908122.291,747587008.0,3265442048.0,0.022060001,0.33938,-0.055219997,1.56173387686785,0.067,0.683,0.0060240963855421,0.4629518178266079,0.4973665240146188,8.623551369253612,166.0,2.160052,8.624,7034325504.0,815710976.0,445987744.0,0.343,0.02,1.537,Yahoo Finance,3.319999933242798,4890835.768323739,165.9999966621399,2.160052006013532,8.623551369253612,0.0987469676851224,0.1985396340872752,3.0866999636890995,-0.032070009146793,-0.1122994853537363,,0.9984962176602694,0.9154832275555874,0.3590886886313927,-0.3196347166182971,249,2026-09-18 00:00:00+00:00,general,25.0,85.71428571428571,10.714285714285714,50.0,42.85714285714285,1.0,53.57142857142857,76.19047619047619,64.88095238095238,1.0,21.428571428571427,21.428571428571427,14.285714285714285,21.42857142857143,19.642857142857142,1.0,25.0,32.142857142857146,,25.0,35.714285714285715,29.464285714285715,0.8,46.42857142857143,57.14285714285714,51.785714285714285,1.0,10.714285714285714,12.976190476190476,3.928571428571429,5.892857142857143,7.767857142857142,41.27976190476191,0.96,True,True,True,5,OK,NAO_PRIORIZAR,3.2315481620267654,3.319999933242798,5.0,False,AGUARDAR,41.27976190476191,3.319999933242798,False,-0.14341170980263407,False,45.6264880952381,AGUARDAR,4,9,"score,quality,valuation,momentum,trend",RISK_ON,80.0,False
EQTL3,,Equatorial S.A.,Utilities,Utilities - Regulated Electric,49711742976.0,54713131008.0,11680036864.0,712227968.0,26153626565.598003,8964774912.0,65138839552.0,0.050029997,0.18372999,0.01752,2.49062360008162,0.102,-0.549,0.0141521363145091,0.5261056518004467,1.1006077786171085,9.282874372955405,70.66071,1.9007589,9.283,108424314880.0,11680036864.0,3604028672.0,0.015,0.56,20.818,Yahoo Finance,39.56999969482422,345449592.6857885,70.66071374075753,1.900758943934298,9.282874372955405,0.0724985376944028,0.065871365897028,4.809408163183003,0.068016208087879,-0.0139546812455969,,1.039182717173806,0.9981693983827834,0.2552235860209069,-0.2452039538265998,249,2026-09-18 00:00:00+00:00,general,22.22222222222222,27.77777777777778,11.11111111111111,0.0,15.27777777777778,1.0,50.0,16.666666666666664,33.33333333333333,1.0,11.11111111111111,38.88888888888889,83.33333333333334,33.33333333333334,41.66666666666667,1.0,55.55555555555556,38.88888888888889,,66.66666666666666,55.55555555555556,54.16666666666667,0.8,72.22222222222223,50.0,61.11111111111112,1.0,3.8194444444444446,6.666666666666666,8.333333333333334,10.833333333333336,9.166666666666666,38.81944444444444,0.96,True,True,True,5,OK,NAO_PRIORIZAR,38.70825771955594,39.56999969482422,5.0,False,AGUARDAR,38.81944444444444,39.56999969482422,False,-0.045066905694494674,False,45.447916666666664,AGUARDAR,5,9,"score,quality,valuation,trend",RISK_ON,80.0,False
AZEV3,,Azevedo & Travassos S.A.,Industrials,Engineering & Construction,816392576.0,549900032.0,24105000.0,-663766016.0,141061786.398,73738000.0,253264000.0,-1.11209,0.06227,-1.20707,1.7954118295753472,1.317,-0.986,-0.8130475894969432,0.5070844258044717,0.6735730433687824,41.31585115121344,,1.9720582,41.316,995918592.0,24105000.0,264956624.0,0.219,-22.55,3.722,Yahoo Finance,7.340000152587891,9251388.183989525,,1.972058074311631,41.31585115121344,0.324545606842951,0.481826893219748,7.447666459240821,1.6214286705669108,0.668181816704017,,1.4368491346730867,1.5534227442772817,1.504706371956396,-0.8600000010596381,249,2026-09-18 00:00:00+00:00,general,3.571428571428571,10.714285714285714,3.571428571428571,39.28571428571429,14.285714285714286,1.0,96.42857142857144,4.761904761904762,50.595238095238095,1.0,3.571428571428571,25.0,35.714285714285715,3.5714285714285694,16.96428571428571,1.0,100.0,100.0,,96.42857142857144,96.42857142857144,98.21428571428572,0.8,0.0,3.571428571428571,1.7857142857142856,1.0,3.571428571428572,10.11904761904762,3.3928571428571423,19.642857142857142,0.2678571428571428,36.99404761904763,0.96,True,True,True,5,OK,NAO_PRIORIZAR,4.65491092510915,7.340000152587891,5.0,False,AGUARDAR,36.99404761904763,7.340000152587891,True,0.6370695922551193,False,44.07886904761906,AGUARDAR,5,9,"score,quality,valuation,risk",RISK_ON,80.0,False
IRBR3,,IRB-Brasil Resseguros S.A.,Financial Services,Insurance - Reinsurance,5032465408.0,4917776896.0,553822976.0,240588000.0,5298699002.88,4468973056.0,286660992.0,0.04567,-0.045100003,0.04892,0.0541002596758546,-0.23,,0.0474193579286162,1.052903227980187,0.9772102731560396,1.585898465866465,21.088434,0.9497549,1.586,878307008.0,553822976.0,400367264.0,0.704,2.94,65.28,Yahoo Finance,62.0,37100180.0,21.08843537414966,0.9497549019607844,1.585898465866465,0.0795568834638276,0.0814122463191953,-7.551712813012655,0.1969730947566041,0.1543116960779649,,1.120784402116226,1.1515260914576,0.3177202288669188,-0.2138580913843839,249,2026-09-18 00:00:00+00:00,financial,10.526315789473683,,,,10.526315789473683,1.0,,,,0.0,15.789473684210526,63.1578947368421,,,39.47368421052632,1.0,78.94736842105263,84.21052631578947,,89.47368421052632,84.21052631578947,84.21052631578947,0.8,26.31578947368422,63.1578947368421,44.736842105263165,1.0,2.631578947368421,,7.894736842105264,16.842105263157894,6.710526315789474,42.59868421052632,0.76,True,True,True,4,OK,NAO_PRIORIZAR,60.16751124412943,62.0,5.0,False,AGUARDAR,34.078947368421055,62.0,True,0.12319947162906719,False,43.559210526315795,AGUARDAR,6,9,"score,quality,valuation",RISK_ON,80.0,False
MRVE3,,MRV Engenharia e Participações S.A.,Real Estate,Real Estate - Development,2943624192.0,11689920512.0,1785814016.0,-575876992.0,4578095196.682,3351198976.0,8766164992.0,-0.100389995,0.14585,-0.04926,1.9148061836620007,0.107,,-0.1956353645839312,1.5552580865255392,3.97126798446967,5.029704826776317,,0.6429801,5.03,8982117376.0,1785814016.0,292342112.0,0.531,-1.02,8.134,Yahoo Finance,5.230000019073486,58914503.24819088,,0.6429800859446135,5.029704826776317,0.0993136667358929,0.0250080496013555,3.03221162309435,0.0630081174740657,-0.3109354527100684,,1.047676280267931,0.7613474259391908,0.492478043751567,-0.5973154663110671,249,2026-09-18 00:00:00+00:00,general,6.25,43.75,6.25,0.0,14.0625,1.0,50.0,,50.0,0.5,6.25,81.25,100.0,87.5,68.75,1.0,75.0,18.75,,62.5,25.0,45.3125,0.8,12.5,12.5,12.5,1.0,3.515625,10.0,13.75,9.0625,1.875,38.203125,0.86,True,True,True,5,OK,NAO_PRIORIZAR,4.9307144046967215,5.230000019073486,5.0,False,AGUARDAR,38.203125,5.230000019073486,False,-0.3420476771589661,False,43.319010416666664,AGUARDAR,4,9,"score,quality,momentum,risk,trend",RISK_ON,80.0,False
SYNE3,,Syn Prop & Tech S.A.,Real Estate,Real Estate Services,543414208.0,337080000.0,161120000.0,54458000.0,692853135.8549999,238448992.0,738401024.0,0.04381,0.4387,0.16156,1.0657396001950583,0.127,-0.672,0.1011236045953802,1.2750000414375011,0.6203003069069553,11.27050804369414,9.888888,0.7843137,11.271,1815904256.0,161120000.0,74490376.0,0.256,0.36,4.539,Yahoo Finance,3.559999942779541,1266096.17964983,9.88888872994317,0.784313712883794,11.27050804369414,0.1370784475329728,0.2209872315177406,3.102979344587885,-0.1483253375647879,-0.2294372227351834,,0.9220409051710956,0.833415289641729,0.3854959273169344,-0.3170254562916235,249,2026-09-18 00:00:00+00:00,general,12.5,81.25,43.75,18.75,39.0625,1.0,56.25,6.666666666666667,31.45833333333333,1.0,25.0,62.5,37.5,12.5,34.375,1.0,25.0,37.5,,25.0,37.5,31.25,0.8,56.25,62.5,59.375,1.0,9.765625,6.291666666666667,6.875,6.25,8.90625,38.08854166666667,0.96,True,True,True,5,OK,NAO_PRIORIZAR,3.420868586403325,3.559999942779541,5.0,False,AGUARDAR,38.088541666666664,3.559999942779541,False,-0.26054944718408113,False,43.233072916666664,AGUARDAR,4,9,"score,quality,valuation,momentum,trend",RISK_ON,80.0,False
MBRF3,,MBRF Global Foods Company S.A.,Consumer Defensive,Packaged Foods,23479103488.0,165853921280.0,10587808768.0,364839008.0,11473408900.612,23112841216.0,74324606976.0,0.00906,0.03425,0.0022,6.477988156774877,0.049,-0.513,0.0166172099724396,0.4886646895293328,7.0638949806906695,7.264090868778336,60.178574,2.046393,7.264,76910804992.0,10587808768.0,974712512.0,0.022,0.28,8.234,Yahoo Finance,16.850000381469727,102448563.98601532,60.1785727909633,2.0463930509436152,7.264090868778336,0.041514043008421,0.0058769337768894,4.836861609625928,0.1027487353360869,-0.0105696005823965,,1.0003799874304282,0.9361891446434524,0.5582419950940612,-0.4531073116757182,249,2026-09-18 00:00:00+00:00,general,25.0,18.75,25.0,6.25,18.75,1.0,68.75,30.76923076923077,49.75961538461539,1.0,25.0,25.0,93.75,26.66666666666667,42.60416666666667,1.0,62.5,68.75,,31.25,56.25,54.6875,0.8,6.25,43.75,25.0,1.0,4.6875,9.951923076923078,8.520833333333334,10.9375,3.75,37.84775641025641,0.96,True,True,True,5,OK,NAO_PRIORIZAR,16.089453788034373,16.850000381469727,5.0,False,AGUARDAR,37.84775641025641,16.850000381469727,False,-0.04168182503129425,False,43.05248397435897,AGUARDAR,4,9,"score,quality,valuation,risk,trend",RISK_ON,80.0,False
JSLG3,,JSL S.A.,Industrials,Integrated Freight & Logistics,1723628288.0,9810481152.0,1498946048.0,-104482000.0,1182854160.965,1490705024.0,7711862784.0,-0.06961,0.11145,-0.010650001,6.519707195102128,0.049,-0.44,-0.0606174780997792,0.6862582885418268,5.691761512793181,5.300248426286254,,1.4571773,5.3,7944786432.0,1498946048.0,1550188928.0,0.354,-0.37,4.145,Yahoo Finance,6.039999961853027,5223190.633678436,,1.4571773128716594,5.300248426286254,0.8993754272847023,0.1580135473461434,4.150354689750648,0.1164510410739254,-0.0162866297731381,,1.0851208979910552,0.9413455522157492,0.589528626464097,-0.4467592569596974,249,2026-09-18 00:00:00+00:00,general,10.714285714285714,25.0,17.857142857142858,7.142857142857139,15.178571428571429,1.0,41.07142857142857,19.047619047619047,30.05952380952381,1.0,14.285714285714285,53.57142857142857,92.85714285714286,64.28571428571428,56.25,1.0,57.14285714285714,50.0,,78.57142857142857,42.85714285714285,57.142857142857146,0.8,7.142857142857139,32.142857142857146,19.642857142857142,1.0,3.7946428571428568,6.011904761904763,11.25,11.42857142857143,2.946428571428571,35.43154761904762,0.96,True,True,True,5,OK,NAO_PRIORIZAR,5.768184990492611,6.039999961853027,5.0,False,AGUARDAR,35.43154761904762,6.039999961853027,False,-0.047398854222035824,False,42.90699404761905,AGUARDAR,5,9,"score,quality,risk,trend",RISK_ON,80.0,False
EVEN3,,Even Construtora e Incorporadora S.A.,Real Estate,Real Estate - Development,799565440.0,1544429952.0,244996000.0,198104000.0,1924313917.068,786990976.0,1485643008.0,0.1113,0.08525,0.12827,0.7720377610029525,-0.647,-0.375,0.3052108961510769,2.4066997708220144,1.9315866778834263,7.663308005028654,3.276423,0.41550675,7.663,1877479808.0,244996000.0,73220496.0,0.158,1.23,9.699,Yahoo Finance,4.03000020980835,3846232.200241089,3.2764229348035365,0.4155067749054902,7.663308005028654,0.0915753637375822,0.0474093991153054,2.851687505102124,-0.2816399083962692,-0.4079897040993283,,0.8754399357265692,0.6446532641912991,0.3706160172667195,-0.5221533329820333,249,2026-09-18 00:00:00+00:00,general,43.75,12.5,37.5,50.0,35.9375,1.0,6.25,13.333333333333334,9.791666666666668,1.0,100.0,93.75,81.25,43.75,79.6875,1.0,6.25,12.5,,6.25,12.5,9.375,0.8,62.5,18.75,40.625,1.0,8.984375,1.9583333333333337,15.9375,1.875,6.09375,34.848958333333336,0.96,True,True,True,5,OK,NAO_PRIORIZAR,3.877681228390683,4.03000020980835,5.0,False,AGUARDAR,34.848958333333336,4.03000020980835,False,-0.43910192854822605,False,42.470052083333336,AGUARDAR,5,9,"score,quality,momentum,trend",RISK_ON,80.0,False
RAPT4,,Randoncorp S.A.,Industrials,Farm & Heavy Construction Machinery,1719030656.0,13065771008.0,1857369984.0,-275657984.0,1931850526.277,4018004992.0,9671263232.0,-0.01442,0.105170004,-0.026500002,5.006217147989263,0.009,,-0.1603566422959707,1.7584178628245566,7.600662014022861,4.804000467792635,,0.56869304,4.804,8922806272.0,1857369984.0,2002244608.0,0.137,-0.79,8.669,Yahoo Finance,4.929999828338623,11792855.389375689,,0.5686930243786622,4.804000467792635,1.164752124118024,0.1532435098375788,3.043689888766933,0.0357141998492553,0.0444915354834043,,1.0149462287032338,0.9076180679039972,0.3977305186226239,-0.3649635087307492,249,2026-09-18 00:00:00+00:00,general,14.285714285714285,21.428571428571427,14.285714285714285,17.85714285714286,16.964285714285715,1.0,21.428571428571427,,21.428571428571427,0.5,10.714285714285714,100.0,96.42857142857144,75.0,70.53571428571428,1.0,39.285714285714285,64.28571428571429,,32.142857142857146,32.142857142857146,41.96428571428572,0.8,32.14285714285714,46.42857142857143,39.285714285714285,1.0,4.241071428571429,4.285714285714286,14.107142857142856,8.392857142857144,5.892857142857142,36.91964285714286,0.86,True,True,True,5,OK,NAO_PRIORIZAR,4.723642710769362,4.929999828338623,5.0,False,AGUARDAR,36.91964285714286,4.929999828338623,False,0.013379311034506625,False,42.35639880952381,AGUARDAR,4,9,"score,quality,momentum,risk,trend",RISK_ON,80.0,False
FESA4,,Cia de Ferro Ligas da Bahia S.A. - FERBASA,Basic Materials,Steel,1904435840.0,2175078912.0,111965000.0,147516000.0,2146295720.0,796387008.0,391535008.0,0.04439,-0.01258,0.06782,0.1824236074980385,-0.181,-0.76,0.072953737044237,1.7259785681444042,1.1421119400903523,13.409671665252532,13.707317,0.57938147,13.41,1501413888.0,111965000.0,-100030624.0,0.225,0.41,9.7,Yahoo Finance,5.619999885559082,6496851.001036962,13.707316794046545,0.5793814315009364,13.409671665252532,-0.0525250690514205,-0.0459894229345551,-3.6158799624882776,-0.0786885289471818,-0.2237568973443331,,1.0013541295167792,0.8273344085187998,0.3650195461501888,-0.4476409180075997,249,2026-09-18 00:00:00+00:00,general,57.89473684210527,5.263157894736842,84.21052631578947,89.47368421052632,59.210526315789465,1.0,5.263157894736842,6.666666666666667,5.964912280701754,1.0,78.94736842105263,78.94736842105263,42.10526315789473,5.26315789473685,51.31578947368421,1.0,26.31578947368421,15.789473684210526,,42.10526315789473,15.789473684210526,25.0,0.8,42.10526315789473,31.57894736842105,36.84210526315789,1.0,14.802631578947366,1.1929824561403508,10.263157894736842,5.0,5.526315789473683,36.78508771929825,0.96,True,True,True,5,OK,NAO_PRIORIZAR,5.381295279596135,5.619999885559082,5.0,False,AGUARDAR,36.78508771929825,5.619999885559082,False,-0.25486912179323085,False,42.25548245614035,AGUARDAR,4,9,"score,quality,momentum,risk,trend",RISK_ON,80.0,False
BRAV3,,Brava Energia S.A.,Energy,Oil & Gas E&P,8059823104.0,12338900992.0,4716587008.0,54457000.0,12282519616.88,4614486016.0,18985000960.0,0.0044400003,0.31874,0.00441,1.545692704118193,0.145,-0.173,0.0057636887608069,1.5239192924418343,1.5309146159642564,4.755628802342662,173.5,0.65620273,4.756,22430337024.0,4716587008.0,1393503872.0,-0.244,0.1,26.44,Yahoo Finance,17.350000381469727,104968861.39125504,173.5000038146973,0.656202737574498,4.755628802342662,0.1728950938524221,0.1129358176148334,3.046803741694062,-0.086361211659555,-0.0440436408241127,,0.9176301591483782,0.9435005513813948,0.3786151426419407,-0.2931578622046242,249,2026-09-18 00:00:00+00:00,general,28.57142857142857,57.14285714285714,28.57142857142857,28.57142857142857,35.71428571428571,1.0,42.85714285714285,16.666666666666664,29.76190476190476,1.0,28.57142857142857,100.0,71.42857142857143,42.85714285714286,60.71428571428572,1.0,14.285714285714285,42.85714285714285,,14.285714285714285,28.57142857142857,25.0,0.8,14.285714285714292,42.85714285714285,28.571428571428573,1.0,8.928571428571427,5.9523809523809526,12.142857142857144,5.0,4.285714285714286,36.30952380952381,0.96,True,True,True,5,OK,NAO_PRIORIZAR,16.61612881268841,17.350000381469727,5.0,False,AGUARDAR,36.30952380952381,17.350000381469727,False,-0.07515586527301044,False,41.898809523809526,AGUARDAR,4,9,"score,quality,momentum,risk,trend",RISK_ON,80.0,False
MGLU3,,Magazine Luiza S.A.,Consumer Cyclical,Specialty Retail,4537744384.0,38284193792.0,1446521984.0,88509000.0,11166730207.828,1762217984.0,8512138752.0,0.00796,0.03479,0.0023100001,0.7622767447209298,-0.026,,0.0188034195748411,2.4608548133557284,8.436833490883563,7.803215888075988,53.181816,0.40636286,7.803,11287523328.0,1446521984.0,2472824320.0,0.809,0.11,14.396,Yahoo Finance,5.849999904632568,139787970.72115898,53.18181731484153,0.4063628719528041,7.803215888075988,0.5449457066641151,0.0645912601277431,4.6663105315100415,0.2662337769570397,-0.332766897015623,,1.200196925076941,0.7997802455232311,0.5997196857203173,-0.6471632960154661,249,2026-09-18 00:00:00+00:00,general,14.285714285714285,14.285714285714285,14.285714285714285,52.38095238095239,23.80952380952381,1.0,19.047619047619047,,19.047619047619047,0.5,9.523809523809524,85.71428571428571,85.71428571428571,42.85714285714286,55.95238095238095,1.0,90.47619047619048,9.523809523809524,,100.0,19.047619047619047,54.76190476190476,0.8,9.523809523809518,9.523809523809524,9.523809523809522,1.0,5.9523809523809526,3.8095238095238098,11.19047619047619,10.952380952380953,1.4285714285714282,33.333333333333336,0.86,True,True,True,5,OK,NAO_PRIORIZAR,5.327080542500626,5.849999904632568,5.0,False,AGUARDAR,33.333333333333336,5.849999904632568,False,-0.3638791214645207,False,41.333333333333336,AGUARDAR,5,9,"score,quality,risk,trend",RISK_ON,80.0,False
AURE3,,Auren Energia S.A.,Utilities,Utilities - Renewable,12901243904.0,13469154304.0,3083714048.0,-1089422976.0,11507699754.864,3638808064.0,23654223872.0,-0.076799996,0.14119,-0.08088,2.055512776304577,0.059,,-0.0844432509071646,0.8919837951519967,1.0440198173312514,11.07825676059572,,1.1210966,11.078,34162176000.0,3083714048.0,364952640.0,0.202,-1.04,11.016,Yahoo Finance,12.350000381469728,36644838.798561096,,1.1210966214115583,11.07825676059572,0.0282881745911994,0.0270954383447532,6.490684770522536,0.0938884342956827,0.0664939950636236,,1.0986176444370948,1.0343167354294385,0.3304177023304094,-0.3121149605132478,249,2026-09-18 00:00:00+00:00,general,5.555555555555555,11.11111111111111,5.555555555555555,11.111111111111114,8.333333333333334,1.0,27.77777777777778,,27.77777777777778,0.5,5.555555555555555,61.11111111111112,77.77777777777779,11.111111111111114,38.88888888888889,1.0,72.22222222222221,83.33333333333334,,100.0,66.66666666666666,80.55555555555554,0.8,16.666666666666657,27.77777777777778,22.222222222222214,1.0,2.083333333333333,5.555555555555556,7.777777777777779,16.11111111111111,3.3333333333333326,34.861111111111114,0.86,True,True,True,5,OK,NAO_PRIORIZAR,11.915561342100125,12.350000381469727,5.0,False,AGUARDAR,34.861111111111114,12.350000381469727,False,0.035381770614725916,False,40.8125,AGUARDAR,4,9,"score,quality,valuation,risk,trend",RISK_ON,80.0,False
PLPL3,,Plano & Plano Desenvolvimento Imobiliário S.A.,Real Estate,Real Estate - Development,1336067456.0,3542717952.0,476988992.0,305308992.0,1118195138.46,876612992.0,1459060992.0,0.31768,0.11321,0.08618,1.3048357498758645,0.167,-0.373,0.231003032492309,0.8369301102262062,2.6516011119725977,4.231752165886461,4.3289475,1.1948429,4.232,2018499200.0,476988992.0,-232610000.0,0.13,1.52,5.507,Yahoo Finance,6.579999923706055,13162862.147378922,4.328947318227668,1.1948429133295906,4.231752165886461,-0.1741004909261108,-0.0656586279663281,1.2210931693786342,-0.2072289430726536,-0.5366197174585332,,0.9102730730033852,0.5854475073733166,0.5022456933979699,-0.6245718252774448,249,2026-09-18 00:00:00+00:00,general,81.25,18.75,18.75,12.5,32.8125,1.0,62.5,20.0,41.25,1.0,81.25,37.5,87.5,93.75,75.0,1.0,18.75,6.25,,18.75,6.25,12.5,0.8,0.0,6.25,3.125,1.0,8.203125,8.25,15.0,2.5,0.46875,34.421875,0.96,True,True,True,5,OK,NAO_PRIORIZAR,6.160209391182724,6.579999923706055,5.0,False,AGUARDAR,34.421875,6.579999923706055,False,-0.5677319419074309,False,40.483072916666664,AGUARDAR,4,9,"score,quality,momentum,risk,trend",RISK_ON,80.0,False
AGRO3,,BrasilAgro - Companhia Brasileira de Propriedades Agrícolas,Consumer Defensive,Farm Products,1801047424.0,893729984.0,-51148000.0,-90009000.0,2025281856.267,184852000.0,1431864960.0,-0.04283,-0.08064,-0.100710005,0.7069954019334443,-0.15,,-0.0499759189017334,1.1245021828836377,0.4962279016590737,,,0.8892824,-59.593,3048060416.0,-51148000.0,-56921624.0,-0.051,-0.9,20.331,Yahoo Finance,18.07999992370605,2424979.9897670746,,0.8892823729135829,-59.593,-0.0316047335797416,-0.0636899567196349,,-0.0103995910945299,-0.1227559733974384,,0.9602209329058244,0.9183095543607293,0.225433656755786,-0.2010676401158867,249,2026-09-18 00:00:00+00:00,general,6.25,12.5,12.5,62.5,23.4375,1.0,12.5,,12.5,0.5,12.5,56.25,12.5,,27.08333333333333,0.75,25.0,43.75,,12.5,50.0,32.8125,0.8,93.75,93.75,93.75,1.0,5.859375,2.5,5.416666666666667,6.5625,14.0625,34.40104166666667,0.8099999999999999,True,True,True,5,OK,NAO_PRIORIZAR,17.709948160621092,18.079999923706055,5.0,False,AGUARDAR,34.401041666666664,18.079999923706055,False,-0.1538681978463362,False,40.467447916666664,AGUARDAR,4,9,"score,quality,valuation,momentum,trend",RISK_ON,80.0,False
NATU3,,Natura Cosméticos S.A.,Consumer Defensive,Household & Personal Products,10904261632.0,21304530944.0,1708397056.0,-342383008.0,12576981773.242,2358257920.0,6758220800.0,-0.02478,0.07689,-0.1247,0.5373483814994762,-0.077,-0.889,-0.0313990088971482,1.1534005020729317,1.9537802432655351,8.962427394864347,,0.86700153,8.962,15311384576.0,1708397056.0,3814566400.0,0.521,-0.37,9.158,Yahoo Finance,7.940000057220459,64347943.963730335,,0.8670015349662,8.962427394864347,0.3498234478165536,0.1790495369284014,2.575491958703071,0.058666674296061,-0.1508021675639365,,0.9451480858863776,0.9008293622967978,0.4483000377914941,-0.3056074803006088,249,2026-09-18 00:00:00+00:00,general,18.75,50.0,6.25,75.0,37.5,1.0,18.75,7.6923076923076925,13.221153846153848,1.0,18.75,62.5,56.25,0.0,34.375,1.0,50.0,31.25,,6.25,43.75,32.8125,0.8,43.75,75.0,59.375,1.0,9.375,2.6442307692307696,6.875,6.5625,8.90625,34.362980769230774,0.96,True,True,True,5,OK,NAO_PRIORIZAR,7.540313893039974,7.940000057220459,5.0,False,AGUARDAR,34.362980769230774,7.940000057220459,False,-0.18191439201283421,False,40.438902243589745,AGUARDAR,4,9,"score,quality,valuation,momentum,trend",RISK_ON,80.0,False
AZZA3,,Azzas 2154 S.A.,Consumer Cyclical,Footwear & Accessories,2891115264.0,11365137408.0,1103817984.0,324176000.0,8040333128.486,952432000.0,3973318912.0,0.03958,0.0444,0.02852,0.4941734189996402,-0.082,-0.943,0.3489510200832827,2.781048986648323,3.931056485197264,5.355957353200725,2.8657317,0.35957655,5.356,5912002048.0,1103817984.0,837071360.0,0.018,4.99,39.769,Yahoo Finance,14.300000190734863,37000201.8268458,2.865731501149271,0.3595765593989002,5.355957353200725,0.2895323373727655,0.0736525507743337,2.736761817426595,-0.1856491671044915,-0.4725193703878186,,0.8718236473156555,0.6708567772796991,0.4600737305351518,-0.5179891015002909,249,2026-09-18 00:00:00+00:00,general,19.047619047619047,23.809523809523807,28.57142857142857,76.19047619047619,36.9047619047619,1.0,9.523809523809524,5.555555555555555,7.5396825396825395,1.0,95.23809523809524,90.47619047619048,71.42857142857143,71.42857142857143,82.14285714285715,1.0,19.047619047619047,4.761904761904762,,4.761904761904762,4.761904761904762,8.333333333333334,0.8,19.04761904761905,23.809523809523807,21.42857142857143,1.0,9.226190476190474,1.507936507936508,16.42857142857143,1.666666666666667,3.2142857142857144,32.04365079365079,0.96,True,True,True,5,OK,NAO_PRIORIZAR,13.453431398276447,14.300000190734863,5.0,False,AGUARDAR,32.04365079365079,14.300000190734863,False,-0.5036315948367164,False,38.69940476190476,AGUARDAR,4,9,"score,quality,momentum,risk,trend",RISK_ON,80.0,False
JALL3,,Jalles Machado S/A,Consumer Defensive,Confectioners,675466752.0,1984231936.0,807641024.0,-50626000.0,1936237550.544,1638480000.0,4682607104.0,-0.02579,-0.17209,-0.025510002,2.418405274024557,-0.326,,-0.0749496549609595,2.866517844704217,2.937571583093997,4.605503704576552,,0.34885532,4.606,3719593728.0,807641024.0,-31155750.0,0.071,-0.17,6.421,Yahoo Finance,2.240000009536743,2681418.144749403,,0.3488553199714597,4.605503704576552,-0.046124772104253,-0.0157016674486182,3.769158590933588,0.0175710903284271,-0.2860850256622863,,1.007179106436766,0.8133942217327308,0.4628784923335664,-0.4807191527491039,249,2026-09-18 00:00:00+00:00,general,12.5,6.25,18.75,25.0,15.625,1.0,6.25,,6.25,0.5,6.25,93.75,68.75,80.0,62.1875,1.0,37.5,6.25,,37.5,18.75,25.0,0.8,37.5,37.5,37.5,1.0,3.90625,1.25,12.4375,5.0,5.625,28.21875,0.86,True,True,True,5,OK,NAO_PRIORIZAR,2.0933336749141422,2.240000009536743,5.0,False,AGUARDAR,28.21875,2.240000009536743,False,-0.31719725011118405,False,35.830729166666664,AGUARDAR,4,9,"score,quality,momentum,risk,trend",RISK_ON,80.0,False
PCAR3,,Companhia Brasileira De Distribuicao,Consumer Cyclical,Department Stores,1502268800.0,18272000000.0,1080000000.0,-1932000000.0,408814110.43,669000000.0,8527000064.0,-1.29364,0.037839998,-0.116459996,20.857890778356712,-0.096,,-1.2860547992476443,0.2721311471840903,12.162936486466338,8.66691508148148,,3.6746988,8.667,9360268288.0,1080000000.0,-393750016.0,0.86,-3.93,0.83,Yahoo Finance,3.049999952316284,13897304.449396132,,3.674698737730463,8.66691508148148,-0.2621035702798327,-0.0215493660245183,7.275925985185185,0.502463051872954,0.4805825422504353,,1.0924068641897882,1.0772246311765947,0.6825088382970548,-0.6651376161839402,249,2026-09-18 00:00:00+00:00,general,4.761904761904762,19.047619047619047,4.761904761904762,0.0,7.142857142857143,1.0,4.761904761904762,,4.761904761904762,0.5,4.761904761904762,4.761904761904762,95.23809523809524,19.04761904761905,30.95238095238095,1.0,100.0,100.0,,80.95238095238095,90.47619047619048,92.85714285714286,0.8,0.0,4.761904761904762,2.380952380952381,1.0,1.7857142857142858,0.9523809523809524,6.19047619047619,18.571428571428573,0.3571428571428571,27.857142857142858,0.86,True,True,True,5,OK,NAO_PRIORIZAR,2.8629920410793193,3.049999952316284,5.0,False,AGUARDAR,27.857142857142858,3.049999952316284,False,0.44947031780153757,False,35.55952380952381,AGUARDAR,4,9,"score,quality,valuation,risk,trend",RISK_ON,80.0,False
DASA3,,Diagnósticos da América S.A.,Healthcare,Diagnostics & Research,3549507584.0,9324487680.0,1477895040.0,-892902976.0,6840301381.329,958700992.0,7672385024.0,-0.12092,0.10771,-0.096,1.1216442955192327,-0.098,,-0.251556858203349,1.927112741876738,2.626980633040957,6.961699039195639,,0.518911,6.962,10288660480.0,1477895040.0,489755488.0,0.327,-0.71,5.473,Yahoo Finance,2.8399999141693115,2774249.182823102,,0.5189110020408024,6.961699039195639,0.1379784312076567,0.0525235814349856,4.542733990094452,0.0757575004991888,-0.1695906868964594,,1.0662261292348358,0.8681696330452988,0.8672480069740257,-0.5413043611216413,249,2026-09-18 00:00:00+00:00,general,11.11111111111111,44.44444444444444,11.11111111111111,22.22222222222221,22.22222222222222,1.0,11.11111111111111,,11.11111111111111,0.5,11.11111111111111,100.0,77.77777777777779,66.66666666666667,63.8888888888889,1.0,22.22222222222222,22.22222222222222,,44.44444444444444,22.22222222222222,27.77777777777778,0.8,0.0,22.22222222222222,11.11111111111111,1.0,5.555555555555555,2.2222222222222223,12.77777777777778,5.555555555555556,1.6666666666666663,27.777777777777786,0.86,True,True,True,5,OK,NAO_PRIORIZAR,2.6317875183807167,2.8399999141693115,5.0,False,AGUARDAR,27.777777777777782,2.8399999141693115,False,-0.20070291134535712,False,35.5,AGUARDAR,4,9,"score,quality,momentum,risk,trend",RISK_ON,80.0,False
BRAP4,,Bradespar S.A.,Financial Services,Asset Management,8333648384.0,,,584438976.0,5223820141.624001,254451008.0,4086000.0,0.0695,0.0,0.0,0.0007821861950112,,-0.439,0.0660377321110717,0.9658961391199528,,,15.142858,1.035308,,8083282944.0,,-63545124.0,0.548,1.4,20.477,Yahoo Finance,21.200000762939453,38626472.05674489,15.142857687813896,1.035307943689967,,-0.0076251266038536,,,-0.0652557108607524,-0.0363636016845703,,0.9829650669036532,0.9510922763374668,0.2630890345120434,-0.2079246482797458,249,2026-09-18 00:00:00+00:00,financial,15.789473684210526,,,,15.789473684210526,1.0,,5.88235294117647,5.88235294117647,1.0,26.31578947368421,57.89473684210527,,,42.10526315789474,1.0,15.789473684210526,21.052631578947366,,15.789473684210526,15.789473684210526,17.105263157894736,0.8,52.631578947368425,68.42105263157895,60.526315789473685,1.0,3.947368421052632,1.1764705882352942,8.421052631578949,3.421052631578948,9.078947368421051,26.044891640866872,0.96,True,True,True,5,OK,NAO_PRIORIZAR,20.542316998854997,21.200000762939453,5.0,False,AGUARDAR,26.044891640866872,21.200000762939453,False,-0.06747582613346803,False,34.20033539731682,AGUARDAR,4,9,"score,quality,valuation,momentum,trend",RISK_ON,80.0,False
CSAN3,,Cosan S.A.,Energy,Oil & Gas Refining & Marketing,14398750720.0,40083075072.0,14518722560.0,-8892040192.0,4970527311.96,18848641024.0,60890140672.0,-0.27222002,0.27934998,-0.22184,12.25023762076252,0.028,,-0.6175563675568654,0.3452054552403845,2.783788389108246,5.742928559136266,,2.8968256,5.743,83379986432.0,14518722560.0,-1259318656.0,0.485,-2.9,1.26,Yahoo Finance,3.650000095367432,102825253.76995802,,2.8968254725138345,5.742928559136266,-0.0874602721089402,-0.0314177156752051,2.8956748415199414,0.0458452966743476,-0.296724459513356,,0.9772423218388646,0.7647182245347393,0.5019411674102138,-0.6012738659278465,249,2026-09-18 00:00:00+00:00,general,14.285714285714285,42.85714285714285,14.285714285714285,0.0,17.857142857142854,1.0,28.57142857142857,,28.57142857142857,0.5,14.285714285714285,14.285714285714285,85.71428571428571,14.285714285714292,32.14285714285714,1.0,28.57142857142857,14.285714285714285,,28.57142857142857,14.285714285714285,21.428571428571423,0.8,0.0,14.285714285714285,7.142857142857142,1.0,4.4642857142857135,5.714285714285714,6.428571428571428,4.285714285714285,1.0714285714285714,21.96428571428571,0.86,True,True,True,5,OK,NAO_PRIORIZAR,3.4499419162170373,3.6500000953674316,5.0,False,AGUARDAR,21.96428571428571,3.6500000953674316,False,-0.32783668396225374,False,29.473214285714285,AGUARDAR,3,9,"score,quality,valuation,momentum,risk,trend",RISK_ON,80.0,False
HAPV3,,Hapvida Participações e Investimentos S.A.,Financial Services,Insurance - Life,2950296064.0,31855859712.0,2590641920.0,-173622000.0,48062270438.450005,7887419904.0,15852745728.0,-0.00358,0.38616002,-0.00545,0.3298376373688277,0.413,,-0.0588490091277835,16.290659776282325,10.79751286683071,4.213916723774778,,0.061384868,4.214,10916749312.0,2590641920.0,-515316128.0,0.195,-0.36,101.165,Yahoo Finance,6.210000038146973,47325416.690711975,,0.0613848666845942,4.213916723774778,-0.1746659036318329,-0.0161764941413865,3.074653336884165,-0.3976721837633208,-0.2436053581860162,,0.7104287777633297,0.5539523780821908,0.786096045563005,-0.8430412300943833,249,2026-09-18 00:00:00+00:00,financial,5.263157894736842,,,,5.263157894736842,1.0,,,,0.0,5.263157894736842,100.0,,,52.63157894736842,1.0,5.263157894736842,5.263157894736842,,5.263157894736842,5.263157894736842,5.263157894736842,0.8,0.0,5.263157894736842,2.631578947368421,1.0,1.3157894736842104,,10.526315789473683,1.0526315789473684,0.3947368421052631,16.611842105263158,0.76,True,True,True,4,OK,NAO_PRIORIZAR,5.809933046063127,6.210000038146973,5.0,False,AGUARDAR,13.289473684210527,6.210000038146973,False,-0.27471758263491397,False,24.63377192982456,AGUARDAR,4,9,"score,quality,momentum,risk,trend",RISK_ON,80.0,False
