ticker,name,close,change,volume,market_cap,logo,sector,subsector,type,subtype,asset_class,turnover_proxy,price_now,ret_21d,ret_63d,ret_126d,ret_252d,volatility,max_drawdown,ma50,ma200,avg_daily_value,dividend_yield_12m,dividend_months_12m,relative_strength_6m,trend_confirm,fundamental_coverage,momentum_score,risk_score,liquidity_score,trend_score,roe,profit_margin,revenue_growth,earnings_growth,debt_to_equity,forward_pe,price_to_book,quality_score,growth_score,valuation_score,opportunity_score,income_score,class_percentile,regime,regime_score,global_opportunity_score,entry_watch_low,entry_watch_high,signal,strengths,risks
SPXR11,SPXR11,75.67,0.24,467479.0,,https://icons.brapi.dev/icons/BRAPI.svg,Miscellaneous,,fund,etf,ETF,35374135.93,75.48999786376953,0.06084870684128063,0.038234064286909675,0.166589382349158,,0.14043693092252893,-0.08312851121537379,73.42299987792968,67.32875,19049063.453251068,0.0,0.0,0.2463866159759932,True,,83.45771144278608,78.26492537313433,94.96268656716418,100.0,,,,,,,,,,,87.43501243781095,,100.0,RISK_ON,75.0,94.9870024875622,74.57187379064695,75.48999786376953,AVALIAR_COMPRA,"momentum, risco controlado, liquidez, tendência positiva",nenhum alerta quantitativo principal
AZIN11,AZIN11,95.56,0.43,16476.0,,https://icons.brapi.dev/icons/BRAPI.svg,Miscellaneous,,fund,fi-infra,FI-INFRA,1574446.56,95.55999755859375,0.0013085913189128107,0.0019275837417427333,0.029125036172743757,0.16032578915232443,0.11136478911646626,-0.05002654642695292,96.6444189453125,93.8682022857666,1188516.202588157,0.19150272569627405,12.0,0.10892226979957897,True,,63.61940298507462,89.27238805970148,68.47014925373134,100.0,,,,,,,,,,,83.40485074626865,97.5,100.0,RISK_ON,75.0,94.18097014925374,94.63837168050937,95.55999755859375,AVALIAR_COMPRA,"risco controlado, tendência positiva",nenhum alerta quantitativo principal
ISEN11,ISEN11,117.72,-0.15,27889.0,,https://icons.brapi.dev/icons/BRAPI.svg,,,fund,etf,ETF,3283093.08,117.72000122070312,-0.002119182821167298,0.02222991904467997,0.06034952963633655,0.14147197087025631,0.08226794948260253,-0.019701352728119348,117.5484001159668,112.58939994812012,3704529.9705557446,0.0,0.0,0.14014676326317177,True,,71.76616915422886,96.26865671641792,83.2089552238806,100.0,,,,,,,,,,,86.08830845771145,,99.10714285714286,RISK_ON,75.0,94.09266169154229,116.8812917205664,117.72000122070312,AVALIAR_COMPRA,"risco controlado, liquidez, tendência positiva",nenhum alerta quantitativo principal
JHSF3,JHSF Participações S.A.,,,,,,,,,,AÇÃO B3,,10.359999656677246,,,,,,,,,,,,,True,,,,,,,,,,,,,,,,75.625,,100.0,RISK_ON,,93.915625,10.041272540408674,10.359999656677246,AVALIAR_COMPRA,,
KNCR11,KNCR11,107.59,0.18,162859.0,,https://icons.brapi.dev/icons/BRAPI.svg,Miscellaneous,Multicategoria,fund,fii,FII,17521999.810000002,107.4000015258789,0.016814442977018507,0.036600785664838265,0.07195550417717556,0.18640809052384344,0.0660731590129812,-0.03115630363225874,106.17039169311523,101.32810817718506,21053866.882416256,0.13348282864358815,12.0,0.11432219091814155,True,,73.75621890547264,96.64179104477611,95.33582089552239,100.0,,,,,,,,,,,80.10246289215081,57.02479338842976,100.0,RISK_ON,75.0,93.52049257843017,106.78544760969436,107.4000015258789,AVALIAR_COMPRA,"risco controlado, liquidez, tendência positiva",nenhum alerta quantitativo principal
PETR4,Petróleo Brasileiro S.A. - Petrobras,,,,,,,,,,AÇÃO B3,,42.70000076293945,,,,,,,,,,,,,True,,,,,,,,,,,,,,,,75.08928571428572,,99.37888198757764,RISK_ON,,93.36030667701863,41.52731658301845,42.70000076293945,AVALIAR_COMPRA,,
IVVB11,IVVB11,452.05,0.46,163900.0,,https://icons.brapi.dev/icons/BRAPI.svg,Miscellaneous,,fund,etf,ETF,74090995.0,450.0,0.06746371241605598,0.045539048284070516,0.12635165291967576,0.14184215435358682,0.1279211615409524,-0.1351020159373808,437.984599609375,415.9219500732422,54205017.01349071,0.0,0.0,0.20614888654651098,True,,82.46268656716418,70.42910447761194,97.94776119402985,100.0,,,,,,,,,,,85.50839552238806,,98.21428571428571,RISK_ON,75.0,93.3516791044776,445.0147660990765,450.0,AVALIAR_COMPRA,"momentum, liquidez, tendência positiva",nenhum alerta quantitativo principal
CAUT11,CAUT11,100.0,0.0,3295.0,,https://icons.brapi.dev/icons/BRAPI.svg,,,fund,fidc,FIDC,329500.0,100.0,0.015111430536365988,0.0292300162458341,0.07213667517715505,,0.20234239652671906,-0.06949996948242188,97.9879167175293,94.22025100708008,232820.02574521018,0.13990516,10.0,0.15193390880399027,True,,75.06218905472637,70.5223880597015,38.80597014925373,100.0,,,,,,,,,,,78.69092039800995,100.0,100.0,RISK_ON,75.0,93.238184079602,98.24766344345237,100.0,AVALIAR_COMPRA,"momentum, tendência positiva",nenhum alerta quantitativo principal
KNUQ11,KNUQ11,104.46,0.28,42444.0,,https://icons.brapi.dev/icons/BRAPI.svg,Miscellaneous,,fund,fii,FII,4433700.239999999,104.16999816894531,0.004445337692133622,0.02356487849404032,0.05527210194282617,0.1432625750116472,0.06464153909981157,-0.021215608119763973,103.6069839477539,99.49383907318115,4248227.697927687,0.1417874652934684,12.0,0.09763878868379217,True,,68.84328358208954,97.20149253731344,85.07462686567165,100.0,,,,,,,,,,,79.63775132601455,62.8099173553719,99.58677685950413,RISK_ON,75.0,93.13829406685579,103.5868418625391,104.16999816894531,AVALIAR_COMPRA,"risco controlado, liquidez, tendência positiva",nenhum alerta quantitativo principal
VGIR11,VGIR11,9.41,-0.21,529129.0,,https://icons.brapi.dev/icons/VGIR11.svg,Miscellaneous,Multicategoria,fund,fii,FII,4979103.89,9.430000305175781,0.01399358383003757,0.014642535561740777,0.03987843774966815,0.16488724602656535,0.1036532982132406,-0.046293171971373615,9.40866310119629,9.0962948179245,4194051.0006500576,0.16012724826437347,12.0,0.08224512449063415,True,,65.29850746268657,90.85820895522387,84.88805970149254,100.0,,,,,,,,,,,79.48834340693227,69.21487603305785,99.17355371900827,RISK_ON,75.0,92.81915628469224,9.345350597195624,9.430000305175781,AVALIAR_COMPRA,"risco controlado, liquidez, tendência positiva",nenhum alerta quantitativo principal
FLRY3,Fleury S.A.,,,,,,,,,,AÇÃO B3,,18.739999771118164,,,,,,,,,,,,,True,,,,,,,,,,,,,,,,76.40625,,98.75776397515527,RISK_ON,,92.7218410326087,18.030714160776544,18.739999771118164,AVALIAR_COMPRA,,quality
JPMC34,JPMC34,186.16,1.64,22170.0,4917850823709.26,https://icons.brapi.dev/icons/BRAPI.svg,Finance,,bdr,bdr,AÇÃO GLOBAL / BDR,4127167.1999999997,183.14999389648438,0.03744194438502202,0.2168053081986252,0.17528709689864264,0.16303062484133335,0.23037112669454296,-0.1844333004012655,178.08557006835937,163.83557014465333,6849703.896055191,0.011811602905226877,4.0,0.048935443978966875,True,False,80.72139303482588,46.548507462686565,89.55223880597015,100.0,,,,,,,,,,,70.84723880597015,,100.0,RISK_ON,85.0,92.66944776119404,179.4960187708424,183.14999389648438,AVALIAR_COMPRA,"momentum, liquidez, tendência positiva",nenhum alerta quantitativo principal
WRLD11,WRLD11,151.22,0.31,28417.0,,https://icons.brapi.dev/icons/BRAPI.svg,Miscellaneous,,fund,etf,ETF,4297218.74,150.75,0.0718856701807955,0.04738419836914454,0.09644333389378779,0.15146656055910657,0.1280069375801683,-0.10756831676519651,146.5503988647461,139.43119968414305,6023161.893260169,0.0,0.0,0.176240567520623,True,,80.41044776119402,75.65298507462686,88.61940298507463,100.0,,,,,,,,,,,84.52145522388058,,97.32142857142857,RISK_ON,75.0,92.52929104477612,149.0788268084385,150.75,AVALIAR_COMPRA,"momentum, risco controlado, liquidez, tendência positiva",nenhum alerta quantitativo principal
RZLC11,RZLC11,1011.25,0.06,57.0,,https://icons.brapi.dev/icons/BRAPI.svg,,,fund,fii,FII,57641.25,1010.6400146484375,0.011738205092735043,0.03731029820611753,0.07480468675201113,0.15981580038953025,0.009481629556306324,-0.011178903422545128,996.8525854492187,954.9478033447266,831639.8688703264,0.1468256578497126,12.0,0.11717137349297713,True,,74.56467661691543,98.97388059701493,61.75373134328358,100.0,,,,,,,,,,,79.19622959582253,65.28925619834712,98.7603305785124,RISK_ON,75.0,92.47147732412319,1009.8101445725886,1010.6400146484375,AVALIAR_COMPRA,"risco controlado, tendência positiva",nenhum alerta quantitativo principal
PFIN11,PFIN11,61.82,-0.93,5327.0,,https://icons.brapi.dev/icons/BRAPI.svg,Miscellaneous,,fund,fip,FIP,329315.14,61.81999969482422,0.005039853385632398,-0.03179324710743181,0.04190570841104413,0.2060862555181222,0.19403276868910932,-0.07665241874916684,62.06719993591309,58.334097900390624,1102149.1876572503,0.48754448639253917,4.0,0.12170294203787935,True,,59.57711442786069,70.05597014925374,67.16417910447761,100.0,,,,,,,,,,,72.73009950248756,75.0,100.0,RISK_ON,75.0,92.04601990049751,60.78119306899696,61.81999969482422,AVALIAR_COMPRA,tendência positiva,nenhum alerta quantitativo principal
SNEL11,SNEL11,8.26,0.12,393678.0,,https://icons.brapi.dev/icons/BRAPI.svg,Miscellaneous,Outros,fund,fii,FII,3251780.28,8.25,0.0023719969257085527,0.006036976378560821,0.03230659776310851,0.12572646964478928,0.09454886425659506,-0.03194403111702826,8.184501113891601,8.007305884361267,4664385.902212567,0.14545454545454548,12.0,0.07467328450407451,True,,62.56218905472637,93.84328358208955,86.56716417910447,100.0,,,,,,,,,,,78.44519139838,65.08264462809917,98.34710743801654,RISK_ON,75.0,92.03201348628757,8.182447582365228,8.25,AVALIAR_COMPRA,"risco controlado, liquidez, tendência positiva",nenhum alerta quantitativo principal
NVDC34,NVDC34,23.41,-4.25,8657259.0,27123409588965.336,https://icons.brapi.dev/icons/BRAPI.svg,Electronic Technology,,bdr,bdr,AÇÃO GLOBAL / BDR,202666433.19,24.450000762939453,0.19559901470756946,0.08996686694562239,0.23651820194783668,0.21032003393734255,0.3840348857303254,-0.2197139736641457,22.25860008239746,21.13030634880066,105834050.4281734,0.0008670347377711654,4.0,0.11016654902816092,True,False,84.45273631840796,31.436567164179106,99.44029850746269,100.0,,,,,,,,,,,69.73712686567163,,99.23664122137404,RISK_ON,85.0,91.91307422809615,23.636832938294525,24.450000762939453,AVALIAR_COMPRA,"momentum, liquidez, tendência positiva",risco elevado
ISAE4,ISA Energía Brasil S.A.,,,,,,,,,,AÇÃO B3,,26.649999618530277,,,,,,,,,,,,,False,,,,,,,,,,,,,,,,74.60561497326204,,98.13664596273291,RISK_ON,,91.88191554289699,26.194311293863866,26.649999618530277,AVALIAR_COMPRA,,trend
SPXU11,SPXU11,17.21,0.47,111840.0,,https://icons.brapi.dev/icons/BRAPI.svg,Miscellaneous,,fund,etf,ETF,1924766.4000000001,17.1299991607666,0.06529846032602138,0.04578754813348218,0.12771557827352797,0.13594159465729883,0.12825188381486707,-0.13828496872166984,16.62099987030029,15.836949954032898,7829527.365536372,0.0,0.0,0.2075128119003632,True,,83.0223880597015,69.58955223880596,91.23134328358209,100.0,,,,,,,,,,,84.26865671641791,,96.42857142857143,RISK_ON,75.0,91.85373134328358,16.93973730593114,17.1299991607666,AVALIAR_COMPRA,"momentum, liquidez, tendência positiva",nenhum alerta quantitativo principal
SNME11,SNME11,9.27,-1.49,15661.0,,https://icons.brapi.dev/icons/BRAPI.svg,,Multicategoria,fund,fii,FII,145177.47,9.40999984741211,0.01393913261864732,0.04150778652969467,0.0646708417914299,0.17040757574715193,0.11295728267860071,-0.04531739808817081,9.229107837677002,8.897425990104676,297092.0413550271,0.16790648518815052,12.0,0.1070375285323959,True,,73.38308457711442,89.4589552238806,43.47014925373134,100.0,,,,,,,,,,,76.82273549607336,71.900826446281,97.93388429752066,RISK_ON,75.0,91.41826610747914,9.317947581266841,9.40999984741211,AVALIAR_COMPRA,"risco controlado, tendência positiva",nenhum alerta quantitativo principal
ALUP11,Alupar Investimento S.A.,,,,,,,,,,AÇÃO B3,,32.529998779296875,,,,,,,,,,,,,False,,,,,,,,,,,,,,,,74.43181818181819,,97.51552795031056,RISK_ON,,91.40802865612648,31.75902676285989,32.529998779296875,AVALIAR_COMPRA,,trend
COCA34,COCA34,78.14,1.35,20369.0,1995688275664.7698,https://icons.brapi.dev/icons/BRAPI.svg,Consumer Non-Durables,,bdr,bdr,AÇÃO GLOBAL / BDR,1591633.66,77.0999984741211,0.023768436775404966,0.16779058547549308,0.1390640551224147,0.26789234662658856,0.2657370633805663,-0.11285785296505557,72.83699966430665,66.80452453613282,2038987.280547248,0.02366367102604276,4.0,0.012712402202738948,True,False,74.37810945273631,55.410447761194035,75.3731343283582,100.0,,,,,,,,,,,68.67611940298507,,98.47328244274809,RISK_ON,85.0,91.16652159052067,75.325657292128,77.0999984741211,AVALIAR_COMPRA,"liquidez, tendência positiva",nenhum alerta quantitativo principal
KNSC11,KNSC11,9.15,1.1,538735.0,,https://icons.brapi.dev/icons/KNSC11.svg,Miscellaneous,Multicategoria,fund,fii,FII,4929425.25,9.050000190734863,0.01432587974713706,0.016611618491344737,0.058656892265721794,0.18531345481189132,0.06293247338772473,-0.04392505994027751,8.98784631729126,8.549289650917054,4610919.858718781,0.12683657191246894,12.0,0.10102357900668779,True,,68.3457711442786,95.42910447761193,86.38059701492537,100.0,,,,,,,,,,,76.72723161054233,54.13223140495868,97.52066115702479,RISK_ON,75.0,91.10990913202582,9.000676675482872,9.050000190734863,AVALIAR_COMPRA,"risco controlado, liquidez, tendência positiva",nenhum alerta quantitativo principal
BINC11,BINC11,103.06,-0.18,6336.0,,https://icons.brapi.dev/icons/BRAPI.svg,,,fund,etf,ETF,652988.16,103.05999755859375,-0.0007086181325015595,0.038694808755858956,0.0637916013393669,0.24731737216323824,0.07429694491247282,-0.03670157060148549,102.34998184204102,97.00120429992675,819003.4417642261,0.1552493729771666,11.0,0.14358883496620212,True,,75.62189054726367,95.52238805970148,61.38059701492538,100.0,,,,,,,,,,,83.30721393034825,,95.53571428571429,RISK_ON,75.0,91.03644278606966,102.39687818635912,103.05999755859375,AVALIAR_COMPRA,"momentum, risco controlado, tendência positiva",nenhum alerta quantitativo principal
AFHF11,AFHF11,10.04,0.7,1298.0,,https://icons.brapi.dev/icons/BRAPI.svg,,,fund,fii,FII,13031.919999999998,9.970000267028809,0.0081012191461165,0.04601125465083311,0.0845505817593506,0.17200719417121002,0.0469339265998269,-0.016715615935690598,9.84613245010376,9.355981984138488,92791.4262134764,0.16198595353511372,12.0,0.1269172685003166,True,,77.11442786069651,98.32089552238807,25.0,100.0,,,,,,,,,,,76.7037333991201,70.24793388429752,97.10743801652893,RISK_ON,75.0,90.81595329139427,9.929476231126845,9.970000267028809,AVALIAR_COMPRA,"momentum, risco controlado, tendência positiva",liquidez baixa
VTRU3,Vitru Educação S.A.,,,,,,,,,,AÇÃO B3,,13.649999618530272,,,,,,,,,,,,,False,,,,,,,,,,,,,,,,73.42948717948718,,96.8944099378882,RISK_ON,,90.74772157190635,13.086335416413585,13.649999618530272,WATCHLIST,,trend
F1TN34,F1TN34,71.82,-3.92,2939.0,630090333295.3958,https://icons.brapi.dev/icons/BRAPI.svg,Technology Services,,bdr,bdr,AÇÃO GLOBAL / BDR,211078.97999999998,74.75,0.149970574765097,0.30075404881210455,1.2070765162112909,1.1280128841054946,0.46396585759758363,-0.1818451857910829,67.56033317565918,46.72283290863037,373844.4131306239,0.0,0.0,1.080724863291615,True,False,98.13432835820895,32.089552238805965,48.32089552238806,100.0,,,,,,,,,,,68.10264925373133,,97.70992366412213,RISK_ON,85.0,90.51747641563175,71.74649851171814,74.75,AVALIAR_COMPRA,"momentum, tendência positiva",risco elevado
MCCI11,MCCI11,94.99,0.31,61601.0,,https://icons.brapi.dev/icons/MCCI11.svg,,Multicategoria,fund,fii,FII,5851478.989999999,94.69999694824219,0.016037197917128765,0.019479274149878822,0.07377881356372074,0.2698147592311946,0.1030706908292398,-0.04050834678751358,92.62433792114258,88.61474220275879,4548174.440486363,0.1267159491732459,12.0,0.11614550030468673,True,,71.20646766169155,92.16417910447761,86.19402985074626,100.0,,,,,,,,,,,76.55724476789607,53.719008264462815,96.69421487603306,RISK_ON,75.0,90.49739936680236,93.85468738246658,94.69999694824219,AVALIAR_COMPRA,"risco controlado, liquidez, tendência positiva",nenhum alerta quantitativo principal
VBBR3,Vibra Energia S.A.,,,,,,,,,,AÇÃO B3,,33.349998474121094,,,,,,,,,,,,,True,,,,,,,,,,,,,,,,72.9375,,96.27329192546584,RISK_ON,,90.20224184782607,32.48264319331989,33.349998474121094,WATCHLIST,,quality
SPYI11,SPYI11,110.08,0.54,47369.0,,https://icons.brapi.dev/icons/BRAPI.svg,Miscellaneous,,fund,etf,ETF,5214379.52,110.08000183105469,0.05988287257492875,0.05860235111989098,0.10426280286585943,0.11423223273175909,0.11449914010503588,-0.12637269178301858,106.75488479614258,102.86248928070069,1986332.2169111948,0.11867226365102285,12.0,0.18406003649269465,True,,82.2139303482587,74.25373134328358,74.44029850746269,100.0,,,,,,,,,,,82.2226368159204,,94.64285714285714,RISK_ON,75.0,90.19452736318408,108.98845773511898,110.08000183105469,AVALIAR_COMPRA,"momentum, tendência positiva",nenhum alerta quantitativo principal
VCRI11,VCRI11,7.34,-1.08,33519.0,,https://icons.brapi.dev/icons/BRAPI.svg,,Outros,fund,fii,FII,246029.46,7.420000076293945,0.047263473494371766,0.03163638834700433,0.0386033886349888,0.3952106417431629,0.13877218242410674,-0.044213311053208804,7.180771036148071,6.963164381980896,245923.75007389463,0.269541776204258,12.0,0.0809700753759548,True,,67.59950248756219,84.794776119403,39.73880597014926,100.0,,,,,,,,,,,76.27718843797541,78.92561983471074,96.28099173553719,RISK_ON,75.0,90.1521319024711,7.330826340771172,7.420000076293945,AVALIAR_COMPRA,"risco controlado, tendência positiva",nenhum alerta quantitativo principal
PORD11,PORD11,8.3,-1.54,140648.0,,https://icons.brapi.dev/icons/BRAPI.svg,,Multicategoria,fund,fii,FII,1167378.4000000001,8.430000305175781,0.015446697955848965,0.045787271901264415,0.07552030957283473,0.23358323191277575,0.11103502547147286,-0.04523799738375334,8.265052318572998,7.832385656833648,674208.0459548027,0.14104388576000262,12.0,0.11788699631380073,True,,75.9950248756219,90.01865671641791,57.08955223880597,100.0,,,,,,,,,,,76.16842440689116,61.98347107438017,95.86776859504133,RISK_ON,75.0,89.84112289790717,8.348938136457688,8.430000305175781,AVALIAR_COMPRA,"momentum, risco controlado, tendência positiva",nenhum alerta quantitativo principal
M1RN34,M1RN34,36.24,-0.19,170654.0,285000310108.6394,https://icons.brapi.dev/icons/BRAPI.svg,Health Technology,,bdr,bdr,AÇÃO GLOBAL / BDR,6184500.96,36.310001373291016,1.6484318944027248,1.978671257029632,1.7654227766042268,4.269956760073462,3.554086725996761,-0.3562292866100697,19.325800094604492,13.208100039958953,2466439.083524825,0.0,0.0,1.639071123684551,True,False,99.62686567164178,10.3544776119403,78.73134328358209,100.0,,,,,,,,,,,67.25910447761194,,96.94656488549617,RISK_ON,85.0,89.8144163153697,25.41700096130371,36.310001373291016,AVALIAR_COMPRA,"momentum, liquidez, tendência positiva",risco elevado
EXES11,EXES11,9.49,0.11,3992.0,,https://icons.brapi.dev/icons/BRAPI.svg,,Multicategoria,fund,fii,FII,37884.08,9.479999542236328,0.005187172313077193,0.03376551363238289,0.09013122260621032,0.16667181118800767,0.0860523716254351,-0.031186922238513493,9.427668628692627,8.887423367500306,97492.62753743974,0.1645569699713294,12.0,0.1324979093471763,True,,75.9950248756219,95.05597014925374,25.37313432835821,100.0,,,,,,,,,,,76.09718967147732,71.07438016528926,95.45454545454545,RISK_ON,75.0,89.53761975247728,9.409351229838162,9.479999542236328,AVALIAR_COMPRA,"momentum, risco controlado, tendência positiva",liquidez baixa
CBAV3,Companhia Brasileira de Alumínio,,,,,,,,,,AÇÃO B3,,11.210000038146973,,,,,,,,,,,,,True,,,,,,,,,,,,,,,,71.3157894736842,,95.65217391304348,RISK_ON,,89.40257437070937,11.160288929721911,11.210000038146973,WATCHLIST,,score
ISET11,ISET11,117.4,0.0,205.0,,https://icons.brapi.dev/icons/BRAPI.svg,,,fund,etf,ETF,24067.0,117.4000015258789,0.008937787126780172,0.0365530576687505,0.07312614157603625,0.15154492437582268,0.10318575368118146,-0.02378051641429635,116.155,111.20759990692139,419365.38293892995,0.0,0.0,0.15292337520287147,True,,76.49253731343283,93.1902985074627,49.8134328358209,100.0,,,,,,,,,,,80.90018656716418,,93.75,RISK_ON,75.0,89.30503731343283,116.35089769012396,117.4000015258789,AVALIAR_COMPRA,"momentum, risco controlado, tendência positiva",nenhum alerta quantitativo principal
TXSA34,TXSA34,281.0,-2.38,4809.0,55693290584.58356,https://icons.brapi.dev/icons/BRAPI.svg,Non-Energy Minerals,,bdr,bdr,AÇÃO GLOBAL / BDR,1351329.0,287.8399963378906,0.17003374970561347,0.18209444081269255,0.3648204335386751,0.6730767678657983,0.40486974609040527,-0.20015885435600222,249.84819946289062,221.686544342041,596152.9626486643,0.03921765614097882,2.0,0.23846878061899934,True,False,93.09701492537313,32.55597014925373,55.41044776119403,100.0,,,,,,,,,,,67.23630597014925,,96.18320610687023,RISK_ON,85.0,89.275505468839,277.74753492832394,287.8399963378906,AVALIAR_COMPRA,"momentum, tendência positiva",risco elevado
SNAG11,SNAG11,9.76,0.31,114444.0,,https://icons.brapi.dev/icons/BRAPI.svg,,Multicategoria,fund,fi-agro,FIAGRO,1116973.44,9.760000228881836,0.004015236078575679,-0.03348295593362738,-0.04592198173286022,0.19045052764210446,0.10674906210094642,-0.07637088564061179,9.709115715026856,9.840496425628663,1887204.2985506814,0.16188524210526728,12.0,0.033875251893975,False,,42.288557213930346,85.72761194029852,73.50746268656717,35.0,,,,,,,,,,,57.905071417108005,55.64516129032258,100.0,RISK_ON,75.0,89.08101428342161,9.669771564746931,9.760000228881836,WATCHLIST,risco controlado,tendência não confirmada
KNHY11,KNHY11,96.67,0.47,32152.0,,https://icons.brapi.dev/icons/BRAPI.svg,Miscellaneous,Multicategoria,fund,fii,FII,3108133.84,96.22000122070312,-0.023870602221644277,-0.006858968084430317,0.02544682673074239,0.0809888725863046,0.08286440624957168,-0.0537051324386385,97.7666748046875,94.43066814422608,4110765.7837954327,0.13593847260506634,12.0,0.06781351347170839,True,,58.830845771144276,92.81716417910448,84.32835820895522,100.0,,,,,,,,,,,75.16694420459686,58.47107438016529,95.0413223140496,RISK_ON,75.0,89.06231446075408,95.52950069649987,96.22000122070312,AVALIAR_COMPRA,"risco controlado, liquidez, tendência positiva",nenhum alerta quantitativo principal
PETR3,Petróleo Brasileiro S.A. - Petrobras,,,,,,,,,,AÇÃO B3,,47.310001373291016,,,,,,,,,,,,,True,,,,,,,,,,,,,,,,70.80357142857143,,95.03105590062113,RISK_ON,,88.85254270186334,45.94495373212265,47.310001373291016,WATCHLIST,,score
BTCI11,BTCI11,9.04,0.78,214300.0,,https://icons.brapi.dev/icons/BRAPI.svg,Miscellaneous,,fund,fii,FII,1937271.9999999998,8.970000267028809,-0.0019041411781035578,0.0025255722854067297,0.027630358301163893,0.11056879869948921,0.08733519381118535,-0.034238720226016706,8.98054229736328,8.786283326148986,3361008.2568447175,0.13099219231006815,12.0,0.06999704504212989,True,,60.82089552238805,94.40298507462686,82.6492537313433,100.0,,,,,,,,,,,75.03860860984335,56.19834710743802,94.62809917355372,RISK_ON,75.0,88.74739114345627,8.902156121662173,8.970000267028809,AVALIAR_COMPRA,"risco controlado, liquidez, tendência positiva",nenhum alerta quantitativo principal
MRCK34,MRCK34,96.46,-4.46,4079.0,1893455387977.2373,https://icons.brapi.dev/icons/BRAPI.svg,Health Technology,,bdr,bdr,AÇÃO GLOBAL / BDR,393460.33999999997,100.95999908447266,0.21917645285566567,0.3546451903035339,0.333117846835542,0.7900982204842089,0.4240920343029848,-0.14765607070076847,84.33559982299805,75.11607641220093,240702.2594677153,0.015236717650055782,4.0,0.20676619391586626,True,False,94.27860696517412,38.43283582089553,39.55223880597015,100.0,,,,,,,,,,,67.01358208955224,,95.41984732824427,RISK_ON,85.0,88.69660954768145,97.25199601598366,100.95999908447266,AVALIAR_COMPRA,"momentum, tendência positiva",nenhum alerta quantitativo principal
ACWI11,ACWI11,17.66,0.74,29745.0,,https://icons.brapi.dev/icons/BRAPI.svg,Miscellaneous,,fund,etf,ETF,525296.7,17.530000686645508,0.06500617628722871,0.04407383744891957,0.09631025250600445,0.15177400651042494,0.1262954340623475,-0.1121775571086151,17.089199981689454,16.25175003528595,1464284.44029254,0.0,0.0,0.17610748613283966,True,,79.66417910447761,75.0,70.7089552238806,100.0,,,,,,,,,,,80.86007462686567,,92.85714285714286,RISK_ON,75.0,88.67201492537313,17.33826620898252,17.530000686645508,AVALIAR_COMPRA,"momentum, risco controlado, tendência positiva",nenhum alerta quantitativo principal
KNIP11,KNIP11,91.32,0.79,61976.0,,https://icons.brapi.dev/icons/KNIP11.svg,Miscellaneous,Multicategoria,fund,fii,FII,5659648.319999999,90.5999984741211,0.004604212035532962,0.009825264197315775,0.046662784432623505,0.17002256863946363,0.11088872002857202,-0.043302556688656346,90.3344123840332,86.93193279266357,10075383.527710808,0.11214128224187657,12.0,0.0890294711735895,True,,65.2363184079602,90.57835820895522,92.72388059701493,100.0,,,,,,,,,,,74.40857694996095,49.3801652892562,94.21487603305785,RISK_ON,75.0,88.33212861313268,89.72994450502125,90.5999984741211,AVALIAR_COMPRA,"risco controlado, liquidez, tendência positiva",nenhum alerta quantitativo principal
VISA34,VISA34,98.78,1.58,7600.0,3685800741841.6973,https://icons.brapi.dev/icons/BRAPI.svg,Finance,,bdr,bdr,AÇÃO GLOBAL / BDR,750728.0,97.23999786376953,0.030936738426386334,0.17519326165932103,0.19789904518202306,0.038704396994487134,0.30350739854936837,-0.23021033927575663,91.66537139892579,86.03410144805908,1933233.5868136694,0.0055029618650307985,4.0,0.0715473922623473,True,False,83.70646766169153,35.07462686567165,73.88059701492537,100.0,,,,,,,,,,,66.79611940298507,,94.65648854961832,RISK_ON,85.0,88.11876586532983,94.68409199851345,97.23999786376953,AVALIAR_COMPRA,"momentum, tendência positiva",nenhum alerta quantitativo principal
MILS3,"Mills Locação, Serviços e Logística S.A.",,,,,,,,,,AÇÃO B3,,15.699999809265137,,,,,,,,,,,,,True,,,,,,,,,,,,,,,,69.44940476190476,,94.40993788819875,RISK_ON,,88.11307259316769,15.57732674892934,15.699999809265137,WATCHLIST,,score
VWRA11,VWRA11,115.7,0.41,15831.0,,https://icons.brapi.dev/icons/BRAPI.svg,Miscellaneous,,fund,etf,ETF,1831646.7,115.69999694824219,0.06371242547627243,0.05440620986667777,0.1124999706561749,,0.13248952086848195,-0.11078476395513981,112.06420028686523,106.39869998931884,1095375.3600828382,0.0,0.0,0.19229720428301011,True,,82.58706467661692,73.78731343283582,66.6044776119403,100.0,,,,,,,,,,,80.81685323383084,,91.96428571428571,RISK_ON,75.0,88.03837064676615,114.37246338861698,115.69999694824219,AVALIAR_COMPRA,"momentum, tendência positiva",nenhum alerta quantitativo principal
ALZC11,ALZC11,7.46,0.0,16798.0,,https://icons.brapi.dev/icons/BRAPI.svg,,,fund,fii,FII,125313.08,7.460000038146973,0.034693771462214196,0.037252159467645596,0.02574062653707787,0.158294179363619,0.13182563400108785,-0.046366011459295975,7.267423791885376,7.16205845117569,211756.2268362651,0.16313672838831472,12.0,0.06810731327804387,True,,66.4179104477612,85.72761194029852,37.6865671641791,100.0,,,,,,,,,,,73.47819785370667,70.6611570247934,93.80165289256198,RISK_ON,75.0,87.85679659553472,7.3748334341669315,7.460000038146973,AVALIAR_COMPRA,"risco controlado, tendência positiva",nenhum alerta quantitativo principal
AAPL34,AAPL34,83.28,2.31,300276.0,24137400021960.684,https://icons.brapi.dev/icons/BRAPI.svg,Electronic Technology,,bdr,bdr,AÇÃO GLOBAL / BDR,25006985.28,81.4000015258789,-0.05487851114363895,0.033636593153577365,0.1677041018912644,0.3279206757008035,0.36389167255507426,-0.15404489271424704,79.9695945739746,73.1368489074707,25115390.106237624,0.0023707247712845343,4.0,0.04135244897158863,True,False,71.39303482587066,41.791044776119406,95.7089552238806,100.0,,,,,,,,,,,66.78033582089553,,93.89312977099237,RISK_ON,85.0,87.58125800387377,78.83476649595386,81.4000015258789,AVALIAR_COMPRA,"liquidez, tendência positiva",nenhum alerta quantitativo principal
AFHI11,AFHI11,93.5,0.43,6809.0,,https://icons.brapi.dev/icons/BRAPI.svg,,Multicategoria,fund,fii,FII,636641.5,93.0999984741211,-0.0023096948398474426,-0.001166484162221093,0.0380749901554398,0.13626244166004087,0.048968711597428265,-0.019295247173128915,93.34367614746094,90.71002796173096,702668.6992168124,0.12943616753495077,12.0,0.0804416768964058,True,,61.87810945273632,98.13432835820896,58.3955223880597,100.0,,,,,,,,,,,72.92106615681922,55.57851239669422,93.38842975206612,RISK_ON,75.0,87.45611405781013,92.70517862053383,93.0999984741211,AVALIAR_COMPRA,"risco controlado, tendência positiva",nenhum alerta quantitativo principal
BBSE3,BB Seguridade Participações S.A.,,,,,,,,,,AÇÃO B3,,39.45000076293945,,,,,,,,,,,,,True,,,,,,,,,,,,,,,,70.6203007518797,,93.7888198757764,RISK_ON,,87.4417415822164,38.57186276723164,39.45000076293945,WATCHLIST,,"score,valuation"
GPUS11,GPUS11,121.2,0.49,13063.0,,https://icons.brapi.dev/icons/BRAPI.svg,Miscellaneous,,fund,etf,ETF,1583235.6,120.61000061035156,0.06753405051080419,0.04315860357404322,0.12782866894392741,,0.12680582827645098,-0.1314537517019,117.35480087280274,111.37515022277832,1304828.5834597633,0.0,0.0,0.20762590257076263,True,,82.52487562189054,71.45522388059702,69.77611940298507,100.0,,,,,,,,,,,80.7363184079602,,91.07142857142857,RISK_ON,75.0,87.39726368159204,119.2854969388381,120.61000061035156,AVALIAR_COMPRA,"momentum, tendência positiva",nenhum alerta quantitativo principal
TMPS11,TMPS11,71.78,-0.98,3348.0,,https://icons.brapi.dev/icons/BRAPI.svg,,Outros,fund,fii,FII,240319.44,72.48999786376953,-0.017068200281863066,-0.0020721262521349315,0.04202351136388427,0.18952226355303425,0.20748410277089926,-0.06410261212937862,72.75726440429688,69.45821424484252,215372.67430138966,0.3233549550387737,12.0,0.08439019810485027,True,,62.62437810945274,70.98880597014926,38.059701492537314,100.0,,,,,,,,,,,72.46790839192468,79.75206611570248,92.97520661157024,RISK_ON,75.0,87.0762263064841,71.1874504355212,72.48999786376953,AVALIAR_COMPRA,tendência positiva,nenhum alerta quantitativo principal
A1NE34,A1NE34,253.76,-2.77,3421.0,1274796018303.1558,https://icons.brapi.dev/icons/BRAPI.svg,Electronic Technology,,bdr,bdr,AÇÃO GLOBAL / BDR,868112.96,261.0,0.2769080616126629,0.28098159509202447,0.5587672969088378,0.45008051577570884,0.55605200452355,-0.2846788878834575,232.74420043945312,195.45765014648438,955052.1392204647,0.0,0.0,0.432415643989162,True,False,96.89054726368158,19.589552238805965,64.92537313432835,100.0,,,,,,,,,,,66.66283582089551,,93.12977099236642,RISK_ON,85.0,87.02340685883559,248.43141027851672,261.0,AVALIAR_COMPRA,"momentum, tendência positiva",risco elevado
NEXG11,NEXG11,128.99,0.0,669.0,,https://icons.brapi.dev/icons/BRAPI.svg,,Outros,fund,fi-agro,FIAGRO,86294.31000000001,128.99000549316406,0.017536105366009913,-0.00927335875344193,0.03449061168107659,0.08913520671016895,0.30510082533808697,-0.11742698910113414,129.47762268066407,126.03494415283203,265459.77157883416,0.08582060259379293,12.0,0.1142878453079118,True,,62.62437810945273,50.65298507462686,41.23134328358209,100.0,,,,,,,,,,,57.65687690579361,42.74193548387097,96.7741935483871,RISK_ON,75.0,86.77331086502969,125.58176622867323,128.99000549316406,AVALIAR_COMPRA,tendência positiva,nenhum alerta quantitativo principal
ISTT11,ISTT11,1138.41,0.13,942.0,,https://icons.brapi.dev/icons/BRAPI.svg,,,fund,etf,ETF,1072382.22,1138.4100341796875,0.0020773603715760203,0.021224520457221452,0.06289153847223439,,0.1597765209741824,-0.06402326043130002,1135.1989990234374,1088.5367016601563,2248010.7683531744,0.0,0.0,0.1426887720990696,True,,72.20149253731343,78.17164179104478,77.98507462686567,100.0,,,,,,,,,,,80.41417910447761,,90.17857142857143,RISK_ON,75.0,86.70783582089553,1122.657794645909,1138.4100341796875,AVALIAR_COMPRA,"risco controlado, liquidez, tendência positiva",nenhum alerta quantitativo principal
SEER3,Ser Educacional S.A.,,,,,,,,,,AÇÃO B3,,11.920000076293944,,,,,,,,,,,,,False,,,,,,,,,,,,,,,,69.17307692307692,,93.16770186335404,RISK_ON,,86.68133361204013,11.26273186526083,11.920000076293944,WATCHLIST,,"score,trend"
SAPI11,SAPI11,8.83,0.68,33337.0,,https://icons.brapi.dev/icons/BRAPI.svg,,Multicategoria,fund,fii,FII,294365.71,8.770000457763672,-0.02560754286431166,-0.021444448689055484,0.014039287244668408,0.20112369441969324,0.08951159633190299,-0.0418963756589501,8.926069316864014,8.586532442569732,182286.21984156352,0.1639452594015754,12.0,0.056405973985634406,True,,53.669154228855724,93.28358208955224,34.32835820895522,100.0,,,,,,,,,,,71.84366391184574,70.86776859504133,92.56198347107438,RISK_ON,75.0,86.66212121212122,8.70201601377027,8.770000457763672,AVALIAR_COMPRA,"risco controlado, tendência positiva",liquidez baixa
BOAC34,BOAC34,79.41,0.51,24640.0,2254465010744.956,https://icons.brapi.dev/icons/BRAPI.svg,Finance,,bdr,bdr,AÇÃO GLOBAL / BDR,1956662.4,79.01000213623047,0.01672890319229925,0.22231528207028783,0.18634495743775115,0.19704721390008206,0.276202690871911,-0.2091017171486863,78.43539978027344,70.4779958152771,1106485.5858906338,0.01321059323856636,4.0,0.059993304518075385,True,False,82.33830845771145,39.73880597014926,67.3507462686567,100.0,,,,,,,,,,,66.56287313432836,,92.36641221374046,RISK_ON,85.0,86.46906317648398,77.12009436616457,79.01000213623047,AVALIAR_COMPRA,"momentum, tendência positiva",nenhum alerta quantitativo principal
GCRI11,GCRI11,66.0,-1.2,2767.0,,https://icons.brapi.dev/icons/BRAPI.svg,,Multicategoria,fund,fii,FII,182622.0,66.80000305175781,0.025677641023778675,0.015328949458811136,0.08636145572715481,0.23391955813678011,0.15133320574199582,-0.06928187068282632,65.2884479522705,62.39858285903931,168776.5074036008,0.1516466996588473,12.0,0.1287281424681208,True,,72.20149253731343,78.73134328358209,33.3955223880597,100.0,,,,,,,,,,,71.78268780066608,67.14876033057851,92.14876033057851,RISK_ON,75.0,86.36066979153817,65.9245328956958,66.80000305175781,AVALIAR_COMPRA,"risco controlado, tendência positiva",liquidez baixa
IFRI11,IFRI11,100.63,0.62,15337.0,,https://icons.brapi.dev/icons/BRAPI.svg,,,fund,etf,ETF,1543362.3099999998,100.62999725341797,-0.009937053741593482,0.031362235374639225,0.019429230463878344,0.16496164834904725,0.13159792104765106,-0.040650828920849924,100.43662750244141,97.05533359527588,1943268.912251185,0.14458909268732784,11.0,0.09922646409071356,True,,67.28855721393035,86.75373134328359,74.25373134328358,100.0,,,,,,,,,,,80.34017412935323,,89.28571428571429,RISK_ON,75.0,86.06803482587065,99.48314592760426,100.62999725341797,AVALIAR_COMPRA,"risco controlado, tendência positiva",nenhum alerta quantitativo principal
RZAT11,RZAT11,87.61,1.28,5564.0,,https://icons.brapi.dev/icons/BRAPI.svg,,Multicategoria,fund,fii,FII,487462.04,86.5,-0.03902037057850194,-0.0670729579944006,0.022500787771975173,0.15100542299195086,0.11224827803980117,-0.08495864490599647,90.01220291137696,85.5706861114502,734242.9190264505,0.1624277456647399,12.0,0.06486747451294117,True,,48.69402985074627,83.11567164179104,59.51492537313433,100.0,,,,,,,,,,,71.61397557666214,70.45454545454545,91.73553719008265,RISK_ON,75.0,86.03767114839027,85.659134708288,86.5,AVALIAR_COMPRA,"risco controlado, tendência positiva",nenhum alerta quantitativo principal
BMGB4,Banco BMG S.A.,,,,,,,,,,AÇÃO B3,,5.110000133514404,,,,,,,,,,,,,True,,,,,,,,,,,,,,,,67.71303258145363,,92.54658385093167,RISK_ON,,85.91804102647922,4.959642746659894,5.110000133514404,AGUARDAR,,"score,quality"
N1TA34,N1TA34,69.49,-0.64,4069.0,189858942964.3042,https://icons.brapi.dev/icons/BRAPI.svg,Electronic Technology,,bdr,bdr,AÇÃO GLOBAL / BDR,282754.81,69.94000244140625,0.09784842844942876,0.0886963494516364,0.8934628968331424,0.6409833037137387,0.46285523722985866,-0.2785536108154304,64.31640754699707,47.55298225402832,1022255.9754357716,0.007703045198652235,4.0,0.7671112439134666,True,False,93.53233830845772,23.50746268656716,65.29850746268657,100.0,,,,,,,,,,,66.42082089552238,,91.6030534351145,RISK_ON,85.0,85.90630158368462,67.13649665389603,69.94000244140625,AVALIAR_COMPRA,"momentum, tendência positiva",risco elevado
CPUR11,CPUR11,10.76,-0.19,965363.0,,https://icons.brapi.dev/icons/BRAPI.svg,,,fund,fii,FII,10387305.879999999,10.779999732971191,0.016753568035239974,0.06764492450078441,0.0946929084765118,0.1719435832230196,0.1432897023095319,-0.058500932068639044,10.49653383255005,10.084164776802062,766684.4245880067,0.10751391731997341,12.0,0.1370595952174778,True,,80.4726368159204,82.36940298507463,60.26119402985075,100.0,,,,,,,,,,,71.54143538505818,47.10743801652893,91.32231404958677,RISK_ON,75.0,85.73390691172237,10.646227997244596,10.779999732971191,AVALIAR_COMPRA,"momentum, risco controlado, tendência positiva",nenhum alerta quantitativo principal
HGCR11,HGCR11,94.86,2.02,38680.0,,https://icons.brapi.dev/icons/BRAPI.svg,Miscellaneous,Outros,fund,fii,FII,3669184.8,92.9800033569336,0.009115518630598896,-0.016355898276958603,0.01987398897150361,0.13952850159516172,0.1159910881931874,-0.07561358978356159,91.04910720825195,90.81448070526123,3173298.965981256,0.12690900810900074,12.0,0.062240675712469606,True,,55.970149253731336,84.60820895522389,81.52985074626866,100.0,,,,,,,,,,,71.3203096089799,54.33884297520662,90.9090909090909,RISK_ON,75.0,85.40042555815961,92.04600779608327,92.9800033569336,AVALIAR_COMPRA,"risco controlado, liquidez, tendência positiva",nenhum alerta quantitativo principal
AIRB34,AIRB34,49.5,2.04,2147.0,586797570087.9463,https://icons.brapi.dev/icons/BRAPI.svg,Consumer Services,,bdr,bdr,AÇÃO GLOBAL / BDR,106276.5,48.5099983215332,0.26196670277265177,0.44203326996672,0.4056795329156657,0.39637294121380506,0.5259448460333009,-0.22761099721293154,40.616399993896486,35.61315007209778,476958.1118448651,0.0,0.0,0.27932787999598996,True,False,96.45522388059702,24.626865671641788,52.61194029850746,100.0,,,,,,,,,,,66.08059701492537,,90.83969465648855,RISK_ON,85.0,85.30390566252706,46.300457167763106,48.5099983215332,AVALIAR_COMPRA,"momentum, tendência positiva",risco elevado
SVAL11,SVAL11,156.46,0.22,1028.0,,https://icons.brapi.dev/icons/BRAPI.svg,Miscellaneous,,fund,etf,ETF,160840.88,156.1199951171875,0.025688116620811385,0.08371510317212505,0.115142822265625,0.1990783316166218,0.14389487244494042,-0.08361500774308561,153.98840057373047,142.35130031585695,426216.15122501436,0.0,0.0,0.19494005589246022,True,,84.32835820895522,77.23880597014926,50.373134328358205,100.0,,,,,,,,,,,79.43656716417911,,88.39285714285714,RISK_ON,75.0,85.26231343283581,154.17448058447374,156.1199951171875,AVALIAR_COMPRA,"momentum, risco controlado, tendência positiva",nenhum alerta quantitativo principal
CXSE3,Caixa Seguridade Participações S.A.,,,,,,,,,,AÇÃO B3,,19.309999465942383,,,,,,,,,,,,,True,,,,,,,,,,,,,,,,66.35964912280701,,91.92546583850931,RISK_ON,,85.1787471395881,18.86058808591029,19.309999465942383,AGUARDAR,,"score,valuation"
CYCR11,CYCR11,8.48,-0.12,39608.0,,https://icons.brapi.dev/icons/BRAPI.svg,,Outros,fund,fii,FII,335875.84,8.489999771118164,-0.005112894146629632,-0.017496736268295177,0.008647090614303687,0.13665327970718555,0.12668063445161495,-0.067617346547452,8.521257915496825,8.353088433742522,615544.9033977417,0.14982332559385605,12.0,0.051013777355269685,True,,53.482587064676615,84.23507462686567,55.78358208955224,100.0,,,,,,,,,,,71.20390814522429,66.32231404958678,90.49586776859503,RISK_ON,75.0,85.08788906706138,8.396857131814564,8.489999771118164,AVALIAR_COMPRA,"risco controlado, tendência positiva",nenhum alerta quantitativo principal
S2NW34,S2NW34,43.2,1.43,11642.0,588126239017.0719,https://icons.brapi.dev/icons/BRAPI.svg,Technology Services,,bdr,bdr,AÇÃO GLOBAL / BDR,502934.4,42.59000015258789,0.17198679069226475,0.32969097020748706,0.9098655430358593,0.6150928629938575,0.5583224666013994,-0.5776699278828843,36.86999980926514,28.415049896240234,2092810.9752993507,0.0,0.0,0.7835138901161836,True,False,97.88557213930348,8.488805970149254,76.30597014925374,100.0,,,,,,,,,,,65.73861940298505,,90.07633587786259,RISK_ON,85.0,84.70115899510081,40.53068233403701,42.59000015258789,AVALIAR_COMPRA,"momentum, liquidez, tendência positiva",risco elevado
TRXB11,TRXB11,179.73,-2.85,416747.0,,https://icons.brapi.dev/icons/BRAPI.svg,Miscellaneous,Multicategoria,fund,fii,FII,74901938.31,185.0,0.005005897824643446,0.09911175645150783,0.0887330902424257,0.4230722461380132,0.49538263761541756,-0.16754184924572513,180.51076324462892,164.27505939483643,908315.0487729027,0.18761036756756758,12.0,0.1310997769833917,True,,80.97014925373134,33.48880597014926,63.99253731343284,100.0,,,,,,,,,,,70.56633156531393,74.58677685950413,90.08264462809917,RISK_ON,75.0,84.6711175527322,177.0632419477792,185.0,AVALIAR_COMPRA,"momentum, tendência positiva",risco elevado
OPCT3,OceanPact Serviços Marítimos S.A.,,,,,,,,,,AÇÃO B3,,10.59000015258789,,,,,,,,,,,,,True,,,,,,,,,,,,,,,,68.125,,91.30434782608695,RISK_ON,,84.64116847826085,10.10150432654911,10.59000015258789,WATCHLIST,,"score,quality,valuation"
DOLB11,DOLB11,98.03,0.71,6318.0,,https://icons.brapi.dev/icons/BRAPI.svg,Miscellaneous,,fund,etf,ETF,619353.54,97.33999633789062,0.014063949413115173,0.036303588008473,0.028637843845808364,,0.09414293197923805,-0.10870414333271139,96.4431999206543,96.08609977722168,1316880.8396470812,0.0,0.0,0.10843507747264358,True,,69.21641791044776,81.15671641791045,70.1492537313433,100.0,,,,,,,,,,,78.76492537313433,,87.5,RISK_ON,75.0,84.50298507462686,96.54638168634125,97.33999633789062,AVALIAR_COMPRA,"risco controlado, tendência positiva",nenhum alerta quantitativo principal
VHFA11,VHFA11,10.59,0.0,1244.0,,https://icons.brapi.dev/icons/BRAPI.svg,,,fund,fi-agro,FIAGRO,13173.96,10.59000015258789,0.0018921909499642897,0.09086329467352905,0.19958741975956018,,0.3414097509131698,-0.11857276402506423,10.584997024536133,,289152.05613755423,0.21718602142210036,10.0,0.2793846533863954,False,,89.92537313432837,48.78731343283582,42.350746268656714,35.0,,,,,,,,,,,57.3494824265768,54.03225806451613,93.54838709677419,RISK_ON,75.0,84.4537674530573,10.276886129159768,10.59000015258789,WATCHLIST,momentum,tendência não confirmada
TJKB11,TJKB11,250.08,0.01,70.0,,https://icons.brapi.dev/icons/TJKB11.svg,,Hospital,fund,fii,FII,17505.600000000002,250.05999755859375,0.0013446229684772604,0.030181397668013643,0.04803871799033588,0.14358139946110215,0.08503491772136482,-0.08096533336177203,247.0583819580078,241.08810653686524,183248.74114554268,0.13636727318614697,12.0,0.09040540473130187,True,,68.84328358208955,87.96641791044777,34.51492537313433,100.0,,,,,,,,,,,70.48390280004935,58.67768595041323,89.6694214876033,RISK_ON,75.0,84.36537560133218,248.21849574829358,250.05999755859375,AVALIAR_COMPRA,"risco controlado, tendência positiva",liquidez baixa
GGBR4,Gerdau S.A.,,,,,,,,,,AÇÃO B3,,23.96999931335449,,,,,,,,,,,,,True,,,,,,,,,,,,,,,,65.76315789473685,,90.6832298136646,RISK_ON,,84.174971395881,23.01245991036808,23.96999931335449,AGUARDAR,,"score,news"
BBRC11,BBRC11,102.01,-0.53,590.0,,https://icons.brapi.dev/icons/BRAPI.svg,,Outros,fund,fii,FII,60185.9,102.55000305175781,-0.006780658939594342,0.012936929398292163,0.04881878852037369,0.21042246261193198,0.09926624823683657,-0.054010131477513657,102.43406387329101,97.47907585144043,69876.3901889135,0.14383227265781315,12.0,0.09118547526133969,True,,66.10696517412936,90.48507462686567,21.455223880597014,100.0,,,,,,,,,,,70.43005016241108,64.04958677685951,89.25619834710744,RISK_ON,75.0,84.06534887545742,101.66841048976659,102.55000305175781,AVALIAR_COMPRA,"risco controlado, tendência positiva",liquidez baixa
ASML34,ASML34,161.17,-0.7,15997.0,3441064028462.62,https://icons.brapi.dev/icons/BRAPI.svg,Electronic Technology,,bdr,bdr,AÇÃO GLOBAL / BDR,2578236.4899999998,162.30999755859375,0.11829956070793468,0.1038047684283645,0.19713043824695808,1.1937924806782618,0.5203422474043687,-0.2276217747453243,165.79049987792968,137.77990333557128,4997116.485748775,0.004423800202084243,4.0,0.07077878532728232,True,False,81.46766169154228,24.626865671641795,86.75373134328358,100.0,,,,,,,,,,,64.97749999999999,,89.31297709923665,RISK_ON,85.0,84.01458396946565,154.99582855124396,162.30999755859375,AVALIAR_COMPRA,"momentum, liquidez, tendência positiva",risco elevado
EXIF11,EXIF11,10.23,0.0,432.0,,https://icons.brapi.dev/icons/BRAPI.svg,,,fund,fi-infra,FI-INFRA,4419.360000000001,10.229999542236328,0.010860767488204637,0.01987732301184697,0.09011110423457036,0.16172350740271768,0.37259081031182884,-0.10910915155038936,10.125639190673828,9.772977995872498,363.5170902827429,0.14467253824299436,12.0,0.16990833786140558,True,,75.0,49.25373134328358,0.9328358208955223,100.0,,,,,,,,,,,66.86567164179104,92.5,90.0,RISK_ON,75.0,83.8731343283582,9.899904968600685,10.229999542236328,AVALIAR_COMPRA,"momentum, tendência positiva",liquidez baixa
NASD11,NASD11,21.33,0.19,594437.0,,https://icons.brapi.dev/icons/BRAPI.svg,Miscellaneous,,fund,etf,ETF,12679341.209999999,21.290000915527344,0.0968573458472175,-0.00046940478363055593,0.18872144594705986,0.19943667129731524,0.23532278061351322,-0.15465993127587596,20.951199951171876,19.46739998817444,19494381.388438996,0.0,0.0,0.2685186795738951,True,,78.1094527363184,50.746268656716424,95.1492537313433,100.0,,,,,,,,,,,78.16666666666667,,86.60714285714286,RISK_ON,75.0,83.75833333333334,20.856120264381353,21.290000915527344,AVALIAR_COMPRA,"momentum, liquidez, tendência positiva",nenhum alerta quantitativo principal
HTMX11,HTMX11,136.34,0.8,3076.0,,https://icons.brapi.dev/icons/BRAPI.svg,Miscellaneous,Hotel,fund,fii,FII,419381.84,135.25999450683594,-0.01806190716937628,0.049451395089536776,0.038697472940770083,0.09661994241767347,0.12153241585196699,-0.08533438771269397,136.50245361328126,132.08025035858154,458651.7224842859,0.12694071194223094,12.0,0.08106415968173608,True,,70.46019900497511,81.06343283582089,51.865671641791046,100.0,,,,,,,,,,,70.30144730891,54.54545454545455,88.84297520661157,RISK_ON,75.0,83.7503721064101,133.83638090710446,135.25999450683594,AVALIAR_COMPRA,"risco controlado, tendência positiva",nenhum alerta quantitativo principal
ENDD11,ENDD11,108.8,0.0,941.0,,https://icons.brapi.dev/icons/BRAPI.svg,,,fund,fip,FIP,102380.8,108.80000305175781,0.002303086070672755,0.052509007925202855,0.06829750837800908,0.19455474783827453,0.0834387584502856,-0.05128211601728205,108.28217041015625,102.20729057312012,216983.8913533044,0.15676034486769663,2.0,0.1480947420048443,True,,78.35820895522387,93.00373134328358,38.24626865671642,100.0,,,,,,,,,,,69.34390547263682,41.66666666666667,88.88888888888889,RISK_ON,75.0,83.59100331674958,108.01381331058317,108.80000305175781,AVALIAR_COMPRA,"momentum, risco controlado, tendência positiva",nenhum alerta quantitativo principal
TGMA3,Tegma Gestão Logística S.A.,,,,,,,,,,AÇÃO B3,,35.20000076293945,,,,,,,,,,,,,False,,,,,,,,,,,,,,,,67.20238095238095,,90.06211180124224,RISK_ON,,83.56401397515528,33.67139580983333,35.20000076293945,AGUARDAR,,"score,valuation,trend"
MSCD34,MSCD34,99.01,0.74,949.0,2697820509068.8047,https://icons.brapi.dev/icons/BRAPI.svg,Finance,,bdr,bdr,AÇÃO GLOBAL / BDR,93960.49,98.27999877929688,0.07869606103515592,0.22289768826948153,0.160900819143601,-0.04182467647953381,0.2983294242755121,-0.2652027384300364,89.98126342773438,88.1206978225708,2434304.2323762197,0.005677421722939015,4.0,0.03454916622392523,True,False,78.60696517412936,32.929104477611936,78.54477611940298,100.0,,,,,,,,,,,64.87578358208954,,88.54961832061069,RISK_ON,85.0,83.4598895408454,95.74082827758573,98.27999877929688,AVALIAR_COMPRA,"momentum, liquidez, tendência positiva",risco elevado
AURB11,AURB11,83.0,0.0,194790.0,,https://icons.brapi.dev/icons/BRAPI.svg,,Logística,fund,fii,FII,16167570.0,83.0,0.004795858078067594,0.051378493710222184,0.14023973491123276,0.23070922108570757,0.05375338899830186,-0.09444303811074484,81.23346145629883,76.7677799987793,740714.5054743934,0.07270124096385541,12.0,0.18260642165219876,True,,83.08457711442786,86.94029850746269,59.70149253731343,100.0,,,,,,,,,,,70.23580444883024,38.01652892561984,88.42975206611571,RISK_ON,75.0,83.44798733604705,82.61362005658009,83.0,AVALIAR_COMPRA,"momentum, risco controlado, tendência positiva",nenhum alerta quantitativo principal
DOLA11,DOLA11,10.26,0.39,193665.0,,https://icons.brapi.dev/icons/BRAPI.svg,Miscellaneous,,fund,etf,ETF,1987002.9,10.220000267028809,0.014895787164888041,0.03128157662864672,0.020979024310215255,,0.11655784271561102,-0.10800743688389658,10.150400009155273,10.114199995994568,1709235.7141533957,0.0,0.0,0.10077625793705047,True,,67.66169154228855,77.79850746268656,72.20149253731343,100.0,,,,,,,,,,,77.68345771144277,,85.71428571428571,RISK_ON,75.0,83.03669154228855,10.11683748636969,10.220000267028809,AVALIAR_COMPRA,"risco controlado, tendência positiva",nenhum alerta quantitativo principal
HBCR11,HBCR11,152.0,-0.99,10999.0,,https://icons.brapi.dev/icons/BRAPI.svg,,Multicategoria,fund,fii,FII,1671848.0,152.0,-0.006276194245094513,0.05275254639167959,0.13592841698012204,0.3044552677571706,0.08752811844449213,-0.07482992621370232,149.29925506591798,138.91512504577636,6161731.554319109,0.09786842105263159,11.0,0.17829510372108803,True,,83.08457711442786,88.8992537313433,88.99253731343283,100.0,,,,,,,,,,,69.49376053616217,22.520661157024794,88.01652892561982,RISK_ON,75.0,83.01032235516631,150.84781607340057,152.0,AVALIAR_COMPRA,"momentum, risco controlado, liquidez, tendência positiva",nenhum alerta quantitativo principal
GOAU4,Metalurgica Gerdau S.A.,,,,,,,,,,AÇÃO B3,,10.449999809265137,,,,,,,,,,,,,True,,,,,,,,,,,,,,,,64.10964912280701,,89.44099378881988,RISK_ON,,82.9333667048055,10.038758396638585,10.449999809265137,AGUARDAR,,"score,quality"
UNHH34,UNHH34,29.17,0.38,4929.0,1824676185861.3557,https://icons.brapi.dev/icons/BRAPI.svg,Health Services,,bdr,bdr,AÇÃO GLOBAL / BDR,143778.93000000002,29.059999465942383,-0.05156657817166432,0.0649407411342362,0.40026141726870423,0.2592128201307313,0.31245437059979814,-0.31199172146368737,30.307600059509276,25.756246557235716,474619.1052568829,0.016347178552317113,4.0,0.2739097643490285,True,False,90.48507462686568,28.73134328358209,52.42537313432835,100.0,,,,,,,,,,,64.77757462686566,,87.78625954198473,RISK_ON,85.0,82.90589660476245,28.273654994716434,29.059999465942383,WATCHLIST,"momentum, tendência positiva",risco elevado
TELM11,TELM11,9.98,1.32,10185.0,,https://icons.brapi.dev/icons/TELM11.svg,,Multicategoria,fund,fii,FII,101646.3,9.850000381469727,0.01639541399187916,0.06197886072212677,0.07236056240695277,0.1906021902017292,0.23808739372794868,-0.06796115959993032,9.648521194458008,9.149106845855712,6881.8795650573,0.18842638864172967,12.0,0.11472724914791876,True,,77.363184079602,67.16417910447761,4.291044776119403,100.0,,,,,,,,,,,69.4056782204679,74.79338842975207,87.60330578512396,RISK_ON,75.0,82.70344969368035,9.64690348828432,9.850000381469727,WATCHLIST,"momentum, tendência positiva",liquidez baixa
MOTV3,Motiva Infraestrutura de Mobilidade S.A.,,,,,,,,,,AÇÃO B3,,15.079999923706056,,,,,,,,,,,,,False,,,,,,,,,,,,,,,,66.07142857142857,,88.81987577639751,RISK_ON,,82.43998447204967,14.61501921052952,15.079999923706056,AGUARDAR,,"score,valuation,trend"
MANA11,MANA11,9.1,0.22,165882.0,,https://icons.brapi.dev/icons/MANA11.svg,,Outros,fund,fii,FII,1509526.2,9.079999923706055,0.007667039877857329,0.02021841364435928,0.05018318783900999,0.19466743826148747,0.08660218586953075,-0.03602244519659692,9.039577140808106,8.68995988368988,1417729.4124685319,0.13711453859702744,11.0,0.09254987457997599,True,,67.47512437810946,94.40298507462686,70.52238805970148,100.0,,,,,,,,,,,69.34483573866206,37.1900826446281,87.19008264462809,RISK_ON,75.0,82.40202499897208,9.01190020304672,9.079999923706055,WATCHLIST,"risco controlado, tendência positiva",nenhum alerta quantitativo principal
D1EL34,D1EL34,94.49,-2.72,12831.0,1530117623792.0332,https://icons.brapi.dev/icons/BRAPI.svg,Electronic Technology,,bdr,bdr,AÇÃO GLOBAL / BDR,1212401.19,97.12999725341797,0.30551068899686484,0.1488270182402467,2.876581157568915,2.4475563007660446,65.77373955702478,-0.9638036809815951,178.30517471313476,72.79192910194396,4367912.542612712,0.0034270051416920694,4.0,2.7502295046492393,True,False,97.07711442786069,0.3731343283582115,85.63432835820896,100.0,,,,,,,,,,,64.59869402985073,,87.02290076335878,RISK_ON,85.0,82.33576934032129,67.99099807739258,97.12999725341797,WATCHLIST,"momentum, liquidez, tendência positiva",risco elevado
GOAT11,GOAT11,57.97,0.19,3596.0,,https://icons.brapi.dev/icons/BRAPI.svg,Miscellaneous,,fund,etf,ETF,208460.12,57.86000061035156,0.02570467588834746,0.023889618278469138,0.057383028501476474,,0.06048540179819747,-0.029815205926673527,56.76939994812012,55.1132500076294,153193.39750840928,0.0,0.0,0.1371802621283117,True,,71.82835820895524,97.20149253731343,32.276119402985074,100.0,,,,,,,,,,,77.19402985074628,,84.82142857142857,RISK_ON,75.0,82.31380597014925,57.55691896548863,57.86000061035156,WATCHLIST,"risco controlado, tendência positiva",liquidez baixa
EGAF11,EGAF11,83.99,0.47,7304.0,,https://icons.brapi.dev/icons/BRAPI.svg,Miscellaneous,Títulos e Val. Mob.,fund,fi-agro,FIAGRO,613462.96,83.98999786376953,-0.024295178454816768,-0.018587027530499456,-0.08405823894695053,0.08237185203567265,0.16636731484018932,-0.14409433698936847,84.85718307495117,86.58288665771484,883625.8514882647,0.19978569385389078,12.0,-0.0042610053201153075,False,,36.38059701492537,61.007462686567166,63.24626865671642,35.0,,,,,,,,,,,55.99325950890708,79.83870967741936,90.32258064516128,RISK_ON,75.0,81.9244583533943,82.77988407637653,83.98999786376953,WATCHLIST,sem vantagem clara,tendência não confirmada
HYPE3,Hypera S.A.,,,,,,,,,,AÇÃO B3,,21.25,,,,,,,,,,,,,False,,,,,,,,,,,,,,,,63.48214285714286,,88.19875776397515,RISK_ON,,81.92261257763974,20.70305131938717,21.25,AGUARDAR,,"score,trend"
KCRE11,KCRE11,8.68,0.93,24207.0,,https://icons.brapi.dev/icons/BRAPI.svg,Miscellaneous,Multicategoria,fund,fii,FII,210116.75999999998,8.600000381469727,-0.010433853961598794,-0.04592376259506503,0.03915669523023513,0.13951850049528325,0.0931886338619175,-0.07947861852981897,8.695265979766846,8.42785663843155,338638.6400325109,0.13488371494720303,12.0,0.08152338197120113,True,,54.47761194029851,87.12686567164178,45.8955223880597,100.0,,,,,,,,,,,68.33526581966203,58.05785123966942,86.77685950413223,RISK_ON,75.0,81.91085481682497,8.530595175520311,8.600000381469727,WATCHLIST,"risco controlado, tendência positiva",nenhum alerta quantitativo principal
LILY34,LILY34,203.51,0.0,15935.0,5720265894278.324,https://icons.brapi.dev/icons/BRAPI.svg,Health Technology,,bdr,bdr,AÇÃO GLOBAL / BDR,3242931.8499999996,203.5,-0.008106903251016817,0.10463761276056438,0.1644091062358679,0.6305644766500438,0.3653309315560735,-0.2849490080542658,203.66527648925782,183.2344878387451,7060045.234320747,0.003996560196560197,4.0,0.03805745331619215,True,False,76.43034825870647,28.171641791044774,90.11194029850746,100.0,,,,,,,,,,,64.39526119402984,,86.25954198473282,RISK_ON,85.0,81.76073162811895,197.0615475960536,203.5,WATCHLIST,"momentum, liquidez, tendência positiva",risco elevado
TECK11,TECK11,127.41,2.22,50513.0,,https://icons.brapi.dev/icons/BRAPI.svg,Miscellaneous,,fund,etf,ETF,6435861.33,124.63999938964844,0.14380102774531478,0.040748139331751476,0.2991452597238595,0.16019732882420468,0.26906069313324776,-0.251460501837403,117.42499984741211,109.66370021820069,10071350.060631888,0.0,0.0,0.37894249335069474,True,,87.62437810945273,36.19402985074627,92.53731343283582,100.0,,,,,,,,,,,77.0976368159204,,83.92857142857143,RISK_ON,75.0,81.66952736318407,121.7357204434398,124.63999938964844,WATCHLIST,"momentum, liquidez, tendência positiva",nenhum alerta quantitativo principal
SNFF11,SNFF11,71.55,0.77,1108.0,,https://icons.brapi.dev/icons/BRAPI.svg,,Outros,fund,fii,FII,79277.4,71.0,-0.017520359338712432,-0.003974954756112203,0.012100139066932414,0.20156322708161278,0.15056916246154056,-0.10016406743099948,71.34135330200195,70.32884494781494,366560.2009048462,0.14422535211267606,12.0,0.05446682580789841,True,,56.71641791044777,72.66791044776119,47.94776119402985,100.0,,,,,,,,,,,68.04178487726656,64.25619834710744,86.36363636363636,RISK_ON,75.0,81.56290242999876,70.07418329000049,71.0,WATCHLIST,tendência positiva,nenhum alerta quantitativo principal
MULT3,Multiplan Empreendimentos Imobiliários S.A.,,,,,,,,,,AÇÃO B3,,27.420000076293945,,,,,,,,,,,,,False,,,,,,,,,,,,,,,,64.33333333333333,,87.5776397515528,RISK_ON,,81.17934782608695,26.75669718119524,27.420000076293945,AGUARDAR,,"score,valuation,trend"
W1AB34,W1AB34,770.18,0.48,105.0,255358600491.46405,https://icons.brapi.dev/icons/BRAPI.svg,Producer Manufacturing,,bdr,bdr,AÇÃO GLOBAL / BDR,80868.9,770.1799926757812,0.04429768067898965,0.19895060470921444,0.20472990925641477,0.44838539134299427,0.3152512488832524,-0.05842333352157503,723.6763293457032,641.3237341308594,3598.8989994109625,0.0027870887590086056,4.0,0.078378256336739,True,False,84.45273631840797,61.940298507462686,1.8656716417910446,100.0,,,,,,,,,,,64.00768656716417,,85.49618320610686,RISK_ON,85.0,81.14886555770764,749.1528781568315,770.1799926757812,WATCHLIST,"momentum, tendência positiva",liquidez baixa
FLCR11,FLCR11,90.86,0.74,210.0,,https://icons.brapi.dev/icons/FLCR11.svg,,Outros,fund,fii,FII,19080.6,90.19000244140625,-0.02303548164331648,-0.025909263276447714,0.01968063753113669,0.08978852188784958,0.14976665940169645,-0.06775562712797667,91.68376647949219,89.26678405761719,186303.00311836365,0.14524891501705725,12.0,0.06204732427210269,True,,53.793532338308445,79.38432835820896,34.88805970149254,100.0,,,,,,,,,,,67.29883639652974,64.6694214876033,85.9504132231405,RISK_ON,75.0,81.1250565355043,89.02022249170263,90.19000244140625,WATCHLIST,"risco controlado, tendência positiva",liquidez baixa
SPXB11,SPXB11,17.65,0.4,97391.0,,https://icons.brapi.dev/icons/BRAPI.svg,Miscellaneous,,fund,etf,ETF,1718951.15,17.579999923706055,0.06480918715872641,0.04705175491968694,0.12764591094553834,0.15127697424317477,0.12250582081202589,-0.13609463248381826,17.117600135803222,16.235650010108948,320698.8361599029,0.0,0.0,0.20744314457237356,True,,83.02238805970148,71.26865671641791,44.776119402985074,100.0,,,,,,,,,,,76.36007462686567,,83.03571428571429,RISK_ON,75.0,80.89701492537313,17.393488161656315,17.579999923706055,WATCHLIST,"momentum, tendência positiva",nenhum alerta quantitativo principal
RCRI11,RCRI11,97.3,-0.71,119.0,,https://icons.brapi.dev/icons/BRAPI.svg,,Outros,fund,fii,FII,11578.699999999999,98.0,-0.0017360158552695015,-0.008666432565300752,0.018059641470203225,0.13474090652019544,0.09880598737694084,-0.049336627862923366,97.53952987670898,95.53353366851806,44043.34764232333,0.13979591836734692,12.0,0.06042632821116922,True,,56.96517412935324,91.23134328358209,14.55223880597015,100.0,,,,,,,,,,,66.74801611775831,60.743801652892564,85.53719008264463,RISK_ON,75.0,80.7256362814029,97.16142874787853,98.0,WATCHLIST,"risco controlado, tendência positiva",liquidez baixa
ALPA4,Alpargatas S.A.,,,,,,,,,,AÇÃO B3,,14.31999969482422,,,,,,,,,,,,,False,,,,,,,,,,,,,,,,63.26102941176471,,86.95652173913044,RISK_ON,,80.50329683503837,13.542356371540151,14.31999969482422,AGUARDAR,,"score,valuation,trend"
AMZO34,AMZO34,69.35,4.9,964843.0,14867034044205.898,https://icons.brapi.dev/icons/BRAPI.svg,Retail Trade,,bdr,bdr,AÇÃO GLOBAL / BDR,66911862.05,66.11000061035156,0.12873486349349683,-0.027221873146607733,0.2389430257526377,0.07321432220692636,0.3720625061607605,-0.23136321448819153,64.62459976196288,61.95419986724853,55089095.36322984,0.0,0.0,0.11259137283296194,True,False,68.65671641791045,31.25,98.13432835820896,100.0,,,,,,,,,,,63.26761194029851,,84.7328244274809,RISK_ON,85.0,80.46649948729633,63.97983337721755,66.11000061035156,WATCHLIST,"liquidez, tendência positiva",risco elevado
JSCR11,JSCR11,7.9,-1.0,34547.0,,https://icons.brapi.dev/icons/BRAPI.svg,Miscellaneous,Multicategoria,fund,fii,FII,272921.3,7.980000019073486,0.011170670619684353,-0.02100158649559969,0.005129953044650248,0.1508066414384992,0.2007985489018327,-0.0869132251055067,7.962663259506225,7.822912449836731,310851.73354843684,0.1474937339833058,12.0,0.047496639785616246,True,,52.17661691542289,67.07089552238807,44.21641791044777,100.0,,,,,,,,,,,65.90974877677726,65.70247933884298,85.12396694214877,RISK_ON,75.0,80.26872661485959,7.841230496516958,7.980000019073486,WATCHLIST,tendência positiva,nenhum alerta quantitativo principal
UTEC11,UTEC11,29.55,-0.84,44417.0,,https://icons.brapi.dev/icons/BRAPI.svg,Miscellaneous,,fund,etf,ETF,1312522.35,29.799999237060547,0.1348057493268897,0.03007255177004331,0.3226807957766409,0.33512543210163503,0.29267657293429544,-0.18360142593953754,28.494600105285645,25.357800035476686,2183929.2527186074,0.0,0.0,0.4024780294034761,True,,86.1318407960199,41.6044776119403,77.23880597014924,100.0,,,,,,,,,,,75.28233830845771,,82.14285714285714,RISK_ON,75.0,80.05646766169153,29.044672521582488,29.799999237060547,WATCHLIST,"momentum, liquidez, tendência positiva",nenhum alerta quantitativo principal
UGPA3,Ultrapar Participações S.A.,,,,,,,,,,AÇÃO B3,,33.16999816894531,,,,,,,,,,,,,True,,,,,,,,,,,,,,,,60.892857142857146,,86.33540372670807,RISK_ON,,80.0356754658385,32.03947060127485,33.16999816894531,AGUARDAR,,"score,quality"
RECR11,RECR11,78.44,1.23,25402.0,,https://icons.brapi.dev/icons/BRAPI.svg,Miscellaneous,Multicategoria,fund,fii,FII,1992532.88,77.48999786376953,-0.01602843497395623,-0.021854635452234206,0.032323844621208186,0.08206194111859655,0.13025590590819222,-0.32090307657177286,78.0742155456543,75.86335891723633,3000932.067489624,0.13479118967537806,12.0,0.07469053136217418,True,,57.46268656716418,50.93283582089552,80.59701492537313,100.0,,,,,,,,,,,65.85537190082644,57.85123966942149,84.71074380165288,RISK_ON,75.0,79.9685950413223,76.61587253559253,77.48999786376953,WATCHLIST,"liquidez, tendência positiva",nenhum alerta quantitativo principal
CTGP34,CTGP34,114.68,0.54,4077.0,1153291961577.8582,https://icons.brapi.dev/icons/BRAPI.svg,Finance,,bdr,bdr,AÇÃO GLOBAL / BDR,467550.36000000004,114.05999755859375,0.06312137189356726,0.08355054974524001,0.15536661731458845,0.35189688304719535,0.3206844128332122,-0.17444178517606368,116.59094161987305,104.78649040222167,792048.1289552961,0.013015465823040853,4.0,0.02901496439491269,True,False,74.31592039800995,40.29850746268657,61.00746268656716,100.0,,,,,,,,,,,62.648544776119394,,83.96946564885496,RISK_ON,85.0,79.80833490942234,110.89231363283969,114.05999755859375,WATCHLIST,tendência positiva,nenhum alerta quantitativo principal
FAED11,FAED11,153.44,0.68,486.0,,https://icons.brapi.dev/icons/BRAPI.svg,Miscellaneous,Outros,fund,fii,FII,74571.84,152.39999389648438,0.005140891711181483,0.051610669024617195,0.010232823099818988,0.21421923631500106,0.15440467342326386,-0.08476041115521205,150.4207012939453,147.18193840026856,103195.87199280754,0.13444911955782352,12.0,0.052599509840784986,True,,65.54726368159204,75.0,26.492537313432834,100.0,,,,,,,,,,,65.83090744623988,57.43801652892562,84.29752066115702,RISK_ON,75.0,79.67444595205788,150.36212602467037,152.39999389648438,WATCHLIST,"risco controlado, tendência positiva",liquidez baixa
CSED3,Cruzeiro do Sul Educacional S.A.,,,,,,,,,,AÇÃO B3,,4.800000190734863,,,,,,,,,,,,,False,,,,,,,,,,,,,,,,62.87820512820512,,85.71428571428571,RISK_ON,,79.54759615384614,4.571011955991169,4.800000190734863,AGUARDAR,,"score,risk,trend"
AAGR11,AAGR11,120.08,-2.37,174.0,,https://icons.brapi.dev/icons/BRAPI.svg,,,fund,fi-agro,FIAGRO,20893.92,120.08000183105469,-0.027873357352906525,0.1599631591751658,0.3318625617522666,0.446304968039388,1.1679324841147793,-0.3352158726314547,125.43235183715821,102.26199047088623,31294.66832212418,0.1388321347917286,12.0,0.4116597953791018,True,,94.46517412935323,11.567164179104479,12.5,100.0,,,,,,,,,,,55.103113464933394,49.19354838709677,87.09677419354838,RISK_ON,75.0,79.48836462847055,107.93439955846021,120.08000183105469,WATCHLIST,"momentum, tendência positiva","risco elevado, liquidez baixa"
ISNT11,ISNT11,1143.23,0.07,5284.0,,https://icons.brapi.dev/icons/BRAPI.svg,,,fund,etf,ETF,6040827.32,1143.22998046875,0.010366752513256694,0.028213979755075558,0.06459873359977841,,0.06275865919138923,-0.014801915542011268,1133.9234033203124,,5785378.8217560295,0.0,0.0,0.14439596722661363,False,,73.81840796019901,97.76119402985074,87.8731343283582,35.0,,,,,,,,,,,75.04912935323384,,81.25,RISK_ON,75.0,79.38482587064676,1137.0164577122505,1143.22998046875,WATCHLIST,"risco controlado, liquidez",tendência não confirmada
RZAK11,RZAK11,78.6,0.31,12038.0,,https://icons.brapi.dev/icons/RZAK11.svg,,Multicategoria,fund,fii,FII,946186.7999999999,78.36000061035156,0.007836568559916879,-0.026039323128375313,0.0009227845933856837,0.13329098444180287,0.13012429992654043,-0.08614103344124902,77.8153012084961,77.60963428497314,1488103.7323592654,0.15250127497346364,11.0,0.04328947133435168,True,,50.24875621890547,79.2910447761194,71.0820895522388,100.0,,,,,,,,,,,65.20311664816413,45.86776859504132,83.88429752066115,RISK_ON,75.0,79.25963159409562,77.47695432408437,78.36000061035156,WATCHLIST,"risco controlado, tendência positiva",nenhum alerta quantitativo principal
MUTC34,MUTC34,804.25,1.01,97688.0,5450416965256.079,https://icons.brapi.dev/icons/BRAPI.svg,Electronic Technology,,bdr,bdr,AÇÃO GLOBAL / BDR,78565574.0,796.2000122070312,0.2579789447413494,-0.01571876698166319,1.234251113148503,6.579796714394568,1.013796492163442,-0.3913592979845605,822.1148547363281,506.8594296264648,119661679.18135579,0.00040272292776180434,4.0,1.1078994602288272,True,False,80.8457711442786,9.514925373134329,99.6268656716418,100.0,,,,,,,,,,,62.56962686567164,,83.20610687022901,RISK_ON,85.0,79.25820018229463,726.2957597530617,796.2000122070312,WATCHLIST,"momentum, liquidez, tendência positiva",risco elevado
INTB3,Intelbras S.A. - Indústria de Telecomunicação Eletrônica Brasileira,,,,,,,,,,AÇÃO B3,,14.729999542236328,,,,,,,,,,,,,True,,,,,,,,,,,,,,,,58.30357142857143,,85.09316770186336,RISK_ON,,79.08352096273292,13.932771691558136,14.729999542236328,AGUARDAR,,score
CJCT11,CJCT11,70.0,0.75,491.0,,https://icons.brapi.dev/icons/BRAPI.svg,Miscellaneous,Escritórios,fund,fii,FII,34370.0,70.0,0.03300536259737519,0.07572193524053206,0.12184141119820269,0.19990555117045217,0.0700804534201299,-0.035502201033162484,67.71855743408203,63.9755348777771,4221.480350554935,0.0445389,12.0,0.16420809793916868,True,,83.27114427860697,96.08208955223881,2.6119402985074625,100.0,,,,,,,,,,,64.63462645450434,35.9504132231405,83.47107438016529,RISK_ON,75.0,78.85667735701657,69.57515982920604,70.0,WATCHLIST,"momentum, risco controlado, tendência positiva",liquidez baixa
IWMI11,IWMI11,83.08,-0.4,613.0,,https://icons.brapi.dev/icons/BRAPI.svg,Miscellaneous,,fund,etf,ETF,50928.04,83.08000183105469,0.04089445258051816,0.06782923615744485,0.12192761839058996,0.18520925092271856,0.1367257738238872,-0.10567060496812508,82.0599234008789,76.61410129547119,122024.0034941416,0.1398613714962227,12.0,0.20172485201742518,True,,84.20398009950249,74.25373134328359,28.91791044776119,100.0,,,,,,,,,,,74.72512437810946,,80.35714285714286,RISK_ON,75.0,78.6950248756219,82.09626819951202,83.08000183105469,WATCHLIST,"momentum, tendência positiva",liquidez baixa
MSBR34,MSBR34,223.74,1.19,524.0,1745010489203.3108,https://icons.brapi.dev/icons/BRAPI.svg,Finance,,bdr,bdr,AÇÃO GLOBAL / BDR,117239.76000000001,221.10000610351562,0.07233243614668083,0.0598915093166521,0.22207004691514398,0.40565809490678717,0.3859669000543095,-0.21530940991602354,222.0582830810547,195.33826957702638,504586.4204321967,0.013610139832339661,4.0,0.09571839399546822,True,False,82.02736318407959,31.436567164179102,53.54477611940298,100.0,,,,,,,,,,,62.30832089552238,,82.44274809160305,RISK_ON,85.0,78.6715878432266,213.70958052377674,221.10000610351562,WATCHLIST,"momentum, tendência positiva",risco elevado
CMIN3,CSN Mineração S.A.,,,,,,,,,,AÇÃO B3,,6.010000228881836,,,,,,,,,,,,,True,,,,,,,,,,,,,,,,62.41666666666666,,84.472049689441,RISK_ON,,78.57418478260868,5.725083558994213,6.010000228881836,AGUARDAR,,"score,valuation,risk"
SEQR11,SEQR11,54.74,2.22,189.0,,https://icons.brapi.dev/icons/BRAPI.svg,,Logística,fund,fii,FII,10345.86,53.54999923706055,0.02018686138898307,0.06322147872634676,0.02406385493959884,0.2670908833578307,0.1742479967385429,-0.08316915866974872,52.782461395263674,50.865519256591796,61871.86625671387,0.13082353127563834,12.0,0.06643054168056484,True,,69.27860696517412,70.98880597014926,19.402985074626866,100.0,,,,,,,,,,,64.5649335964804,55.99173553719008,83.05785123966942,RISK_ON,75.0,78.55348258706466,52.7419126568373,53.54999923706055,WATCHLIST,tendência positiva,liquidez baixa
CPTS11,CPTS11,7.46,0.81,897754.0,,https://icons.brapi.dev/icons/BRAPI.svg,Miscellaneous,Outros,fund,fii,FII,6697244.84,7.400000095367432,0.005451323099090688,0.00435962396552525,-0.01251582899789061,0.164925287986176,0.12155471168052513,-0.07278737016074799,7.349207382202149,7.290098352432251,7604424.125687819,0.14527026839810106,12.0,0.029850857743075387,False,,53.296019900497505,84.04850746268656,90.85820895522389,35.0,,,,,,,,,,,64.50062086262899,64.87603305785125,82.64462809917356,RISK_ON,75.0,78.2513638419473,7.322100687847383,7.400000095367432,WATCHLIST,"risco controlado, liquidez",tendência não confirmada
TSMC34,TSMC34,272.42,-0.75,74141.0,10234184662473.852,https://icons.brapi.dev/icons/BRAPI.svg,Electronic Technology,,bdr,bdr,AÇÃO GLOBAL / BDR,20197491.220000003,274.489990234375,0.13641631971567136,0.03942000875496854,0.13689874288118054,0.7321183742580426,0.42139760567929274,-0.21475946523600475,273.3068002319336,238.89795585632325,30461130.33740404,0.006566290444547817,4.0,0.010547089961504774,True,False,67.66169154228857,29.664179104477608,96.26865671641791,100.0,,,,,,,,,,,62.19432835820895,,81.67938931297711,RISK_ON,85.0,78.11443819072576,264.4727242140393,274.489990234375,WATCHLIST,"liquidez, tendência positiva",risco elevado
CURY3,Cury Construtora e Incorporadora S.A.,,,,,,,,,,AÇÃO B3,,32.849998474121094,,,,,,,,,,,,,False,,,,,,,,,,,,,,,,62.015625,,83.85093167701864,RISK_ON,,78.04916779891303,31.240982658070955,32.849998474121094,AGUARDAR,,"score,valuation,trend"
ZAVI11,ZAVI11,9.72,1.67,7573.0,,https://icons.brapi.dev/icons/BRAPI.svg,,Multicategoria,fund,fii,FII,73609.56,9.5600004196167,-0.007306866301458714,0.014544857972239589,0.050534259466914255,0.27050761118619504,0.19254765508774696,-0.10783637644531396,9.500613613128662,9.223905620574952,44931.1574916991,0.14330543304044427,12.0,0.09290094620788025,True,,66.85323383084578,64.08582089552239,14.738805970149254,100.0,,,,,,,,,,,64.44642490029193,63.84297520661157,82.23140495867769,RISK_ON,75.0,77.95126845113276,9.400586302947215,9.5600004196167,WATCHLIST,tendência positiva,liquidez baixa
ISNN11,ISNN11,1103.32,0.05,1589.0,,https://icons.brapi.dev/icons/BRAPI.svg,,,fund,etf,ETF,1753175.48,1103.3199462890625,0.008519146516510423,0.028448821841755123,0.06336922174274529,,0.09658605499511919,-0.02354866047648041,1093.326806640625,,3161741.6356123667,0.0,0.0,0.1431664553695805,False,,73.50746268656717,93.84328358208955,81.34328358208955,35.0,,,,,,,,,,,72.70708955223881,,79.46428571428571,RISK_ON,75.0,77.66641791044776,1094.0911187733966,1103.3199462890625,WATCHLIST,"risco controlado, liquidez",tendência não confirmada
VXXV11,VXXV11,790.0,0.0,21518.0,,https://icons.brapi.dev/icons/BRAPI.svg,,Outros,fund,fii,FII,16999220.0,790.0,0.0,0.036745406824147064,0.08516483516483508,0.12857142857142856,0.033351879236451804,-0.024285714285714244,783.9867993164063,742.2714999389649,7434140.57398236,0.0,0.0,0.12753152190580108,True,,75.68407960199005,97.8544776119403,90.67164179104478,100.0,,,,,,,,,,,64.27967600016447,3.925619834710744,81.81818181818183,RISK_ON,75.0,77.62866247276017,787.7181976000653,790.0,WATCHLIST,"momentum, risco controlado, liquidez, tendência positiva",nenhum alerta quantitativo principal
TEND3,Construtora Tenda S.A.,,,,,,,,,,AÇÃO B3,,33.38999938964844,,,,,,,,,,,,,True,,,,,,,,,,,,,,,,61.93229166666666,,83.22981366459628,RISK_ON,,77.5956351902174,31.715589889769674,33.38999938964844,AGUARDAR,,"score,quality,valuation"
PYPL34,PYPL34,13.87,-12.71,92804.0,237475584588.7222,https://icons.brapi.dev/icons/BRAPI.svg,Commercial Services,,bdr,bdr,AÇÃO GLOBAL / BDR,1287191.48,15.890000343322754,0.08316293528861496,0.3519647373231445,0.36755993749328497,-0.15330005116216572,0.4975109641739486,-0.5001571022810481,13.792600021362304,13.372053842544556,428482.92713596707,0.004879106250779849,3.0,0.2412082845736092,True,False,94.96268656716417,12.873134328358208,50.559701492537314,100.0,,,,,,,,,,,62.108395522388044,,80.91603053435115,RISK_ON,85.0,77.5629004785234,15.205368343182958,15.890000343322754,WATCHLIST,"momentum, tendência positiva",risco elevado
HLOG11,HLOG11,9.33,-0.21,2861.0,,https://icons.brapi.dev/icons/BRAPI.svg,Miscellaneous,Logística,fund,fii,FII,26693.13,9.350000381469727,-0.006180841853468011,0.04450170415466004,0.06050072121118055,0.2607483217185047,0.20134669316747153,-0.040688602447323086,9.148338127136231,8.847726221084594,85396.4100340283,0.10128341832764087,12.0,0.10286740795214655,True,,73.38308457711443,74.72014925373135,23.69402985074627,100.0,,,,,,,,,,,63.50597220509026,45.247933884297524,81.40495867768594,RISK_ON,75.0,77.18466551539821,9.186963161398282,9.350000381469727,WATCHLIST,tendência positiva,liquidez baixa
ALUG11,ALUG11,43.19,0.21,5814.0,,https://icons.brapi.dev/icons/BRAPI.svg,Miscellaneous,,fund,etf,ETF,251106.65999999997,43.099998474121094,-0.01911698176697929,0.05045088365609973,0.03905494092966966,0.028639544261138683,0.1958583026711103,-0.08748826859487713,43.14879974365235,41.366699924468996,377899.4907502674,0.0,0.0,0.11885217455650487,True,,73.2587064676617,67.35074626865672,48.69402985074627,100.0,,,,,,,,,,,72.59017412935324,,78.57142857142857,RISK_ON,75.0,77.01803482587064,42.36894377502851,43.099998474121094,WATCHLIST,tendência positiva,nenhum alerta quantitativo principal
A1MT34,A1MT34,239.95,-2.68,2156.0,1895396419580.9622,https://icons.brapi.dev/icons/BRAPI.svg,Producer Manufacturing,,bdr,bdr,AÇÃO GLOBAL / BDR,517332.19999999995,246.55999755859375,0.08698025037356505,0.0929992082488229,0.2535445082590442,1.8277617569319822,0.8757502946503907,-0.4031447832758529,284.9869454956055,207.85419158935548,2783347.0960129024,0.0029339146948526833,4.0,0.12719285533936842,True,False,86.00746268656717,10.167910447761196,79.8507462686567,100.0,,,,,,,,,,,61.99089552238806,,80.1526717557252,RISK_ON,85.0,77.00504933348525,227.86034484915513,246.55999755859375,WATCHLIST,"momentum, liquidez, tendência positiva",risco elevado
FGAA11,FGAA11,8.04,1.77,58457.0,,https://icons.brapi.dev/icons/BRAPI.svg,Miscellaneous,Outros,fund,fi-agro,FIAGRO,469994.27999999997,8.039999961853027,-0.0036842365257395704,-0.04973441643755083,-0.07038049827656723,0.10845307207807098,0.10361542231478742,-0.12618127889460629,8.04587739944458,8.305376992225646,727028.334624616,0.17350746350979906,12.0,0.00941673535026799,False,,34.7636815920398,76.21268656716418,59.14179104477611,35.0,,,,,,,,,,,53.578919916546305,62.096774193548384,83.87096774193549,RISK_ON,75.0,76.9254614026641,7.967854157484774,8.039999961853027,WATCHLIST,risco controlado,"momentum fraco, tendência não confirmada"
SLCE3,SLC Agrícola S.A.,,,,,,,,,,AÇÃO B3,,16.010000228881836,,,,,,,,,,,,,False,,,,,,,,,,,,,,,,62.96794871794872,,82.6086956521739,RISK_ON,,76.89387541806019,15.462770351181126,16.010000228881836,AGUARDAR,,"score,quality,valuation,trend"
AIEC11,AIEC11,64.9,-0.31,6644.0,,https://icons.brapi.dev/icons/BRAPI.svg,,Escritórios,fund,fii,FII,431195.60000000003,65.0999984741211,0.1424499851014538,0.08461505119223567,0.1419239617306074,0.513558822509468,0.2658340056203984,-0.09108797076180464,59.94399597167969,56.5614520072937,323126.68765301176,0.06390169120593307,12.0,0.1842906484715734,True,,85.38557213930348,59.51492537313433,45.149253731343286,100.0,,,,,,,,,,,63.20076271534888,36.98347107438017,80.99173553719008,RISK_ON,75.0,76.83436741910283,63.60127280585839,65.0999984741211,WATCHLIST,"momentum, tendência positiva",nenhum alerta quantitativo principal
CXCE11,CXCE11,39.84,0.63,466.0,,https://icons.brapi.dev/icons/BRAPI.svg,Miscellaneous,Escritórios,fund,fii,FII,18565.440000000002,39.59000015258789,0.027293309836952995,-0.012201146112605588,0.011737711419234298,0.1069738960479607,0.18104540608266298,-0.06636178594120024,39.83187858581543,39.174316329956056,21513.643986111594,0.1418243490366083,12.0,0.054104398160200295,True,,55.223880597014926,73.60074626865672,10.820895522388058,100.0,,,,,,,,,,,63.07286912544714,63.01652892561984,80.57851239669421,RISK_ON,75.0,76.51953250277538,38.96926885332839,39.59000015258789,WATCHLIST,tendência positiva,liquidez baixa
ALOS3,Allos S.A.,,,,,,,,,,AÇÃO B3,,26.209999084472656,,,,,,,,,,,,,False,,,,,,,,,,,,,,,,60.61979166666667,,81.98757763975155,RISK_ON,,76.43075747282607,25.618643358767432,26.209999084472656,AGUARDAR,,"score,valuation,trend"
A1MD34,A1MD34,302.4,-1.18,44395.0,3931959013000.5176,https://icons.brapi.dev/icons/BRAPI.svg,Electronic Technology,,bdr,bdr,AÇÃO GLOBAL / BDR,13425047.999999998,306.0,0.11345605066881714,-0.05529314766330096,1.3475257819090118,1.7579991745538126,0.7620942018490544,-0.2859002379030674,326.25340087890623,217.28484996795655,30214950.00719779,0.0,0.0,1.221174128989336,True,False,74.5646766169154,16.7910447761194,96.0820895522388,100.0,,,,,,,,,,,61.5051119402985,,79.38931297709924,RISK_ON,85.0,76.37354147202916,285.8042160703299,306.0,WATCHLIST,"liquidez, tendência positiva",risco elevado
MXRF11,MXRF11,9.3,0.65,1740453.0,,https://icons.brapi.dev/icons/BRAPI.svg,Miscellaneous,Logística,fund,fii,FII,16186212.9,9.239999771118164,-0.030377141306247135,-0.04518641046222349,-0.008364102624986658,0.09775939676519951,0.08129458311764538,-0.049319798785201874,9.471404876708984,9.239174213409424,15224287.758760845,0.1292450248465193,12.0,0.03400258411597934,False,,45.39800995024876,93.75,94.02985074626866,35.0,,,,,,,,,,,62.23271452654085,55.37190082644628,80.16528925619835,RISK_ON,75.0,76.06224538464701,9.174947239796534,9.239999771118164,WATCHLIST,"risco controlado, liquidez",tendência não confirmada
BTRA11,BTRA11,70.5,-0.28,5111.0,,https://icons.brapi.dev/icons/BTRA11.svg,Miscellaneous,Outros,fund,etf,ETF,360325.5,70.69999694824219,0.0866253637263874,0.20251588062212766,0.09198319813739997,0.5763605539960379,0.2562932566923977,-0.1321431478489774,65.37817367553711,60.888344287872314,203570.06270296613,0.11881188631662097,11.0,0.1717804317642352,True,,85.44776119402985,52.70522388059702,36.19402985074627,100.0,,,,,,,,,,,70.65205223880596,,77.67857142857143,RISK_ON,75.0,76.0054104477612,69.13076476520008,70.69999694824219,WATCHLIST,"momentum, tendência positiva",nenhum alerta quantitativo principal
PRIO3,Prio S.A.,,,,,,,,,,AÇÃO B3,,61.09000015258789,,,,,,,,,,,,,True,,,,,,,,,,,,,,,,58.39285714285715,,81.36645962732919,RISK_ON,,75.99491459627329,58.71738154218911,61.09000015258789,AGUARDAR,,"score,valuation"
D1DG34,D1DG34,122.79,-2.42,2193.0,440215220144.8526,https://icons.brapi.dev/icons/BRAPI.svg,Technology Services,,bdr,bdr,AÇÃO GLOBAL / BDR,269278.47000000003,125.83000183105469,-0.04847249996855707,0.018866411587487253,1.1069993178003021,0.8047905855986974,0.7362793353934004,-0.509326110449088,128.7063999938965,91.62039983749389,2069793.0617851377,0.0,0.0,0.9806476648806264,True,False,86.44278606965175,8.022388059701495,75.74626865671642,100.0,,,,,,,,,,,61.01932835820895,,78.62595419847328,RISK_ON,85.0,75.74203361057309,117.80662026662256,125.83000183105469,WATCHLIST,"momentum, liquidez, tendência positiva",risco elevado
PNPR11,PNPR11,45.0,0.0,150.0,,https://icons.brapi.dev/icons/BRAPI.svg,,Multicategoria,fund,fii,FII,6750.0,45.0,-0.02152645449739854,-0.0625,5.61950870132429,5.484416232176191,0.24134377514717195,-0.125,46.91700050354004,31.027384929656982,61980.61905028328,0.9536622222222222,2.0,5.661875388065256,True,,74.31592039800995,55.13059701492537,19.776119402985074,100.0,,,,,,,,,,,62.01941737593027,54.235537190082646,79.75206611570248,RISK_ON,75.0,75.73032975617778,44.059455718547895,45.0,WATCHLIST,tendência positiva,liquidez baixa
BRZP11,BRZP11,177.0,0.57,4446.0,,https://icons.brapi.dev/icons/BRAPI.svg,,,fund,fip,FIP,786942.0,177.0,-0.015608965015968979,-0.04614081583818419,0.016399791600694824,0.364114685679813,0.13581283491091203,-0.10231259863156894,178.95378662109374,171.9616120147705,1036610.5112849644,0.06553672316384182,12.0,0.09619702522753004,True,,53.42039800995025,75.0,65.85820895522389,100.0,,,,,,,,,,,68.51160862354892,61.111111111111114,77.77777777777779,RISK_ON,75.0,75.64676616915423,174.9181726360869,177.0,WATCHLIST,"risco controlado, tendência positiva",nenhum alerta quantitativo principal
VALE3,Vale S.A.,,,,,,,,,,AÇÃO B3,,79.11000061035156,,,,,,,,,,,,,False,,,,,,,,,,,,,,,,62.69298245614036,,80.74534161490683,RISK_ON,,75.52766018306636,77.18950491821461,79.11000061035156,AGUARDAR,,"score,valuation,trend,news"
JURO11,JURO11,96.68,0.31,30620.0,,https://icons.brapi.dev/icons/BRAPI.svg,,,fund,fi-infra,FI-INFRA,2960341.6,96.68000030517578,-0.0005930804702150017,0.006011119276633448,-0.03759752248997139,0.10075430786431339,0.11098142912764043,-0.08695066737366208,95.8569172668457,97.00868225097656,5267006.936502365,0.10343400877569761,11.0,0.04219971113686383,False,,51.5547263681592,82.83582089552239,87.5,35.0,,,,,,,,,,,59.70584577114428,47.5,80.0,RISK_ON,75.0,75.44116915422886,95.75078236118925,96.68000030517578,WATCHLIST,"risco controlado, liquidez",tendência não confirmada
USTK11,USTK11,22.33,-0.84,3743.0,,https://icons.brapi.dev/icons/BRAPI.svg,Miscellaneous,,fund,etf,ETF,83581.18999999999,22.520000457763672,0.13852374499501807,0.030663618517011493,0.3200469614739043,0.32783028734838493,0.2953941125584598,-0.1835148132459572,21.526199951171876,19.170099992752075,439926.623721259,0.0,0.0,0.39984419510073954,True,,86.19402985074628,41.417910447761194,51.30597014925373,100.0,,,,,,,,,,,70.58582089552239,,76.78571428571429,RISK_ON,75.0,75.36716417910448,21.94389649583304,22.520000457763672,WATCHLIST,"momentum, tendência positiva",nenhum alerta quantitativo principal
CXCO11,CXCO11,69.9,-0.27,1644.0,,https://icons.brapi.dev/icons/CXCO11.svg,,Multicategoria,fund,fii,FII,114915.6,70.08999633789062,0.017535888800292998,0.0346574188919182,0.01580659546347518,0.42140266494162315,0.24212248004882458,-0.13220359653730107,68.61701965332031,66.35334449768067,176499.30231657482,0.1271936148637028,12.0,0.05817328220444118,True,,63.80597014925373,53.63805970149254,33.76865671641791,100.0,,,,,,,,,,,61.3047674848896,54.95867768595042,79.33884297520662,RISK_ON,75.0,75.29814357962255,68.62031972686532,70.08999633789062,WATCHLIST,tendência positiva,liquidez baixa
N1VO34,N1VO34,29.58,-1.04,7810.0,1053753811909.969,https://icons.brapi.dev/icons/BRAPI.svg,Health Technology,,bdr,bdr,AÇÃO GLOBAL / BDR,231019.8,29.889999389648438,-0.0822112247945791,0.05008854172215815,0.26742781506272806,-0.18943179523508435,0.387634668361276,-0.4366968209954398,30.56390411376953,29.635499668121337,732849.9091474442,0.02760194101194004,2.0,0.1410761621430523,True,False,84.57711442786069,19.123134328358205,59.32835820895522,100.0,,,,,,,,,,,60.88955223880597,,77.86259541984732,RISK_ON,85.0,75.18172724165431,28.886587715744838,29.889999389648438,WATCHLIST,"momentum, tendência positiva",risco elevado
VULC3,Vulcabras S.A.,,,,,,,,,,AÇÃO B3,,13.460000038146973,,,,,,,,,,,,,False,,,,,,,,,,,,,,,,60.45220588235294,,80.12422360248446,RISK_ON,,75.08870284526853,13.178318306104144,13.460000038146973,AGUARDAR,,"score,momentum,trend"
IRIM11,IRIM11,61.35,0.84,46268.0,,https://icons.brapi.dev/icons/BRAPI.svg,Finance,Multicategoria,fund,fii,FII,2838541.8000000003,60.84000015258789,-0.05811609766445425,-0.07420101224175157,0.013994071486499893,0.06021374797639023,0.10232186848071188,-0.1749117541421027,63.488456649780275,62.72572654724121,2792144.96969883,0.16518737631154515,12.0,0.05636075822746589,False,,45.8955223880597,68.84328358208955,80.03731343283582,35.0,,,,,,,,,,,60.516430245466886,71.48760330578513,78.92561983471074,RISK_ON,75.0,74.8512199333909,60.30087660608661,60.84000015258789,WATCHLIST,liquidez,tendência não confirmada
CASA11,CASA11,88.0,0.38,969.0,,https://icons.brapi.dev/icons/BRAPI.svg,Miscellaneous,,fund,etf,ETF,85272.0,88.0,0.014343475329368527,0.07645842615424736,0.029815568922153535,0.014428224873558548,0.16368159105416066,-0.08495030953098304,87.38866607666016,85.24023948669434,112561.21325962128,0.11106330681818183,12.0,0.10961280254898875,True,,73.94278606965175,72.57462686567163,27.798507462686565,100.0,,,,,,,,,,,70.47885572139305,,75.89285714285714,RISK_ON,75.0,74.7207711442786,86.75257873933411,88.0,WATCHLIST,tendência positiva,liquidez baixa
JNJB34,JNJB34,92.36,1.12,5902.0,3341692694154.1646,https://icons.brapi.dev/icons/BRAPI.svg,Health Technology,,bdr,bdr,AÇÃO GLOBAL / BDR,545108.72,91.33999633789062,0.019444358819819874,0.21483225593950017,0.10823875704433394,0.4541823431275913,0.31856725051434337,-0.16923068703493205,87.91176025390625,79.87264278411865,759558.4211644975,0.01913618425748631,5.0,-0.018112895875341817,True,False,69.3407960199005,41.04477611940299,60.07462686567165,100.0,,,,,,,,,,,60.74925373134327,,77.09923664122137,RISK_ON,85.0,74.6193163951236,88.82004155063521,91.33999633789062,WATCHLIST,tendência positiva,nenhum alerta quantitativo principal
KNCA11,KNCA11,89.5,1.19,40110.0,,https://icons.brapi.dev/icons/BRAPI.svg,Miscellaneous,Títulos e Val. Mob.,fund,fi-agro,FIAGRO,3589845.0,89.5,-0.004039724495238151,-0.012540816745690742,-0.04128140531442048,0.08633923968484436,0.09520122248114841,-0.07289623732663497,88.6338786315918,89.64919525146485,3194060.822549245,0.13340782122905026,11.0,0.038515828312414735,False,,47.57462686567164,88.24626865671641,81.90298507462687,35.0,,,,,,,,,,,53.328358208955216,25.0,80.64516129032258,RISK_ON,75.0,74.61728454501684,88.76210223959691,89.5,WATCHLIST,"risco controlado, liquidez",tendência não confirmada
CYRE3,Cyrela Brazil Realty S.A. Empreendimentos e Participações,,,,,,,,,,AÇÃO B3,,23.799999237060547,,,,,,,,,,,,,False,,,,,,,,,,,,,,,,62.33455882352941,,79.5031055900621,RISK_ON,,74.57744964833759,22.9497780087322,23.799999237060547,AGUARDAR,,"score,valuation,risk,trend"
BLCA11,BLCA11,101.31,2.63,839.0,,https://icons.brapi.dev/icons/BRAPI.svg,Miscellaneous,Escritórios,fund,fii,FII,84999.09,98.70999908447266,0.21478826557821828,0.050698548233270246,0.1524702171359673,0.15279675872622178,0.35837748663961677,-0.13655010383195232,92.410556640625,89.18140621185303,87560.6532642425,0.10333299660221035,12.0,0.1948369038769333,True,,83.89303482587066,45.05597014925374,24.253731343283583,100.0,,,,,,,,,,,60.32439044447186,46.48760330578513,78.51239669421489,RISK_ON,75.0,74.5235557748448,95.64639599412115,98.70999908447266,WATCHLIST,"momentum, tendência positiva",liquidez baixa
NSLU11,NSLU11,173.58,0.39,1028.0,,https://icons.brapi.dev/icons/BRAPI.svg,Miscellaneous,Hospital,fund,fii,FII,178440.24000000002,172.89999389648438,0.013732913257787471,-0.0015349039303814704,-0.026439356506143707,0.2649567592597968,0.1010053250857938,-0.09577327674685698,169.6793182373047,173.9923587036133,131659.4415765187,0.2857335439212212,12.0,0.01592733023482229,False,,48.383084577114424,82.6492537313433,30.410447761194032,35.0,,,,,,,,,,,60.16305250606473,79.13223140495867,78.099173553719,RISK_ON,75.0,74.20203198881624,171.38758271190497,172.89999389648438,WATCHLIST,risco controlado,"liquidez baixa, tendência não confirmada"
BMOB3,Bemobi Mobile Tech S.A.,,,,,,,,,,AÇÃO B3,,24.3700008392334,,,,,,,,,,,,,False,,,,,,,,,,,,,,,,61.91666666666666,,78.88198757763976,RISK_ON,,74.04864130434783,23.57339028620311,24.3700008392334,AGUARDAR,,"score,quality,valuation,trend"
BBOI11,BBOI11,11.59,-1.61,5357.0,,https://icons.brapi.dev/icons/BRAPI.svg,Miscellaneous,,fund,etf,ETF,62087.63,11.779999732971191,0.0,0.005977770674311156,0.126194999044958,0.2399999718917043,0.20034368544428174,-0.08523208408171945,11.480200004577636,10.831600022315978,122433.92276639787,0.0,0.0,0.20599223267179323,True,,75.68407960199005,67.44402985074626,29.1044776119403,100.0,,,,,,,,,,,69.93812189054725,,75.0,RISK_ON,75.0,73.98762437810944,11.575613532168974,11.779999732971191,WATCHLIST,"momentum, tendência positiva",liquidez baixa
CPRL34,CPRL34,122.04,-0.68,650.0,429088442923.4341,https://icons.brapi.dev/icons/BRAPI.svg,Transportation,,bdr,bdr,AÇÃO GLOBAL / BDR,79326.0,122.87999725341797,0.047034735977834696,0.08535480700702669,0.12735938829371163,0.21240769729039632,0.1464847416971631,-0.11423010889568896,116.38162582397462,105.99204044342041,350.6272486126612,0.005418343220067742,4.0,0.0010077353740358674,True,False,69.77611940298507,70.24253731343283,0.7462686567164178,100.0,,,,,,,,,,,60.24067164179104,,76.33587786259542,RISK_ON,85.0,73.98324883217501,121.3211476591604,122.87999725341797,WATCHLIST,tendência positiva,liquidez baixa
CPSH11,CPSH11,9.6,0.0,166589.0,,https://icons.brapi.dev/icons/BRAPI.svg,,,fund,fii,FII,1599254.4,9.600000381469727,0.002087730472124516,-0.017129659644701922,-0.04576101808444466,0.16020812524765704,0.08723194470640633,-0.07797300255979989,9.65933168411255,9.863059139251709,2156512.919342162,0.14062499441206477,12.0,-0.0033943313434786626,False,,40.298507462686565,88.24626865671641,76.67910447761194,35.0,,,,,,,,,,,59.787492290613045,61.570247933884296,77.68595041322314,RISK_ON,75.0,73.83766374737881,9.527477101656133,9.600000381469727,WATCHLIST,"risco controlado, liquidez",tendência não confirmada
ITSA3,Itaúsa S.A.,,,,,,,,,,AÇÃO B3,,13.3100004196167,,,,,,,,,,,,,False,,,,,,,,,,,,,,,,59.59077380952381,,78.26086956521739,RISK_ON,,73.59053280279502,12.996134876475743,13.3100004196167,AGUARDAR,,"score,valuation,trend"
BTLG11,BTLG11,98.91,1.01,184348.0,,https://icons.brapi.dev/icons/BRAPI.svg,Miscellaneous,Multicategoria,fund,fii,FII,18233860.68,97.91999816894531,-0.014870088212569854,-0.03192543094527067,-0.0020046886745159753,0.0808957342391321,0.07492904653033086,-0.04385955780347062,99.9569352722168,98.7737340927124,12780421.74703689,0.09788726694482167,12.0,0.04036199806645002,False,,48.50746268656716,94.77611940298507,93.28358208955224,35.0,,,,,,,,,,,59.7473418033798,44.421487603305785,77.27272727272727,RISK_ON,75.0,73.54037745158504,97.28459081827852,97.91999816894531,WATCHLIST,"risco controlado, liquidez",tendência não confirmada
BERK34,BERK34,132.0,1.84,22246.0,5030271767842.731,https://icons.brapi.dev/icons/BRAPI.svg,Finance,,bdr,bdr,AÇÃO GLOBAL / BDR,2936472.0,129.6199951171875,0.0011585223995533855,0.086049407409865,0.007148393090602001,-0.010911925992138527,0.18943896036439706,-0.17959561363405885,128.80420013427735,127.84365001678466,3886530.8510254147,0.0,0.0,-0.11920325982907376,True,False,51.865671641791046,51.9589552238806,83.76865671641791,100.0,,,,,,,,,,,60.0635447761194,,75.57251908396947,RISK_ON,85.0,73.4134723140025,127.49346305962875,129.6199951171875,WATCHLIST,"liquidez, tendência positiva",nenhum alerta quantitativo principal
BTHF11,BTHF11,8.73,-0.46,351696.0,,https://icons.brapi.dev/icons/BRAPI.svg,,,fund,fii,FII,3070306.08,8.770000457763672,0.004541184387029773,-0.02791608673099788,-0.017167378763383145,0.22881883751698218,0.12485083750298494,-0.07638045225164047,8.760461311340332,8.59493770122528,3329663.03902844,0.1346624787179486,12.0,0.025199307977582852,False,,45.52238805970149,82.74253731343283,82.27611940298507,35.0,,,,,,,,,,,59.32995559393117,57.64462809917356,76.85950413223141,RISK_ON,75.0,73.16764401134822,8.675175707479045,8.770000457763672,WATCHLIST,"risco controlado, liquidez",tendência não confirmada
SMTO3,São Martinho S.A.,,,,,,,,,,AÇÃO B3,,18.8700008392334,,,,,,,,,,,,,False,,,,,,,,,,,,,,,,59.41228070175438,,77.63975155279503,RISK_ON,,73.11558924485126,18.00292441874793,18.8700008392334,AGUARDAR,,"score,risk,trend"
REVE11,REVE11,76.92,-0.35,458.0,,https://icons.brapi.dev/icons/BRAPI.svg,Miscellaneous,,fund,etf,ETF,35229.36,77.19000244140625,0.04593494917975738,0.03305676097899668,0.19193946718883326,0.18316991062124255,0.2152249016942571,-0.1115486974114791,75.88660003662109,69.37805004119873,19840.82164171007,0.0,0.0,0.2717367008156685,True,,84.14179104477613,60.44776119402985,9.888059701492537,100.0,,,,,,,,,,,67.55037313432837,,74.10714285714286,RISK_ON,75.0,72.88507462686567,75.75125619204972,77.19000244140625,WATCHLIST,"momentum, tendência positiva",liquidez baixa
PQDP11,PQDP11,2490.0,0.0,63.0,,https://icons.brapi.dev/icons/BRAPI.svg,Miscellaneous,Shoppings,fund,fii,FII,156870.0,2490.0,-0.016845432879841082,-0.0343762231202317,0.07923391305994887,0.1452398509565842,0.1847384799564826,-0.10535074827678992,2511.4769677734375,2391.694426269531,150868.98897879463,0.09168953012048194,12.0,0.12160059980091487,True,,62.25124378109452,65.39179104477613,32.08955223880597,100.0,,,,,,,,,,,59.20702273755191,41.94214876033058,76.44628099173553,RISK_ON,75.0,72.85380124172525,2450.1629340419895,2490.0,WATCHLIST,tendência positiva,liquidez baixa
O1KT34,O1KT34,43.91,-2.03,52857.0,150338610439.731,https://icons.brapi.dev/icons/BRAPI.svg,Technology Services,,bdr,bdr,AÇÃO GLOBAL / BDR,2320950.8699999996,44.81999969482422,0.2765593539069844,0.4273885426538133,1.3258951027563017,0.8028961622857493,0.8114555763960956,-0.49314194098973685,36.100400085449216,26.00995005130768,166264.91038488963,0.0,0.0,1.199543449836626,True,False,99.12935323383084,7.74253731343284,33.02238805970149,100.0,,,,,,,,,,,59.930261194029846,,74.80916030534351,RISK_ON,85.0,72.85246445254643,41.67031391244077,44.81999969482422,WATCHLIST,"momentum, tendência positiva","risco elevado, liquidez baixa"
CASH3,Méliuz S.A.,,,,,,,,,,AÇÃO B3,,5.909999847412109,,,,,,,,,,,,,True,,,,,,,,,,,,,,,,59.375,,77.01863354037268,RISK_ON,,72.67241847826087,5.569257199370508,5.909999847412109,AGUARDAR,,"score,quality,risk"
KNHF11,KNHF11,92.1,0.93,32606.0,,https://icons.brapi.dev/icons/BRAPI.svg,Miscellaneous,Multicategoria,fund,fii,FII,3003012.5999999996,91.25,-0.031605494406821255,-0.056453496077602305,-0.012910797831465981,0.1504485811818388,0.10879563722066925,-0.07920198297243908,92.52330368041993,91.58653789520264,3981207.74302964,0.13150684931506848,12.0,0.029455888909500016,False,,42.66169154228856,84.98134328358209,83.95522388059702,35.0,,,,,,,,,,,58.977955264997334,56.404958677685954,76.03305785123968,RISK_ON,75.0,72.51873154886724,90.39024445590711,91.25,WATCHLIST,"risco controlado, liquidez",tendência não confirmada
CRAA11,CRAA11,93.19,1.07,5365.0,,https://icons.brapi.dev/icons/BRAPI.svg,Miscellaneous,Outros,fund,fi-agro,FIAGRO,499964.35,93.19000244140625,0.03739958594383275,-0.02916664878335451,-0.0204232599793589,0.13762129242295185,0.15113262822419568,-0.10655004453512473,91.923037109375,92.47599555969238,640003.2591807047,0.1561326281662928,12.0,0.05937397364747632,False,,48.75621890547264,71.26865671641791,56.529850746268664,35.0,,,,,,,,,,,53.27710239126946,52.41935483870968,77.41935483870968,RISK_ON,75.0,72.34896886535067,91.97028793317908,93.19000244140625,WATCHLIST,sem vantagem clara,tendência não confirmada
BKNG34,BKNG34,6.08,1.5,70712.0,799308714319.7103,https://icons.brapi.dev/icons/BRAPI.svg,Consumer Services,,bdr,bdr,AÇÃO GLOBAL / BDR,429928.96,5.989999771118164,0.008417460171052937,0.21228234520720113,0.20916579386271783,-0.14178928838333626,0.5040069197600792,-0.37916165792509815,5.643199987411499,5.529432506561279,554099.485853672,0.0056626045569394545,4.0,0.08281414094304207,True,False,85.136815920398,16.511194029850742,54.47761194029851,100.0,,,,,,,,,,,59.73910447761194,,74.04580152671755,RISK_ON,85.0,72.27988196422467,5.728546586187434,5.989999771118164,WATCHLIST,"momentum, tendência positiva",risco elevado
SHPH11,SHPH11,965.0,-2.5,53.0,,https://icons.brapi.dev/icons/BRAPI.svg,Miscellaneous,Shoppings,fund,fii,FII,51145.0,989.75,0.04680009398957341,0.11950310164510936,0.10855633120163577,0.08340002671075619,0.3079447094247762,-0.11860137582403674,944.9667626953125,900.5755764770507,108332.70268806578,0.06567314978529931,12.0,0.15092301794260177,True,,84.20398009950249,50.09328358208955,27.238805970149254,100.0,,,,,,,,,,,58.96921384811479,37.1900826446281,75.6198347107438,RISK_ON,75.0,72.22772706714362,963.3545610075686,989.75,WATCHLIST,"momentum, tendência positiva",liquidez baixa
TAEE11,Transmissora Aliança de Energia Elétrica S.A.,,,,,,,,,,AÇÃO B3,,38.70000076293945,,,,,,,,,,,,,False,,,,,,,,,,,,,,,,59.27807486631016,,76.3975155279503,RISK_ON,,72.21582771448499,38.01587650051546,38.70000076293945,AGUARDAR,,"score,valuation,trend"
HTEK11,HTEK11,73.15,-0.48,943.0,,https://icons.brapi.dev/icons/BRAPI.svg,Miscellaneous,,fund,etf,ETF,68980.45000000001,73.5,0.1914411028723515,0.31296892820702893,0.2827225301682308,0.46531100924219926,0.37376381335566305,-0.1856152013075658,63.73919967651367,58.473350009918214,65136.1069662306,0.0,0.0,0.362519763795066,True,,95.46019900497511,35.91417910447761,20.8955223880597,100.0,,,,,,,,,,,66.86909203980099,,73.21428571428571,RISK_ON,75.0,72.12381840796019,71.12088616324708,73.5,WATCHLIST,"momentum, tendência positiva",liquidez baixa
CLIN11,CLIN11,85.93,0.15,2914.0,,https://icons.brapi.dev/icons/BRAPI.svg,,Outros,fund,fii,FII,250400.02000000002,85.80000305175781,-0.017456647570550654,-0.028725294025793824,-0.0006052721685263496,0.1097788125382948,0.10627149284690664,-0.08040397868142035,87.60564178466797,85.29361961364746,664885.4623376755,0.14055943555998418,12.0,0.04176141457243965,False,,49.31592039800995,85.1679104477612,56.90298507462687,35.0,,,,,,,,,,,58.72053369516056,61.36363636363636,75.20661157024794,RISK_ON,75.0,71.88873483820566,85.01035291239114,85.80000305175781,AGUARDAR,risco controlado,tendência não confirmada
FCXO34,FCXO34,132.24,-2.34,10273.0,567943766854.6301,https://icons.brapi.dev/icons/BRAPI.svg,Non-Energy Minerals,,bdr,bdr,AÇÃO GLOBAL / BDR,1358501.52,135.41000366210938,0.3271587305907693,0.22642036811143695,0.1354161722113263,0.7362335547296561,0.5191741022571945,-0.2548579050702102,111.76793869018555,103.16269229888916,1570316.4211884756,0.005344287574245879,4.0,0.00906451929165053,True,False,74.44029850746269,22.854477611940297,71.82835820895522,100.0,,,,,,,,,,,59.63212686567164,,73.2824427480916,RISK_ON,85.0,71.72413529679844,129.32172668021806,135.41000366210938,AGUARDAR,tendência positiva,risco elevado
BBFO11,BBFO11,65.88,0.08,4344.0,,https://icons.brapi.dev/icons/BRAPI.svg,,Multicategoria,fund,fii,FII,286182.72,65.83000183105469,-0.02466409658328872,-0.03235512471711277,-0.013463635629813342,0.2153438807641883,0.1313934840911228,-0.06426927499745583,67.44522521972657,64.5499666404724,376503.1995359148,0.15236214068079276,12.0,0.028903051111152656,False,,45.95771144278607,83.86194029850746,48.507462686567166,35.0,,,,,,,,,,,58.51059166975043,67.35537190082646,74.79338842975206,RISK_ON,75.0,71.55749023477652,65.0809216140793,65.83000183105469,AGUARDAR,risco controlado,tendência não confirmada
WEGE3,WEG S.A.,,,,,,,,,,AÇÃO B3,,50.25,,,,,,,,,,,,,True,,,,,,,,,,,,,,,,56.05654761904762,,75.77639751552795,RISK_ON,,71.55620147515528,49.43204541787415,50.25,AGUARDAR,,"score,valuation"
CDII11,CDII11,96.98,1.27,63272.0,,https://icons.brapi.dev/icons/BRAPI.svg,Miscellaneous,,fund,etf,ETF,6136118.5600000005,96.9800033569336,-0.010270052846379274,-0.0011284231159204294,-0.01733479833442575,0.03629412368470586,0.11747625167851604,-0.06724611572890982,98.28412628173828,98.91646682739258,6937442.364157662,0.14745307800587554,12.0,0.06246243529240947,False,,55.348258706467654,85.91417910447763,89.92537313432835,35.0,,,,,,,,,,,65.75528606965173,,72.32142857142857,RISK_ON,75.0,71.27605721393034,95.9933538401564,96.9800033569336,AGUARDAR,"risco controlado, liquidez",tendência não confirmada
GTWR11,GTWR11,78.51,0.13,6278.0,,https://icons.brapi.dev/icons/BRAPI.svg,,Escritórios,fund,fii,FII,492885.78,78.41000366210938,-0.010116457782500698,-0.01977184375225627,-0.01892997672700336,0.1883511167419425,0.08282757096624385,-0.08381698833559215,78.90778686523437,77.73910961151122,693990.1026778448,0.13773752704489367,12.0,0.023436710013962636,False,,46.89054726368159,87.59328358208955,57.649253731343286,35.0,,,,,,,,,,,58.141743760536166,59.29752066115702,74.3801652892562,RISK_ON,75.0,71.19446445458658,77.84756258523046,78.41000366210938,AGUARDAR,risco controlado,tendência não confirmada
HPQB34,HPQB34,157.8,3.16,1524.0,142383146456.28555,https://icons.brapi.dev/icons/BRAPI.svg,Technology Services,,bdr,bdr,AÇÃO GLOBAL / BDR,240487.2,152.9600067138672,0.1766154362605168,0.12075952452293537,0.6118316157634391,0.0653135029437395,0.5292601189228563,-0.4185894985741073,134.26519851684571,116.83535045623779,132975.52797456773,0.02862748959073507,4.0,0.4854799628437634,True,False,94.65174129353234,14.36567164179105,30.597014925373134,100.0,,,,,,,,,,,59.56373134328358,,72.51908396946564,RISK_ON,85.0,71.17610504728266,145.9490433815514,152.9600067138672,AGUARDAR,"momentum, tendência positiva","risco elevado, liquidez baixa"
SAUD3,Bradsaúde S.A.,,,,,,,,,,AÇÃO B3,,14.039999961853027,,,,,,,,,,,,,True,,,,,,,,,,,,,,,,55.95982142857143,,75.15527950310559,RISK_ON,,71.09965547360247,13.409023868532694,14.039999961853027,AGUARDAR,,"score,valuation"
VGIP11,VGIP11,75.26,1.94,33637.0,,https://icons.brapi.dev/icons/VGIP11.svg,,Multicategoria,fund,fii,FII,2531520.62,73.83000183105469,-0.046030932819978054,-0.04616699341476904,-0.010267821665775667,0.048583752262782554,0.12980401753328583,-0.08852834570453805,76.42849670410156,74.98533500671387,1826737.147230118,0.1395096809501577,12.0,0.03209886507519033,False,,44.58955223880597,78.82462686567163,73.32089552238806,35.0,,,,,,,,,,,58.07230788207722,60.3305785123967,73.96694214876032,RISK_ON,75.0,70.89132108054767,73.00005237371641,73.83000183105469,AGUARDAR,risco controlado,tendência não confirmada
VIVA3,Vivara Participações S.A.,,,,,,,,,,AÇÃO B3,,22.600000381469727,,,,,,,,,,,,,False,,,,,,,,,,,,,,,,58.13235294117647,,74.53416149068323,RISK_ON,,70.65369245524296,21.978326761475643,22.600000381469727,AGUARDAR,,"score,valuation,trend"
CMDB11,CMDB11,17.08,-0.18,3753.0,,https://icons.brapi.dev/icons/BRAPI.svg,Miscellaneous,,fund,etf,ETF,64101.23999999999,17.110000610351562,0.03696973396070069,0.017241434054043436,0.0035191422859770505,0.30710469143645636,0.16317789948377795,-0.15091213227657718,16.16340003967285,16.112499990463256,279899.8253436013,0.0,0.0,0.08331637591281227,True,,62.68656716417911,60.167910447761194,41.6044776119403,100.0,,,,,,,,,,,65.67444029850745,,71.42857142857143,RISK_ON,75.0,70.6348880597015,16.868208572765596,17.110000610351562,AGUARDAR,tendência positiva,nenhum alerta quantitativo principal
GSGI34,GSGI34,181.88,1.44,6447.0,1557518524909.4673,https://icons.brapi.dev/icons/BRAPI.svg,Finance,,bdr,bdr,AÇÃO GLOBAL / BDR,1172580.3599999999,179.3000030517578,0.05881662294354606,0.05594817331719515,0.09784346062803495,0.35697211017353325,0.4391258628150434,-0.20800091384787067,180.59300079345704,162.71634460449218,6016475.300763327,0.011685538005234624,4.0,-0.02850819229164081,True,False,63.12189054726368,30.13059701492537,88.43283582089553,100.0,,,,,,,,,,,59.419925373134326,,71.7557251908397,RISK_ON,85.0,70.61299270821465,172.4813287785686,179.3000030517578,AGUARDAR,"liquidez, tendência positiva",risco elevado
VRTA11,VRTA11,73.3,1.27,20099.0,,https://icons.brapi.dev/icons/BRAPI.svg,Miscellaneous,Outros,fund,fii,FII,1473256.7,72.37999725341797,-0.006610075393832848,-0.024674113158882793,-0.02321832928888845,0.08987296023424651,0.13904039260287498,-0.10066556368178303,70.85962570190429,72.53440139770508,2080834.45644524,0.14092291222791292,12.0,0.019148357452077547,False,,44.71393034825871,74.90671641791045,75.93283582089553,35.0,,,,,,,,,,,58.063406109946136,61.77685950413223,73.55371900826447,RISK_ON,75.0,70.60028452777435,71.50845152357569,72.37999725341797,AGUARDAR,liquidez,tendência não confirmada
JASC11,JASC11,100.0,0.0,1251.0,,https://icons.brapi.dev/icons/BRAPI.svg,,Varejo,fund,fii,FII,125100.0,100.0,0.007353715942576056,0.02201776460748861,0.044280082368356455,0.1044480847804119,0.03226212245882942,-0.17571405604442647,99.02973007202148,96.47712387084961,6707.721403091673,0.08469999999999998,12.0,0.08664676910932245,True,,67.03980099502488,73.41417910447761,4.104477611940299,100.0,,,,,,,,,,,57.76297232844044,39.46280991735537,73.14049586776859,RISK_ON,75.0,70.2509415731261,99.72060182370649,100.0,AGUARDAR,tendência positiva,liquidez baixa
ALLD3,Allied Tecnologia S.A.,,,,,,,,,,AÇÃO B3,,5.139999866485596,,,,,,,,,,,,,False,,,,,,,,,,,,,,,,60.2448871729684,,73.91304347826086,RISK_ON,,70.19423004870049,4.784606941814646,5.139999866485596,AGUARDAR,,"score,quality,momentum,trend"
MSFT34,MSFT34,111.1,2.54,426704.0,19727059244816.348,https://icons.brapi.dev/icons/BRAPI.svg,Technology Services,,bdr,bdr,AÇÃO GLOBAL / BDR,47406814.4,108.3499984741211,0.2717388102009892,0.1560153592160587,0.2623047965916756,-0.04123752124981628,0.4137125568746424,-0.3652150719561511,91.73531387329102,93.1837174987793,41925029.84407249,0.005122750418243626,4.0,0.13595314367199984,False,False,88.80597014925372,20.149253731343283,97.38805970149254,35.0,,,,,,,,,,,59.03059701492537,,70.99236641221374,RISK_ON,85.0,70.00077589153469,104.46797422487202,108.3499984741211,AGUARDAR,"momentum, liquidez","risco elevado, tendência não confirmada"
PLAG11,PLAG11,62.0,0.0,1789.0,,https://icons.brapi.dev/icons/BRAPI.svg,,Outros,fund,fii,FII,110918.0,62.0,0.001974736783960651,0.01616194190639031,0.055986435910117205,0.3957628152814421,0.10490520181545553,-0.10843462050806851,61.48453193664551,57.10227340698242,136652.41376501418,0.10161290322580646,11.0,0.0983531226510832,True,,67.84825870646766,79.57089552238806,30.783582089552237,100.0,,,,,,,,,,,57.72490851527487,23.96694214876033,72.72727272727273,RISK_ON,75.0,69.9540726121459,61.43672646747983,62.0,AGUARDAR,"risco controlado, tendência positiva",liquidez baixa
ABEV3,Ambev S.A.,,,,,,,,,,AÇÃO B3,,15.119999885559082,,,,,,,,,,,,,False,,,,,,,,,,,,,,,,57.98717948717948,,73.29192546583852,RISK_ON,,69.75146321070234,14.894630499834568,15.119999885559082,AGUARDAR,,"score,valuation,trend"
BTAG11,BTAG11,97.5,0.01,7956.0,,https://icons.brapi.dev/icons/BRAPI.svg,Miscellaneous,,fund,fi-agro,FIAGRO,775710.0,97.48999786376953,-0.012259362937034113,-0.09775213471897926,-0.009480399652385896,0.17833642974327746,0.14842815964656378,-0.13305172335887372,102.56374221801758,102.77107139587402,417124.8566651117,0.1620679079517325,12.0,0.07031683397444932,False,,44.02985074626866,66.51119402985074,49.62686567164179,35.0,,,,,,,,,,,51.31824747231584,57.25806451612903,74.19354838709677,RISK_ON,75.0,69.6991333654309,96.23683650409984,97.48999786376953,AGUARDAR,sem vantagem clara,tendência não confirmada
HGLG11,HGLG11,148.3,0.16,155977.0,,https://icons.brapi.dev/icons/BRAPI.svg,Finance,Multicategoria,fund,fii,FII,23131389.1,148.05999755859375,0.015959656708441683,-0.027620139258140997,-0.019444650482766335,0.05724231348884312,0.07519238792072719,-0.054214124139549735,147.15184783935547,149.7023203277588,16170198.30713036,0.08962582884515101,12.0,0.022922036258199663,False,,44.838308457711435,93.09701492537314,94.40298507462687,35.0,,,,,,,,,,,57.56094938530488,40.49586776859505,72.31404958677686,RISK_ON,75.0,69.63202458780478,147.09585279534681,148.05999755859375,AGUARDAR,"risco controlado, liquidez",tendência não confirmada
SILK11,SILK11,65.93,3.65,709.0,,https://icons.brapi.dev/icons/BRAPI.svg,Miscellaneous,,fund,etf,ETF,46744.37,63.61000061035156,0.012575627497056985,-0.011806774954205235,0.08716462886893339,0.16182649516623848,0.293677050411365,-0.10160582605069568,63.93560005187988,61.28535011291504,66151.24003873553,0.0,0.0,0.1669618624957686,True,,69.58955223880598,55.690298507462686,21.082089552238806,100.0,,,,,,,,,,,63.1875,,70.53571428571429,RISK_ON,75.0,69.5125,61.992196103034566,63.61000061035156,AGUARDAR,tendência positiva,liquidez baixa
CSCO34,CSCO34,114.25,-1.07,1319.0,2241499898375.582,https://icons.brapi.dev/icons/BRAPI.svg,Electronic Technology,,bdr,bdr,AÇÃO GLOBAL / BDR,150695.75,115.48999786376953,-0.02127120454432596,-0.06573420954011733,0.4435049308491039,0.6052883775675193,0.4820848864412136,-0.13922074819283636,118.72493515014648,96.79626316070556,387099.26074206637,0.010423707873127044,4.0,0.31715327792942816,True,False,70.77114427860697,37.96641791044777,48.88059701492538,100.0,,,,,,,,,,,58.92537313432836,,70.22900763358778,RISK_ON,85.0,69.44537997037712,110.66831634074897,115.48999786376953,AGUARDAR,tendência positiva,nenhum alerta quantitativo principal
GARE11,GARE11,8.43,0.96,759652.0,,https://icons.brapi.dev/icons/BRAPI.svg,Miscellaneous,Multicategoria,fund,fii,FII,6403866.359999999,8.350000381469727,0.03497780301636899,0.030802057646017067,0.03425172346543626,0.021326804140547218,0.055154352123969595,-0.0758443989282549,8.096150541305542,8.14577383995056,9892553.321933156,0.10934131237001192,11.0,0.07661841020640225,False,,66.91542288557214,90.95149253731344,92.3507462686567,35.0,,,,,,,,,,,57.52766539204803,26.44628099173554,71.900826446281,RISK_ON,75.0,69.3361115908063,8.310116546140328,8.350000381469727,AGUARDAR,"risco controlado, liquidez",tendência não confirmada
PINE4,Banco Pine S.A.,,,,,,,,,,AÇÃO B3,,10.90999984741211,,,,,,,,,,,,,False,,,,,,,,,,,,,,,,60.11904761904761,,72.67080745341616,RISK_ON,,69.29635093167703,10.35721191999082,10.90999984741211,AGUARDAR,,"score,momentum,risk,trend"
RINV11,RINV11,101.55,0.05,1460.0,,https://icons.brapi.dev/icons/BRAPI.svg,Miscellaneous,Outros,fund,fii,FII,148263.0,101.5,-0.0032223415682062218,-0.025793628273247715,-0.022570182332524724,0.13903704261167915,0.07446227806438162,-0.05999169272720606,102.08359283447265,101.30959880828857,554099.3789717659,0.13259416748768474,12.0,0.019796504408441273,False,,44.65174129353233,92.91044776119404,54.2910447761194,35.0,,,,,,,,,,,57.50386908433042,56.611570247933884,71.48760330578511,RISK_ON,75.0,69.04209613091567,100.84546482206174,101.5,AGUARDAR,risco controlado,tendência não confirmada
CHVX34,CHVX34,104.9,1.79,2429.0,2063265306570.0984,https://icons.brapi.dev/icons/BRAPI.svg,Energy Minerals,,bdr,bdr,AÇÃO GLOBAL / BDR,254802.1,103.05999755859375,0.06242272662922943,0.13146983076299512,0.10907986539589842,0.2564633318060383,0.3073365566674931,-0.22009560084648194,95.31732986450196,91.30791206359864,694732.8120235867,0.03573724128904642,4.0,-0.017271787523777338,True,False,68.53233830845771,35.7276119402985,57.83582089552238,100.0,,,,,,,,,,,58.714925373134314,,69.46564885496184,RISK_ON,85.0,68.86893927310015,100.31693962044847,103.05999755859375,AGUARDAR,tendência positiva,nenhum alerta quantitativo principal
CPTI11,CPTI11,83.39,0.79,26548.0,,https://icons.brapi.dev/icons/BRAPI.svg,,,fund,etf,ETF,2213837.72,83.38999938964844,-0.016549361419410324,-0.018680640486284927,-0.020106646981707943,0.17484347468201844,0.10347433483873297,-0.062221617135213236,84.00753768920899,82.7267760848999,2289721.8500213623,0.1427029630303271,11.0,0.059690586645127275,False,,50.99502487562189,89.36567164179104,78.17164179104478,35.0,,,,,,,,,,,63.04788557213931,,69.64285714285714,RISK_ON,75.0,68.85957711442785,82.64272990875276,83.38999938964844,AGUARDAR,"risco controlado, liquidez",tendência não confirmada
CPLE3,Companhia Paranaense de Energia - COPEL,,,,,,,,,,AÇÃO B3,,14.56999969482422,,,,,,,,,,,,,False,,,,,,,,,,,,,,,,59.919786096256686,,72.04968944099379,RISK_ON,,68.8167344803534,14.285101519570295,14.56999969482422,AGUARDAR,,"score,quality,valuation,trend"
APTO11,APTO11,8.12,-0.12,833.0,,https://icons.brapi.dev/icons/BRAPI.svg,,Outros,fund,fii,FII,6763.959999999999,8.130000114440918,0.013297073809344306,0.014412160394944973,0.02628585599785227,0.08248887327889864,0.125929863676534,-0.0604968953888404,8.16424934387207,8.001635208129883,22388.177071086942,0.1193111914324622,11.0,0.06865254273881827,True,,62.68656716417911,85.63432835820896,11.194029850746269,100.0,,,,,,,,,,,57.310780806710255,30.16528925619835,71.07438016528926,RISK_ON,75.0,68.71422227704453,8.041335584368143,8.130000114440918,AGUARDAR,"risco controlado, tendência positiva",liquidez baixa
BTHI11,BTHI11,43.49,0.02,441.0,,https://icons.brapi.dev/icons/BRAPI.svg,Miscellaneous,Hotel,fund,fii,FII,19179.09,43.4900016784668,0.012990875244059286,0.0014302955985228127,0.02443581930115135,0.17751638617880294,0.2056124518907079,-0.11492687290346626,43.054614486694334,42.20984146118164,21810.802100408644,0.11107684096484732,12.0,0.06680250604211735,True,,59.82587064676617,60.3544776119403,11.007462686567164,100.0,,,,,,,,,,,57.181581760618386,48.760330578512395,70.66115702479338,RISK_ON,75.0,68.39912626947904,42.71559432516359,43.4900016784668,AGUARDAR,tendência positiva,liquidez baixa
EMBJ3,Embraer S.A.,,,,,,,,,,AÇÃO B3,,97.61000061035156,,,,,,,,,,,,,True,,,,,,,,,,,,,,,,57.54464285714286,,71.42857142857143,RISK_ON,,68.34754464285714,94.73845967461428,97.61000061035156,AGUARDAR,,"score,quality,valuation"
EXGR34,EXGR34,853.63,4.47,168.0,204547453052.25037,https://icons.brapi.dev/icons/BRAPI.svg,Consumer Services,,bdr,bdr,AÇÃO GLOBAL / BDR,143409.84,817.0900268554688,0.057445923326183035,0.41996426542863197,0.30198999057489084,0.41959264766715587,0.42614012203267065,-0.2937515715914798,744.0900341796874,676.6308834838867,21051.627695234994,0.005022685218413436,5.0,0.17563833765521508,True,False,93.03482587064677,23.50746268656717,10.261194029850747,100.0,,,,,,,,,,,58.46414179104477,,68.70229007633588,RISK_ON,85.0,68.28443141164408,786.9354688395352,817.0900268554688,AGUARDAR,"momentum, tendência positiva","risco elevado, liquidez baixa"
SPXI11,SPXI11,54.92,0.49,268095.0,,https://icons.brapi.dev/icons/BRAPI.svg,Miscellaneous,,fund,etf,ETF,14723777.4,54.650001525878906,0.06738282639707882,0.046734389660847864,0.1258755767430786,-0.8564486478236326,0.14077604513776834,-0.8921963944379543,53.25840003967285,138.7487999343872,13883135.823197985,0.0,0.0,0.2056728103699138,False,,82.46268656716417,37.873134328358205,93.65671641791045,35.0,,,,,,,,,,,62.94589552238805,,68.75,RISK_ON,75.0,68.21417910447761,53.98373258203787,54.650001525878906,AGUARDAR,"momentum, liquidez",tendência não confirmada
EQIR11,EQIR11,8.01,0.38,2015.0,,https://icons.brapi.dev/icons/BRAPI.svg,,Multicategoria,fund,fii,FII,16140.15,7.980000019073486,-0.025255631059071804,-0.027549110438402913,-0.002641600829769608,0.19356983389359228,0.08679607671793675,-0.05277905944986694,8.098481779098512,7.887708232402802,59600.17502593994,0.15046303222182275,12.0,0.03972508591119639,False,,48.94278606965175,92.53731343283582,18.84328358208955,35.0,,,,,,,,,,,57.094747337691715,66.52892561983471,70.24793388429752,RISK_ON,75.0,68.09250318654661,7.920016268235644,7.980000019073486,AGUARDAR,risco controlado,"liquidez baixa, tendência não confirmada"
MTRE3,Mitre Realty Empreendimentos e Participações S.A.,,,,,,,,,,AÇÃO B3,,3.1700000762939453,,,,,,,,,,,,,False,,,,,,,,,,,,,,,,57.53125,,70.80745341614907,RISK_ON,,67.90974864130435,3.08027479222664,3.1700000762939453,AGUARDAR,,"score,quality,trend"
SHPP11,SHPP11,12.13,11.49,2871.0,,https://icons.brapi.dev/icons/BRAPI.svg,,Multicategoria,fund,fii,FII,34825.23,10.880000114440918,0.007941159632124828,0.0033516859613609284,0.11966715721899512,0.10211542078641433,0.986417509478895,-0.21195303119528086,10.969741821289062,10.446026854515075,3191219.734656546,0.05873161702929226,12.0,0.16203384395996112,True,,73.38308457711442,20.615671641791042,81.71641791044776,100.0,,,,,,,,,,,57.04445746474241,36.5702479338843,69.83471074380165,RISK_ON,75.0,67.79318901360963,9.950562371986866,10.880000114440918,AGUARDAR,"liquidez, tendência positiva",risco elevado
L1RC34,L1RC34,35.72,-3.82,42176.0,1954339450719.0896,https://icons.brapi.dev/icons/BRAPI.svg,Producer Manufacturing,,bdr,bdr,AÇÃO GLOBAL / BDR,1506526.72,37.13999938964844,0.2526138235238682,0.021934261139770372,0.2661323636403359,1.9945226935709526,0.9111369170451079,-0.4225900584306149,39.18199993133545,30.509786157608033,1940008.4068710085,0.002342595622773476,4.0,0.13978071072066012,True,False,79.66417910447761,9.048507462686567,74.06716417910447,100.0,,,,,,,,,,,58.37645522388059,,67.93893129770993,RISK_ON,85.0,67.73254295317307,34.20940193877697,37.13999938964844,AGUARDAR,"momentum, tendência positiva",risco elevado
KDIF11,KDIF11,110.86,-1.19,74783.0,,https://icons.brapi.dev/icons/BRAPI.svg,Miscellaneous,,fund,fi-infra,FI-INFRA,8290443.38,110.86000061035156,-0.040930460960070025,-0.08311171446243126,-0.10661580483596456,0.04160777565634333,0.16500244065987546,-0.12654075676120236,116.93271377563477,119.45963520050049,3755832.368901692,0.13016417030988722,11.0,-0.026818571209129338,False,,23.258706467661693,63.805970149253724,83.3955223880597,35.0,,,,,,,,,,,55.710199004975124,77.5,70.0,RISK_ON,75.0,67.64203980099502,109.2758521610975,110.86000061035156,AGUARDAR,liquidez,"momentum fraco, tendência não confirmada"
PPEI11,PPEI11,83.7,-0.59,3113.0,,https://icons.brapi.dev/icons/BRAPI.svg,,,fund,fip,FIP,260558.1,83.69999694824219,0.007667872603938974,0.026666962387077664,0.06440969823604936,0.06874071124127812,0.08859296185364335,-0.15006555506494934,82.41626510620117,77.66186809539795,144134.26298171756,0.1463560387890464,8.0,0.14420693186288458,True,,73.38308457711442,74.06716417910448,31.716417910447763,100.0,,,,,,,,,,,66.80555555555556,55.55555555555555,66.66666666666666,RISK_ON,75.0,67.52777777777777,83.05781913760448,83.69999694824219,AGUARDAR,tendência positiva,liquidez baixa
XPCI11,XPCI11,78.38,2.14,18118.0,,https://icons.brapi.dev/icons/XPCI11.svg,,Outros,fund,fii,FII,1420088.8399999999,76.73999786376953,-0.06364455736210572,-0.07217906540521568,-0.015194557639834572,0.061550401946796285,0.1434414109800722,-0.09334741824394877,80.79498321533202,78.92622474670411,1776223.9149495685,0.14125619366374492,12.0,0.027172129101131426,False,,40.36069651741294,75.18656716417911,73.13432835820896,35.0,,,,,,,,,,,57.011794334114555,62.396694214876035,69.42148760330579,RISK_ON,75.0,67.49740018913697,75.78670363671068,76.73999786376953,AGUARDAR,risco controlado,tendência não confirmada
WIZC3,Wiz Co Participações e Corretagem de Seguros S.A.,,,,,,,,,,AÇÃO B3,,7.849999904632568,,,,,,,,,,,,,False,,,,,,,,,,,,,,,,57.33082706766917,,70.1863354037267,RISK_ON,,67.42987087283424,7.662969257716843,7.849999904632568,AGUARDAR,,"score,momentum,trend"
CPTR11,CPTR11,7.43,1.09,30671.0,,https://icons.brapi.dev/icons/BRAPI.svg,Miscellaneous,Outros,fund,fi-agro,FIAGRO,227885.53,7.429999828338623,-0.04003428607618864,-0.05544971199768878,-0.061390920745745925,0.17382323042925973,0.18008565220140982,-0.09262330797705087,7.712450122833252,7.591818785667419,209643.0336680261,0.17967698934637946,12.0,0.018406312881089293,False,,35.9452736318408,67.91044776119402,37.12686567164179,35.0,,,,,,,,,,,50.92776039159043,70.16129032258064,70.96774193548387,RISK_ON,75.0,67.36297143315679,7.314122480015845,7.429999828338623,AGUARDAR,sem vantagem clara,tendência não confirmada
AJFI11,AJFI11,8.35,0.0,8489.0,,https://icons.brapi.dev/icons/AJFI11.svg,,Shoppings,fund,fii,FII,70883.15,8.350000381469727,0.05119440320899904,0.003017204642036697,0.05088951509778772,0.2011285019870741,0.26879514674006416,-0.11158473149666392,8.13227289199829,7.948370840549469,194679.02390846374,0.07221556556310756,12.0,0.09325620183875372,True,,64.92537313432835,55.22388059701493,35.634328358208954,100.0,,,,,,,,,,,56.947452818551874,37.8099173553719,69.00826446280992,RISK_ON,75.0,67.19527568767731,8.155626212304874,8.350000381469727,AGUARDAR,tendência positiva,nenhum alerta quantitativo principal
C1FI34,C1FI34,651.95,0.2,138.0,98483301557.16502,https://icons.brapi.dev/icons/BRAPI.svg,Process Industries,,bdr,bdr,AÇÃO GLOBAL / BDR,89969.1,650.6500244140625,0.05164003659542571,0.040265325842297583,0.5540669970852452,0.4453169169428657,0.45273782116770045,-0.25651729004849677,583.6521398925781,535.3673724365234,53285.99822610522,0.011706158017682511,4.0,0.42771534416556944,True,False,89.11691542288558,25.000000000000004,16.6044776119403,100.0,,,,,,,,,,,58.20458955223881,,67.17557251908397,RISK_ON,85.0,67.16381867380653,625.139178562254,650.6500244140625,AGUARDAR,"momentum, tendência positiva","risco elevado, liquidez baixa"
USDB11,USDB11,99.91,0.17,4453.0,,https://icons.brapi.dev/icons/BRAPI.svg,Miscellaneous,,fund,etf,ETF,444899.23,99.73999786376953,0.01775508024254613,0.018378551945004817,-0.008450129287865482,-0.033808053663398896,0.10389331571920343,-0.12051543217756999,99.19040008544921,100.48295032501221,783686.8935240488,0.0,0.0,0.07134710433896974,False,,60.69651741293533,76.77238805970148,60.820895522388064,35.0,,,,,,,,,,,59.92008706467662,,67.85714285714286,RISK_ON,75.0,66.98401741293532,98.84259470654594,99.73999786376953,AGUARDAR,risco controlado,tendência não confirmada
CPFE3,CPFL Energia S.A.,,,,,,,,,,AÇÃO B3,,44.060001373291016,,,,,,,,,,,,,False,,,,,,,,,,,,,,,,57.02540106951872,,69.56521739130434,RISK_ON,,66.92636741455475,42.88582041524199,44.060001373291016,AGUARDAR,,"score,quality,trend"
MIDW11,MIDW11,11.15,1.55,844103.0,,https://icons.brapi.dev/icons/BRAPI.svg,,Multicategoria,fund,fii,FII,9411748.450000001,11.149999618530273,0.04191156137705376,0.0527137428244866,0.14855460359144157,,0.07052312892283721,-0.03398065743851442,10.811921825408936,,7364421.107679064,0.03309417153582283,5.0,0.19092129033240757,False,,83.70646766169155,96.17537313432837,90.48507462686567,35.0,,,,,,,,,,,56.835979194934424,9.090909090909092,68.59504132231406,RISK_ON,75.0,66.88372476460673,11.081901195220373,11.149999618530273,AGUARDAR,"momentum, risco controlado, liquidez",tendência não confirmada
E1TN34,E1TN34,150.29,-3.1,686.0,809310652188.3083,https://icons.brapi.dev/icons/BRAPI.svg,Producer Manufacturing,,bdr,bdr,AÇÃO GLOBAL / BDR,103098.93999999999,155.10000610351562,0.17811899835996226,0.07160079730391766,0.1522963207491772,0.16457724552956376,0.5093134365818273,-0.18120388213130711,153.04152923583985,140.26091426849365,405702.60593910824,0.007761463266458979,4.0,0.025944667829501444,True,False,73.2587064676617,30.690298507462682,49.25373134328358,100.0,,,,,,,,,,,58.044999999999995,,66.41221374045801,RISK_ON,85.0,66.59754961832061,148.2588802447435,155.10000610351562,AGUARDAR,tendência positiva,risco elevado
TVRI11,TVRI11,88.3,-0.18,12937.0,,https://icons.brapi.dev/icons/BRAPI.svg,Miscellaneous,Escritórios,fund,fii,FII,1142337.0999999999,88.45999908447266,-0.02265918542210965,-0.014831864356317559,-0.06174862636251077,0.10253137703110693,0.10659672015558908,-0.09725353150933647,89.678671875,90.81576541900635,907318.9209865994,0.1424372612526024,12.0,-0.019381939621544775,False,,37.81094527363184,81.34328358208955,63.80597014925373,35.0,,,,,,,,,,,56.81072324328769,63.22314049586777,68.18181818181817,RISK_ON,75.0,66.58941737593025,87.64337646640351,88.45999908447266,AGUARDAR,risco controlado,tendência não confirmada
SANB4,Banco Santander (Brasil) S.A.,,,,,,,,,,AÇÃO B3,,14.729999542236328,,,,,,,,,,,,,False,,,,,,,,,,,,,,,,59.08521303258145,,68.94409937888199,RISK_ON,,66.45504249754822,14.157811973602946,14.729999542236328,AGUARDAR,,"score,quality,risk,trend"
ARGE11,ARGE11,12.59,-0.24,3749.0,,https://icons.brapi.dev/icons/BRAPI.svg,Miscellaneous,,fund,etf,ETF,47199.909999999996,12.619999885559082,-0.0410334322275252,-0.06240714340321296,0.07039863667443158,,0.2939732916701061,-0.1837481886471145,13.008400001525878,12.611199994087219,282732.9630725951,0.0,0.0,0.1501958703012668,True,,60.01243781094527,41.13805970149254,41.7910447761194,100.0,,,,,,,,,,,59.63401741293532,,66.96428571428571,RISK_ON,75.0,66.30180348258706,12.298709405133614,12.619999885559082,AGUARDAR,tendência positiva,nenhum alerta quantitativo principal
PMIS11,PMIS11,7.52,0.27,17360.0,,https://icons.brapi.dev/icons/PMIS11.svg,,Outros,fund,fii,FII,130547.2,7.5,-0.028319311627334587,-0.03425723754162402,-0.031040137442792992,0.1423896470938233,0.10818303469080758,-0.07114750316874863,7.651292247772217,7.596607189178467,225689.16265746526,0.15120000000000003,12.0,0.011326549298173005,False,,41.231343283582085,86.75373134328358,38.43283582089552,35.0,,,,,,,,,,,56.716226717651416,66.94214876033058,67.76859504132231,RISK_ON,75.0,66.2812618724559,7.429733057774451,7.5,AGUARDAR,risco controlado,tendência não confirmada
VIVT3,Telefônica Brasil S.A.,,,,,,,,,,AÇÃO B3,,29.38999938964844,,,,,,,,,,,,,False,,,,,,,,,,,,,,,,58.95833333333333,,68.32298136645963,RISK_ON,,65.99171195652173,28.864080523407623,29.38999938964844,AGUARDAR,,"score,quality,momentum,trend"
BRCO11,BRCO11,113.1,-0.35,33499.0,,https://icons.brapi.dev/icons/BRAPI.svg,Miscellaneous,Logística,fund,fii,FII,3788736.9,113.5,0.0060296839737974395,-0.016078935529626026,-0.02000132013218714,0.14223754657597976,0.11691262888170775,-0.07377316793185495,112.49633102416992,112.29484760284424,5053573.946545797,0.09621145374449339,12.0,0.02236536660877886,False,,47.13930348258706,84.794776119403,86.94029850746269,35.0,,,,,,,,,,,56.37896673656511,43.388429752066116,67.35537190082644,RISK_ON,75.0,65.92455367789152,112.35082036969524,113.5,AGUARDAR,"risco controlado, liquidez",tendência não confirmada
RIOT34,RIOT34,537.31,-0.95,4562.0,923288658112.791,https://icons.brapi.dev/icons/BRAPI.svg,Non-Energy Minerals,,bdr,bdr,AÇÃO GLOBAL / BDR,2451208.2199999997,542.469970703125,0.14856849063381006,0.023945677294187284,0.11631413270616897,0.6837862811767219,0.33244745184661006,-0.193771431680688,485.24673950195313,463.70559005737306,934603.0348103842,0.04300453160524709,2.0,-0.01003752021350679,True,False,60.94527363184079,37.22014925373135,64.73880597014924,100.0,,,,,,,,,,,57.08570895522388,,65.64885496183206,RISK_ON,85.0,65.87134026432722,526.8518295947222,542.469970703125,AGUARDAR,tendência positiva,nenhum alerta quantitativo principal
QQQQ11,QQQQ11,132.34,-1.85,570.0,,https://icons.brapi.dev/icons/BRAPI.svg,Miscellaneous,,fund,etf,ETF,75433.8,132.33999633789062,0.09344788624858191,-0.03542274576132076,0.31931013417269094,0.4652346853968641,0.41664746883139614,-0.1841247566958505,133.2877995300293,116.26754981994628,99142.55992853074,0.0,0.0,0.39910736779952616,True,,74.31592039800995,33.022388059701484,26.119402985074625,100.0,,,,,,,,,,,59.62810945273632,,66.07142857142857,RISK_ON,75.0,65.67562189054726,127.56480808200463,132.33999633789062,AGUARDAR,tendência positiva,"risco elevado, liquidez baixa"
SNCI11,SNCI11,82.58,2.14,3456.0,,https://icons.brapi.dev/icons/BRAPI.svg,Finance,Outros,fund,fii,FII,285396.48,80.8499984741211,-0.03709220531585222,-0.05806750783545944,-0.020787938357114344,0.130677154469645,0.12565511552119707,-0.09156302412281758,83.34886505126953,81.70986232757568,454148.40151444694,0.14842300836704436,12.0,0.021578748383851654,False,,40.049751243781095,79.2910447761194,51.679104477611936,35.0,,,,,,,,,,,56.24337403889643,65.9090909090909,66.94214876033058,RISK_ON,75.0,65.6081789400107,79.97018456908786,80.8499984741211,AGUARDAR,risco controlado,tendência não confirmada
RDOR3,Rede D'Or São Luiz S.A.,,,,,,,,,,AÇÃO B3,,35.310001373291016,,,,,,,,,,,,,False,,,,,,,,,,,,,,,,56.69642857142857,,67.70186335403726,RISK_ON,,65.54800077639752,34.01689978437139,35.310001373291016,AGUARDAR,,"score,valuation,trend"
Z1BR34,Z1BR34,62.2,-0.22,1150.0,87242037268.49458,https://icons.brapi.dev/icons/BRAPI.svg,Electronic Technology,,bdr,bdr,AÇÃO GLOBAL / BDR,71530.0,62.20000076293945,0.4152445889236296,0.5038684682072287,0.529382925087859,0.11669658727051302,0.5556350680985028,-0.363603956987658,50.3062003326416,43.66945035934448,3405.604482983786,0.0,0.0,0.40303127216818324,True,False,97.63681592039802,15.391791044776118,1.6791044776119404,100.0,,,,,,,,,,,56.93488805970149,,64.8854961832061,RISK_ON,85.0,65.30682494018457,59.20697352246096,62.20000076293945,AGUARDAR,"momentum, tendência positiva","risco elevado, liquidez baixa"
FYTO11,FYTO11,8.06,-0.74,8448.0,,https://icons.brapi.dev/icons/NCHB11.svg,,Multicategoria,fund,fii,FII,68090.88,8.119999885559082,0.018916358967086655,-0.014811435283815566,-0.008808970598387145,0.1997329554617422,0.14415355050963444,-0.07064896268753107,7.989260063171387,7.938089549541473,123935.3588851974,0.14890394298530837,12.0,0.03355771614257885,False,,50.55970149253731,79.75746268656715,29.47761194029851,35.0,,,,,,,,,,,56.04665104230912,66.11570247933885,66.52892561983471,RISK_ON,75.0,65.27957814234612,8.018629289916671,8.119999885559082,AGUARDAR,risco controlado,"liquidez baixa, tendência não confirmada"
ITSA4,Itaúsa S.A.,,,,,,,,,,AÇÃO B3,,12.84000015258789,,,,,,,,,,,,,False,,,,,,,,,,,,,,,,58.831845238095234,,67.08074534161491,RISK_ON,,65.09368691770186,12.543801153962084,12.84000015258789,AGUARDAR,,"score,valuation,momentum,trend"
SNFZ11,SNFZ11,9.25,1.09,13203.0,,https://icons.brapi.dev/icons/BRAPI.svg,Miscellaneous,Multicategoria,fund,fi-agro,FIAGRO,122127.75,9.25,0.011789098500216033,-0.018656332098373474,0.005955044176931823,0.06975565859989286,0.17909077982186689,-0.06720846731940744,9.165070648193359,9.180805950164794,208920.16651775723,0.12972972972972974,12.0,0.08575227780376704,False,,56.592039800995025,74.06716417910448,36.940298507462686,35.0,,,,,,,,,,,50.841197239608405,44.354838709677416,67.74193548387096,RISK_ON,75.0,65.08759428663136,9.106535122458896,9.25,AGUARDAR,sem vantagem clara,tendência não confirmada
BITH11,BITH11,91.26,-2.19,96100.0,,https://icons.brapi.dev/icons/BRAPI.svg,Miscellaneous,,fund,etf,ETF,8770086.0,93.30000305175781,0.26973324427528067,0.12328444250122161,0.1903547629645932,-0.35477179036239725,0.3853687009440685,-0.5504774488471349,75.42239990234376,89.10904987335205,9387453.08917975,0.0,0.0,0.2701519965914284,False,,90.6094527363184,15.85820895522388,91.97761194029852,35.0,,,,,,,,,,,59.55099502487562,,65.17857142857143,RISK_ON,75.0,65.03519900497513,90.18621728834246,93.30000305175781,AGUARDAR,"momentum, liquidez","risco elevado, tendência não confirmada"
FPAB11,FPAB11,197.02,-3.42,109.0,,https://icons.brapi.dev/icons/BRAPI.svg,Miscellaneous,Escritórios,fund,fii,FII,21475.18,203.99000549316406,0.06667695947307206,0.027527209659549134,0.027291518903787004,0.08581553555610832,0.23140247604565273,-0.16523888864800307,197.5994723510742,196.9589500427246,14173.51919797867,0.11227761352635252,12.0,0.069658205644753,True,,64.863184079602,49.440298507462686,8.208955223880597,100.0,,,,,,,,,,,56.01906788372189,49.586776859504134,66.11570247933885,RISK_ON,75.0,64.98480531228157,199.9020371593188,203.99000549316406,AGUARDAR,tendência positiva,liquidez baixa
P2LT34,P2LT34,320.51,0.39,22240.0,2315945183347.129,https://icons.brapi.dev/icons/BRAPI.svg,Technology Services,,bdr,bdr,AÇÃO GLOBAL / BDR,7128142.399999999,319.2799987792969,0.5349999941312349,0.21607318081866378,0.37360177003001604,0.12819787554521866,0.8053141025457096,-0.49442258034732556,244.6473992919922,263.01224967956546,8827017.02933902,0.0,0.0,0.24725011711034028,False,False,93.71890547263682,7.742537313432835,91.6044776119403,35.0,,,,,,,,,,,56.889291044776115,,64.12213740458014,RISK_ON,85.0,64.76335439216132,297.0126942157568,319.2799987792969,AGUARDAR,"momentum, liquidez","risco elevado, tendência não confirmada"
SANB3,Banco Santander (Brasil) S.A.,,,,,,,,,,AÇÃO B3,,14.649999618530272,,,,,,,,,,,,,False,,,,,,,,,,,,,,,,58.7280701754386,,66.45962732919256,RISK_ON,,64.63555491990847,13.799214648468888,14.649999618530272,AGUARDAR,,"score,quality,risk,trend"
FATN11,FATN11,78.7,0.51,25394.0,,https://icons.brapi.dev/icons/BRAPI.svg,Miscellaneous,Híbrido,fund,fii,FII,1998507.8,78.30000305175781,-0.006374230596151942,-0.05339011612666622,-0.04530773778892572,0.0720707940788492,0.08948790380581488,-0.09000837267070894,78.42702453613282,80.40876369476318,2167927.7997843423,0.12260535920610649,12.0,-0.0029410510479597196,False,,34.57711442786069,84.98134328358208,76.86567164179104,35.0,,,,,,,,,,,55.356866493976405,53.09917355371901,65.70247933884298,RISK_ON,75.0,64.56310883598536,77.69318743955367,78.30000305175781,AGUARDAR,"risco controlado, liquidez","momentum fraco, tendência não confirmada"
HASH11,HASH11,51.91,-3.46,300731.0,,https://icons.brapi.dev/icons/BRAPI.svg,Miscellaneous,,fund,etf,ETF,15610946.209999999,53.77000045776367,0.2875958481549461,0.11764705415934418,0.17094953401211455,-0.41617805267529573,0.41027356917646746,-0.5842099584067886,43.32719985961914,52.31775001525879,13954214.59065525,0.0,0.0,0.25074676763894976,False,,88.99253731343283,13.805970149253733,93.84328358208955,35.0,,,,,,,,,,,58.76679104477612,,64.28571428571429,RISK_ON,75.0,64.25335820895523,51.85951290976346,53.77000045776367,AGUARDAR,"momentum, liquidez","risco elevado, tendência não confirmada"
HGBS11,HGBS11,18.53,-0.22,229062.0,,https://icons.brapi.dev/icons/BRAPI.svg,Miscellaneous,Shoppings,fund,fii,FII,4244518.86,18.56999969482422,-0.02210777353784643,-0.04923560657099746,-0.042494401126029646,0.06786553312671462,0.06094658790927856,-0.09191017240874588,18.9401900100708,19.162852983474732,4299790.636109185,0.10393107332887704,12.0,-0.00012771438506364863,False,,36.00746268656716,87.12686567164178,85.44776119402985,35.0,,,,,,,,,,,55.209010731466634,46.69421487603306,65.28925619834712,RISK_ON,75.0,64.2442814851363,18.47198483458483,18.56999969482422,AGUARDAR,"risco controlado, liquidez",tendência não confirmada
L1YV34,L1YV34,193.0,3.85,737.0,221432437682.35904,https://icons.brapi.dev/icons/BRAPI.svg,Consumer Services,,bdr,bdr,AÇÃO GLOBAL / BDR,142241.0,193.0,0.07514904966837577,0.23275423485982305,0.19764199385557935,0.1505216095380031,0.31846751305186377,-0.23562642554612467,186.10639892578126,164.26759986877443,7331.182965475416,0.0,0.0,0.07129034093590358,True,False,84.39054726368158,33.11567164179105,4.664179104477612,100.0,,,,,,,,,,,56.79108208955223,,63.358778625954194,RISK_ON,85.0,64.20936145607838,187.67704153794875,193.0,AGUARDAR,"momentum, tendência positiva","risco elevado, liquidez baixa"
ITUB3,Itaú Unibanco Holding S.A.,,,,,,,,,,AÇÃO B3,,42.31999969482422,,,,,,,,,,,,,False,,,,,,,,,,,,,,,,56.10902255639098,,65.83850931677019,RISK_ON,,64.1114865969271,41.2293945740541,42.31999969482422,AGUARDAR,,"score,valuation,trend"
NEWU11,NEWU11,109.0,-0.91,440.0,,https://icons.brapi.dev/icons/BRAPI.svg,,Multicategoria,fund,fii,FII,47960.0,110.0,0.0020653725833588155,-0.004540901147490839,0.14901412399459701,0.2337215324963524,0.152137942659606,-0.19517409109395467,111.9662760925293,105.5399211883545,10771.025462195987,0.040939199999999995,12.0,0.191380810735563,True,,74.37810945273633,56.343283582089555,7.08955223880597,100.0,,,,,,,,,,,55.20572756054438,35.743801652892564,64.87603305785123,RISK_ON,75.0,63.954368652604735,108.5506914445501,110.0,AGUARDAR,tendência positiva,liquidez baixa
MDNE3,Moura Dubeux Engenharia S.A.,,,,,,,,,,AÇÃO B3,,24.61000061035156,,,,,,,,,,,,,False,,,,,,,,,,,,,,,,58.19270833333333,,65.21739130434783,RISK_ON,,63.64553328804348,23.78063576279038,24.61000061035156,AGUARDAR,,"score,momentum,risk,trend"
DVFF11,DVFF11,5.15,0.78,1540.0,56698924.0,https://icons.brapi.dev/icons/DVFF11.svg,Miscellaneous,Outros,fund,fii,FII,7931.000000000001,5.110000133514404,-0.0049884064072136525,0.009466414316869454,-0.01939891367913482,0.034034088315911815,0.22880360659112053,-0.08254832189547934,5.085528221130371,5.104772129058838,48794.05898057847,0.20743639379730988,12.0,0.022967773061831176,False,,51.74129353233831,65.39179104477613,15.671641791044777,35.0,,,,,,,,,,,55.06187451173883,77.06611570247934,64.46280991735537,RISK_ON,75.0,63.63634184449652,5.008745615882475,5.110000133514404,AGUARDAR,sem vantagem clara,"liquidez baixa, tendência não confirmada"
BDIF11,BDIF11,68.45,-0.55,37609.0,,https://icons.brapi.dev/icons/BRAPI.svg,Miscellaneous,,fund,etf,ETF,2574336.0500000003,68.44999694824219,-0.0032405122693518473,-0.03688608972796925,-0.0290392845095353,0.07214644677566562,0.13218102752106997,-0.07898781872083893,69.60272720336914,69.28324115753173,2084147.2554765732,0.13951790249488458,12.0,0.050757949117299916,False,,45.398009950248756,80.50373134328359,76.11940298507463,35.0,,,,,,,,,,,58.326803482587074,,63.39285714285714,RISK_ON,75.0,63.54036069651741,67.66643526885368,68.44999694824219,AGUARDAR,"risco controlado, liquidez",tendência não confirmada
ITLC34,ITLC34,77.96,-1.32,218884.0,2432087327915.1577,https://icons.brapi.dev/icons/BRAPI.svg,Electronic Technology,,bdr,bdr,AÇÃO GLOBAL / BDR,17064196.639999997,79.0,0.13034769909728827,-0.19788809307040411,1.029804823141923,2.590909090909091,0.8791720704172036,-0.42239669925910384,90.7538005065918,62.769100189208984,40241466.52181656,0.0,0.0,0.9034531702222472,True,False,66.6044776119403,9.328358208955223,97.01492537313433,100.0,,,,,,,,,,,56.52977611940298,,62.213740458015266,RISK_ON,85.0,63.35557354449128,72.98505575649543,79.0,AGUARDAR,"liquidez, tendência positiva",risco elevado
EXXO34,EXXO34,102.06,1.15,1408.0,3333563239870.6675,https://icons.brapi.dev/icons/BRAPI.svg,Energy Minerals,,bdr,bdr,AÇÃO GLOBAL / BDR,143700.48,100.9000015258789,0.013995648882030975,0.10522209881774058,0.06688154616433639,0.367467339393611,0.34877208571898916,-0.2187925942190193,95.92289886474609,91.84685707092285,1035262.5707958161,0.018584687528662214,4.0,-0.05947010675533937,True,False,61.31840796019901,34.048507462686565,65.67164179104478,100.0,,,,,,,,,,,56.52977611940298,,62.213740458015266,RISK_ON,85.0,63.35557354449128,97.85236252238242,100.9000015258789,AGUARDAR,tendência positiva,risco elevado
HOMS11,HOMS11,133.96,0.13,38.0,,https://icons.brapi.dev/icons/BRAPI.svg,,Multicategoria,fund,fii,FII,5090.4800000000005,133.77999877929688,0.008975054485812484,0.03745639352743324,0.08315113323161216,0.15168728100630235,0.009089090819531836,0.0,132.17419830322265,125.96764980316162,21153.541092403353,0.0,0.0,0.12551781997257816,True,,75.3731343283582,99.72014925373134,10.44776119402985,100.0,,,,,,,,,,,54.95753669668188,3.925619834710744,64.0495867768595,RISK_ON,75.0,63.326218083138016,133.67469541116571,133.77999877929688,AGUARDAR,"momentum, risco controlado, tendência positiva",liquidez baixa
PNVL3,Dimed S.A. Distribuidora de Medicamentos,,,,,,,,,,AÇÃO B3,,11.970000267028809,,,,,,,,,,,,,False,,,,,,,,,,,,,,,,55.892857142857146,,64.59627329192547,RISK_ON,,63.19328416149068,11.510213671838873,11.970000267028809,AGUARDAR,,"score,quality,trend"
ALZR11,ALZR11,9.92,0.2,302520.0,,https://icons.brapi.dev/icons/BRAPI.svg,Miscellaneous,Multicategoria,fund,fii,FII,3000998.4,9.899999618530273,0.00868129004374274,-0.015016374167130198,-0.03360041378416645,0.0899782894770691,0.13187360145008087,-0.07851535407477528,9.8277760887146,10.021868081092835,3225360.9874693705,0.10135677158227675,12.0,0.008766272956799548,False,,44.02985074626866,80.78358208955223,82.08955223880598,35.0,,,,,,,,,,,54.9303934871099,45.45454545454545,63.63636363636363,RISK_ON,75.0,63.03153324287652,9.786935792832011,9.899999618530273,AGUARDAR,"risco controlado, liquidez",tendência não confirmada
QBTC11,QBTC11,24.3,-2.61,68077.0,,https://icons.brapi.dev/icons/BRAPI.svg,Miscellaneous,,fund,etf,ETF,1654271.1,24.950000762939453,0.26842911368408706,0.11433682193285732,0.1802271278757297,-0.31756017982081564,0.3738179711860486,-0.5423813060677771,20.224399909973144,23.8966499710083,3426839.157490261,0.0,0.0,0.2600243615025649,False,,89.42786069651743,17.444029850746265,82.83582089552239,35.0,,,,,,,,,,,57.92008706467662,,62.5,RISK_ON,75.0,62.834017412935324,24.142279768941865,24.950000762939453,AGUARDAR,"momentum, liquidez","risco elevado, tendência não confirmada"
XPCA11,XPCA11,7.44,1.09,67767.0,,https://icons.brapi.dev/icons/BRAPI.svg,Miscellaneous,Multicategoria,fund,fi-agro,FIAGRO,504186.48000000004,7.440000057220459,-0.017223643002022282,-0.03477780443345668,-0.09542964684514876,0.11103665183628753,0.15786147461745417,-0.14527826296270874,7.4926784801483155,7.662919592857361,580085.7072214248,0.17473118145185504,12.0,-0.015632413218313546,False,,31.40547263681592,63.24626865671641,54.850746268656714,35.0,,,,,,,,,,,50.71210479858771,66.93548387096774,64.51612903225806,RISK_ON,75.0,62.80371128229818,7.338286293248781,7.440000057220459,AGUARDAR,sem vantagem clara,"momentum fraco, tendência não confirmada"
TASA4,Taurus Armas S.A.,,,,,,,,,,AÇÃO B3,,5.550000190734863,,,,,,,,,,,,,False,,,,,,,,,,,,,,,,55.83333333333334,,63.975155279503106,RISK_ON,,62.74510869565218,5.313514338876264,5.550000190734863,AGUARDAR,,"score,quality,trend"
HABT11,HABT11,65.44,0.38,12756.0,,https://icons.brapi.dev/icons/BRAPI.svg,,Multicategoria,fund,fii,FII,834752.64,65.19000244140625,-0.07702969916292401,-0.07283307719710463,-0.08459474177190585,-0.039653939391964044,0.1391088461155985,-0.1328931889068835,69.32131225585937,69.40561901092529,1101133.0192017327,0.17671421335433063,12.0,-0.04222805503093985,False,,24.502487562189057,68.47014925373135,66.97761194029852,35.0,,,,,,,,,,,54.664039307594265,73.14049586776859,63.22314049586777,RISK_ON,75.0,62.68900620862629,64.40464678281916,65.19000244140625,AGUARDAR,sem vantagem clara,"momentum fraco, tendência não confirmada"
M1DB34,M1DB34,115.75,0.66,2590.0,185838119120.53802,https://icons.brapi.dev/icons/BRAPI.svg,Technology Services,,bdr,bdr,AÇÃO GLOBAL / BDR,299792.5,114.98999786376953,0.3648664434868787,0.3608283770860299,0.3402097176430543,0.9656409891242654,0.7536011043524452,-0.5417517067119053,93.18759979248047,88.83155010223389,61442.743342202804,0.0,0.0,0.21385806472337854,True,False,94.77611940298509,7.1828358208955265,19.21641791044776,100.0,,,,,,,,,,,56.11764925373135,,61.06870229007634,RISK_ON,85.0,62.4716214537997,107.4853170829626,114.98999786376953,AGUARDAR,"momentum, tendência positiva","risco elevado, liquidez baixa"
VISC11,VISC11,102.08,-0.02,39913.0,,https://icons.brapi.dev/icons/BRAPI.svg,Miscellaneous,Shoppings,fund,fii,FII,4074319.04,102.0999984741211,-0.022932852005380644,-0.0235352756606676,-0.03991803348666245,0.08716172858251059,0.11731168123607141,-0.08836502275256686,103.41186981201172,104.02168727874756,5762971.494689941,0.09725759205096286,12.0,0.0024486532543035455,False,,40.982587064676615,81.25,87.68656716417911,35.0,,,,,,,,,,,54.591036552773325,44.00826446280992,62.8099173553719,RISK_ON,75.0,62.385149459314995,101.06271460032892,102.0999984741211,AGUARDAR,"risco controlado, liquidez",tendência não confirmada
TOTS3,TOTVS S.A.,,,,,,,,,,AÇÃO B3,,34.689998626708984,,,,,,,,,,,,,False,,,,,,,,,,,,,,,,57.99359685184184,,63.35403726708074,RISK_ON,,62.29638537862093,33.29388031304742,34.689998626708984,AGUARDAR,,"score,valuation,risk,trend"
ETHE11,ETHE11,36.0,-2.83,192052.0,,https://icons.brapi.dev/icons/BRAPI.svg,Miscellaneous,,fund,etf,ETF,6913872.0,37.04999923706055,0.35714286712375043,0.2538071131519275,0.23376618014986827,-0.5142257654677803,0.58944625227895,-0.6801430165232203,28.07359992980957,35.10984994888306,5996628.764275839,0.0,0.0,0.3135634137767035,False,,94.1542288557214,6.623134328358209,88.24626865671642,35.0,,,,,,,,,,,57.626554726368155,,61.60714285714286,RISK_ON,75.0,62.15031094527363,35.158687812898854,37.04999923706055,AGUARDAR,"momentum, liquidez","risco elevado, tendência não confirmada"
ICRI11,ICRI11,90.37,2.25,8813.0,,https://icons.brapi.dev/icons/BRAPI.svg,,Outros,fund,fii,FII,796430.81,88.37999725341797,-0.03366151509393067,-0.04578676068538423,-0.016773714842603815,0.09548586713955576,0.13801700834228356,-0.1061291372411719,90.9979931640625,88.86378005981446,696000.7110514565,0.13577732940624093,12.0,0.025592971898362182,False,,43.159203980099505,74.06716417910448,58.02238805970149,35.0,,,,,,,,,,,54.35048312158217,58.264462809917354,62.396694214876035,RISK_ON,75.0,62.04778257472965,87.32362441796947,88.37999725341797,AGUARDAR,sem vantagem clara,tendência não confirmada
W1DC34,W1DC34,2396.05,1.3,360.0,856960848246.2494,https://icons.brapi.dev/icons/BRAPI.svg,Electronic Technology,,bdr,bdr,AÇÃO GLOBAL / BDR,862578.0000000001,2365.2099609375,-0.006214302127100835,-0.11132763499625697,0.6316512622690897,4.666566939206316,1.1481216082424117,-0.45499999999999996,2732.9756103515624,1885.610814819336,5138635.573757595,0.0007852173932431177,4.0,0.505299609349414,True,False,68.78109452736318,6.996268656716421,87.31343283582089,100.0,,,,,,,,,,,55.40738805970148,,60.30534351145038,RISK_ON,85.0,61.79521806995557,2130.0365480980026,2365.2099609375,AGUARDAR,"liquidez, tendência positiva",risco elevado
SHUL4,Schulz S.A.,,,,,,,,,,AÇÃO B3,,4.570000171661377,,,,,,,,,,,,,False,,,,,,,,,,,,,,,,55.40441176470589,,62.732919254658384,RISK_ON,,61.77903612531969,4.457501217595663,4.570000171661377,AGUARDAR,,"score,quality,trend"
VRTM11,VRTM11,6.6,0.61,14658.0,,https://icons.brapi.dev/icons/BRAPI.svg,,Multicategoria,fund,fii,FII,96742.79999999999,6.559999942779541,-0.028279405507452893,-0.06235799297026656,-0.04184339316549279,0.11498652596942094,0.11935789856717031,-0.10444800395201592,6.710582695007324,6.687977819442749,161713.55974066447,0.16463414777750635,12.0,0.0005232935754732049,False,,34.88805970149254,78.07835820895522,32.649253731343286,35.0,,,,,,,,,,,54.19325274454175,71.28099173553719,61.98347107438017,RISK_ON,75.0,61.727080300974464,6.49219120954123,6.559999942779541,AGUARDAR,risco controlado,"momentum fraco, liquidez baixa, tendência não confirmada"
RZTR11,RZTR11,85.86,1.72,28820.0,,https://icons.brapi.dev/icons/BRAPI.svg,,Outros,fund,fii,FII,2474485.2,84.41000366210938,-0.015107844374799617,-0.04441210914743321,-0.07285913213963058,0.06662679272462513,0.14822712554039297,-0.11608651072137988,85.54712539672852,88.01874866485596,3031733.526850988,0.1397938572214146,12.0,-0.03049244539866458,False,,30.286069651741297,69.58955223880596,80.97014925373134,35.0,,,,,,,,,,,54.05842070638543,60.53719008264463,61.57024793388429,RISK_ON,75.0,61.41085769499608,83.3264454759107,84.41000366210938,AGUARDAR,liquidez,"momentum fraco, tendência não confirmada"
COIN11,COIN11,43.77,-0.97,49182.0,,https://icons.brapi.dev/icons/BRAPI.svg,Miscellaneous,,fund,etf,ETF,2152696.14,43.77000045776367,0.16878714391928895,0.06276347849315256,0.13398786279766828,-0.3338722209850016,0.31737409390382626,-0.49574824667855655,38.22683738708496,44.25224237442016,2686152.705155388,0.3386945360968231,12.0,0.2137850964245035,False,,85.07462686567165,21.455223880597014,79.47761194029852,35.0,,,,,,,,,,,56.875,,60.71428571428571,RISK_ON,75.0,61.37499999999999,42.56696436539716,43.77000045776367,AGUARDAR,"momentum, liquidez","risco elevado, tendência não confirmada"
EGIE3,Engie Brasil Energia S.A.,,,,,,,,,,AÇÃO B3,,28.850000381469727,,,,,,,,,,,,,False,,,,,,,,,,,,,,,,57.4264705882353,,62.11180124223602,RISK_ON,,61.29921675191815,28.316962141581605,28.850000381469727,AGUARDAR,,"score,valuation,momentum,trend"
DDNB34,DDNB34,699.35,-3.35,201.0,95696768142.78323,https://icons.brapi.dev/icons/BRAPI.svg,Process Industries,,bdr,bdr,AÇÃO GLOBAL / BDR,140569.35,699.3499755859375,7.148261667566658e-05,1.815305202189855,1.7816433123238014,-1.7716031923940234,4.007466063850531,-0.54073839713792,668.4065979003906,343.5168571472168,8316.429704938617,2.1333357247206575,5.0,1.6552916594041256,True,False,99.68905472636816,4.291044776119404,5.223880597014925,100.0,,,,,,,,,,,55.323208955223876,,59.541984732824424,RISK_ON,85.0,61.24403110402187,489.5449829101562,699.3499755859375,AGUARDAR,"momentum, tendência positiva","risco elevado, liquidez baixa"
EGDB11,EGDB11,1287.26,0.07,183.0,,https://icons.brapi.dev/icons/BRAPI.svg,,Escritórios,fund,fii,FII,235568.58,1287.260009765625,0.007025049490673396,0.028532587227283912,0.06789331754634853,0.11959992151826482,0.009471413564522857,-0.000721918448321146,1276.037001953125,1226.3859503173828,19054.51789783296,0.0,0.0,0.11026000428731453,True,,71.89054726368158,99.25373134328358,9.701492537313433,100.0,,,,,,,,,,,54.0085317215575,3.925619834710744,61.15702479338842,RISK_ON,75.0,61.11162369968339,1286.2041367048334,1287.260009765625,AGUARDAR,"risco controlado, tendência positiva",liquidez baixa
SUZB3,Suzano S.A.,,,,,,,,,,AÇÃO B3,,46.400001525878906,,,,,,,,,,,,,False,,,,,,,,,,,,,,,,52.9780701754386,,61.49068322981367,RISK_ON,,60.86354405034324,44.94712549898497,46.400001525878906,AGUARDAR,,"score,trend"
DAYM11,DAYM11,3.97,-0.75,1866.0,,https://icons.brapi.dev/icons/BRAPI.svg,Miscellaneous,,fund,fii,FII,7408.02,4.0,0.04356902106001792,-0.0017876796351481428,0.02027435460891458,-0.031753035969475873,0.2686685942051865,-0.14658611651990106,3.947296905517578,3.933828943967819,8721.135302187904,0.1085,12.0,0.06264104134988058,True,,58.706467661691555,49.16044776119403,5.7835820895522385,100.0,,,,,,,,,,,53.759724106739036,47.727272727272734,60.74380165289256,RISK_ON,75.0,60.772605978372596,3.9069304688877025,4.0,AGUARDAR,tendência positiva,liquidez baixa
GOGL34,GOGL34,150.3,2.47,183769.0,21822506634454.22,https://icons.brapi.dev/icons/BRAPI.svg,Technology Services,,bdr,bdr,AÇÃO GLOBAL / BDR,27620480.700000003,146.67999267578125,0.02451627122809641,-0.08130590228765133,0.11790131582925811,0.5677238223300045,0.3644946452221159,-0.21191243528143555,149.89739990234375,144.37707160949708,39959755.96841043,0.001777174891030936,4.0,-0.008450337090417648,True,False,45.211442786069654,34.14179104477612,96.82835820895522,100.0,,,,,,,,,,,54.588395522388055,,58.778625954198475,RISK_ON,85.0,60.56271727241654,142.04986823099802,146.67999267578125,AGUARDAR,"liquidez, tendência positiva",risco elevado
HODL11,HODL11,67.72,-2.36,13011.0,,https://icons.brapi.dev/icons/BRAPI.svg,Miscellaneous,,fund,etf,ETF,881104.92,69.36000061035156,0.2698645544985947,0.11368018577110539,0.18991249821503065,,0.38167037080475685,-0.5453006599953021,56.32360000610352,66.32814992904663,1473858.8881656101,0.0,0.0,0.26970973184186586,False,,89.98756218905471,16.324626865671647,70.8955223880597,35.0,,,,,,,,,,,55.66449004975124,,59.82142857142857,RISK_ON,75.0,60.50789800995024,67.06740125042329,69.36000061035156,AGUARDAR,momentum,"risco elevado, tendência não confirmada"
GCDL11,GCDL11,126.25,0.03,79.0,,https://icons.brapi.dev/icons/BRAPI.svg,Miscellaneous,Logística,fund,fii,FII,9973.75,126.25,0.00509513085374258,0.027341530043449414,0.06711184688744432,0.11824622049328326,0.009443699829207732,-0.0007887496853125064,125.28059951782227,120.41259983062744,11325.07030753484,0.0,0.0,0.10947853362841031,True,,71.3308457711443,99.25373134328358,7.462686567164178,100.0,,,,,,,,,,,53.61674067678139,3.925619834710744,60.33057851239669,RISK_ON,75.0,60.45475309403396,126.14674664003266,126.25,AGUARDAR,"risco controlado, tendência positiva",liquidez baixa
GGPS3,GPS Participações e Empreendimentos S.A.,,,,,,,,,,AÇÃO B3,,12.420000076293944,,,,,,,,,,,,,False,,,,,,,,,,,,,,,,57.40327380952381,,60.86956521739131,RISK_ON,,60.424432259316774,12.010491544769568,12.420000076293944,AGUARDAR,,"score,quality,momentum,trend"
VGIA11,VGIA11,8.5,1.07,135870.0,,https://icons.brapi.dev/icons/BRAPI.svg,Miscellaneous,Outros,fund,fi-agro,FIAGRO,1154895.0,8.5,0.03789085261987535,-0.08843976150859512,-0.08671165840055761,0.11502618209104187,0.36237937594535263,-0.2259955086377734,8.730838851928711,8.9772976064682,2912642.7057427904,0.19411764705882353,12.0,-0.006914424773722394,False,,26.741293532338307,32.462686567164184,80.22388059701493,35.0,,,,,,,,,,,50.01789439897288,78.2258064516129,61.29032258064516,RISK_ON,75.0,60.40680468624618,8.233244716430207,8.5,AGUARDAR,liquidez,"momentum fraco, risco elevado, tendência não confirmada"
PATA11,PATA11,10.3,0.1,19455.0,,https://icons.brapi.dev/icons/BRAPI.svg,Miscellaneous,Outros,fund,fii,FII,200386.5,10.289999961853027,0.037298375273532525,0.05547948843636852,0.0833931350056516,0.1557608532999475,0.7542731588662477,-0.16574079913543593,9.931843910217285,9.686196174621582,8837.191244185917,0.10268318794140455,12.0,0.1257598217466176,True,,78.17164179104479,28.73134328358209,5.970149253731343,100.0,,,,,,,,,,,53.48276181078081,46.074380165289256,59.917355371900825,RISK_ON,75.0,60.13870112248674,9.6178368755818,10.289999961853027,AGUARDAR,"momentum, tendência positiva","risco elevado, liquidez baixa"
TRIS3,Trisul S.A.,,,,,,,,,,AÇÃO B3,,4.710000038146973,,,,,,,,,,,,,False,,,,,,,,,,,,,,,,57.364583333333336,,60.24844720496895,RISK_ON,,59.98094429347826,4.518542375005,4.710000038146973,AGUARDAR,,"score,quality,risk,trend"
RIFF11,RIFF11,7.39,1.51,6816.0,,https://icons.brapi.dev/icons/BRAPI.svg,,,fund,fi-infra,FI-INFRA,50370.24,7.389999866485596,-0.02331792975795688,-0.01669859963193021,-0.035188520738062445,0.13519355335850713,0.15401396718861385,-0.07504445951581473,7.411101198196411,7.417340793609619,190316.21982883272,0.12754100365745077,10.0,0.04460871288877277,False,,48.072139303482594,77.42537313432837,35.07462686567165,35.0,,,,,,,,,,,51.764303482587074,55.0,60.0,RISK_ON,75.0,59.85286069651742,7.2914320422635415,7.389999866485596,AGUARDAR,risco controlado,tendência não confirmada
T1TW34,T1TW34,303.44,0.27,4080.0,227694388210.03622,https://icons.brapi.dev/icons/BRAPI.svg,Technology Services,,bdr,bdr,AÇÃO GLOBAL / BDR,1238035.2,302.6099853515625,-0.03969919382923559,0.05427999386309934,0.10651591778197878,-0.035966896350577815,0.3874435210972914,-0.30754894148938383,312.3234020996094,298.6533508300781,591710.6238490513,0.0,0.0,-0.019835735137696986,True,False,64.17910447761194,24.720149253731343,55.03731343283582,100.0,,,,,,,,,,,53.704514925373125,,58.01526717557252,RISK_ON,85.0,59.85159000797539,292.4563330108115,302.6099853515625,AGUARDAR,tendência positiva,risco elevado
RBRY11,RBRY11,80.98,2.17,39494.0,,https://icons.brapi.dev/icons/BRAPI.svg,Miscellaneous,Multicategoria,fund,fii,FII,3198224.12,79.26000213623047,-0.05604582183008189,-0.126853492328174,-0.12437876402730075,-0.015840128458053382,0.1272994665383671,-0.1835244367298866,83.91879318237305,87.92321399688721,4125516.1145238723,0.1709563415947244,12.0,-0.08201207728633475,False,,15.298507462686567,62.873134328358205,84.51492537313433,35.0,,,,,,,,,,,53.43828789934624,72.52066115702479,59.50413223140496,RISK_ON,75.0,59.84055014185272,78.38620363571759,79.26000213623047,AGUARDAR,liquidez,"momentum fraco, tendência não confirmada"
KNDI11,KNDI11,96.9,0.36,6844.0,,https://icons.brapi.dev/icons/BRAPI.svg,,,fund,etf,ETF,663183.6000000001,96.9000015258789,-0.029171311226109387,-0.04321499448266963,-0.02618395203696744,0.13212330485155332,0.15247105129167632,-0.092470443168302,99.37227142333984,97.82117561340333,1287708.3342286367,0.1563467467640227,12.0,0.05361328158986778,False,,45.646766169154226,73.41417910447761,69.21641791044776,35.0,,,,,,,,,,,55.25715174129353,,58.92857142857143,RISK_ON,75.0,59.801430348258705,95.6204970472932,96.9000015258789,AGUARDAR,sem vantagem clara,tendência não confirmada
KNOX11,KNOX11,101.8,0.15,5925.0,,https://icons.brapi.dev/icons/BRAPI.svg,,,fund,fip,FIP,603165.0,101.80000305175781,0.010421866518687928,0.043170155632778595,0.08652729862044217,0.14277010323970418,0.15458972727811457,-0.047428662486196815,100.02200073242187,95.55474281311035,494201.47822873556,0.1235331691847415,2.0,0.1663245322472774,True,,78.54477611940298,81.06343283582089,53.17164179104478,100.0,,,,,,,,,,,66.46351575456052,30.555555555555554,55.55555555555556,RISK_ON,75.0,59.68159203980099,100.43711854745409,101.80000305175781,AGUARDAR,"momentum, risco controlado, tendência positiva",nenhum alerta quantitativo principal
BPML11,BPML11,85.0,0.01,4623.0,,https://icons.brapi.dev/icons/BRAPI.svg,,Multicategoria,fund,fii,FII,392955.0,84.98999786376953,0.015455423613973007,-0.002372942314136872,-0.036566225099696315,0.2355997475517735,0.1328095009350888,-0.1321307648852742,83.96396774291992,83.63037147521973,705088.1802066622,0.12989763828087178,12.0,0.005800461641269683,False,,45.46019900497513,69.68283582089552,58.582089552238806,35.0,,,,,,,,,,,53.30319888162494,55.78512396694215,59.09090909090909,RISK_ON,75.0,59.524276139961344,84.01247349051474,84.98999786376953,AGUARDAR,sem vantagem clara,tendência não confirmada
LIGT3,Light S.A.,,,,,,,,,,AÇÃO B3,,3.470000028610229,,,,,,,,,,,,,False,,,,,,,,,,,,,,,,54.85294117647059,,59.62732919254658,RISK_ON,,59.481042199488485,3.344805017199048,3.470000028610229,AGUARDAR,,"score,risk,trend"
RBRD11,RBRD11,36.75,1.24,605.0,,https://icons.brapi.dev/icons/BRAPI.svg,Miscellaneous,Multicategoria,fund,fii,FII,22233.75,36.29999923706055,-0.013195483762850624,0.03374911096068822,-0.04358645518514015,0.06406227583531687,0.21672472437205462,-0.0993595630366717,36.404308776855466,36.792614517211916,56960.76994087583,0.1820936677390205,12.0,-0.0012197684441741519,False,,49.68905472636816,62.96641791044776,17.537313432835823,35.0,,,,,,,,,,,53.29546893631019,73.55371900826447,58.67768595041323,RISK_ON,75.0,59.23347395255129,35.618687756908294,36.29999923706055,AGUARDAR,sem vantagem clara,"liquidez baixa, tendência não confirmada"
DBAG34,DBAG34,210.42,2.48,508.0,394157602259.62897,https://icons.brapi.dev/icons/BRAPI.svg,Finance,,bdr,bdr,AÇÃO GLOBAL / BDR,106893.36,205.3300018310547,0.13391870860828092,0.2521649419495091,0.12090723092867695,0.05072476272716209,0.30814575055800036,-0.3236418466684726,187.50360076904298,179.05165168762207,72854.77319360158,0.02104123587138921,1.0,-0.005444421990998816,True,False,72.01492537313432,28.451492537313435,22.01492537313433,100.0,,,,,,,,,,,53.12402985074626,,57.25190839694656,RISK_ON,85.0,59.201141848011844,199.85052334955034,205.3300018310547,AGUARDAR,tendência positiva,"risco elevado, liquidez baixa"
BOVA11,BOVA11,172.72,0.19,3751418.0,,https://icons.brapi.dev/icons/BRAPI.svg,Miscellaneous,,fund,etf,ETF,647944916.96,172.39999389648438,0.010847204993394977,0.00966321462069919,-0.07979723362683522,0.2756196942822724,0.1745385310736312,-0.1619696660032841,169.93640014648437,171.35785011291503,531410446.7211081,0.0,0.0,0.0,False,,42.41293532338309,56.343283582089555,100.0,35.0,,,,,,,,,,,55.05721393034826,,58.03571428571429,RISK_ON,75.0,59.13644278606965,169.79408520486547,172.39999389648438,AGUARDAR,liquidez,tendência não confirmada
RIAA3,Guararapes Confecções S.A.,,,,,,,,,,AÇÃO B3,,6.920000076293945,,,,,,,,,,,,,False,,,,,,,,,,,,,,,,56.92279411764706,,59.006211180124225,RISK_ON,,59.011976502557545,6.652980495704557,6.920000076293945,AGUARDAR,,"score,momentum,risk,trend"
VCJR11,VCJR11,67.69,0.85,54450.0,,https://icons.brapi.dev/icons/VCJR11.svg,,Outros,fund,fii,FII,3685720.5,67.12000274658203,-0.035691741087943596,-0.10363816278668381,-0.10830300466882536,-0.029940396412648007,0.155201450454661,-0.151666346206218,70.2231770324707,72.37595523834229,2671184.311965337,0.1671632827901122,12.0,-0.06593631792785937,False,,18.90547263681592,62.03358208955224,79.2910447761194,35.0,,,,,,,,,,,53.1891102339542,71.69421487603306,58.26446280991735,RISK_ON,75.0,58.92294601373298,66.21785353693397,67.12000274658203,AGUARDAR,liquidez,"momentum fraco, tendência não confirmada"
EDFO11,EDFO11,140.0,0.0,508.0,,https://icons.brapi.dev/icons/BRAPI.svg,Miscellaneous,Residencial,fund,fii,FII,71120.0,140.0,0.06669928175119755,0.07490175675085142,0.18764410234690398,0.15038681039313206,0.42075539450708216,-0.20240804152374614,141.15573516845703,130.05729835510255,6290.434604463123,0.07107197142857143,12.0,0.23001078908786998,True,,87.5,31.34328358208955,3.731343283582089,100.0,,,,,,,,,,,53.18542617491057,37.396694214876035,57.85123966942148,RISK_ON,75.0,58.63295300357715,134.89861195408534,140.0,AGUARDAR,"momentum, tendência positiva","risco elevado, liquidez baixa"
K1LA34,K1LA34,45.45,-3.81,12415.0,1186503922591.8262,https://icons.brapi.dev/icons/BRAPI.svg,Electronic Technology,,bdr,bdr,AÇÃO GLOBAL / BDR,564261.75,47.25,0.08709166934863788,-0.03587325897508664,0.21918320863899932,0.9918678915511963,0.9445679164474098,-0.45075754982934124,55.35858772277832,44.01809044837952,2066426.877078889,0.003206645502645502,4.0,0.09283155571932356,True,False,65.67164179104478,7.92910447761194,75.55970149253731,100.0,,,,,,,,,,,52.76802238805969,,56.48854961832062,RISK_ON,85.0,58.59558921043637,43.38485639187591,47.25,AGUARDAR,"liquidez, tendência positiva",risco elevado
ORVR3,Orizon Valorização de Resíduos S.A.,,,,,,,,,,AÇÃO B3,,16.229999542236328,,,,,,,,,,,,,False,,,,,,,,,,,,,,,,58.92857142857142,,58.38509316770186,RISK_ON,,58.528493788819866,15.797874278296986,16.229999542236328,AGUARDAR,,"score,quality,valuation,momentum,trend"
BOVV11,BOVV11,181.24,0.32,442725.0,,https://icons.brapi.dev/icons/BRAPI.svg,Miscellaneous,,fund,etf,ETF,80239479.0,180.6699981689453,0.007079176787451624,0.0093295987091917,-0.08046619453574111,0.27465776186708846,0.16808683681473524,-0.1603090740620654,178.3427996826172,179.78074966430665,84728152.21249123,0.0,0.0,-0.0006689609089058912,False,,41.853233830845774,57.64925373134328,99.06716417910447,35.0,,,,,,,,,,,55.04601990049751,,57.14285714285714,RISK_ON,75.0,58.5092039800995,178.0400307020411,180.6699981689453,AGUARDAR,liquidez,tendência não confirmada
JSAF11,JSAF11,6.98,-0.14,415829.0,,https://icons.brapi.dev/icons/BRAPI.svg,Miscellaneous,Multicategoria,fund,fii,FII,2902486.4200000004,6.989999771118164,-0.00857346256132041,-0.055965885929143644,-0.077510760943439,0.05984542794777292,0.12225530708143363,-0.12517302031364175,7.057141790390014,7.218628623485565,1545039.070645287,0.1394849831080943,12.0,-0.03514407420247301,False,,27.736318407960198,73.0410447761194,71.64179104477611,35.0,,,,,,,,,,,52.944404012992884,60.123966942148755,57.438016528925615,RISK_ON,75.0,58.29549237284651,6.915992308567166,6.989999771118164,AGUARDAR,sem vantagem clara,"momentum fraco, tendência não confirmada"
TFCO4,Track & Field Co S.A.,,,,,,,,,,AÇÃO B3,,12.75,,,,,,,,,,,,,False,,,,,,,,,,,,,,,,56.68382352941177,,57.7639751552795,RISK_ON,,58.0886429028133,12.43663987003148,12.75,AGUARDAR,,"score,valuation,momentum,trend"
RZAG11,RZAG11,8.36,0.97,106525.0,,https://icons.brapi.dev/icons/BRAPI.svg,Miscellaneous,Títulos e Val. Mob.,fund,fi-agro,FIAGRO,890548.9999999999,8.359999656677246,-0.005196165223709803,-0.020992699963647832,-0.05304868352940462,0.08935070567500714,0.1664088421295231,-0.1042105730581312,8.305782051086426,8.459540550708772,1307267.2057559527,0.1644736909650192,11.0,0.0267485500974306,False,,43.22139303482587,68.19029850746269,69.96268656716418,35.0,,,,,,,,,,,49.663617396886536,37.90322580645161,58.06451612903226,RISK_ON,75.0,58.07788476969989,8.239520119617055,8.359999656677246,AGUARDAR,sem vantagem clara,tendência não confirmada
BCIA11,BCIA11,88.53,0.11,1452.0,,https://icons.brapi.dev/icons/BRAPI.svg,,Multicategoria,fund,fii,FII,128545.56,88.43000030517578,0.006158465376818301,-0.008343530211363248,-0.03313196604670432,0.21382892136369613,0.11337026060443964,-0.09634293031817509,87.09656265258789,86.61307819366455,347079.25048113626,0.11749406269528054,12.0,0.009234720694261678,False,,45.398009950248756,80.41044776119404,46.64179104477612,35.0,,,,,,,,,,,52.762534435261706,51.65289256198348,57.02479338842975,RISK_ON,75.0,57.96986225895317,87.56178107026314,88.43000030517578,AGUARDAR,risco controlado,tendência não confirmada
SSFO34,SSFO34,60.44,3.78,29858.0,1089953440248.3187,https://icons.brapi.dev/icons/BRAPI.svg,Technology Services,,bdr,bdr,AÇÃO GLOBAL / BDR,1804617.52,58.2400016784668,0.35662709677281756,0.33021300287262423,0.2556653433625795,-0.04004164211061889,0.6185063817585822,-0.4747292869218337,41.820399856567384,47.264006023406985,872116.0851270887,0.004904721699306103,4.0,0.12931369044290375,False,False,90.42288557213931,10.541044776119405,62.68656716417911,35.0,,,,,,,,,,,52.24716417910448,,55.72519083969466,RISK_ON,85.0,57.95706642360716,55.12042118859166,58.2400016784668,AGUARDAR,momentum,"risco elevado, tendência não confirmada"
BBOV11,BBOV11,92.4,0.28,15189.0,,https://icons.brapi.dev/icons/BRAPI.svg,Miscellaneous,,fund,etf,ETF,1403463.6,92.13999938964844,0.007214648103364141,0.011749200597450216,-0.07869215656911754,0.27847925322338485,0.1595803482306565,-0.1625898987840977,90.8138003540039,91.56540004730225,13143997.97454725,0.0,0.0,0.0011050770577176738,False,,43.28358208955223,59.32835820895522,93.47014925373134,35.0,,,,,,,,,,,54.992537313432834,,56.25,RISK_ON,75.0,57.87350746268657,90.86661874247122,92.13999938964844,AGUARDAR,liquidez,tendência não confirmada
KORE11,KORE11,65.2,-0.31,23142.0,,https://icons.brapi.dev/icons/BRAPI.svg,Miscellaneous,Outros,fund,fii,FII,1508858.4000000001,65.4000015258789,0.003276642057519652,-0.0033871848522358805,-0.10633507796637309,0.08387796286134064,0.19592048424258,-0.18364382511327293,64.03316398620605,67.0154867362976,2178796.7242476447,0.15978592899367003,12.0,-0.0639683912254071,False,,32.33830845771144,50.46641791044776,77.05223880597015,35.0,,,,,,,,,,,52.75645943834546,69.00826446280992,56.611570247933884,RISK_ON,75.0,57.67939106122281,64.29034585823712,65.4000015258789,AGUARDAR,liquidez,"momentum fraco, tendência não confirmada"
PSSA3,Porto Seguro S.A.,,,,,,,,,,AÇÃO B3,,48.34000015258789,,,,,,,,,,,,,False,,,,,,,,,,,,,,,,54.41102756892231,,57.14285714285714,RISK_ON,,57.642481203007506,47.031725299945855,48.34000015258789,AGUARDAR,,"score,valuation,trend"
MELI34,MELI34,84.7,1.9,821264.0,515688481407.1391,https://icons.brapi.dev/icons/BRAPI.svg,Retail Trade,,bdr,bdr,AÇÃO GLOBAL / BDR,69561060.8,83.12000274658203,0.04619264870117834,0.17783765206220137,0.1172043150788109,-0.23143780329311892,0.36816784047629564,-0.4359910790798128,77.6981997680664,80.77449995040894,40945383.717664324,0.0,0.0,-0.009147337840864855,False,False,70.39800995024875,21.268656716417915,97.20149253731343,35.0,,,,,,,,,,,52.03145522388059,,54.961832061068705,RISK_ON,85.0,57.37957348752421,80.46978211409265,83.12000274658203,AGUARDAR,liquidez,"risco elevado, tendência não confirmada"
SPXS11,SPXS11,7.5,0.27,31894.0,,https://icons.brapi.dev/icons/BRAPI.svg,,Multicategoria,fund,fii,FII,239205.0,7.480000019073486,-0.018367956237901883,-0.07287753590947588,-0.092341918805532,0.025389184121672237,0.12083034333736967,-0.12706097503159297,7.728215646743775,7.933221361637115,438377.01094616787,0.16136363595217018,12.0,-0.049975232064566,False,,23.258706467661693,72.94776119402985,51.11940298507462,35.0,,,,,,,,,,,52.453192714115374,70.04132231404958,56.19834710743802,RISK_ON,75.0,57.32948151802969,7.401727693009035,7.480000019073486,AGUARDAR,sem vantagem clara,"momentum fraco, tendência não confirmada"
QQQI11,QQQI11,96.86,0.17,26036.0,,https://icons.brapi.dev/icons/BRAPI.svg,Miscellaneous,,fund,etf,ETF,2521846.96,96.69999694824219,0.0816554283866553,-0.023133659611538238,0.039784913421959,,0.20975960904122307,-0.17798617950027862,96.44839981079102,96.48344985961914,1774280.1129413182,0.0,0.0,0.11958214704879422,False,,60.820895522388064,49.90671641791045,72.94776119402985,35.0,,,,,,,,,,,54.89272388059702,,55.35714285714286,RISK_ON,75.0,57.228544776119406,94.94337236204244,96.69999694824219,AGUARDAR,sem vantagem clara,tendência não confirmada
FIQE3,Unifique Telecomunicações S.A.,,,,,,,,,,AÇÃO B3,,4.650000095367432,,,,,,,,,,,,,False,,,,,,,,,,,,,,,,56.625,,56.52173913043478,RISK_ON,,57.205842391304344,4.3928542857886645,4.650000095367432,AGUARDAR,,"score,momentum,risk,trend"
CXAG11,CXAG11,73.0,0.32,2166.0,,https://icons.brapi.dev/icons/BRAPI.svg,Miscellaneous,Varejo,fund,fii,FII,158118.0,72.7699966430664,-0.01837788026590559,-0.012732172970493227,-0.012967970773092419,0.11544175690009428,0.16278488396720678,-0.0641042506123094,74.35906860351562,72.63938400268555,235891.9870128329,0.1198296056377632,12.0,0.02939871596787358,False,,49.87562189054726,77.23880597014926,39.17910447761194,35.0,,,,,,,,,,,52.40370872908187,52.27272727272728,55.78512396694215,RISK_ON,75.0,57.03032852267588,71.74411546728878,72.7699966430664,AGUARDAR,risco controlado,tendência não confirmada
TEPP11,TEPP11,7.59,-0.39,127427.0,,https://icons.brapi.dev/icons/BRAPI.svg,Miscellaneous,Outros,fund,fii,FII,967170.9299999999,7.619999885559082,-0.015087189968572723,-0.07954209282650648,-0.10882305604640008,0.09337075264514838,0.146230159740763,-0.13084038274904208,7.707074918746948,7.974027743339539,1286024.0179985743,0.15419947738146061,12.0,-0.06645636930543408,False,,20.398009950248756,67.53731343283582,69.02985074626866,35.0,,,,,,,,,,,52.33315241971959,68.18181818181819,55.371900826446286,RISK_ON,75.0,56.72696106245631,7.523500943759513,7.619999885559082,AGUARDAR,sem vantagem clara,"momentum fraco, tendência não confirmada"
KLBN4,Klabin S.A.,,,,,,,,,,AÇÃO B3,,3.7100000381469727,,,,,,,,,,,,,False,,,,,,,,,,,,,,,,53.91666666666666,,55.90062111801242,RISK_ON,,56.66168478260869,3.6259926671298177,3.7100000381469727,AGUARDAR,,"score,quality,trend"
AVGO34,AVGO34,27.41,0.15,183770.0,9076813231583.031,https://icons.brapi.dev/icons/BRAPI.svg,Electronic Technology,,bdr,bdr,AÇÃO GLOBAL / BDR,5037135.7,27.3700008392334,0.017472164586179506,-0.15222072212372983,0.1666230225921297,0.21454181816950713,0.6078984215782028,-0.30831139058647195,28.316000061035155,27.289594564437866,6660804.308988177,0.004897003868844385,4.0,0.04027136967245393,True,False,50.1865671641791,17.257462686567166,89.17910447761194,100.0,,,,,,,,,,,51.03007462686566,,54.19847328244275,RISK_ON,85.0,56.64494622308305,25.929092157219827,27.3700008392334,AGUARDAR,"liquidez, tendência positiva",risco elevado
IBOB11,IBOB11,144.82,0.34,10342.0,,https://icons.brapi.dev/icons/BRAPI.svg,Miscellaneous,,fund,etf,ETF,1497728.44,144.3300018310547,0.007328329569399328,0.009936310493019684,-0.07664254311723273,0.2697281970264489,0.16175729183000703,-0.16004899268148443,142.42219970703124,143.56679988861083,9023327.938405113,0.0,0.0,0.003154690509602487,False,,43.656716417910445,59.51492537313433,91.7910447761194,35.0,,,,,,,,,,,54.87126865671642,,54.46428571428571,RISK_ON,75.0,56.599253731343275,142.30814166471401,144.3300018310547,AGUARDAR,liquidez,tendência não confirmada
TOPP11,TOPP11,63.05,-0.6,9786.0,,https://icons.brapi.dev/icons/TOPP11.svg,,Outros,fund,fii,FII,617007.2999999999,63.43000030517578,-0.03865301060628401,0.04866825743144365,-0.10488808863031218,0.08273766721579112,0.2146389335843151,-0.17050456894055765,63.94995178222656,65.228512134552,604640.8611784435,0.1606495341474642,12.0,-0.06252140188934618,False,,41.35572139303482,50.46641791044776,55.59701492537313,35.0,,,,,,,,,,,52.289630360593726,69.42148760330579,54.958677685950406,RISK_ON,75.0,56.42900045228403,62.250945894941836,63.43000030517578,AGUARDAR,sem vantagem clara,tendência não confirmada
COGN3,Cogna Educação S.A.,,,,,,,,,,AÇÃO B3,,2.2300000190734863,,,,,,,,,,,,,False,,,,,,,,,,,,,,,,56.02564102564102,,55.27950310559007,RISK_ON,,56.20142140468228,2.12442201078302,2.2300000190734863,AGUARDAR,,"score,momentum,risk,trend"
KFOF11,KFOF11,76.98,1.46,10096.0,,https://icons.brapi.dev/icons/KFOF11.svg,,Multicategoria,fund,fii,FII,777190.0800000001,75.87000274658203,-0.02421325467719926,-0.03349403808221452,-0.059158509561557104,0.10897304579054112,0.14221988542223007,-0.0941545008791046,77.06854339599609,78.3921976852417,1031986.8976071071,0.12653222159574107,12.0,-0.016791822820591107,False,,34.82587064676617,75.18656716417911,65.48507462686567,35.0,,,,,,,,,,,52.21093293861273,53.51239669421488,54.54545454545454,RISK_ON,75.0,56.12400476954072,74.93554201507943,75.87000274658203,AGUARDAR,risco controlado,"momentum fraco, tendência não confirmada"
O1MC34,O1MC34,229.09,8.44,697.0,125293650201.75893,https://icons.brapi.dev/icons/BRAPI.svg,Commercial Services,,bdr,bdr,AÇÃO GLOBAL / BDR,159675.73,229.08999633789062,0.03040522849441052,0.25143154546228974,0.06699432952973305,0.18738175526319067,0.30694776628324955,-0.18546374593112736,207.03720031738283,200.8948983001709,7647.370464506604,0.024819656427134736,4.0,-0.05935732338994271,True,False,64.36567164179104,39.4589552238806,5.037313432835821,100.0,,,,,,,,,,,50.607425373134326,,53.43511450381679,RISK_ON,85.0,56.026065227298616,223.00022151606078,229.08999633789062,AGUARDAR,tendência positiva,liquidez baixa
BOVX11,BOVX11,18.06,0.22,301824.0,,https://icons.brapi.dev/icons/BRAPI.svg,Miscellaneous,,fund,etf,ETF,5450941.4399999995,18.020000457763672,0.012359619670380129,0.013498299316626383,-0.07826081017929076,0.2789212393623688,0.1660568343975885,-0.16143273521385937,17.74099994659424,17.884349985122682,11951704.324128801,0.0,0.0,0.001536423447544455,False,,43.78109452736319,57.929104477611936,93.09701492537313,35.0,,,,,,,,,,,54.721703980099505,,53.57142857142857,RISK_ON,75.0,55.944340796019894,17.76085584559787,18.020000457763672,AGUARDAR,liquidez,tendência não confirmada
RURA11,RURA11,8.11,0.0,440074.0,,https://icons.brapi.dev/icons/BRAPI.svg,Miscellaneous,,fund,fi-agro,FIAGRO,3569000.1399999997,8.109999656677246,-0.0012478601400703893,-0.05039777105722132,-0.06072309937538389,0.15590171489419347,0.1278085120287236,-0.0874620919811927,8.078717241287231,8.151666877269745,2586522.4131214204,0.15141800887610946,11.0,0.019074134251451325,False,,36.691542288557216,79.47761194029852,79.1044776119403,35.0,,,,,,,,,,,49.64375702134489,29.838709677419356,54.83870967741935,RISK_ON,75.0,55.815848178462524,8.020233786287314,8.109999656677246,AGUARDAR,"risco controlado, liquidez",tendência não confirmada
XPLG11,XPLG11,91.28,0.71,85557.0,,https://icons.brapi.dev/icons/BRAPI.svg,Miscellaneous,Logística,fund,fii,FII,7809642.96,90.63999938964844,-0.003300584208942081,-0.040821941830065045,-0.0660059517487438,0.024897424990042438,0.1416044119928365,-0.11713386620885302,90.30518356323242,94.90907348632813,8765823.476343548,0.10856134230208059,12.0,-0.0236392650077778,False,,31.902985074626866,70.61567164179104,91.4179104477612,35.0,,,,,,,,,,,52.09210558776366,47.93388429752066,54.132231404958674,RISK_ON,75.0,55.8109831010238,89.52845372131286,90.63999938964844,AGUARDAR,liquidez,"momentum fraco, tendência não confirmada"
CSMG3,Companhia de Saneamento de Minas Gerais,,,,,,,,,,AÇÃO B3,,55.20000076293945,,,,,,,,,,,,,True,,,,,,,,,,,,,,,,53.783422459893046,,54.6583850931677,RISK_ON,,55.762139618693325,53.60484206454996,55.20000076293945,AGUARDAR,,"score,quality,valuation"
HREC11,HREC11,8.0,0.0,2155.0,,https://icons.brapi.dev/icons/BRAPI.svg,,Multicategoria,fund,fii,FII,17240.0,8.0,-0.02498475632080932,-0.026535430996657783,-0.012269902531716781,0.10666717325869546,0.1619587677906411,-0.05954378398788662,8.149366874694824,7.939312508106232,150555.50216783796,0.12875,12.0,0.030096784209249217,False,,47.51243781094527,77.98507462686567,31.902985074626866,35.0,,,,,,,,,,,52.027696229595826,55.16528925619835,53.71900826446281,RISK_ON,75.0,55.50884503104313,7.887791674182144,8.0,AGUARDAR,risco controlado,"liquidez baixa, tendência não confirmada"
N1BI34,N1BI34,40.28,1.61,3848.0,81014340636.31662,https://icons.brapi.dev/icons/BRAPI.svg,Health Technology,,bdr,bdr,AÇÃO GLOBAL / BDR,154997.44,39.63999938964844,-0.10881295419061399,0.004052681085797261,0.1839904400130301,0.0736728427844564,0.35525735963629007,-0.25071089413338443,42.66999969482422,38.46644983291626,5626.191488659571,0.0,0.0,0.05763878709335435,True,False,68.71890547263682,30.876865671641788,3.544776119402985,100.0,,,,,,,,,,,49.85682835820895,,52.67175572519084,RISK_ON,85.0,55.34159467927538,38.420427643460734,39.63999938964844,AGUARDAR,tendência positiva,"risco elevado, liquidez baixa"
RAIL3,Rumo S.A.,,,,,,,,,,AÇÃO B3,,14.8100004196167,,,,,,,,,,,,,False,,,,,,,,,,,,,,,,55.907738095238095,,54.037267080745345,RISK_ON,,55.30532802795031,14.328249355231495,14.8100004196167,AGUARDAR,,"score,quality,valuation,trend"
DIVO11,DIVO11,125.18,0.43,103948.0,,https://icons.brapi.dev/icons/BRAPI.svg,Miscellaneous,,fund,etf,ETF,13012210.64,124.6500015258789,-0.014000922865866627,0.006540739760507064,-0.08634458537205136,0.2228980786096344,0.16191069659977478,-0.16123798440255666,125.23120010375976,125.32830005645752,22312489.3231292,0.0,0.0,-0.006547351745216146,False,,40.54726368159205,59.048507462686565,95.52238805970148,35.0,,,,,,,,,,,54.328669154228855,,52.67857142857143,RISK_ON,75.0,55.24073383084577,122.90217445665921,124.6500015258789,AGUARDAR,liquidez,tendência não confirmada
ITRI11,ITRI11,78.88,-0.15,6042.0,,https://icons.brapi.dev/icons/BRAPI.svg,,Outros,fund,fii,FII,476592.95999999996,79.0,0.042257124880056285,-0.03285749671507221,-0.019137297918907503,0.181662150614597,0.1792211180768994,-0.14840496138623904,76.79102172851563,78.5502624130249,1077018.5740825108,0.13265822784810127,12.0,0.023229388822058494,False,,44.40298507462686,57.92910447761194,66.23134328358209,35.0,,,,,,,,,,,51.9476933514247,56.81818181818181,53.30578512396694,RISK_ON,75.0,55.203588257061796,77.77384067492096,79.0,AGUARDAR,sem vantagem clara,tendência não confirmada
BROF11,BROF11,58.2,-0.99,6092.0,,https://icons.brapi.dev/icons/BROF11.svg,Miscellaneous,Multicategoria,fund,fii,FII,354554.4,58.779998779296875,-0.01696267535174023,0.10839969253048465,-0.009039777580942543,0.22829653197764532,0.25347418965720114,-0.1382281465424049,58.80621109008789,55.552597198486325,771212.5959040929,0.11041170695440483,12.0,0.033326909160023455,False,,64.49004975124379,51.77238805970149,60.447761194029844,35.0,,,,,,,,,,,51.90015213190247,48.347107438016536,52.892561983471076,RISK_ON,75.0,54.90482381481024,57.4896891220808,58.779998779296875,AGUARDAR,sem vantagem clara,tendência não confirmada
B3SA3,"B3 S.A. - Brasil, Bolsa, Balcão",,,,,,,,,,AÇÃO B3,,15.729999542236328,,,,,,,,,,,,,False,,,,,,,,,,,,,,,,55.55137844611528,,53.41614906832298,RISK_ON,,54.790364498202024,15.216254763985438,15.729999542236328,AGUARDAR,,"score,valuation,risk,trend"
GAME11,GAME11,8.18,-0.49,33725.0,,https://icons.brapi.dev/icons/BRAPI.svg,Miscellaneous,Outros,fund,fii,FII,275870.5,8.220000267028809,0.002279150597782831,-0.04158387327412605,-0.04660038780654807,0.11478151114268043,0.179782892469642,-0.07922502610857884,8.332441329956055,8.34367520570755,293870.606000764,0.14294403428586677,12.0,-0.004233701065582074,False,,35.69651741293533,71.0820895522388,43.09701492537313,35.0,,,,,,,,,,,51.87021915217302,63.4297520661157,52.47933884297521,RISK_ON,75.0,54.609581020517254,8.092017697090636,8.220000267028809,AGUARDAR,sem vantagem clara,tendência não confirmada
GEOO34,GEOO34,89.36,1.02,1377.0,1838841941634.7644,https://icons.brapi.dev/icons/BRAPI.svg,Electronic Technology,,bdr,bdr,AÇÃO GLOBAL / BDR,123048.72,88.45999908447266,-0.01316376966990529,0.08285208925228149,0.009210790188155293,0.22595826321780188,0.35341418892448934,-0.24487782697585103,92.53138473510742,83.19890453338623,289282.0878028264,0.003389837249643779,4.0,-0.11714086273152047,True,False,51.74129353233831,31.436567164179102,42.53731343283582,100.0,,,,,,,,,,,48.79932835820895,,51.908396946564885,RISK_ON,85.0,54.59574353423721,85.75254223400812,88.45999908447266,AGUARDAR,tendência positiva,risco elevado
BODB11,BODB11,7.18,0.14,120043.0,,https://icons.brapi.dev/icons/BRAPI.svg,Miscellaneous,,fund,etf,ETF,861908.74,7.179999828338623,-0.047745436260757,-0.05047058852462827,-0.042019128632584946,0.14951105007889098,0.1326920643347832,-0.08277052221435943,7.428334445953369,7.317060968875885,907010.746893966,0.15877437705507358,12.0,0.03777810499425027,False,,40.67164179104478,79.47761194029852,63.61940298507462,35.0,,,,,,,,,,,54.1455223880597,,51.78571428571429,RISK_ON,75.0,54.57910447761194,7.097491076720398,7.179999828338623,AGUARDAR,risco controlado,tendência não confirmada
KLBN3,Klabin S.A.,,,,,,,,,,AÇÃO B3,,3.859999895095825,,,,,,,,,,,,,False,,,,,,,,,,,,,,,,53.25877192982456,,52.79503105590062,RISK_ON,,54.33974542334096,3.7566346732944425,3.859999895095825,AGUARDAR,,"score,quality,trend"
HFOF11,HFOF11,6.25,-0.79,319083.0,,https://icons.brapi.dev/icons/BRAPI.svg,Miscellaneous,Multicategoria,fund,fii,FII,1994268.75,6.300000190734863,-0.004768757770502008,-0.0362880593244812,-0.051767987046914765,0.1787980381289349,0.14662856185612344,-0.09796702835721138,6.2504349708557125,6.282914471626282,2025639.7470422625,0.11111110774718064,12.0,-0.009401300305948768,False,,35.44776119402985,73.50746268656717,75.0,35.0,,,,,,,,,,,51.79008264462811,48.96694214876034,52.066115702479344,RISK_ON,75.0,54.304297520661166,6.220000230835533,6.300000190734863,AGUARDAR,liquidez,tendência não confirmada
AZPL11,AZPL11,7.24,-0.14,14765.0,,https://icons.brapi.dev/icons/BRAPI.svg,Miscellaneous,Logística,fund,fii,FII,106898.6,7.25,-0.02350282570057427,-0.025523964223380324,0.006046927257490564,0.0613407821853007,0.0726847828512171,-0.03557010892210832,7.361060667037964,7.2850381064414975,689434.2617525827,0.11517241379310345,11.0,0.04841361399845656,False,,51.5547263681592,95.80223880597015,57.46268656716418,35.0,,,,,,,,,,,51.73767937173637,29.13223140495868,51.652892561983464,RISK_ON,75.0,54.004560667735696,7.204363520397161,7.25,AGUARDAR,risco controlado,tendência não confirmada
A1PH34,A1PH34,68.03,-1.0,2230.0,1006160513698.9135,https://icons.brapi.dev/icons/BRAPI.svg,Electronic Technology,,bdr,bdr,AÇÃO GLOBAL / BDR,151706.9,68.72000122070312,0.0694888204519788,0.10313260375086997,0.0834499257323007,0.38486352458420936,0.5424420916538556,-0.2949662893507127,69.42004623413087,62.939399604797366,126449.00306992304,0.004033687355588842,4.0,-0.04290172718737506,True,False,63.12189054726367,19.309701492537314,29.850746268656714,100.0,,,,,,,,,,,48.311791044776115,,51.14503816793893,RISK_ON,85.0,53.96388492651247,65.49175112800502,68.72000122070312,AGUARDAR,tendência positiva,"risco elevado, liquidez baixa"
BOVB11,BOVB11,180.15,0.3,28415.0,,https://icons.brapi.dev/icons/BRAPI.svg,Miscellaneous,,fund,etf,ETF,5118962.25,179.61000061035156,0.00910160720934261,0.00966890340437665,-0.07944236559639295,0.2760923666810058,0.1640223129493434,-0.16047071212542185,177.11359954833983,178.59070014953613,7243496.496467227,0.0,0.0,0.000354868030442268,False,,42.5995024875622,58.67537313432835,90.29850746268657,35.0,,,,,,,,,,,54.00590796019901,,50.89285714285714,RISK_ON,75.0,53.926181592039796,177.05868563735493,179.61000061035156,AGUARDAR,liquidez,tendência não confirmada
ABCB4,Banco ABC Brasil S.A.,,,,,,,,,,AÇÃO B3,,23.049999237060547,,,,,,,,,,,,,False,,,,,,,,,,,,,,,,55.28195488721804,,52.17391304347826,RISK_ON,,53.86017898005884,22.60709408882632,23.049999237060547,AGUARDAR,,"score,quality,momentum,trend"
PMLL11,PMLL11,102.23,0.52,39631.0,,https://icons.brapi.dev/icons/BRAPI.svg,Miscellaneous,Shoppings,fund,fii,FII,4051477.1300000004,101.69999694824219,0.01870586968488408,-0.025079692107071394,-0.005961684621469621,0.1384940251368476,0.09643682553179835,-0.06804308099904977,100.96585174560546,100.61184471130372,4371979.398736015,0.1026548703370482,11.0,0.03640500211949638,False,,49.19154228855721,88.80597014925374,85.82089552238806,35.0,,,,,,,,,,,51.733906911722386,24.173553719008265,51.2396694214876,RISK_ON,75.0,53.7145499773858,100.85063172008978,101.69999694824219,AGUARDAR,"risco controlado, liquidez",tendência não confirmada
RBIR11,RBIR11,73.2,0.0,1801.0,,https://icons.brapi.dev/icons/RBIR11.svg,,Residencial,fund,fii,FII,131833.2,73.19999694824219,-0.005434803453420622,0.030453267678539175,-0.04044101946697176,0.125523640821402,0.17159731107692422,-0.08498824338571453,73.06103805541993,74.08324329376221,199585.71057116796,0.36585714640037437,9.0,0.001925667273994236,False,,50.31094527363184,70.80223880597015,36.007462686567166,35.0,,,,,,,,,,,51.6993380206406,55.16528925619835,50.82644628099173,RISK_ON,75.0,53.41838000082233,72.11218913750123,73.19999694824219,AGUARDAR,sem vantagem clara,tendência não confirmada
S1TX34,S1TX34,78.02,-1.78,18462.0,972894753243.6626,https://icons.brapi.dev/icons/BRAPI.svg,Electronic Technology,,bdr,bdr,AÇÃO GLOBAL / BDR,1440405.24,79.43000030517578,0.10388294378992158,-0.01700745658320535,1.0853419836594567,3.919824742405668,151.73560268172744,-0.9841241622808287,264.1438395690918,99.79596736907959,3027428.7568428405,0.003541646719365167,4.0,0.9589903307397809,False,False,80.03731343283583,0.18656716417910446,80.78358208955224,35.0,,,,,,,,,,,47.973320895522384,,50.38167938931297,RISK_ON,85.0,53.361839751623556,55.601000213623045,79.43000030517578,AGUARDAR,"momentum, liquidez","risco elevado, tendência não confirmada"
BNDX11,BNDX11,98.76,0.48,2019.0,,https://icons.brapi.dev/icons/BRAPI.svg,Miscellaneous,,fund,etf,ETF,199396.44,98.29000091552734,0.009033951548451435,0.014135397982508513,-0.0199421675315824,-0.05572096864655163,0.09566338216515238,-0.12839229966628007,98.33560012817382,99.6775002670288,186032.93267676944,0.0,0.0,0.05985506609525282,False,,57.08955223880597,76.67910447761194,34.701492537313435,35.0,,,,,,,,,,,53.93097014925373,,50.0,RISK_ON,75.0,53.28619402985075,97.47569853945042,98.29000091552734,AGUARDAR,risco controlado,"liquidez baixa, tendência não confirmada"
OIAG11,OIAG11,7.91,0.0,8941.0,,https://icons.brapi.dev/icons/BRAPI.svg,Miscellaneous,Outros,fund,fi-agro,FIAGRO,70723.31,7.909999847412109,-0.009410274908296268,-0.07151129793295685,-0.07115839624729103,0.2111877326265985,0.18648784331790283,-0.12450143169011774,8.000274591445923,8.152931988239288,119570.02183301865,0.1801517101755966,12.0,0.008638837379544184,False,,31.778606965174124,61.10074626865671,28.73134328358209,35.0,,,,,,,,,,,47.66805087465896,71.7741935483871,51.61290322580645,RISK_ON,75.0,53.16264243299631,7.7822508109165245,7.909999847412109,AGUARDAR,sem vantagem clara,"momentum fraco, liquidez baixa, tendência não confirmada"
MCRE11,MCRE11,8.02,-1.23,376852.0,,https://icons.brapi.dev/icons/BRAPI.svg,,Multicategoria,fund,fii,FII,3022353.04,8.119999885559082,-0.043447971756537807,-0.08780053147837297,-0.08253674513588405,0.10009981013463709,0.2329958920641393,-0.15090804018158654,8.548299779891968,8.671712548732758,2702486.2115632845,0.16133005153482258,12.0,-0.04017005839491805,False,,23.880597014925375,51.58582089552239,79.66417910447761,35.0,,,,,,,,,,,51.68101023806587,69.83471074380165,50.413223140495866,RISK_ON,75.0,53.12545824596028,7.956154234326246,8.119999885559082,AGUARDAR,liquidez,"momentum fraco, tendência não confirmada"
BBDC3,Banco Bradesco S.A.,,,,,,,,,,AÇÃO B3,,14.960000038146973,,,,,,,,,,,,,False,,,,,,,,,,,,,,,,53.89097744360903,,51.5527950310559,RISK_ON,,53.112426446551154,14.612615724019214,14.960000038146973,AGUARDAR,,"score,quality,momentum,trend"
WHGR11,WHGR11,8.54,0.47,9422.0,,https://icons.brapi.dev/icons/BRAPI.svg,Miscellaneous,Multicategoria,fund,fii,FII,80463.87999999999,8.5,-0.04497949408931523,-0.06552886252577084,-0.02707116293915479,0.12681700255594364,0.14212381962701084,-0.11820989179966002,8.791768341064452,8.78985954284668,257057.31203266932,0.14117647058823532,12.0,0.015295523801811206,False,,37.93532338308458,70.33582089552239,41.04477611940299,35.0,,,,,,,,,,,51.59533325109988,62.190082644628106,50.0,RISK_ON,75.0,52.81906665021998,8.395379587462111,8.5,AGUARDAR,sem vantagem clara,tendência não confirmada
N1OW34,N1OW34,14.86,6.52,202540.0,774082498406.6217,https://icons.brapi.dev/icons/BRAPI.svg,Technology Services,,bdr,bdr,AÇÃO GLOBAL / BDR,3009744.4,13.949999809265137,0.18421053696803602,0.11155375276917012,0.18925834217087822,-0.2642404808611237,0.818916134609273,-0.6014492900516937,11.403200054168702,12.426000032424927,1295109.5680056375,0.0,0.0,0.06290668925120246,False,False,80.72139303482587,4.570895522388062,69.40298507462687,35.0,,,,,,,,,,,47.792686567164175,,49.61832061068702,RISK_ON,85.0,52.79136174091375,12.960662787075975,13.949999809265137,AGUARDAR,momentum,"risco elevado, tendência não confirmada"
MYPK3,Iochpe-Maxion S.A.,,,,,,,,,,AÇÃO B3,,9.09000015258789,,,,,,,,,,,,,False,,,,,,,,,,,,,,,,51.481617647058826,,50.931677018633536,RISK_ON,,52.635537883631706,8.84509761406317,9.09000015258789,AGUARDAR,,"score,quality,trend"
XFIX11,XFIX11,13.24,0.99,33134.0,,https://icons.brapi.dev/icons/BRAPI.svg,Miscellaneous,,fund,etf,ETF,438694.16000000003,13.109999656677246,-0.022371379131130853,-0.041666713142022194,-0.042366686740966,0.08079138771562144,0.07758543821854001,-0.07122300707104934,13.333199977874756,13.421750001907348,284600.88306389155,0.0,0.0,0.03743054688586922,False,,41.72885572139303,90.57835820895522,41.97761194029851,35.0,,,,,,,,,,,53.6172263681592,,49.107142857142854,RISK_ON,75.0,52.59844527363183,13.021912309819689,13.109999656677246,AGUARDAR,risco controlado,tendência não confirmada
RZZR11,RZZR11,127.95,0.76,1034.0,,https://icons.brapi.dev/icons/BRAPI.svg,,Logística,fund,fii,FII,132300.30000000002,126.9800033569336,-0.0061310644000025505,-0.012552816351986462,-0.029272722224995884,0.011813645868935296,0.09489987202233037,-0.07160174638043537,127.02386093139648,128.2350212097168,92353.88341267903,0.11538824706764308,12.0,0.013093964515970113,False,,45.460199004975124,88.52611940298507,24.813432835820894,35.0,,,,,,,,,,,51.59399695736195,51.033057851239676,49.586776859504134,RISK_ON,75.0,52.52954319312528,125.93640931090654,126.9800033569336,AGUARDAR,risco controlado,"liquidez baixa, tendência não confirmada"
ERPA11,ERPA11,125.0,0.0,138.0,,https://icons.brapi.dev/icons/BRAPI.svg,,Multicategoria,fund,fii,FII,17250.0,125.0,-0.008015193642287977,-0.01598927341822709,0.029568808991735196,0.08541235997425334,0.26459188253434524,-0.14728692039434998,125.14065780639649,122.5588916015625,8874.346109178332,0.0896,12.0,0.0719354957327012,True,,58.45771144278607,49.53358208955224,6.156716417910448,100.0,,,,,,,,,,,51.59299576497677,40.28925619834711,49.17355371900827,RISK_ON,75.0,52.24008675630114,122.13570885112635,125.0,AGUARDAR,tendência positiva,liquidez baixa
W1DA34,W1DA34,67.25,7.69,2142.0,255238077051.21576,https://icons.brapi.dev/icons/BRAPI.svg,Technology Services,,bdr,bdr,AÇÃO GLOBAL / BDR,144049.5,62.45000076293945,0.15498430026655607,0.3650273390806438,0.40907042402873683,-0.17470593003702883,0.9360178158128185,-0.5777885315788249,49.77640014648438,52.716800136566164,86051.8713071914,0.0,0.0,0.2827187711090611,False,False,96.45522388059702,4.2910447761194055,23.88059701492537,35.0,,,,,,,,,,,47.512089552238805,,48.854961832061065,RISK_ON,85.0,52.2008911928905,57.38770873407433,62.45000076293945,AGUARDAR,momentum,"risco elevado, liquidez baixa, tendência não confirmada"
OGIN11,OGIN11,7.44,0.95,8817.0,,https://icons.brapi.dev/icons/BRAPI.svg,,,fund,fi-infra,FI-INFRA,65598.48000000001,7.440000057220459,-0.026280935363255042,0.023628637228911842,-0.0598386250664773,0.032162884063279495,0.24156577678222332,-0.0896947629115129,7.574702806472779,7.569928796291351,64587.8513157784,0.12903225707213914,10.0,0.019958608560357916,False,,49.62686567164179,61.940298507462686,20.708955223880597,35.0,,,,,,,,,,,48.151119402985074,60.0,50.0,RISK_ON,75.0,52.130223880597015,7.284353694085921,7.440000057220459,AGUARDAR,sem vantagem clara,"liquidez baixa, tendência não confirmada"
GMAT3,Grupo Mateus S.A.,,,,,,,,,,AÇÃO B3,,4.760000228881836,,,,,,,,,,,,,False,,,,,,,,,,,,,,,,53.29044117647059,,50.31055900621118,RISK_ON,,52.1077405690537,4.529231289172196,4.760000228881836,AGUARDAR,,"score,quality,risk,trend"
FIGS11,FIGS11,48.06,-0.15,6155.0,,https://icons.brapi.dev/icons/BRAPI.svg,,Shoppings,fund,fii,FII,295809.3,48.130001068115234,-0.01610955074689402,-0.03695891299092746,-0.006100625982960239,0.1519254433368593,0.1453462706022716,-0.06240835563918934,48.65284652709961,47.10071905136108,123851.29929757497,0.12009141640823869,12.0,0.03626606075800576,False,,46.703980099502495,81.25,29.291044776119403,35.0,,,,,,,,,,,51.38360264791744,52.47933884297521,48.760330578512395,RISK_ON,75.0,51.90895193454216,47.52417159745846,48.130001068115234,AGUARDAR,risco controlado,"liquidez baixa, tendência não confirmada"
IFRA11,IFRA11,92.0,0.99,22565.0,,https://icons.brapi.dev/icons/BRAPI.svg,Miscellaneous,,fund,etf,ETF,2075980.0,92.0,0.005783581887257139,-0.03913738795629251,-0.055143302379868864,0.08560220976768163,0.1659058703044635,-0.10908199194471824,90.9102001953125,92.85639087677002,2197322.093377734,0.10793478260869564,11.0,0.024653931246966354,False,,39.365671641791046,67.25746268656717,77.61194029850746,35.0,,,,,,,,,,,52.90764925373134,,48.214285714285715,RISK_ON,75.0,51.83152985074627,90.67815597545018,92.0,AGUARDAR,liquidez,tendência não confirmada
G2EV34,G2EV34,247.88,1.1,756.0,1256480013616.1406,https://icons.brapi.dev/icons/BRAPI.svg,Producer Manufacturing,,bdr,bdr,AÇÃO GLOBAL / BDR,187397.28,245.17999267578125,0.06373372741775074,0.0034388828760842927,0.10322531786329847,0.5151254500294622,0.6402387663974983,-0.2797187328338623,267.8241998291016,226.4518379974365,336493.6559191507,0.001281568681729706,4.0,-0.02312633505637729,True,False,55.34825870646767,18.65671641791045,45.7089552238806,100.0,,,,,,,,,,,47.30690298507463,,48.091603053435115,RISK_ON,85.0,51.6255027344195,231.58566836062855,245.17999267578125,AGUARDAR,tendência positiva,risco elevado
RBRR11,RBRR11,73.63,-0.22,68574.0,,https://icons.brapi.dev/icons/BRAPI.svg,Miscellaneous,Multicategoria,fund,fii,FII,5049103.62,73.79000091552734,-0.005182577709608394,-0.0936622441818481,-0.11658082413398363,-0.03974334255153489,0.119058168837143,-0.14050470400911985,75.2804783630371,78.69252067565918,4259467.66740914,0.1338934798403152,12.0,-0.07421413739301763,False,,18.470149253731343,71.17537313432835,85.26119402985076,35.0,,,,,,,,,,,51.29927223387197,57.231404958677686,48.34710743801653,RISK_ON,75.0,51.60282965338597,73.02917141077758,73.79000091552734,AGUARDAR,liquidez,"momentum fraco, tendência não confirmada"
TIMS3,TIM S.A.,,,,,,,,,,AÇÃO B3,,18.32999992370605,,,,,,,,,,,,,False,,,,,,,,,,,,,,,,50.708333333333336,,49.68944099378882,RISK_ON,,51.591983695652175,17.886235925792647,18.32999992370605,AGUARDAR,,"score,momentum,trend"
KNRI11,KNRI11,157.0,1.14,54839.0,,https://icons.brapi.dev/icons/BRAPI.svg,Miscellaneous,Multicategoria,fund,fii,FII,8609723.0,155.22999572753906,0.0030802867269714707,-0.022887598898366224,-0.026047779904852297,0.22586850929377045,0.17580884581477688,-0.11679604034085511,152.96831481933594,153.48932380676268,7633572.642944336,0.08381112129150128,12.0,0.0163189068361137,False,,44.651741293532346,63.61940298507463,91.04477611940298,35.0,,,,,,,,,,,50.84949632005263,39.25619834710744,47.93388429752066,RISK_ON,75.0,51.22361827227499,152.86654256564853,155.22999572753906,AGUARDAR,liquidez,tendência não confirmada
SOLH11,SOLH11,15.2,-1.62,58988.0,,https://icons.brapi.dev/icons/BRAPI.svg,Miscellaneous,,fund,etf,ETF,896617.6,15.449999809265137,0.48987463642890616,0.287499984105428,0.2550771147533566,-0.4879018969109993,0.7164481355893627,-0.7551630321826734,11.150800018310546,14.153550057411193,865153.7994675863,0.0,0.0,0.3348743483801918,False,,94.77611940298509,4.664179104477614,62.5,35.0,,,,,,,,,,,52.68097014925373,,47.32142857142857,RISK_ON,75.0,51.16119402985075,14.491385589361789,15.449999809265137,AGUARDAR,momentum,"risco elevado, tendência não confirmada"
LREN3,Lojas Renner S.A.,,,,,,,,,,AÇÃO B3,,10.630000114440918,,,,,,,,,,,,,False,,,,,,,,,,,,,,,,50.59558823529412,,49.06832298136646,RISK_ON,,51.13183343989769,10.160285938083762,10.630000114440918,AGUARDAR,,"score,momentum,trend"
PFIZ34,PFIZ34,36.17,0.33,10520.0,824432805814.7957,https://icons.brapi.dev/icons/BRAPI.svg,Health Technology,,bdr,bdr,AÇÃO GLOBAL / BDR,380508.4,36.04999923706055,0.12832545778455517,0.11151452422468378,0.06159248572932241,0.11337771077034287,0.24797202205962204,-0.1591321732237415,32.51062282562256,33.06038868904114,227405.72552205645,0.04344127692491162,4.0,-0.06475916719035335,False,False,60.26119402985076,48.78731343283582,38.61940298507462,35.0,,,,,,,,,,,47.01227611940299,,47.32824427480916,RISK_ON,85.0,51.03222621624701,35.27582524917888,36.04999923706055,AGUARDAR,sem vantagem clara,tendência não confirmada
WTSP11,WTSP11,69.0,-2.82,1139.0,,https://icons.brapi.dev/icons/BRAPI.svg,,Multicategoria,fund,fii,FII,78591.0,71.0,0.15403854375382298,0.12363548331984053,0.233627654136646,0.39215321818612514,0.8902950842868563,-0.3157879266199036,61.71252510070801,57.7032839012146,4350.844908759707,0.07647887323943661,12.0,0.275994340877612,True,,91.6044776119403,13.526119402985078,2.798507462686567,100.0,,,,,,,,,,,50.84692241272974,38.84297520661157,47.5206611570248,RISK_ON,75.0,50.933847292463305,65.52577106501654,71.0,AGUARDAR,"momentum, tendência positiva","risco elevado, liquidez baixa"
DXCO3,Dexco S.A.,,,,,,,,,,AÇÃO B3,,5.239999771118164,,,,,,,,,,,,,False,,,,,,,,,,,,,,,,50.5921052631579,,48.4472049689441,RISK_ON,,50.69626716247139,5.084183793776169,5.239999771118164,AGUARDAR,,"score,quality,trend"
RBRX11,RBRX11,7.35,2.65,209193.0,,https://icons.brapi.dev/icons/BRAPI.svg,,Multicategoria,fund,fii,FII,1537568.5499999998,7.159999847412109,-0.03857713897520254,-0.12208617788696252,-0.09715000165651089,0.038603067306777206,0.16090176216129068,-0.17573928778773362,7.611245946884155,7.800175218582154,2237635.4232408507,0.15083799204134793,12.0,-0.05478331491554489,False,,19.776119402985074,57.276119402985074,77.79850746268657,35.0,,,,,,,,,,,50.76245220180091,66.73553719008264,47.107438016528924,RISK_ON,75.0,50.627697051930426,7.0602288198398675,7.159999847412109,AGUARDAR,liquidez,"momentum fraco, tendência não confirmada"
BIDB11,BIDB11,74.96,1.89,1532.0,,https://icons.brapi.dev/icons/BRAPI.svg,Miscellaneous,,fund,etf,ETF,114838.71999999999,74.95999908447266,-0.030039947894479946,-0.031014630311113844,-0.03597563691802064,0.12622363819099158,0.11385574483403119,-0.07569832337251747,76.41556503295898,75.12986270904541,207271.21018243214,0.146744932421945,11.0,0.04382159670881458,False,,45.211442786069654,84.79477611940298,36.56716417910448,35.0,,,,,,,,,,,52.300684079601986,,46.42857142857143,RISK_ON,75.0,50.4601368159204,74.22087874592148,74.95999908447266,AGUARDAR,risco controlado,tendência não confirmada
CATP34,CATP34,266.67,1.06,2247.0,1903025407630.6262,https://icons.brapi.dev/icons/BRAPI.svg,Producer Manufacturing,,bdr,bdr,AÇÃO GLOBAL / BDR,599207.49,263.8599853515625,0.05421707790737118,-0.03523307505534523,0.09352344378224964,0.816193793402527,0.5435203161311584,-0.2922972121273204,289.42216705322267,248.06831954956056,931109.6863655212,0.007564682448308868,4.0,-0.03282820913742612,True,False,46.766169154228855,19.402985074626862,64.55223880597015,100.0,,,,,,,,,,,46.772014925373135,,46.56488549618321,RISK_ON,85.0,50.44982283240287,251.44003248188253,263.8599853515625,AGUARDAR,tendência positiva,risco elevado
KOPA11,KOPA11,220.62,0.03,175.0,,https://icons.brapi.dev/icons/BRAPI.svg,,Títulos e Val. Mob.,fund,fi-agro,FIAGRO,38608.5,220.6199951171875,-0.16764521325038884,-0.1571283015343783,-0.10530224011191891,0.04627517679913673,0.24612725515038514,-0.19129744648780878,255.56927612304688,243.9928741455078,128374.66612921821,3.214350538006849,12.0,-0.025505006485083692,False,,20.087064676616915,43.75,30.037313432835823,35.0,,,,,,,,,,,45.099943829240885,86.29032258064515,48.38709677419355,RISK_ON,75.0,50.390956507783656,215.91742574749605,220.6199951171875,AGUARDAR,sem vantagem clara,"momentum fraco, liquidez baixa, tendência não confirmada"
FCFL11,FCFL11,120.0,0.42,371.0,,https://icons.brapi.dev/icons/BRAPI.svg,Miscellaneous,Multicategoria,fund,fii,FII,44520.0,119.5,-0.012728177060034596,-0.006982710722030272,-0.0009898190676566054,0.04165044536695084,0.13200518449666435,-0.053010222615303304,121.16056091308593,119.85902877807617,139767.1033602518,0.0925348619246862,12.0,0.04137686767330939,False,,53.60696517412935,84.88805970149254,31.156716417910445,35.0,,,,,,,,,,,50.75457834792977,42.14876033057851,46.69421487603306,RISK_ON,75.0,50.336866082809095,118.13387787369592,119.5,AGUARDAR,risco controlado,"liquidez baixa, tendência não confirmada"
BPAC11,Banco BTG Pactual S.A.,,,,,,,,,,AÇÃO B3,,53.7400016784668,,,,,,,,,,,,,False,,,,,,,,,,,,,,,,52.13659147869674,,47.82608695652174,RISK_ON,,50.10899395227199,51.88692464925695,53.7400016784668,AGUARDAR,,"score,valuation,risk,trend"
VILG11,VILG11,93.3,0.32,16873.0,,https://icons.brapi.dev/icons/VILG11.svg,Miscellaneous,Logística,fund,fii,FII,1574250.9,93.0,0.006509861895806601,-0.007288023221732831,-0.04291348483733792,0.26312517188360385,0.1682125023276597,-0.11890600644844451,91.73212524414062,93.52512809753418,2533256.987090338,0.10043010752688172,12.0,-0.0005467980963719254,False,,42.91044776119403,63.899253731343286,78.9179104477612,35.0,,,,,,,,,,,50.74071173060318,44.83471074380166,46.28099173553719,RISK_ON,75.0,50.04483656099667,91.64521040767592,93.0,AGUARDAR,liquidez,tendência não confirmada
XPID11,XPID11,49.01,-0.47,5174.0,,https://icons.brapi.dev/icons/BRAPI.svg,Miscellaneous,,fund,etf,ETF,253577.74,49.0099983215332,0.011596567540098857,0.01585157314279617,-0.020444018088998983,0.06351939899709791,0.09088353199222805,-0.14178626403101868,48.35794464111328,47.040335502624515,110800.0467291938,0.1377269992077167,11.0,0.059353215537836235,False,,56.96517412935324,75.27985074626866,27.611940298507463,35.0,,,,,,,,,,,52.23351990049752,,45.535714285714285,RISK_ON,75.0,49.8217039800995,48.62425313459096,49.0099983215332,AGUARDAR,risco controlado,"liquidez baixa, tendência não confirmada"
CCME11,CCME11,8.56,0.82,5838.0,,https://icons.brapi.dev/icons/BRAPI.svg,Miscellaneous,Multicategoria,fund,fii,FII,49973.280000000006,8.489999771118164,-0.018792098543036206,-0.005246407509272744,-0.018826704362912006,0.10524661308789107,0.19476495336871866,-0.08122009312750766,8.595956344604492,8.47869612455368,209841.24019884685,0.12131920232835829,12.0,0.023539982378053992,False,,49.75124378109453,69.1231343283582,37.3134328358209,35.0,,,,,,,,,,,50.71528103285227,52.892561983471076,45.867768595041326,RISK_ON,75.0,49.75049422309938,8.346797758599559,8.489999771118164,AGUARDAR,sem vantagem clara,tendência não confirmada
KMBB34,KMBB34,572.32,1.89,303.0,188484401991.72272,https://icons.brapi.dev/icons/BRAPI.svg,Consumer Non-Durables,,bdr,bdr,AÇÃO GLOBAL / BDR,173412.96000000002,572.3200073242188,-0.012253591169358091,0.14688744924594066,0.018754115615649436,-0.19227575097822602,0.27394558874550523,-0.3195454168893842,560.7379992675782,529.8106340026856,26491.69769577753,0.032764344702311245,4.0,-0.10759753730402632,True,False,55.161691542288565,31.623134328358205,11.753731343283583,100.0,,,,,,,,,,,45.85832089552239,,45.80152671755725,RISK_ON,85.0,49.732732881394554,558.7420677506104,572.3200073242188,AGUARDAR,tendência positiva,"risco elevado, liquidez baixa"
LOGG3,LOG Commercial Properties e Participações S.A.,,,,,,,,,,AÇÃO B3,,24.020000457763672,,,,,,,,,,,,,False,,,,,,,,,,,,,,,,51.84375,,47.20496894409938,RISK_ON,,49.608322010869564,23.276620332764,24.020000457763672,AGUARDAR,,"score,quality,valuation,trend"
RBFM11,RBFM11,9.99,1.94,48138.0,,https://icons.brapi.dev/icons/BRAPI.svg,,Outros,fund,fii,FII,480898.62,9.800000190734863,-0.039482373372952795,-0.04995683405880591,-0.06210719750168936,0.1756166325915518,0.11262115277742249,-0.13877205906713808,10.097421283721923,9.99285095691681,341226.71045183757,0.1393877523891731,12.0,-0.019740510760723362,False,,31.592039800995025,72.66791044776119,46.45522388059701,35.0,,,,,,,,,,,50.63366432301303,59.917355371900825,45.45454545454545,RISK_ON,75.0,49.44491468278442,9.70441806515201,9.800000190734863,AGUARDAR,sem vantagem clara,"momentum fraco, tendência não confirmada"
CHIP11,CHIP11,35.37,-2.83,51798.0,,https://icons.brapi.dev/icons/BRAPI.svg,Miscellaneous,,fund,etf,ETF,1832095.2599999998,36.400001525878906,0.14790295101909323,-0.02176827676762172,0.3898434816197942,,0.512481046715241,-0.8454036304153367,36.92559997558594,48.84655011177063,5131884.187195006,0.0,0.0,0.4696407152466294,False,,77.92288557213931,7.92910447761194,87.1268656716418,35.0,,,,,,,,,,,52.096703980099505,,44.642857142857146,RISK_ON,75.0,49.1693407960199,34.78449081445219,36.400001525878906,AGUARDAR,"momentum, liquidez","risco elevado, tendência não confirmada"
STMN34,STMN34,261.63,-1.54,280.0,233127433536.2497,https://icons.brapi.dev/icons/BRAPI.svg,Electronic Technology,,bdr,bdr,AÇÃO GLOBAL / BDR,73256.4,265.7200012207031,0.05864542319005239,-0.23625359840758264,0.5285776407121987,0.8050111575688783,0.7729570083977406,-0.39809598301711924,312.29205444335935,222.6451455307007,63718.54770720951,0.0061077976537113965,4.0,0.40222598779252294,True,False,65.11194029850746,11.380597014925371,20.33582089552239,100.0,,,,,,,,,,,45.66891791044776,,45.038167938931295,RISK_ON,85.0,49.160501139341456,247.9326935692071,265.7200012207031,AGUARDAR,tendência positiva,"risco elevado, liquidez baixa"
CMIG4,Companhia Energética de Minas Gerais - CEMIG,,,,,,,,,,AÇÃO B3,,10.399999618530272,,,,,,,,,,,,,False,,,,,,,,,,,,,,,,51.75133689839573,,46.58385093167702,RISK_ON,,49.152746454312954,10.177571264460472,10.399999618530272,AGUARDAR,,"score,quality,momentum,trend"
KIVO11,KIVO11,54.35,-0.09,5670.0,120805705.0,https://icons.brapi.dev/icons/KIVO11.svg,Miscellaneous,Outros,fund,fii,FII,308164.5,54.400001525878906,-0.02653482556771114,-0.07085660866532983,-0.13510046004423648,-0.0035145165268783973,0.15797173331021944,-0.16365834793903833,55.980754928588865,58.14155996322632,431419.82436425344,0.19540440628375988,12.0,-0.09273377330327048,False,,17.475124378109452,59.88805970149254,50.93283582089553,35.0,,,,,,,,,,,50.282013486287575,75.82644628099173,45.04132231404959,RISK_ON,75.0,49.08532831709223,53.65576851935551,54.400001525878906,AGUARDAR,sem vantagem clara,"momentum fraco, tendência não confirmada"
XPIE11,XPIE11,44.41,0.18,32843.0,,https://icons.brapi.dev/icons/BRAPI.svg,,,fund,fip,FIP,1458557.63,44.40999984741211,0.0731385699984699,-0.08664511464268754,-0.1216915605152965,-0.08204258469123593,0.21018117428952265,-0.22242007867818736,42.79702438354492,46.90810396194458,1301673.4436384535,0.2645800504474603,11.0,-0.041894326888461286,False,,20.95771144278607,44.40298507462687,69.58955223880598,35.0,,,,,,,,,,,51.33623548922056,86.11111111111111,44.44444444444444,RISK_ON,75.0,48.87835820895522,43.60163909863926,44.40999984741211,AGUARDAR,sem vantagem clara,"momentum fraco, tendência não confirmada"
CXCI11,CXCI11,64.97,0.03,701.0,,https://icons.brapi.dev/icons/BRAPI.svg,Miscellaneous,Multicategoria,fund,fii,FII,45543.97,64.94999694824219,0.012296491344059746,-0.04055583599506685,-0.058650210852376095,0.14887029314112454,0.12275833355939669,-0.11471787154617441,64.42891159057618,66.00992666244507,106249.78600184123,0.14164742774863193,12.0,-0.016283524111410097,False,,34.07960199004975,74.81343283582089,26.679104477611943,35.0,,,,,,,,,,,50.042683277825745,62.603305785123965,44.62809917355372,RISK_ON,75.0,48.74820607705275,64.25950160983649,64.94999694824219,AGUARDAR,sem vantagem clara,"momentum fraco, liquidez baixa, tendência não confirmada"
RANI3,Irani Papel e Embalagem S.A.,,,,,,,,,,AÇÃO B3,,7.739999771118164,,,,,,,,,,,,,False,,,,,,,,,,,,,,,,51.42647058823529,,45.962732919254655,RISK_ON,,48.6448689258312,7.555550431859763,7.739999771118164,AGUARDAR,,"score,quality,valuation,trend"
GOGL35,GOGL35,148.5,2.73,1018.0,21822506634454.22,https://icons.brapi.dev/icons/BRAPI.svg,Technology Services,,bdr,bdr,AÇÃO GLOBAL / BDR,151173.0,144.55999755859375,0.014384977410545563,-0.08875994619058714,0.10351618760657177,0.5341113611049104,0.4131489675654174,-0.21480009398976163,149.15079986572266,143.6992115020752,328663.59671747114,0.0018032374405259767,4.0,-0.022835465313103986,True,False,42.41293532338309,29.94402985074627,45.52238805970149,100.0,,,,,,,,,,,45.144552238805964,,44.274809160305345,RISK_ON,85.0,48.52127685997493,139.38767696485587,144.55999755859375,AGUARDAR,tendência positiva,risco elevado
JSRE11,JSRE11,59.75,0.45,65333.0,,https://icons.brapi.dev/icons/BRAPI.svg,Miscellaneous,Multicategoria,fund,fii,FII,3903646.75,59.47999954223633,0.020167783744116985,-0.009900785770096898,-0.06760751112843932,0.040913274211510586,0.13303663112549116,-0.1475690229351918,58.28480751037598,61.26899112701416,3107924.1079574465,0.09717552193146306,12.0,-0.025240824387473326,False,,37.126865671641795,66.69776119402985,81.15671641791045,35.0,,,,,,,,,,,49.98676452448501,43.80165289256198,44.214876033057855,RISK_ON,75.0,48.4477661280375,58.794712015692724,59.47999954223633,AGUARDAR,liquidez,tendência não confirmada
DIVD11,DIVD11,61.28,-0.03,9383.0,,https://icons.brapi.dev/icons/BRAPI.svg,Miscellaneous,,fund,etf,ETF,574990.24,61.279998779296875,-0.026806850755415557,0.024040059498697808,-0.07347623076175946,0.22708955550519128,0.15849710300875297,-0.16280560802625388,61.306072082519535,61.37097183227539,1091374.8845578753,0.07465404848450441,12.0,0.006321002865075753,False,,46.76616915422886,59.70149253731343,66.4179104477612,35.0,,,,,,,,,,,51.442786069651746,,43.75,RISK_ON,75.0,48.413557213930346,60.43885408800477,61.279998779296875,AGUARDAR,sem vantagem clara,tendência não confirmada
LWSA3,Locaweb Serviços de Internet S.A.,,,,,,,,,,AÇÃO B3,,4.329999923706055,,,,,,,,,,,,,False,,,,,,,,,,,,,,,,51.1843671679198,,45.3416149068323,RISK_ON,,48.15561304756456,4.101776251248722,4.329999923706055,AGUARDAR,,"score,quality,valuation,trend"
HCRI11,HCRI11,286.0,3.32,36.0,,https://icons.brapi.dev/icons/BRAPI.svg,,Hospital,fund,fii,FII,10296.0,276.80999755859375,0.031153874749245913,0.024960972878481202,-0.015293146597670892,0.25807124527070857,0.2597343709101627,-0.20466166768232996,265.48054107666013,271.60733543396,34086.59819442507,0.18348554766071587,12.0,0.027073540143295105,False,,55.72139303482587,42.07089552238806,12.87313432835821,35.0,,,,,,,,,,,49.945760865096005,73.7603305785124,43.80165289256198,RISK_ON,75.0,48.15030919781259,270.5835286008118,276.80999755859375,AGUARDAR,sem vantagem clara,"liquidez baixa, tendência não confirmada"
GCRA11,GCRA11,46.88,-0.02,1919.0,,https://icons.brapi.dev/icons/BRAPI.svg,Miscellaneous,Multicategoria,fund,fi-agro,FIAGRO,89962.72,46.880001068115234,-0.05325460243053726,-0.0776066054575425,-0.10781560324157691,0.07124874770625289,0.18784704291758572,-0.12173116849249388,49.339263076782224,49.76171276092529,170394.4711325509,0.17363480833058909,12.0,-0.02801836961474169,False,,23.445273631840795,61.19402985074627,33.582089552238806,35.0,,,,,,,,,,,44.314857165783984,63.70967741935483,45.16129032258064,RISK_ON,75.0,47.97587465896324,46.11735575186906,46.880001068115234,AGUARDAR,sem vantagem clara,"momentum fraco, liquidez baixa, tendência não confirmada"
DISB34,DISB34,37.4,1.49,22712.0,965622608049.6637,https://icons.brapi.dev/icons/BRAPI.svg,Consumer Services,,bdr,bdr,AÇÃO GLOBAL / BDR,849428.7999999999,36.849998474121094,0.09185180664062509,0.07372925166786404,0.028990566207566015,-0.13099910482168353,0.3429537138142362,-0.2590058538938286,34.34398181915283,35.84457047462463,1619093.4929350293,0.00992195427787519,2.0,-0.09736108671210975,False,False,53.85572139303482,30.78358208955224,72.01492537313433,35.0,,,,,,,,,,,44.453582089552235,,43.51145038167939,RISK_ON,85.0,47.848731685086015,35.755529093472205,36.849998474121094,AGUARDAR,sem vantagem clara,"risco elevado, tendência não confirmada"
RECM11,RECM11,7.31,0.14,1917.0,,https://icons.brapi.dev/icons/BRAPI.svg,,Multicategoria,fund,fii,FII,14013.269999999999,7.309999942779541,-0.012389565133137714,0.04193929460115298,-0.0751132505325125,-0.005533527557975315,0.2518189048001182,-0.13995962263747264,7.516555995941162,7.555470759868622,58593.23151807179,0.17510260054985652,12.0,-0.0327465637915465,False,,44.71393034825871,51.492537313432834,18.097014925373134,35.0,,,,,,,,,,,49.78737921960446,72.93388429752066,43.388429752066116,RISK_ON,75.0,47.82937667036717,7.150582317300347,7.309999942779541,AGUARDAR,sem vantagem clara,"liquidez baixa, tendência não confirmada"
BITI11,BITI11,36.17,-1.71,10055.0,,https://icons.brapi.dev/icons/BRAPI.svg,Miscellaneous,,fund,etf,ETF,363689.35000000003,36.79999923706055,0.2572599474387638,0.10113708118799414,0.1745930203215731,-0.7753906246362021,0.3845086648430504,-0.8495619162758565,29.966599884033204,58.023449983596805,560625.1555174268,0.0,0.0,0.2543902539484083,False,,88.55721393034827,13.246268656716415,54.66417910447762,35.0,,,,,,,,,,,51.41106965174129,,42.857142857142854,RISK_ON,75.0,47.782213930348256,35.5745803425021,36.79999923706055,AGUARDAR,momentum,"risco elevado, tendência não confirmada"
SOJA3,Boa Safra Sementes S.A.,,,,,,,,,,AÇÃO B3,,6.869999885559082,,,,,,,,,,,,,False,,,,,,,,,,,,,,,,50.877192982456144,,44.72049689440994,RISK_ON,,47.65171624713959,6.313275114657958,6.869999885559082,AGUARDAR,,"score,valuation,risk,trend"
BCRI11,BCRI11,56.49,1.11,5774.0,,https://icons.brapi.dev/icons/BRAPI.svg,,Outros,fund,fii,FII,326173.26,55.869998931884766,-0.05005192419165305,-0.06713287140885438,-0.1185780891504471,0.019264366798587895,0.1583188463540949,-0.14756514533138654,58.26715507507324,59.77816303253174,322168.48710468836,0.17200644681801872,12.0,-0.0762114024094811,False,,20.024875621890548,62.40671641791045,44.96268656716418,35.0,,,,,,,,,,,49.70052012663954,72.72727272727273,42.97520661157025,RISK_ON,75.0,47.52274865342709,55.10397575247967,55.869998931884766,AGUARDAR,sem vantagem clara,"momentum fraco, tendência não confirmada"
GRND3,Grendene S.A.,,,,,,,,,,AÇÃO B3,,3.490000009536743,,,,,,,,,,,,,False,,,,,,,,,,,,,,,,50.81617647058823,,44.099378881987576,RISK_ON,,47.20320492327365,3.4110164471874542,3.490000009536743,AGUARDAR,,"score,valuation,momentum,trend"
XPSF11,XPSF11,6.07,1.0,94185.0,,https://icons.brapi.dev/icons/XPSF11.svg,,Outros,fund,fii,FII,571702.9500000001,6.010000228881836,-0.009884669041635097,-0.06297931309298477,-0.07139679077848149,0.1459788039249863,0.1360313163050955,-0.11683665472868554,6.040900058746338,6.1594779324531554,354685.6334286266,0.13727120941449478,12.0,-0.02903010403751549,False,,28.109452736318406,71.54850746268657,47.38805970149254,35.0,,,,,,,,,,,49.507620985979194,59.09090909090909,42.561983471074385,RISK_ON,75.0,47.19491262694791,5.939198474231557,6.010000228881836,AGUARDAR,sem vantagem clara,"momentum fraco, tendência não confirmada"
U1BE34,U1BE34,102.32,1.56,14168.0,832874251510.6052,https://icons.brapi.dev/icons/BRAPI.svg,Transportation,,bdr,bdr,AÇÃO GLOBAL / BDR,1449669.76,100.75,0.10970370067227586,0.1259498907047496,0.0503544821023405,-0.2220677609967615,0.4077330953615,-0.37541827222046176,94.5520002746582,100.22225017547608,1513606.7416952224,0.0,0.0,-0.07599717081733526,False,False,59.452736318407965,20.429104477611943,71.26865671641791,35.0,,,,,,,,,,,43.83276119402985,,42.74809160305343,RISK_ON,85.0,47.19021636094337,97.19244477314177,100.75,AGUARDAR,sem vantagem clara,"risco elevado, tendência não confirmada"
QETH11,QETH11,8.98,-1.54,41723.0,,https://icons.brapi.dev/icons/BRAPI.svg,Miscellaneous,,fund,etf,ETF,374672.54000000004,9.119999885559082,0.339207042905892,0.25102879743237905,0.22580642680347784,-0.4635294184965246,0.5509255233042615,-0.6769662782890353,6.873799991607666,8.611049995422363,497382.55665725376,0.0,0.0,0.30560366043031306,False,,93.78109452736318,7.276119402985069,53.35820895522389,35.0,,,,,,,,,,,51.39241293532338,,41.964285714285715,RISK_ON,75.0,47.15348258706467,8.684870556136685,9.119999885559082,AGUARDAR,momentum,"risco elevado, tendência não confirmada"
ASRF11,ASRF11,12290.0,11.73,12.0,,https://icons.brapi.dev/icons/BRAPI.svg,,Multicategoria,fund,fii,FII,147480.0,11000.0,0.002369236376890793,0.002369236376890793,0.002369236376890793,0.010286554004408588,0.004738472753781585,-4.556223801710502e-05,10984.4,10976.595297851563,174.6031746031746,0.0,0.0,0.04473592311785679,True,,55.907960199004975,99.62686567164178,0.5597014925373134,100.0,,,,,,,,,,,49.46997450762716,3.925619834710744,42.14876033057851,RISK_ON,75.0,46.898127132930384,10995.485998442093,11000.0,AGUARDAR,"risco controlado, tendência positiva",liquidez baixa
SBFG3,Grupo SBF S.A.,,,,,,,,,,AÇÃO B3,,8.329999923706055,,,,,,,,,,,,,False,,,,,,,,,,,,,,,,52.97426470588235,,43.47826086956522,RISK_ON,,46.75399216751918,8.027550606932467,8.329999923706055,AGUARDAR,,"score,quality,momentum,risk,trend"
DVAI34,DVAI34,945.23,2.0,80.0,59634678711.84687,https://icons.brapi.dev/icons/BRAPI.svg,Health Services,,bdr,bdr,AÇÃO GLOBAL / BDR,75618.4,926.72998046875,-0.2513088189436392,-0.06807921392723304,0.19083294615460145,0.17344726871636595,0.4643909905414933,-0.30784424832818935,1093.346396484375,843.2402987670898,10140.109010726686,0.0,0.0,0.06448129323492569,True,False,58.3955223880597,21.175373134328353,6.902985074626866,100.0,,,,,,,,,,,43.701231343283574,,41.98473282442748,RISK_ON,85.0,46.62955924575595,889.4592735373715,926.72998046875,AGUARDAR,tendência positiva,"risco elevado, liquidez baixa"
HSML11,HSML11,84.36,0.19,44714.0,,https://icons.brapi.dev/icons/HSML11.svg,Miscellaneous,Shoppings,fund,fii,FII,3772073.04,84.19999694824219,-0.01393467713560359,-0.06839597397243202,-0.05890560209894202,0.16613561700011226,0.16162679003845656,-0.11616212694384531,84.5673681640625,86.76073696136474,4027268.430818346,0.10106888727360767,12.0,-0.016538915357976025,False,,30.03731343283582,66.6044776119403,84.14179104477611,35.0,,,,,,,,,,,49.13851609719995,45.04132231404959,41.735537190082646,RISK_ON,75.0,46.54257925249784,83.02142512155075,84.19999694824219,AGUARDAR,liquidez,"momentum fraco, tendência não confirmada"
PIBB11,PIBB11,314.69,0.46,2847.0,,https://icons.brapi.dev/icons/BRAPI.svg,Miscellaneous,,fund,etf,ETF,895922.43,313.25,0.006716789797188039,0.007202309134882956,-0.07772705541260905,0.28644763860369604,0.1593749837931258,-0.16255813557593746,308.40539978027346,310.6475506591797,1755812.0461556572,0.0,0.0,0.0020701782142261704,False,,42.972636815920396,59.51492537313433,72.57462686567165,35.0,,,,,,,,,,,51.17288557213931,,41.07142857142857,RISK_ON,75.0,46.48457711442786,308.92643626950496,313.25,AGUARDAR,sem vantagem clara,tendência não confirmada
SANB11,Banco Santander (Brasil) S.A.,,,,,,,,,,AÇÃO B3,,29.46999931335449,,,,,,,,,,,,,False,,,,,,,,,,,,,,,,52.89473684210526,,42.857142857142854,RISK_ON,,46.301315789473676,28.006993506762896,29.46999931335449,AGUARDAR,,"score,quality,valuation,risk,trend"
BLMG11,BLMG11,32.5,6.91,6787.0,,https://icons.brapi.dev/icons/BLMG11.svg,,Multicategoria,fund,fii,FII,220577.5,30.399999618530273,-0.062086347098940786,-0.0064970826085696265,-0.06620991377310281,0.10332844306711819,0.34931088815804884,-0.1139525187415048,31.05930419921875,31.072151470184327,247494.06278286283,0.15315460718499493,12.0,-0.023843227032136816,False,,38.059701492537314,49.53358208955223,40.11194029850746,35.0,,,,,,,,,,,49.085845565560625,67.97520661157024,41.32231404958678,RISK_ON,75.0,46.24278894782287,29.480362837061534,30.399999618530273,AGUARDAR,sem vantagem clara,tendência não confirmada
ROXO34,ROXO34,12.33,-2.53,6442077.0,357350900600.1035,https://icons.brapi.dev/icons/BRAPI.svg,Finance,,bdr,bdr,AÇÃO GLOBAL / BDR,79430809.41,12.649999618530273,0.05592655274583391,0.14687215999802183,-0.026923106266902086,-0.010946078478523358,0.40565631904553573,-0.3939950656702952,11.904199962615968,13.041150002479553,83463836.13408454,0.0,0.0,-0.15327475918657785,False,False,49.19154228855722,20.05597014925374,98.88059701492537,35.0,,,,,,,,,,,43.576716417910454,,41.221374045801525,RISK_ON,85.0,46.07030511564316,12.20559415489525,12.649999618530273,AGUARDAR,liquidez,"risco elevado, tendência não confirmada"
LVBI11,LVBI11,99.41,0.71,31324.0,,https://icons.brapi.dev/icons/BRAPI.svg,Miscellaneous,Logística,fund,fii,FII,3113918.84,98.70999908447266,-0.027633726209445708,-0.07189705596471829,-0.07425889148477571,0.05939484684153262,0.1263889452111576,-0.11022163294529452,101.24714981079102,103.93621170043946,3427891.9819712564,0.09117617347253855,12.0,-0.031892204743809716,False,,26.616915422885572,75.46641791044776,83.02238805970148,35.0,,,,,,,,,,,49.03235269931335,41.735537190082646,40.909090909090914,RISK_ON,75.0,45.942834176226306,97.62955855020287,98.70999908447266,AGUARDAR,"risco controlado, liquidez","momentum fraco, tendência não confirmada"
NBOV11,NBOV11,123.06,0.33,943.0,,https://icons.brapi.dev/icons/BRAPI.svg,Miscellaneous,,fund,etf,ETF,116045.58,123.05999755859375,0.005720798829278229,0.051884774815471824,-0.04575068895866463,0.1780585739722247,0.1489309830116753,-0.1540178414307477,119.55220062255859,121.82885036468505,236256.0250591702,0.0,0.0,0.034046544668170586,False,,57.15174129353233,63.059701492537314,39.365671641791046,35.0,,,,,,,,,,,51.11504975124378,,40.17857142857143,RISK_ON,75.0,45.84800995024876,121.47279414120032,123.05999755859375,AGUARDAR,sem vantagem clara,tendência não confirmada
ARML3,"Armac Locação, Logística e Serviços S.A.",,,,,,,,,,AÇÃO B3,,3.680000066757202,,,,,,,,,,,,,False,,,,,,,,,,,,,,,,50.35714285714286,,42.2360248447205,RISK_ON,,45.79557453416149,3.4044518816394485,3.680000066757202,AGUARDAR,,"score,quality,risk,trend"
AAZQ11,AAZQ11,6.53,0.62,32820.0,,https://icons.brapi.dev/icons/BRAPI.svg,Miscellaneous,Outros,fund,fi-agro,FIAGRO,214314.6,6.53000020980835,-0.0180253094484496,-0.0916294933797831,-0.0765103557744693,0.12845194035449192,0.2725786393835768,-0.17847457943288003,6.539163255691529,6.835469279289246,326420.69634412584,0.30551300702922213,11.0,0.0032868778523659214,False,,29.35323383084577,43.656716417910445,45.33582089552239,35.0,,,,,,,,,,,44.047444230460606,63.70967741935484,41.935483870967744,RISK_ON,75.0,45.66432755576954,6.375853007724044,6.53000020980835,AGUARDAR,sem vantagem clara,"momentum fraco, tendência não confirmada"
GGRC11,GGRC11,9.06,-0.22,2572298.0,,https://icons.brapi.dev/icons/BRAPI.svg,Miscellaneous,Multicategoria,fund,fii,FII,23305019.880000003,9.079999923706055,-0.07352630364137203,-0.07792230431536162,-0.06438673905455505,0.05242033896506526,0.10654288549595556,-0.10022996746894675,9.560232467651367,9.513059725761414,15668178.490819264,0.12114537546725317,11.0,-0.022020052313589056,False,,28.109452736318406,81.06343283582089,94.21641791044776,35.0,,,,,,,,,,,48.60025697956499,30.99173553719008,40.49586776859504,RISK_ON,75.0,45.567158833929525,8.99621981275776,9.079999923706055,AGUARDAR,"risco controlado, liquidez","momentum fraco, tendência não confirmada"
ADBE34,ADBE34,29.75,1.33,6046.0,599478508189.3429,https://icons.brapi.dev/icons/BRAPI.svg,Technology Services,,bdr,bdr,AÇÃO GLOBAL / BDR,179868.5,29.360000610351562,0.09023395015367863,0.1274961435521511,0.10293011588038214,-0.2553892877729037,0.5432520942778345,-0.5003751261907335,24.511800079345704,28.052050075531007,854065.3323678819,0.0,0.0,-0.023421537039293616,False,False,67.22636815920397,11.007462686567163,62.31343283582089,35.0,,,,,,,,,,,43.159328358208946,,40.458015267175576,RISK_ON,85.0,45.45247635866469,27.97870032604067,29.360000610351562,AGUARDAR,sem vantagem clara,"risco elevado, tendência não confirmada"
PRNR3,Priner Serviços Industriais S.A.,,,,,,,,,,AÇÃO B3,,17.549999237060547,,,,,,,,,,,,,False,,,,,,,,,,,,,,,,52.455357142857146,,41.61490683229814,RISK_ON,,45.332890139751555,16.792204244331845,17.549999237060547,AGUARDAR,,"score,quality,valuation,momentum,trend"
RCRB11,RCRB11,130.28,0.73,1893.0,,https://icons.brapi.dev/icons/BRAPI.svg,Miscellaneous,Escritórios,fund,fii,FII,246620.04,129.3300018310547,-0.04074271336355295,-0.06282203232687922,-0.04679501467970837,0.1253411813706391,0.16409892964315953,-0.07508049437002284,134.03879760742188,133.09378471374512,879283.7198377337,0.09603340156311443,12.0,-0.004428327938742371,False,,32.898009950248756,74.6268656716418,63.059701492537314,35.0,,,,,,,,,,,48.28464495703302,43.18181818181819,40.082644628099175,RISK_ON,75.0,45.21478023107603,127.49204348897123,129.3300018310547,AGUARDAR,sem vantagem clara,"momentum fraco, tendência não confirmada"
MATB11,MATB11,63.64,-0.84,682.0,,https://icons.brapi.dev/icons/BRAPI.svg,Miscellaneous,,fund,etf,ETF,43402.48,64.18000030517578,0.02688000488281239,0.02622320699776748,-0.06579325828022553,0.25180416875649136,0.19667079115507807,-0.17991449861073283,60.77640022277832,61.89030014038086,1908681.2594933282,0.0,0.0,0.014003975346609687,False,,48.50746268656716,51.026119402985074,73.69402985074626,35.0,,,,,,,,,,,51.019589552238806,,39.285714285714285,RISK_ON,75.0,45.20391791044776,63.086874337289,64.18000030517578,AGUARDAR,sem vantagem clara,tendência não confirmada
LIFE11,LIFE11,7.13,0.56,34397.0,,https://icons.brapi.dev/icons/BRAPI.svg,Miscellaneous,Residencial,fund,fii,FII,245250.61,7.090000152587891,-0.011824891700750517,-0.09306934147468993,-0.12258530812706925,0.0025034254384432852,0.2419674133548343,-0.20118713531783106,6.9344147682189945,7.53530995130539,725144.9819656553,0.2023977389445072,12.0,-0.08021862138610325,False,,17.59950248756219,43.75,58.95522388059702,35.0,,,,,,,,,,,48.23040171045598,76.44628099173553,39.66942148760331,RISK_ON,75.0,44.91467538341351,6.941429251251425,7.090000152587891,AGUARDAR,sem vantagem clara,"momentum fraco, tendência não confirmada"
N1EM34,N1EM34,660.96,-3.41,2365.0,697628241422.6592,https://icons.brapi.dev/icons/BRAPI.svg,Non-Energy Minerals,,bdr,bdr,AÇÃO GLOBAL / BDR,1563170.4000000001,684.2899780273438,0.4652890321784662,0.23353280829498968,0.05282993530744684,0.7832935588951044,0.4419735611962476,-0.3359310739161522,533.0465991210938,555.9456109619141,751733.4561951653,0.00555180423795158,4.0,-0.07352171761222892,False,False,61.62935323383085,20.615671641791046,59.88805970149254,35.0,,,,,,,,,,,43.13652985074627,,39.69465648854962,RISK_ON,85.0,44.913565512133985,658.0980721238311,684.2899780273438,AGUARDAR,sem vantagem clara,"risco elevado, tendência não confirmada"
MDIA3,M. Dias Branco S.A. Indústria e Comércio de Alimentos,,,,,,,,,,AÇÃO B3,,17.149999618530273,,,,,,,,,,,,,False,,,,,,,,,,,,,,,,47.86538461538462,,40.993788819875775,RISK_ON,,44.865363712374574,16.808947300392376,17.149999618530273,AGUARDAR,,"score,momentum,trend"
VINF11,VINF11,87.4,1.04,1330.0,,https://icons.brapi.dev/icons/BRAPI.svg,Miscellaneous,,fund,fi-infra,FI-INFRA,116242.00000000001,87.4000015258789,0.03640815961692412,0.04431273701866978,-0.03629105799502785,,0.172700683548228,-0.13388007618764575,84.2693034362793,86.39036186218262,312033.686596825,0.11677873937997466,9.0,0.043506175631807364,False,,58.27114427860696,61.28731343283582,44.40298507462687,35.0,,,,,,,,,,,45.61069651741293,27.5,40.0,RISK_ON,75.0,44.622139303482584,86.09281931681701,87.4000015258789,AGUARDAR,sem vantagem clara,tendência não confirmada
XPML11,XPML11,99.9,0.0,172189.0,,https://icons.brapi.dev/icons/BRAPI.svg,Finance,Shoppings,fund,fii,FII,17201681.1,99.9000015258789,-0.03835902354549525,-0.04121227573467123,-0.05452207672382603,7.216020703045496,0.09553158334587396,-0.9903375285347574,102.4227084350586,82.41141448326408,16564121.712895712,0.11050250081468034,12.0,-0.012155389982860032,False,,34.514925373134325,45.33582089552239,94.58955223880598,35.0,,,,,,,,,,,48.177309732330095,48.553719008264466,39.25619834710744,RISK_ON,75.0,44.61480078944123,99.07350106062253,99.9000015258789,AGUARDAR,liquidez,"momentum fraco, tendência não confirmada"
DIVS11,DIVS11,94.12,2.15,29009.0,,https://icons.brapi.dev/icons/BRAPI.svg,,,fund,etf,ETF,2730327.08,94.12000274658203,0.004249082161783768,-0.06371150118355728,-0.03400424892588594,0.02558019512839116,0.15869451132056875,-0.14947379353518586,94.96268661499023,96.21677150726319,1373038.2370816185,0.15299617063093354,12.0,0.04579298470094928,False,,41.231343283582085,61.753731343283576,70.33582089552239,35.0,,,,,,,,,,,50.764925373134325,,38.392857142857146,RISK_ON,75.0,44.52798507462687,92.82647881159502,94.12000274658203,AGUARDAR,sem vantagem clara,tendência não confirmada
AURA33,AURA MINERALS INC.,143.84,-6.29,1521161.0,36640990889.808586,https://icons.brapi.dev/icons/BRAPI.svg,Non-Energy Minerals,,bdr,bdr,AÇÃO GLOBAL / BDR,218803798.24,153.5,0.6704227384467396,0.17559545060139592,0.022205833145264364,2.169686784805771,0.8039342202049783,-0.5289904578577078,111.50020263671875,112.42191619873047,102321837.27257587,0.029394175895765474,4.0,-0.1041458197744114,False,False,56.28109452736319,6.716417910447756,99.25373134328358,35.0,,,,,,,,,,,42.91731343283582,,38.93129770992366,RISK_ON,85.0,44.33537108351373,142.81290852477863,153.5,AGUARDAR,liquidez,"risco elevado, tendência não confirmada"
INRD11,INRD11,72.65,-1.16,1433.0,,https://icons.brapi.dev/icons/BRAPI.svg,,Residencial,fund,fii,FII,104107.45000000001,72.6500015258789,-0.004916177835535773,-0.02296033431026545,-0.01587466453024311,0.17316899111441986,0.18916509140560234,-0.07053793100438732,73.88211380004883,73.03477840423584,78488.69894251748,0.11259462943144156,12.0,0.026492022210722888,False,,47.0771144278607,72.01492537313433,22.94776119402985,35.0,,,,,,,,,,,48.051698120965426,49.79338842975207,38.84297520661157,RISK_ON,75.0,44.30042226882119,71.45983630792988,72.6500015258789,AGUARDAR,sem vantagem clara,"liquidez baixa, tendência não confirmada"
ANIM3,Ânima Holding S.A.,,,,,,,,,,AÇÃO B3,,2.7799999713897705,,,,,,,,,,,,,False,,,,,,,,,,,,,,,,50.833333333333336,,40.37267080745342,RISK_ON,,44.09836956521739,2.604538820630392,2.7799999713897705,AGUARDAR,,"score,quality,momentum,risk,trend"
CEOC11,CEOC11,39.5,-1.3,1286.0,,https://icons.brapi.dev/icons/BRAPI.svg,,Escritórios,fund,fii,FII,50797.0,40.02000045776367,0.007935411448129148,-0.016640802449370717,-0.02533469445166525,0.09348279852301178,0.1975350280778444,-0.1015982166270013,39.99632690429687,40.7220676612854,14839.646223098513,0.13995057311183687,12.0,0.017031992289300746,False,,46.01990049751243,64.55223880597015,8.582089552238806,35.0,,,,,,,,,,,48.01178405493195,61.15702479338843,38.429752066115704,RISK_ON,75.0,44.00318325726738,39.33537689941704,40.02000045776367,AGUARDAR,sem vantagem clara,"liquidez baixa, tendência não confirmada"
BTAL11,BTAL11,80.97,-1.05,6259.0,,https://icons.brapi.dev/icons/BTAL11.svg,,Logística,fund,etf,ETF,506791.23,81.83000183105469,-0.014198668119471236,-0.03505554608910222,-0.02787917107418969,0.22657234024207074,0.19628494053348244,-0.09356667874099966,83.4486784362793,81.4378173828125,508929.45113457576,0.1435903670668237,12.0,0.05191806255264553,False,,46.268656716417915,65.95149253731343,53.73134328358209,35.0,,,,,,,,,,,50.67257462686567,,37.5,RISK_ON,75.0,43.88451492537313,80.43899208355703,81.83000183105469,AGUARDAR,sem vantagem clara,tendência não confirmada
HSAF11,HSAF11,75.01,0.43,1780.0,,https://icons.brapi.dev/icons/BRAPI.svg,,Outros,fund,fii,FII,133517.80000000002,74.69000244140625,-0.010929038488098008,-0.05555576457949196,-0.03902212343253331,0.10634823876261446,0.12017869099198712,-0.09001949135038778,75.7590657043457,75.09130115509033,552731.4227643694,0.13991163018367747,11.0,0.003344563308432691,False,,36.318407960199,80.31716417910448,54.1044776119403,35.0,,,,,,,,,,,47.92287940462975,39.256198347107436,38.01652892561984,RISK_ON,75.0,43.69614612885984,73.91264533233314,74.69000244140625,AGUARDAR,risco controlado,tendência não confirmada
SMFT3,Smartfit Escola de Ginástica e Dança S.A.,,,,,,,,,,AÇÃO B3,,17.030000686645508,,,,,,,,,,,,,False,,,,,,,,,,,,,,,,48.58088235294117,,39.75155279503105,RISK_ON,,43.6567854859335,16.408620075885455,17.030000686645508,AGUARDAR,,"score,quality,valuation,trend"
JPPA11,JPPA11,75.4,2.46,474.0,,https://icons.brapi.dev/icons/BRAPI.svg,,Multicategoria,fund,fii,FII,35739.600000000006,73.58999633789062,-0.10280936098341353,-0.10660725774138524,-0.06576488367617361,0.09775164123497904,0.22899751421221834,-0.1376546566347222,79.5843276977539,77.57053512573242,96136.1413276309,0.18942792082763646,12.0,-0.023398196935207616,False,,25.808457711442788,54.47761194029851,25.186567164179102,35.0,,,,,,,,,,,47.69577114427861,75.0,37.60330578512397,RISK_ON,75.0,43.3614682784425,72.13057671590649,73.58999633789062,AGUARDAR,sem vantagem clara,"momentum fraco, liquidez baixa, tendência não confirmada"
JBSS32,JBS N.V.,70.09,-0.51,587324.0,75291912084.84222,https://icons.brapi.dev/icons/BRAPI.svg,Consumer Non-Durables,,bdr,bdr,AÇÃO GLOBAL / BDR,41165539.160000004,70.44999694824219,-0.02666482976530704,0.15491798275806867,-0.1168723084944937,-0.10584377247428822,0.3921771501397639,-0.31812434594340033,65.89019981384277,71.55617168426514,76449375.59731202,0.06093215310078317,1.0,-0.24322396141416947,False,False,39.614427860696516,23.600746268656714,98.69402985074626,35.0,,,,,,,,,,,40.70235074626865,,38.16793893129771,RISK_ON,85.0,43.358027401162126,68.05726583639073,70.44999694824219,AGUARDAR,liquidez,"risco elevado, tendência não confirmada"
LSAG11,LSAG11,72.27,-6.39,1161.0,,https://icons.brapi.dev/icons/BRAPI.svg,Miscellaneous,Títulos e Val. Mob.,fund,fi-agro,FIAGRO,83905.47,72.2699966430664,-0.08459672024814902,-0.01855250431662614,-0.09161686540661063,0.13135325049108526,0.29808036243774666,-0.14448743529524322,75.73878372192382,75.65142612457275,62286.36465333,0.17752872002147677,12.0,-0.011819631779775408,False,,35.01243781094527,47.48134328358209,19.962686567164177,35.0,,,,,,,,,,,43.630877868720916,68.54838709677419,38.70967741935484,RISK_ON,75.0,43.32294976729257,70.40438161330493,72.2699966430664,AGUARDAR,sem vantagem clara,"liquidez baixa, tendência não confirmada"
QSOL11,QSOL11,6.52,-2.83,58411.0,,https://icons.brapi.dev/icons/BRAPI.svg,Miscellaneous,,fund,etf,ETF,380839.72,6.519999980926514,0.42669578468664127,0.30139714232741444,0.2490421921429109,-0.5041824965729368,0.6665319003552379,-0.7501561559765595,4.884000015258789,6.179849984645844,414713.48493962816,0.0,0.0,0.3288394257697461,False,,94.77611940298509,5.223880597014926,49.440298507462686,35.0,,,,,,,,,,,50.48134328358209,,36.607142857142854,RISK_ON,75.0,43.22126865671642,6.143643702119988,6.519999980926514,AGUARDAR,momentum,"risco elevado, tendência não confirmada"
ASAI3,Sendas Distribuidora S.A.,,,,,,,,,,AÇÃO B3,,8.199999809265137,,,,,,,,,,,,,False,,,,,,,,,,,,,,,,50.31410256410257,,39.130434782608695,RISK_ON,,43.11197742474916,7.777325422089397,8.199999809265137,AGUARDAR,,"score,quality,valuation,momentum,trend"
KISU11,KISU11,6.05,2.72,31923.0,,https://icons.brapi.dev/icons/BRAPI.svg,Miscellaneous,Outros,fund,fii,FII,193134.15,5.889999866485596,-0.06626036528874046,-0.1034503106620186,-0.13523200311400418,0.00935969583787255,0.16788242269272807,-0.14634293995669123,6.226641445159912,6.411126334667205,448534.16615285573,0.15258234641289325,12.0,-0.09286531637303819,False,,14.987562189054726,60.07462686567165,51.49253731343284,35.0,,,,,,,,,,,47.42187204473501,67.76859504132231,37.1900826446281,RISK_ON,75.0,43.01743226018667,5.804364897558208,5.889999866485596,AGUARDAR,sem vantagem clara,"momentum fraco, tendência não confirmada"
WFCO34,WFCO34,112.37,2.68,3669.0,1356184707133.9885,https://icons.brapi.dev/icons/BRAPI.svg,Finance,,bdr,bdr,AÇÃO GLOBAL / BDR,412285.53,109.44000244140625,0.028275548932571892,0.12630692682701605,-0.0036938531097634453,0.022660622085061366,0.30927557755116414,-0.3145868514009317,110.0640559387207,109.25886722564697,430744.873638698,0.015351388546427485,4.0,-0.1300455060294392,False,False,52.23880597014925,28.731343283582085,50.74626865671642,35.0,,,,,,,,,,,40.27619402985074,,37.404580152671755,RISK_ON,85.0,42.73844491284038,106.50875586818002,109.44000244140625,AGUARDAR,sem vantagem clara,"risco elevado, tendência não confirmada"
ENEV3,Eneva S.A.,,,,,,,,,,AÇÃO B3,,26.149999618530277,,,,,,,,,,,,,True,,,,,,,,,,,,,,,,45.8355614973262,,38.50931677018634,RISK_ON,,42.669523076028824,25.41819388217701,26.149999618530277,AGUARDAR,,"score,quality,valuation"
VSHO11,VSHO11,72.52,0.15,848.0,,https://icons.brapi.dev/icons/VSHO11.svg,,Shoppings,fund,fii,FII,61496.96,72.41000366210938,0.02226852799800616,-0.002972721930426636,-0.031166651694936043,0.10142766639947953,0.2227744946104856,-0.06584571160652952,73.24976348876953,71.921083984375,34452.75315457299,0.11600607064180472,12.0,0.011200035046029955,False,,46.766169154228855,69.49626865671642,13.059701492537313,35.0,,,,,,,,,,,46.7268759508244,51.239669421487605,36.77685950413223,RISK_ON,75.0,42.589176843057444,71.01300925235431,72.41000366210938,AGUARDAR,sem vantagem clara,"liquidez baixa, tendência não confirmada"
CORN11,CORN11,7.62,2.28,14216.0,,https://icons.brapi.dev/icons/BRAPI.svg,Miscellaneous,,fund,etf,ETF,108325.92,7.449999809265137,0.04195800138409478,0.03760445506709553,0.03472222314204698,-0.01844536765589122,0.14925090068532954,-0.20598384021290317,7.091999988555909,7.400599987506866,58705.05503593172,0.0,0.0,0.1145194567688822,False,,70.95771144278608,55.97014925373135,18.470149253731343,35.0,,,,,,,,,,,50.27176616915423,,35.714285714285715,RISK_ON,75.0,42.554353233830845,7.353704783439735,7.449999809265137,AGUARDAR,sem vantagem clara,"liquidez baixa, tendência não confirmada"
BBDC4,Banco Bradesco S.A.,,,,,,,,,,AÇÃO B3,,16.93000030517578,,,,,,,,,,,,,False,,,,,,,,,,,,,,,,48.057644110275696,,37.88819875776397,RISK_ON,,42.23470905524681,16.513946697722382,16.93000030517578,AGUARDAR,,"score,quality,momentum,trend"
RECT11,RECT11,31.75,-0.09,14702.0,,https://icons.brapi.dev/icons/BRAPI.svg,Miscellaneous,Multicategoria,fund,fii,FII,466788.5,31.780000686645508,-0.08262802920328538,-0.0851405084882938,-0.13426655419978484,0.18147358434106575,0.14399703132870328,-0.2572304624993922,34.17770427703857,34.923804931640625,424363.37297600036,0.15940471650552132,12.0,-0.09189986745881884,False,,16.542288557213933,51.77238805970149,50.18656716417911,35.0,,,,,,,,,,,46.25666502199745,68.80165289256199,36.36363636363637,RISK_ON,75.0,42.205878458944944,31.38368791096045,31.780000686645508,AGUARDAR,sem vantagem clara,"momentum fraco, tendência não confirmada"
A1KA34,A1KA34,46.65,-2.91,4166.0,79902869410.24315,https://icons.brapi.dev/icons/BRAPI.svg,Technology Services,,bdr,bdr,AÇÃO GLOBAL / BDR,194343.9,48.04999923706055,0.041170046551703976,-0.23657451087597847,0.12476586760429154,0.3843272977369645,0.5879944517012787,-0.3435304643668077,50.46960029602051,47.16995008468628,177849.7974615551,0.0,0.0,-0.001585785315384225,True,False,41.54228855721393,15.67164179104478,33.95522388059701,100.0,,,,,,,,,,,39.41335820895522,,36.6412213740458,RISK_ON,85.0,42.03152660362311,45.60320614945199,48.04999923706055,AGUARDAR,tendência positiva,"risco elevado, liquidez baixa"
OUJP11,OUJP11,69.48,2.93,4525.0,,https://icons.brapi.dev/icons/BRAPI.svg,Miscellaneous,Multicategoria,fund,fii,FII,314397.0,67.5,-0.04627989915361996,-0.19169608644068947,-0.1319305855300571,0.03264071681281244,0.27414349689805223,-0.21450960430302324,70.01350799560547,74.07066429138183,632671.7457668971,0.2071111111111111,12.0,-0.0895638987890911,False,,12.748756218905472,39.27238805970149,56.156716417910445,35.0,,,,,,,,,,,46.055861189918176,76.85950413223141,35.9504132231405,RISK_ON,75.0,41.87646149418198,65.89744717997691,67.5,EVITAR_AGORA,sem vantagem clara,"momentum fraco, tendência não confirmada"
BRAX11,BRAX11,147.45,0.7,3297.0,,https://icons.brapi.dev/icons/BRAPI.svg,Miscellaneous,,fund,etf,ETF,486142.64999999997,146.42999267578125,0.008332126738101353,0.005355295653848291,-0.0833803275381455,0.267243520627096,0.16114996443838045,-0.1605861701065575,144.7989993286133,146.17739990234375,1164747.2608637733,0.0,0.0,-0.0035830939113102867,False,,40.92039800995025,59.421641791044784,68.09701492537313,35.0,,,,,,,,,,,49.623445273631845,,34.82142857142857,RISK_ON,75.0,41.799689054726365,144.38641623945813,146.42999267578125,EVITAR_AGORA,sem vantagem clara,tendência não confirmada
ENGI11,Energisa S.A.,,,,,,,,,,AÇÃO B3,,47.5,,,,,,,,,,,,,False,,,,,,,,,,,,,,,,45.36764705882353,,37.267080745341616,RISK_ON,,41.69467710997442,46.08434973312595,47.5,AGUARDAR,,"score,quality,trend"
JCCJ11,JCCJ11,148.1,-0.94,572.0,,https://icons.brapi.dev/icons/BRAPI.svg,,Shoppings,fund,fii,FII,84713.2,149.5,0.11415515767570628,0.0059474074474117344,0.01613609641189262,0.046005136272428526,0.2582275140773059,-0.27048541308537777,138.89107696533202,144.2038224029541,273074.25100150943,0.11388115719063545,12.0,0.05850278315285862,False,,58.95522388059701,36.287313432835816,41.417910447761194,35.0,,,,,,,,,,,45.79776119402985,50.0,35.53719008264463,RISK_ON,75.0,41.53558529665721,146.1567077721516,149.5,EVITAR_AGORA,sem vantagem clara,tendência não confirmada
C2OI34,C2OI34,37.15,-5.9,51281.0,206928286250.0,https://icons.brapi.dev/icons/BRAPI.svg,Finance,,bdr,bdr,AÇÃO GLOBAL / BDR,1905089.15,39.47999954223633,0.16391514367419235,0.028660720258159023,0.06214693266304683,-0.40452492119169525,0.7031343624725234,-0.6436119027351124,33.030999908447264,41.17465005874634,3340557.0910031456,0.0,0.0,-0.06420472025662893,False,False,53.66915422885572,5.783582089552244,82.46268656716418,35.0,,,,,,,,,,,39.273059701492535,,35.87786259541985,RISK_ON,85.0,41.469115757092396,37.075935164860205,39.47999954223633,EVITAR_AGORA,liquidez,"risco elevado, tendência não confirmada"
DESK3,Desktop S.A.,,,,,,,,,,AÇÃO B3,,18.460542678833008,,,,,,,,,,,,,True,,,,,,,,,,,,,,,,45.33333333333333,,36.64596273291926,RISK_ON,,41.25217391304348,18.214545424555524,18.460542678833008,AGUARDAR,,"score,quality,valuation"
GZIT11,GZIT11,36.0,1.04,5244.0,,https://icons.brapi.dev/icons/BRAPI.svg,Miscellaneous,,fund,fii,FII,188784.0,35.630001068115234,-0.11377938605713145,-0.11764390801314095,-0.15633139564502474,-0.03560516293809368,0.1847901668356049,-0.2556892764067912,39.67460029602051,41.561084003448485,394299.82930682955,0.1902890765295913,12.0,-0.11396470890405874,False,,12.43781094527363,44.49626865671642,49.06716417910448,35.0,,,,,,,,,,,45.6856153118704,75.20661157024794,35.12396694214876,RISK_ON,75.0,41.223899921878214,35.059803547382174,35.630001068115234,EVITAR_AGORA,sem vantagem clara,"momentum fraco, tendência não confirmada"
NSDV11,NSDV11,153.72,0.03,8972.0,,https://icons.brapi.dev/icons/BRAPI.svg,Miscellaneous,,fund,etf,ETF,1379175.84,153.6699981689453,-0.004470085764951559,0.020859625424246575,-0.07594711155165546,0.23757751820099404,0.17469116600795837,-0.14461880531457483,152.58800018310546,152.9133501434326,725139.9072493296,0.0,0.0,0.0038501220751797627,False,,45.7089552238806,59.32835820895522,58.76865671641791,35.0,,,,,,,,,,,49.59514925373134,,33.92857142857143,RISK_ON,75.0,41.16902985074627,151.34517105851083,153.6699981689453,EVITAR_AGORA,sem vantagem clara,tendência não confirmada
SNEC34,SNEC34,129.12,4.07,551.0,755219415641.4979,https://icons.brapi.dev/icons/BRAPI.svg,Electronic Technology,,bdr,bdr,AÇÃO GLOBAL / BDR,71145.12,124.06999969482422,0.06042734781901049,0.1385702331372669,0.07009956627090164,-0.012402163179012438,0.31680836973679577,-0.3864889649691263,112.91560012817382,119.53205207824708,61902.86192115905,0.2146288955065652,3.0,-0.056252086648774124,False,False,63.12189054726368,25.186567164179106,19.58955223880597,35.0,,,,,,,,,,,39.24675373134328,,35.11450381679389,RISK_ON,85.0,40.92950341802438,120.66596436011027,124.06999969482422,EVITAR_AGORA,sem vantagem clara,"risco elevado, liquidez baixa, tendência não confirmada"
BBGO11,BBGO11,63.49,0.13,2226.0,,https://icons.brapi.dev/icons/BRAPI.svg,Miscellaneous,Outros,fund,fi-agro,FIAGRO,141328.74,63.4900016784668,-0.01357955355668572,-0.07379897879014552,-0.15323907039632034,0.14462446074256796,0.14383527955096564,-0.17844588765820246,64.71071182250977,67.13867774963379,252096.05765218585,0.16569538071957482,12.0,-0.07344183676948512,False,,17.66169154228856,60.44776119402985,40.48507462686567,35.0,,,,,,,,,,,42.948704060343445,60.483870967741936,35.483870967741936,RISK_ON,75.0,40.92845048948804,62.69913843413754,63.4900016784668,EVITAR_AGORA,sem vantagem clara,"momentum fraco, tendência não confirmada"
BRCR11,BRCR11,40.0,0.0,16212.0,,https://icons.brapi.dev/icons/BRAPI.svg,Miscellaneous,Multicategoria,fund,fii,FII,648480.0,40.0,0.011723857324566822,-0.08066720574737307,-0.126255110016382,0.09046240574449516,0.13283475888335197,-0.19092402039145895,40.09203636169433,42.82606521606445,1109657.7429108392,0.123,12.0,-0.08388842327541601,False,,17.412935323383085,60.16791044776119,67.53731343283582,35.0,,,,,,,,,,,45.560641009826895,53.30578512396694,34.710743801652896,RISK_ON,75.0,40.909648863122406,39.53984689720575,40.0,EVITAR_AGORA,sem vantagem clara,"momentum fraco, tendência não confirmada"
ITUB4,Itaú Unibanco Holding S.A.,,,,,,,,,,AÇÃO B3,,39.09999847412109,,,,,,,,,,,,,False,,,,,,,,,,,,,,,,47.537593984962406,,36.024844720496894,RISK_ON,,40.813349950964366,38.07195083055099,39.09999847412109,AGUARDAR,,"score,valuation,momentum,trend"
HGRE11,HGRE11,116.4,0.67,24776.0,,https://icons.brapi.dev/icons/BRAPI.svg,Miscellaneous,Escritórios,fund,fii,FII,2883926.4000000004,115.62000274658203,-0.011492341754610447,-0.08789677004648522,-0.06685037119904058,0.14794444736499646,0.22777867554465808,-0.12322173218341437,119.59099044799805,119.7185478591919,2184168.9288256206,0.09946375823226629,12.0,-0.024483684458074584,False,,26.492537313432837,57.18283582089552,77.42537313432835,35.0,,,,,,,,,,,45.54439990131984,44.62809917355372,34.29752066115703,RISK_ON,75.0,40.61714444307389,113.33925806718219,115.62000274658203,EVITAR_AGORA,liquidez,"momentum fraco, tendência não confirmada"
GOLD11,GOLD11,24.09,-2.55,1257742.0,,https://icons.brapi.dev/icons/BRAPI.svg,Miscellaneous,,fund,etf,ETF,30299004.78,24.719999313354492,0.14816528216311942,0.03952895708858728,-0.1114306403837404,0.29356350203171044,0.22865799976422255,-0.27905380076648345,22.428000030517577,24.339200019836426,43232048.13762695,0.0,0.0,-0.03163340675690518,False,,41.48009950248756,38.80597014925373,97.57462686567165,35.0,,,,,,,,,,,49.55907960199005,,33.035714285714285,RISK_ON,75.0,40.536815920398006,24.230484897339895,24.719999313354492,EVITAR_AGORA,liquidez,tendência não confirmada
A1FL34,A1FL34,598.0,-4.98,200.0,302206530181.0657,https://icons.brapi.dev/icons/BRAPI.svg,Finance,,bdr,bdr,AÇÃO GLOBAL / BDR,119600.0,598.0,-0.08887342285858613,0.017079754484044196,-0.017660811947169064,0.06857561852489802,0.1930976436148417,-0.08887342285858613,616.4784350585937,597.7495620727539,5506.938641260541,0.014628252508361205,4.0,-0.14401246486684482,False,False,40.79601990049751,67.35074626865672,3.3582089552238807,35.0,,,,,,,,,,,39.24149253731343,,34.35114503816794,RISK_ON,85.0,40.39410003418024,587.9997976060743,598.0,EVITAR_AGORA,sem vantagem clara,"liquidez baixa, tendência não confirmada"
EZTC3,EZTEC Empreendimentos e Participações S.A.,,,,,,,,,,AÇÃO B3,,11.770000457763672,,,,,,,,,,,,,False,,,,,,,,,,,,,,,,45.28645833333333,,35.40372670807454,RISK_ON,,40.37206182065218,11.167734807930335,11.770000457763672,AGUARDAR,,"score,valuation,trend"
RBRS11,RBRS11,44.7,0.45,403.0,,https://icons.brapi.dev/icons/BRAPI.svg,,Residencial,fund,fii,FII,18014.100000000002,44.5,0.07722097605088618,-0.02589899113720162,0.1651422797216502,-0.027092990477270762,0.6579294747295731,-0.39892428126503665,43.080991134643554,41.40008997917175,4099.626187158009,0.046741573033707864,12.0,0.20750896646261618,True,,71.39303482587064,12.779850746268652,2.425373134328358,100.0,,,,,,,,,,,45.462573496155585,36.36363636363637,33.88429752066116,RISK_ON,75.0,40.311522963693925,41.96446280638609,44.5,EVITAR_AGORA,tendência positiva,"risco elevado, liquidez baixa"
FLRP11,FLRP11,20.09,0.0,476.0,,https://icons.brapi.dev/icons/BRAPI.svg,Miscellaneous,Shoppings,fund,fii,FII,9562.84,20.09000015258789,-0.002063341495239457,-0.007492981131150933,-0.0011138306471000226,0.09018696289929728,0.1569175728765672,-0.08157102561295071,20.227645568847656,20.118101625442506,13650.983496348063,0.0886012935032611,12.0,0.041252856093865975,False,,53.17164179104478,75.37313432835822,8.022388059701493,35.0,,,,,,,,,,,45.359868015295426,40.082644628099175,33.47107438016529,RISK_ON,75.0,40.00172566917479,19.816987890251998,20.09000015258789,EVITAR_AGORA,risco controlado,"liquidez baixa, tendência não confirmada"
POSI3,Positivo Tecnologia S.A.,,,,,,,,,,AÇÃO B3,,3.3399999141693115,,,,,,,,,,,,,False,,,,,,,,,,,,,,,,47.41244861253855,,34.78260869565217,RISK_ON,,39.91562702477769,3.2275177523006557,3.3399999141693115,AGUARDAR,,"score,quality,momentum,trend"
BDIV11,BDIV11,34.11,-2.82,61288.0,,https://icons.brapi.dev/icons/BRAPI.svg,,,fund,fip,FIP,2090533.68,34.11000061035156,-0.06701314745379927,-0.0065661700422616764,-0.05464999380989688,0.032472117394512834,0.4119742560173769,-0.16825159701502945,36.28553024291992,35.87103702545166,340983.82217043923,0.1876282581495397,4.0,0.025147239816938338,False,,45.584577114427866,36.19402985074627,46.26865671641791,35.0,,,,,,,,,,,45.40858208955224,58.33333333333333,33.33333333333333,RISK_ON,75.0,39.91504975124378,32.893023423874624,34.11000061035156,EVITAR_AGORA,sem vantagem clara,tendência não confirmada
XPBR31,XP INC.,92.29,1.35,526334.0,47234838023.7972,https://icons.brapi.dev/icons/BRAPI.svg,Finance,,bdr,bdr,AÇÃO GLOBAL / BDR,48575364.86000001,91.05999755859375,0.08495171246863764,0.09419644134064686,-0.18349333501349296,0.024000236108121298,0.31597276930725726,-0.33771739476855756,84.62620025634766,92.56635475158691,52115092.614044674,0.02216494678358928,2.0,-0.3098449879331687,False,False,33.146766169154226,27.145522388059703,97.76119402985076,35.0,,,,,,,,,,,38.95037313432835,,33.587786259541986,RISK_ON,85.0,39.801525008545056,88.56822773209949,91.05999755859375,EVITAR_AGORA,liquidez,"momentum fraco, risco elevado, tendência não confirmada"
CAPE11,CAPE11,140.52,-0.45,15051.0,,https://icons.brapi.dev/icons/BRAPI.svg,Miscellaneous,,fund,etf,ETF,2114966.52,141.16000366210938,0.0023432636992404277,0.013352480758097807,-0.0880547206874549,0.18066248364491577,0.17035842904964246,-0.1537727391658471,138.63379974365233,142.07019996643066,914945.9682433113,0.0,0.0,-0.008257487060619684,False,,41.23134328358209,58.30223880597015,64.17910447761194,35.0,,,,,,,,,,,48.72481343283582,,32.142857142857146,RISK_ON,75.0,39.74496268656716,139.07740339743188,141.16000366210938,EVITAR_AGORA,sem vantagem clara,tendência não confirmada
VGHF11,VGHF11,5.43,1.5,328257.0,,https://icons.brapi.dev/icons/VGHF11.svg,,Outros,fund,fii,FII,1782435.51,5.349999904632568,-0.07124665420300813,-0.11220283982400359,-0.2105962593714652,-0.21340907854465552,0.23791264090928765,-0.2999886661401244,5.575805454254151,6.241627912521363,2426339.911176333,0.16074766641683966,12.0,-0.1682295726304992,False,,9.639303482587065,36.473880597014926,78.35820895522389,35.0,,,,,,,,,,,45.30683771226513,69.62809917355372,33.057851239669425,RISK_ON,75.0,39.70186341022162,5.239769367461249,5.349999904632568,EVITAR_AGORA,liquidez,"momentum fraco, tendência não confirmada"
BEEF3,Minerva S.A.,,,,,,,,,,AÇÃO B3,,3.9700000286102295,,,,,,,,,,,,,False,,,,,,,,,,,,,,,,47.30769230769231,,34.161490683229815,RISK_ON,,39.45727424749164,3.7233576883538912,3.9700000286102295,AGUARDAR,,"score,quality,risk,trend"
HPDP11,HPDP11,86.6,-0.49,110.0,,https://icons.brapi.dev/icons/BRAPI.svg,Miscellaneous,Shoppings,fund,fii,FII,9526.0,87.02999877929688,-0.014123281821504463,0.013792747955919005,-0.029025732972109086,0.05893419413076284,0.26246459327378496,-0.1108918517067029,88.2122721862793,86.7999716949463,292874.83075060166,0.08985407456836896,12.0,0.013340953768856911,False,,50.12437810945274,56.25,42.91044776119403,35.0,,,,,,,,,,,45.299344188150165,40.909090909090914,32.64462809917356,RISK_ON,75.0,39.41110850705152,85.05179815731675,87.02999877929688,EVITAR_AGORA,sem vantagem clara,tendência não confirmada
REGN34,REGN34,68.81,-1.35,4148.0,422999590263.83856,https://icons.brapi.dev/icons/BRAPI.svg,Health Technology,,bdr,bdr,AÇÃO GLOBAL / BDR,285423.88,69.75,0.1732186106306972,0.3478761630283054,0.0541864786791304,0.3488260273482495,0.3797512431409059,-0.3104080134135665,61.062635345458986,62.68540859222412,38562.31625923278,0.003233089605734767,4.0,-0.07216517424054536,False,False,62.87313432835821,25.279850746268657,13.992537313432834,35.0,,,,,,,,,,,38.383917910447764,,32.82442748091603,RISK_ON,85.0,39.15388281873077,67.45610228984074,69.75,EVITAR_AGORA,sem vantagem clara,"risco elevado, liquidez baixa, tendência não confirmada"
AUVP11,AUVP11,121.17,0.76,4885.0,,https://icons.brapi.dev/icons/BRAPI.svg,Miscellaneous,,fund,etf,ETF,591915.45,120.26000213623047,-0.007510077135150617,0.012801114197465546,-0.10340715903723452,,0.15919869873785414,-0.15552467126065272,119.68120056152344,121.50129978179932,1010301.744879223,0.0,0.0,-0.0236099254103993,False,,38.24626865671642,60.7276119402985,65.11194029850746,35.0,,,,,,,,,,,48.502798507462686,,31.25,RISK_ON,75.0,39.07555970149254,118.60197607545007,120.26000213623047,EVITAR_AGORA,sem vantagem clara,tendência não confirmada
GSRF11,GSRF11,116.8,0.07,172.0,,https://icons.brapi.dev/icons/BRAPI.svg,,Residencial,fund,fii,FII,20089.6,116.72000122070312,0.014427287478987028,0.04438080699413938,0.09114704953479014,,0.011437029424632695,0.0,114.74839950561524,,20439.65591430664,0.0,0.0,0.13351373627575613,False,,77.86069651741293,99.34701492537313,10.074626865671641,35.0,,,,,,,,,,,44.98539739319929,3.925619834710744,32.231404958677686,RISK_ON,75.0,39.05906294971424,116.60439288381968,116.72000122070312,EVITAR_AGORA,"momentum, risco controlado","liquidez baixa, tendência não confirmada"
HBSA3,Hidrovias do Brasil S.A.,,,,,,,,,,AÇÃO B3,,3.470000028610229,,,,,,,,,,,,,False,,,,,,,,,,,,,,,,47.03869047619047,,33.54037267080746,RISK_ON,,38.96196622670807,3.3491022207576293,3.470000028610229,AGUARDAR,,"score,quality,valuation,trend"
JFLL11,JFLL11,52.01,0.0,377.0,,https://icons.brapi.dev/icons/JFLL11.svg,,Multicategoria,fund,fii,FII,19607.77,52.0099983215332,-0.051116133645820794,-0.09398131027436518,-0.1730381664036006,-0.03456278662294543,0.14397117059690245,-0.2228138951145745,54.74316482543945,59.13657785415649,46160.70163514879,0.30568693545636166,12.0,-0.1306714796626346,False,,12.437810945273633,54.85074626865672,14.925373134328357,35.0,,,,,,,,,,,44.89916533037293,79.33884297520662,31.818181818181817,RISK_ON,75.0,38.75256033880186,51.36152366579223,52.0099983215332,EVITAR_AGORA,sem vantagem clara,"momentum fraco, liquidez baixa, tendência não confirmada"
DCRA11,DCRA11,6.2,-0.32,3438.0,,https://icons.brapi.dev/icons/BRAPI.svg,Miscellaneous,Outros,fund,fi-agro,FIAGRO,21315.600000000002,6.199999809265137,-0.08287581194073879,-0.0723058693054478,-0.09464833005237283,0.03428095381391216,0.24996697125789213,-0.16808454842781562,6.428340549468994,6.612158668041229,64401.778803318266,0.1822580701230594,12.0,-0.014851096425537613,False,,26.492537313432837,47.29477611940298,20.522388059701495,35.0,,,,,,,,,,,42.75722195474241,73.38709677419354,32.25806451612903,RISK_ON,75.0,38.6320895522388,6.0657836101199605,6.199999809265137,EVITAR_AGORA,sem vantagem clara,"momentum fraco, liquidez baixa, tendência não confirmada"
SAPP34,SAPP34,82.56,1.28,5183.0,1346539238063.2815,https://icons.brapi.dev/icons/BRAPI.svg,Technology Services,,bdr,bdr,AÇÃO GLOBAL / BDR,427908.48000000004,81.5199966430664,0.19935258465518557,0.24017121228282612,0.10989406395634793,-0.2168293540136529,0.5293874232566258,-0.49966646540450876,65.46428527832032,72.9400626373291,55246.965027824284,0.009370289885370963,1.0,-0.01645758896332783,False,False,70.33582089552239,11.847014925373138,16.977611940298505,35.0,,,,,,,,,,,38.21555970149254,,32.06106870229007,RISK_ON,85.0,38.58586003190156,77.782606771634,81.5199966430664,EVITAR_AGORA,sem vantagem clara,"risco elevado, liquidez baixa, tendência não confirmada"
RECV3,Petroreconcavo S.A.,,,,,,,,,,AÇÃO B3,,10.65999984741211,,,,,,,,,,,,,False,,,,,,,,,,,,,,,,46.96428571428572,,32.91925465838509,RISK_ON,,38.510442546583846,10.294902978407643,10.65999984741211,AGUARDAR,,"score,quality,momentum,trend"
NDIV11,NDIV11,123.1,0.24,6222.0,,https://icons.brapi.dev/icons/BRAPI.svg,Miscellaneous,,fund,etf,ETF,765928.2,122.80999755859375,-0.007996813156379012,0.01153112473648088,-0.09877453798970304,0.1418874390872138,0.16956209283651988,-0.1580589062748864,122.4136003112793,125.13995044708253,1152738.4969460624,0.0,0.0,-0.01897730436286782,False,,38.930348258706466,57.742537313432834,67.91044776119402,35.0,,,,,,,,,,,48.43998756218905,,30.357142857142854,RISK_ON,75.0,38.4379975124378,121.00659316800503,122.80999755859375,EVITAR_AGORA,sem vantagem clara,tendência não confirmada
DEVA11,DEVA11,17.6,4.7,41907.0,,https://icons.brapi.dev/icons/BRAPI.svg,,Multicategoria,fund,fii,FII,737563.2000000001,16.809999465942383,-0.09345014181040656,-0.04224361055148074,-0.2647043388903272,-0.28051424814748327,0.26936614560647204,-0.368165759709875,17.548993644714354,20.552841472625733,486928.8752072652,0.236763838574987,12.0,-0.2223376521493612,False,,14.92537313432836,29.66417910447761,52.98507462686567,35.0,,,,,,,,,,,44.72834587393611,78.51239669421489,31.40495867768595,RISK_ON,75.0,38.42914024916739,16.41785928645105,16.809999465942383,EVITAR_AGORA,sem vantagem clara,"momentum fraco, risco elevado, tendência não confirmada"
VSLH11,VSLH11,1.62,0.62,42785.0,,https://icons.brapi.dev/icons/BRAPI.svg,,Multicategoria,fund,fii,FII,69311.70000000001,1.6100000143051147,-0.09473168935335086,0.007297159418906185,-0.19347642949103472,-0.25028138750184303,0.22678480606362342,-0.3068996296013937,1.7178279757499695,1.8462644988298416,74777.78288731122,0.20807453231271422,12.0,-0.15110974275006872,False,,25.808457711442784,37.5,22.574626865671643,35.0,,,,,,,,,,,44.668634102216195,77.27272727272728,30.991735537190085,RISK_ON,75.0,38.1279416964763,1.578379388101969,1.6100000143051147,EVITAR_AGORA,sem vantagem clara,"momentum fraco, liquidez baixa, tendência não confirmada"
S2EA34,S2EA34,24.84,3.33,10386.0,378200480703.5695,https://icons.brapi.dev/icons/BRAPI.svg,Retail Trade,,bdr,bdr,AÇÃO GLOBAL / BDR,257988.24,24.040000915527344,0.08778282808014137,0.31151123925737645,0.05069937925303125,-0.41208116228015346,0.5845522323405729,-0.6157832939267773,22.336200065612793,22.36389994621277,349710.36858607095,0.0,0.0,-0.07565227366664451,False,False,62.00248756218905,7.55597014925373,47.01492537313433,35.0,,,,,,,,,,,38.031417910447765,,31.297709923664126,RISK_ON,85.0,38.01468052865444,22.823006921537758,24.040000915527344,EVITAR_AGORA,sem vantagem clara,"risco elevado, tendência não confirmada"
TTEN3,Três Tentos Agroindustrial S/A,,,,,,,,,,AÇÃO B3,,11.25,,,,,,,,,,,,,False,,,,,,,,,,,,,,,,48.63157894736842,,32.298136645962735,RISK_ON,,37.95080091533181,10.649450492673836,11.25,AGUARDAR,,"score,quality,momentum,risk,trend"
TRXY11,TRXY11,7.54,0.0,9212.0,,https://icons.brapi.dev/icons/TRXY11.svg,,Multicategoria,fund,fii,FII,69458.48,7.539999961853027,-0.021162297059808544,-0.0909300697129729,-0.15513993584577335,-0.08437685730049094,0.2120961891437775,-0.1992261715171485,7.845453405380249,8.29275757074356,209855.7464561084,0.17898992132996333,12.0,-0.11277324910480735,False,,14.303482587064677,47.01492537313433,37.5,35.0,,,,,,,,,,,44.653883475186056,73.34710743801652,30.57851239669421,RISK_ON,75.0,37.83573537272316,7.40150472391905,7.539999961853027,EVITAR_AGORA,sem vantagem clara,"momentum fraco, tendência não confirmada"
BXPO11,BXPO11,155.94,-0.85,405.0,,https://icons.brapi.dev/icons/BRAPI.svg,Miscellaneous,,fund,etf,ETF,63155.7,157.27999877929688,0.04317831347322598,0.05415550935874114,-0.03122887054889345,0.1975026889346938,0.14605056872603903,-0.1515370724204782,147.97499969482422,150.67019973754884,49501.5549616738,0.0,0.0,0.04856836307794177,False,,60.75870646766169,63.89925373134328,15.858208955223882,35.0,,,,,,,,,,,48.37282338308457,,29.464285714285715,RISK_ON,75.0,37.79956467661692,155.2906662634232,157.27999877929688,EVITAR_AGORA,sem vantagem clara,"liquidez baixa, tendência não confirmada"
RADL3,Raia Drogasil S.A.,,,,,,,,,,AÇÃO B3,,19.399999618530277,,,,,,,,,,,,,False,,,,,,,,,,,,,,,,48.52678571428572,,31.67701863354037,RISK_ON,,37.49243982919254,18.35480551585507,19.399999618530277,AGUARDAR,,"score,quality,valuation,risk,trend"
GRUL11,GRUL11,8.14,1.5,16609.0,,https://icons.brapi.dev/icons/GRUL11.svg,,Logística,fund,fii,FII,135197.26,8.020000457763672,-0.02907808149178004,-0.04367431174089986,-0.05095422797872495,0.10326600100938799,0.29753398341994525,-0.11162861461800633,8.20406777381897,8.21233859539032,248933.16094679304,0.11970074129742507,12.0,-0.008587541237758956,False,,34.63930348258707,52.98507462686567,40.298507462686565,35.0,,,,,,,,,,,44.27331729780848,52.06611570247934,30.165289256198346,RISK_ON,75.0,37.470365938900535,7.813347511487442,8.020000457763672,EVITAR_AGORA,sem vantagem clara,"momentum fraco, tendência não confirmada"
S1PO34,S1PO34,711.96,4.58,169.0,583148689591.3088,https://icons.brapi.dev/icons/BRAPI.svg,Technology Services,,bdr,bdr,AÇÃO GLOBAL / BDR,120321.24,680.8099975585938,0.025717913001130244,0.07337565483820052,0.06468056073501427,-0.2795661401496362,0.37425536240564505,-0.483811338977719,631.6516027832031,664.1977507019043,142946.9740028987,0.0,0.0,-0.06167109218466149,False,False,59.57711442786069,19.21641791044776,31.343283582089555,35.0,,,,,,,,,,,37.933208955223876,,30.53435114503817,RISK_ON,85.0,37.46068759257149,658.7439480594471,680.8099975585938,EVITAR_AGORA,sem vantagem clara,"risco elevado, liquidez baixa, tendência não confirmada"
HOFC11,HOFC11,34.1,3.15,277.0,,https://icons.brapi.dev/icons/HOFC11.svg,,Escritórios,fund,fii,FII,9445.7,33.060001373291016,-0.033050520585140464,-0.027647018432617188,0.0429022264233363,0.18155832430898822,0.31316883362893133,-0.11426189799476527,33.76419998168945,32.01460000038147,193327.44764128185,0.0,0.0,0.0852689131643023,True,,57.773631840796014,50.65298507462686,35.44776119402985,100.0,,,,,,,,,,,44.272213313597305,3.925619834710744,29.75206611570248,RISK_ON,75.0,37.180888943711196,32.16337391658466,33.060001373291016,EVITAR_AGORA,tendência positiva,nenhum alerta quantitativo principal
VAMO3,"Vamos Locação de Caminhões, Máquinas e Equipamentos S.A.",,,,,,,,,,AÇÃO B3,,3.0299999713897705,,,,,,,,,,,,,False,,,,,,,,,,,,,,,,48.51934523809525,,31.05590062111801,RISK_ON,,37.05598311335403,2.8235534597666785,3.0299999713897705,AGUARDAR,,"score,quality,momentum,risk,trend"
PEVC11,PEVC11,174.11,0.63,138.0,,https://icons.brapi.dev/icons/BRAPI.svg,Miscellaneous,,fund,etf,ETF,24027.18,173.02000427246094,0.1130983115989177,0.12175828650452947,0.10506480282764641,-0.15809445332496608,0.2957606628847913,-0.365027328935152,161.10819915771484,167.9833000946045,58288.05021449498,0.0,0.0,0.18486203645448163,False,,85.19900497512437,27.98507462686567,17.91044776119403,35.0,,,,,,,,,,,47.599502487562184,,28.57142857142857,RISK_ON,75.0,37.01990049751243,168.5883348088112,173.02000427246094,EVITAR_AGORA,momentum,"risco elevado, liquidez baixa, tendência não confirmada"
S1NP34,S1NP34,57.66,-3.64,4279.0,438801301138.1272,https://icons.brapi.dev/icons/BRAPI.svg,Technology Services,,bdr,bdr,AÇÃO GLOBAL / BDR,246727.13999999998,59.84000015258789,0.24692640257685605,-0.011072520038508782,0.08701182528450668,-0.2603213964903843,0.46656752738533985,-0.4332874200362359,53.60958015441894,57.954690055847166,840532.0911819821,0.0,0.0,-0.03933982763516908,False,False,50.62189054726368,15.858208955223876,61.940298507462686,35.0,,,,,,,,,,,37.82798507462686,,29.770992366412212,RISK_ON,85.0,36.90529167141392,57.422109107943605,59.84000015258789,EVITAR_AGORA,sem vantagem clara,"risco elevado, tendência não confirmada"
ARRI11,ARRI11,4.8,1.27,36561.0,,https://icons.brapi.dev/icons/ARRI11.svg,,Multicategoria,fund,fii,FII,175492.8,4.739999771118164,0.03500278312201521,-0.014724079130526868,-0.2553877365832151,-0.17177035430281984,0.2113720069046103,-0.35579977039032185,4.598149757385254,5.468005187511444,165599.74238086125,0.20675106483577288,12.0,-0.21302104984224912,False,,20.33582089552239,36.007462686567166,32.83582089552239,35.0,,,,,,,,,,,44.21153941038608,76.65289256198346,29.338842975206614,RISK_ON,75.0,36.87949796472184,4.653232403212116,4.739999771118164,EVITAR_AGORA,sem vantagem clara,"momentum fraco, liquidez baixa, tendência não confirmada"
POMO4,Marcopolo S.A.,,,,,,,,,,AÇÃO B3,,4.5,,,,,,,,,,,,,False,,,,,,,,,,,,,,,,46.25744047619048,,30.434782608695656,RISK_ON,,36.61227193322981,4.262773606466032,4.5,AGUARDAR,,"score,momentum,risk,trend"
TGAR11,TGAR11,45.37,2.46,68930.0,,https://icons.brapi.dev/icons/BRAPI.svg,Miscellaneous,Multicategoria,fund,fii,FII,3127354.0999999996,44.279998779296875,-0.10682275052987433,-0.22890436163879357,-0.40822604892381154,-0.40202274219814593,0.3083918039896342,-0.5053736689122454,48.723786163330075,65.65791187286376,4429001.323120844,0.2265131047087908,12.0,-0.36585936218284554,False,,2.300995024875622,21.548507462686565,86.00746268656717,35.0,,,,,,,,,,,44.16656798651372,78.09917355371901,28.92561983471074,RISK_ON,75.0,36.58124748160026,43.09739010714944,44.279998779296875,EVITAR_AGORA,liquidez,"momentum fraco, risco elevado, tendência não confirmada"
PRIF11,PRIF11,98.0,-6.66,19.0,,https://icons.brapi.dev/icons/BRAPI.svg,,,fund,fi-infra,FI-INFRA,1862.0,98.0,0.11423529354615525,0.030437771697058302,0.0012841637524707572,0.09890457357897575,0.7904389864783935,-0.3426208568729292,94.64454559326173,96.17668746948242,86651.68592822363,0.12244897959183673,10.0,0.08108139737930598,False,,64.36567164179104,12.966417910447758,24.067164179104477,35.0,,,,,,,,,,,40.04477611940298,50.0,30.0,RISK_ON,75.0,36.5089552238806,91.29150562416724,98.0,EVITAR_AGORA,sem vantagem clara,"risco elevado, liquidez baixa, tendência não confirmada"
XINA11,XINA11,7.42,1.37,108081.0,,https://icons.brapi.dev/icons/BRAPI.svg,Miscellaneous,,fund,etf,ETF,801961.02,7.320000171661377,-0.005434777327093299,0.019498655525058473,-0.06870228405601564,-0.14685311925975308,0.17413363810913673,-0.26275787907389003,7.179400014877319,7.785349991321564,1049061.626379853,0.0,0.0,0.011094949570819579,False,,46.76616915422886,45.52238805970149,66.04477611940298,35.0,,,,,,,,,,,47.54726368159204,,27.67857142857143,RISK_ON,75.0,36.38445273631841,7.20961152815732,7.320000171661377,EVITAR_AGORA,sem vantagem clara,tendência não confirmada
NEWL11,NEWL11,104.49,0.91,959.0,,https://icons.brapi.dev/icons/NEWL11.svg,,Multicategoria,fund,fii,FII,100205.90999999999,103.55000305175781,0.02004832798576972,-0.038566142724111185,-0.06192748054671027,0.11405267765695193,0.1630580183364907,-0.13175426419050762,102.4710237121582,104.53477172851562,116043.58650558714,0.11472718155364972,12.0,-0.01956079380574427,False,,33.2089552238806,63.71268656716418,28.544776119402986,35.0,,,,,,,,,,,44.13586406808931,50.20661157024794,28.512396694214875,RISK_ON,75.0,36.28585049956828,102.08774874987131,103.55000305175781,EVITAR_AGORA,sem vantagem clara,"momentum fraco, liquidez baixa, tendência não confirmada"
SAPR4,Companhia de Saneamento do Paraná - SANEPAR,,,,,,,,,,AÇÃO B3,,6.570000171661377,,,,,,,,,,,,,False,,,,,,,,,,,,,,,,48.34558823529412,,29.81366459627329,RISK_ON,,36.14732257033248,6.372859028455652,6.570000171661377,AGUARDAR,,"score,quality,momentum,risk,trend"
KDOL11,KDOL11,86.0,1.34,369.0,,https://icons.brapi.dev/icons/KDOL11.svg,,Multicategoria,fund,fi-agro,FIAGRO,31734.0,86.0,0.029290918114234454,0.03407575686827169,-0.012760760676247318,-0.025669691574217612,0.1843682539701281,-0.12105865770151303,85.49122543334961,86.63704479217529,74567.61155894447,0.05720930232558139,11.0,0.0670364729505879,False,,62.37562189054726,61.75373134328359,22.388059701492537,35.0,,,,,,,,,,,41.593183277162574,20.161290322580644,29.03225806451613,RISK_ON,75.0,36.14121730059381,84.6268587123302,86.0,EVITAR_AGORA,sem vantagem clara,"liquidez baixa, tendência não confirmada"
FIIB11,FIIB11,419.78,0.02,593.0,,https://icons.brapi.dev/icons/BRAPI.svg,,Logística,fund,fii,FII,248929.53999999998,419.70001220703125,-0.033877134971130984,-0.06368713668911152,-0.0909764504541043,-0.10658582537746242,0.08333363494532503,-0.11586007999798809,434.3294189453125,448.56257690429686,235709.18253047884,0.08968310437273182,12.0,-0.0486097637131383,False,,24.87562189054726,80.78358208955224,38.992537313432834,35.0,,,,,,,,,,,44.11920151309568,40.70247933884298,28.09917355371901,RISK_ON,75.0,35.99326179022244,416.67107730648115,419.70001220703125,EVITAR_AGORA,risco controlado,"momentum fraco, tendência não confirmada"
QCOM34,QCOM34,71.12,0.48,3206.0,892074001158.8204,https://icons.brapi.dev/icons/BRAPI.svg,Electronic Technology,,bdr,bdr,AÇÃO GLOBAL / BDR,228010.72,70.77999877929688,0.07242422392874048,-0.32709148316970016,0.1359731116539451,0.022813565387616253,0.6244819018755543,-0.4066654258690775,74.40339935302734,72.64305223464966,2019414.2828914097,0.015725685493026186,4.0,0.00962145873426934,False,False,43.34577114427861,12.593283582089551,74.81343283582089,35.0,,,,,,,,,,,35.911156716417906,,29.00763358778626,RISK_ON,85.0,35.987574854733964,66.95209476580386,70.77999877929688,EVITAR_AGORA,sem vantagem clara,"risco elevado, tendência não confirmada"
DEFI11,DEFI11,15.62,-1.39,35320.0,,https://icons.brapi.dev/icons/BRAPI.svg,Miscellaneous,,fund,etf,ETF,551698.4,15.84000015258789,0.29517585817435377,0.29517585817435377,0.17246483228956233,-0.6210526210119187,0.6317758092655326,-0.733505145466306,12.412799949645995,14.927249970436096,214906.79330794016,0.0,0.0,0.25226206591639755,False,,91.91542288557214,5.690298507462684,37.87313432835821,35.0,,,,,,,,,,,47.523942786069654,,26.785714285714285,RISK_ON,75.0,35.75478855721393,14.973340046131739,15.84000015258789,EVITAR_AGORA,momentum,"risco elevado, tendência não confirmada"
RENT3,Localiza Rent a Car S.A.,,,,,,,,,,AÇÃO B3,,35.060001373291016,,,,,,,,,,,,,False,,,,,,,,,,,,,,,,50.49107142857143,,29.19254658385093,RISK_ON,,35.69527368012422,33.54722739131542,35.060001373291016,AGUARDAR,,"score,quality,valuation,momentum,risk,trend"
IMMB11,IMMB11,180.0,0.0,55.0,,https://icons.brapi.dev/icons/BRAPI.svg,Miscellaneous,,fund,fii,FII,9900.0,180.0,0.0,0.05882352941176472,0.15060085138657553,,0.11764705882352945,0.0,180.0,,442.85714285714283,0.0,0.0,0.19296753812754153,False,,84.7636815920398,91.6044776119403,1.1194029850746268,35.0,,,,,,,,,,,43.880919781258996,3.925619834710744,27.685950413223143,RISK_ON,75.0,35.656349245508,178.16606385080942,180.0,EVITAR_AGORA,"momentum, risco controlado","liquidez baixa, tendência não confirmada"
C1DN34,C1DN34,51.99,-0.78,4200.0,484951004304.19037,https://icons.brapi.dev/icons/BRAPI.svg,Technology Services,,bdr,bdr,AÇÃO GLOBAL / BDR,218358.0,52.400001525878906,0.024991982191735262,-0.06583608692565257,0.17735695164798404,-0.0496003938773002,44.71067583368817,-0.9418884801533374,83.93050521850586,57.80617303848267,637812.7558138409,0.0,0.0,0.05100529872830828,False,False,56.52985074626866,0.5597014925373114,56.343283582089555,35.0,,,,,,,,,,,35.34470149253731,,28.24427480916031,RISK_ON,85.0,35.33993266491968,36.68000106811523,52.400001525878906,EVITAR_AGORA,sem vantagem clara,"risco elevado, tendência não confirmada"
NAVT11,NAVT11,64.26,1.1,582.0,,https://icons.brapi.dev/icons/BRAPI.svg,,,fund,fii,FII,37399.32,63.560001373291016,-0.12030299356911345,-0.12410172693424015,-0.11554329581804113,0.08648703564339755,0.21921811402245403,-0.15672861186515818,70.68947555541992,69.56899007797242,55573.18376202053,0.17057538964364932,12.0,-0.07317660907707513,False,,17.226368159203982,52.23880597014926,17.16417910447761,35.0,,,,,,,,,,,43.5914785576251,72.31404958677686,27.27272727272727,RISK_ON,75.0,35.30920480243411,62.35332456270646,63.560001373291016,EVITAR_AGORA,sem vantagem clara,"momentum fraco, liquidez baixa, tendência não confirmada"
AXIA3,AXIA Energia SA,,,,,,,,,,AÇÃO B3,,52.59999847412109,,,,,,,,,,,,,False,,,,,,,,,,,,,,,,45.95588235294118,,28.57142857142857,RISK_ON,,35.24007352941176,51.26846915225011,52.59999847412109,AGUARDAR,,"score,valuation,risk,trend"
JOGO11,JOGO11,125.81,1.97,7207.0,,https://icons.brapi.dev/icons/BRAPI.svg,Miscellaneous,,fund,etf,ETF,906712.67,123.37999725341797,0.010152266824676515,0.10754035514762572,0.02085054302780276,-0.20194054086384483,0.21363138312250893,-0.3259236541355107,119.01760009765626,124.3952500152588,97686.41750008719,0.0,0.0,0.10064777665463798,False,,73.69402985074628,37.12686567164179,25.55970149253731,35.0,,,,,,,,,,,47.417910447761194,,25.892857142857146,RISK_ON,75.0,35.10858208955224,121.09734139704372,123.37999725341797,EVITAR_AGORA,sem vantagem clara,"liquidez baixa, tendência não confirmada"
RBVA11,RBVA11,8.7,0.93,145387.0,,https://icons.brapi.dev/icons/BRAPI.svg,Miscellaneous,Varejo,fund,fii,FII,1264866.9,8.619999885559082,-0.020510626520576447,-0.07814007699636072,-0.08030029582080989,0.13181124986241666,0.11515630275460512,-0.12482534335060091,8.825682315826416,9.173322396278381,2027204.2726126777,0.1148491894597966,11.0,-0.03793360907984389,False,,24.62686567164179,74.53358208955224,75.18656716417911,35.0,,,,,,,,,,,43.562717404711975,28.719008264462808,26.859504132231404,RISK_ON,75.0,35.014196373504376,8.534034106244611,8.619999885559082,EVITAR_AGORA,liquidez,"momentum fraco, tendência não confirmada"
POMO3,Marcopolo S.A.,,,,,,,,,,AÇÃO B3,,4.119999885559082,,,,,,,,,,,,,False,,,,,,,,,,,,,,,,45.49851190476191,,27.95031055900621,RISK_ON,,34.70238256987577,3.9333979862580186,4.119999885559082,AGUARDAR,,"score,quality,momentum,trend"
PCIP11,PCIP11,73.66,2.14,59254.0,,https://icons.brapi.dev/icons/BRAPI.svg,,Outros,fund,fii,FII,4364649.64,72.12000274658203,-0.03174885097860025,-0.10414239158938055,-0.08797913013074354,-0.037475860307778386,0.16539553321255776,-0.15655368537742287,74.73320739746094,77.66205635070801,2952384.766517518,0.13851912950008108,11.0,-0.045612443389777546,False,,21.890547263681594,58.95522388059702,80.41044776119402,35.0,,,,,,,,,,,43.19919411208421,37.8099173553719,26.446280991735538,RISK_ON,75.0,34.65223551663172,71.08697938571093,72.12000274658203,EVITAR_AGORA,liquidez,"momentum fraco, tendência não confirmada"
LVOL11,LVOL11,135.09,0.36,6299.0,,https://icons.brapi.dev/icons/BRAPI.svg,Miscellaneous,,fund,etf,ETF,850931.91,134.61000061035156,-0.009783741409214342,-0.005173283281888041,-0.09390143495889702,0.22595625563779587,0.1541791629765469,-0.1688590825568469,135.8147999572754,136.2074998855591,842497.1976243276,0.0,0.0,-0.014104201332061805,False,,37.12686567164179,59.88805970149254,62.126865671641795,35.0,,,,,,,,,,,47.34701492537313,,25.0,RISK_ON,75.0,34.46940298507462,132.81264653173417,134.61000061035156,EVITAR_AGORA,sem vantagem clara,tendência não confirmada
BSIL39,GLOBAL X SILVER MINERS ETF,51.49,-1.44,120715.0,,https://icons.brapi.dev/icons/BRAPI.svg,Miscellaneous,,bdr,bdr,AÇÃO GLOBAL / BDR,6215615.350000001,52.2400016784668,0.3997856941491824,0.12548778400080796,-0.12367750002927602,0.774152177071604,0.5327996026658708,-0.4033337611467539,42.09328010559082,45.913755645751955,1262456.9536335052,0.007299214926273163,2.0,-0.2500291529489518,False,False,38.24626865671642,14.552238805970152,68.84328358208955,35.0,,,,,,,,,,,33.57167910447761,,27.480916030534353,RISK_ON,85.0,34.45097704226957,49.829554015853006,52.2400016784668,EVITAR_AGORA,sem vantagem clara,"risco elevado, tendência não confirmada"
FLMA11,FLMA11,152.0,2.05,286.0,,https://icons.brapi.dev/icons/BRAPI.svg,Miscellaneous,Escritórios,fund,fii,FII,43472.0,148.94000244140625,0.014217219597793207,-0.030296949164396514,-0.034123360157929494,0.2298244265672149,0.1610459580807046,-0.10712128999633075,149.68489562988282,148.70966796875,53119.83393375457,0.09352759347160701,12.0,0.008243326583036503,False,,40.733830845771145,69.12313432835822,16.23134328358209,35.0,,,,,,,,,,,43.04044241601908,42.35537190082645,26.033057851239672,RISK_ON,75.0,34.33122897907159,146.8627378526683,148.94000244140625,EVITAR_AGORA,sem vantagem clara,"liquidez baixa, tendência não confirmada"
KLBN11,Klabin S.A.,,,,,,,,,,AÇÃO B3,,18.790000915527344,,,,,,,,,,,,,False,,,,,,,,,,,,,,,,45.03508771929825,,27.32919254658385,RISK_ON,,34.1633295194508,18.3721645223014,18.790000915527344,AGUARDAR,,"score,quality,valuation,trend"
IBBP11,IBBP11,8.0,0.0,278540.0,,https://icons.brapi.dev/icons/BRAPI.svg,,Logística,fund,fii,FII,2228320.0,8.0,0.064441095360944,0.032219069541888246,0.047574518760065354,0.08116731572173097,1.0080551095649992,-0.4549265573593345,7.780246286392212,7.9167176675796505,305873.6608755248,0.1150525,12.0,0.08994120550103135,False,,69.21641791044776,7.276119402985077,43.843283582089555,35.0,,,,,,,,,,,42.72998026396941,50.6198347107438,25.6198347107438,RISK_ON,75.0,33.979880350314545,7.301598933361604,8.0,EVITAR_AGORA,sem vantagem clara,"risco elevado, tendência não confirmada"
UTLL11,UTLL11,117.72,0.5,15033.0,,https://icons.brapi.dev/icons/BRAPI.svg,Miscellaneous,,fund,etf,ETF,1769684.76,117.72000122070312,-0.036503511813166356,-0.010839432756674428,-0.08466080035043189,,0.21921679934528124,-0.22295192565344635,120.91160064697266,121.85693351745606,4159302.9533260283,0.011125169779302332,6.0,-0.004863566723596668,False,,37.74875621890548,43.5634328358209,84.70149253731343,35.0,,,,,,,,,,,47.220460199004975,,24.107142857142858,RISK_ON,75.0,33.81909203980099,115.48511857981106,117.72000122070312,EVITAR_AGORA,liquidez,tendência não confirmada
PGCO34,PGCO34,53.17,0.83,1327.0,1728954935680.2898,https://icons.brapi.dev/icons/BRAPI.svg,Consumer Non-Durables,,bdr,bdr,AÇÃO GLOBAL / BDR,70556.59,52.72999954223633,-0.006032039574482506,0.023547318185688892,-0.10427339294971483,-0.11979919517092363,0.26363604348471553,-0.1822331065531666,53.78151039123535,54.20029565811157,106981.21324702671,0.02112960382462289,4.0,-0.2306250458693906,False,False,31.902985074626866,44.309701492537314,27.05223880597015,35.0,,,,,,,,,,,33.0069776119403,,26.717557251908396,RISK_ON,85.0,33.80368559872393,51.52609186312687,52.72999954223633,EVITAR_AGORA,sem vantagem clara,"momentum fraco, liquidez baixa, tendência não confirmada"
VCRA11,VCRA11,53.37,3.51,19918.0,,https://icons.brapi.dev/icons/BRAPI.svg,Miscellaneous,Títulos e Val. Mob.,fund,fi-agro,FIAGRO,1063023.66,53.369998931884766,-0.06030547640787021,-0.1255049920558272,-0.1733242897435694,0.030981792746398007,0.17894845888498112,-0.2053875931386736,56.37446166992188,58.703444442749024,655257.7961626204,0.1935544352021443,11.0,-0.09352705611673418,False,,12.375621890547265,50.46641791044776,56.71641791044776,35.0,,,,,,,,,,,40.85594206387418,55.64516129032258,25.806451612903224,RISK_ON,75.0,33.735704541807095,52.542903183496264,53.369998931884766,EVITAR_AGORA,sem vantagem clara,"momentum fraco, tendência não confirmada"
UNIP6,Unipar Carbocloro S.A.,,,,,,,,,,AÇÃO B3,,55.18999862670898,,,,,,,,,,,,,False,,,,,,,,,,,,,,,,47.1578947368421,,26.70807453416149,RISK_ON,,33.706178489702516,53.77672973493899,55.18999862670898,AGUARDAR,,"score,quality,valuation,momentum,trend"
HGRU11,HGRU11,115.1,0.36,104864.0,,https://icons.brapi.dev/icons/HGRU11.svg,Miscellaneous,Outros,fund,fii,FII,12069846.399999999,114.69000244140625,-0.06529804309877152,-0.09747568851885702,-0.08014767423602986,0.018495409989740974,0.11266078547700387,-0.12761626569082596,122.76296157836914,123.0392219543457,6737869.543708317,0.09541825588146545,11.0,-0.03778098749506387,False,,23.445273631840795,74.34701492537313,89.36567164179104,35.0,,,,,,,,,,,42.673557830681304,21.074380165289256,25.206611570247933,RISK_ON,75.0,33.67933966530981,113.57100532207136,114.69000244140625,EVITAR_AGORA,liquidez,"momentum fraco, tendência não confirmada"
HCTR11,HCTR11,14.11,2.99,45097.0,322588464.0,https://icons.brapi.dev/icons/BRAPI.svg,Miscellaneous,Multicategoria,fund,fii,FII,636318.6699999999,13.699999809265137,-0.14898235630881984,-0.14407652081649147,-0.31178944629137373,-0.2672747899524849,0.3101226356741724,-0.3497646981483271,15.446330738067626,17.63159863471985,595110.6524927806,0.247445258919448,12.0,-0.26942275955040773,False,,5.970149253731343,26.865671641791046,55.223880597014926,35.0,,,,,,,,,,,42.529135315159735,78.71900826446281,24.793388429752067,RISK_ON,75.0,33.36119896385839,13.332053323715865,13.699999809265137,EVITAR_AGORA,sem vantagem clara,"momentum fraco, risco elevado, tendência não confirmada"
TUPY3,Tupy S.A.,,,,,,,,,,AÇÃO B3,,15.420000076293944,,,,,,,,,,,,,True,,,,,,,,,,,,,,,,40.49107142857143,,26.08695652173913,RISK_ON,,33.271360636645966,14.74373353056311,15.420000076293944,AGUARDAR,,"score,quality"
NEXT34,NEXT34,109.98,2.73,6391.0,883168412307.2943,https://icons.brapi.dev/icons/BRAPI.svg,Utilities,,bdr,bdr,AÇÃO GLOBAL / BDR,702882.18,107.05999755859375,-0.05140004427792344,-0.014793645114558607,-0.07592692821819358,0.07643738501660113,0.4089218521779398,-0.16929910647890856,111.3175569152832,112.83857521057129,421245.65843261237,0.025605903815752045,5.0,-0.20227858113786934,False,False,28.296019900497512,36.19402985074627,50.0,35.0,,,,,,,,,,,32.68253731343283,,25.954198473282442,RISK_ON,85.0,33.20444639398428,103.26861000478914,107.05999755859375,EVITAR_AGORA,sem vantagem clara,"momentum fraco, tendência não confirmada"
TRBL11,TRBL11,48.98,-4.15,59009.0,,https://icons.brapi.dev/icons/BRAPI.svg,Miscellaneous,Logística,fund,fii,FII,2890260.82,51.099998474121094,-0.09928692315916243,-0.1784108742343884,-0.29500877531468295,0.004950044922659158,0.3483043131387138,-0.4044747128535975,54.820480575561525,61.66675199508667,1097826.582507179,0.19569472208623187,12.0,-0.25264208857371695,False,,5.597014925373133,23.507462686567166,66.7910447761194,35.0,,,,,,,,,,,42.357678549401754,76.03305785123968,24.380165289256198,RISK_ON,75.0,33.037651412359686,49.558616160841844,51.099998474121094,EVITAR_AGORA,sem vantagem clara,"momentum fraco, risco elevado, tendência não confirmada"
FIND11,FIND11,174.12,0.36,24145.0,,https://icons.brapi.dev/icons/BRAPI.svg,Miscellaneous,,fund,etf,ETF,4204127.4,173.49000549316406,-0.02746787327344269,0.003993069613543732,-0.13639302095540873,0.19524638503871206,0.22125327691045302,-0.20627496002863122,174.73199951171875,178.38125007629395,6094601.916232639,0.0,0.0,-0.05659578732857351,False,,31.716417910447763,45.5223880597015,88.80597014925374,35.0,,,,,,,,,,,46.376865671641795,,23.214285714285715,RISK_ON,75.0,33.02537313432836,170.16574686932614,173.49000549316406,EVITAR_AGORA,liquidez,"momentum fraco, tendência não confirmada"
MELK3,Melnick Desenvolvimento Imobiliário S.A.,,,,,,,,,,AÇÃO B3,,2.8499999046325684,,,,,,,,,,,,,False,,,,,,,,,,,,,,,,44.703125,,25.465838509316768,RISK_ON,,32.78429008152173,2.765552246528349,2.8499999046325684,AGUARDAR,,"score,quality,momentum,trend"
RPRI11,RPRI11,72.92,-0.37,2879.0,,https://icons.brapi.dev/icons/BRAPI.svg,,Outros,fund,fii,FII,209936.68,73.19000244140625,-0.04113715857885558,-0.06382585050583589,-0.1094520255335053,0.007278365180774626,0.16689028996279695,-0.16937367125560399,75.1813069152832,78.67756423950195,875148.485044328,0.14749282196898625,11.0,-0.0670853387925393,False,,21.890547263681594,56.25,62.873134328358205,35.0,,,,,,,,,,,42.35119238518153,43.80165289256198,23.96694214876033,RISK_ON,75.0,32.74709798116854,72.13217832824105,73.19000244140625,EVITAR_AGORA,sem vantagem clara,"momentum fraco, tendência não confirmada"
W1MC34,W1MC34,70.62,-1.48,1651.0,454223682255.5613,https://icons.brapi.dev/icons/BRAPI.svg,Industrial Services,,bdr,bdr,AÇÃO GLOBAL / BDR,116593.62000000001,70.62000274658203,-0.07078943754497324,0.05824802613978575,-0.04487978119634983,-0.0743657048993901,0.37847002290229564,-0.22737183254010485,73.67397537231446,72.45928106307983,27750.81854272267,0.01162135327217502,4.0,-0.1712314341160256,False,False,42.972636815920396,30.876865671641795,11.940298507462686,35.0,,,,,,,,,,,31.710970149253725,,25.190839694656486,RISK_ON,85.0,32.475781816110285,68.30532866715585,70.62000274658203,EVITAR_AGORA,sem vantagem clara,"risco elevado, liquidez baixa, tendência não confirmada"
FIIP11,FIIP11,122.75,1.28,2560.0,,https://icons.brapi.dev/icons/BRAPI.svg,Miscellaneous,,fund,fii,FII,314240.0,121.19999694824219,-0.056426280153248576,-0.059061770163838734,-0.09213142998938284,-0.08764128962154105,0.2284358158473473,-0.2432339964157535,128.76396835327148,136.37459671020508,256171.30036381312,0.13910891439378478,12.0,-0.04976474324841684,False,,25.1865671641791,41.32462686567165,40.85820895522388,35.0,,,,,,,,,,,42.22217836437647,59.710743801652896,23.553719008264462,RISK_ON,75.0,32.432038978660415,118.8022826263602,121.19999694824219,EVITAR_AGORA,sem vantagem clara,"momentum fraco, tendência não confirmada"
AMER3,Americanas S.A.,,,,,,,,,,AÇÃO B3,,4.920000076293945,,,,,,,,,,,,,False,,,,,,,,,,,,,,,,44.4375,,24.84472049689441,RISK_ON,,32.289741847826086,4.595040528072088,4.920000076293945,AGUARDAR,,"score,quality,risk,trend"
NBIT11,NBIT11,31.63,-2.44,2884.0,,https://icons.brapi.dev/icons/BRAPI.svg,Miscellaneous,,fund,etf,ETF,91220.92,31.6299991607666,0.20220447749194448,0.120439237465922,0.1846441294739647,-0.3485067011778261,0.3751133801020698,-0.5522416014944511,26.494599876403807,31.175600023269652,36790.20753142947,0.0,0.0,0.2644413631007999,False,,89.86318407960198,16.6044776119403,13.246268656716417,35.0,,,,,,,,,,,45.31965174129353,,22.321428571428573,RISK_ON,75.0,32.18893034825871,30.602474230841967,31.6299991607666,EVITAR_AGORA,momentum,"risco elevado, liquidez baixa, tendência não confirmada"
VGRI11,VGRI11,5.46,1.3,25501.0,,https://icons.brapi.dev/icons/BRAPI.svg,,Outros,fund,fii,FII,139235.46,5.389999866485596,-0.05836462913125773,-0.11483424592131009,-0.3185813223151954,-0.2553953891575773,0.23855839317863625,-0.3606296648023365,5.391642208099365,6.610095002651215,285935.5287946671,0.22541744528691574,12.0,-0.27621463557422943,False,,6.467661691542287,33.115671641791046,42.16417910447761,35.0,,,,,,,,,,,42.07348998807615,77.89256198347107,23.140495867768596,RISK_ON,75.0,32.113045105053246,5.2786437473322545,5.389999866485596,EVITAR_AGORA,sem vantagem clara,"momentum fraco, risco elevado, tendência não confirmada"
NFLX34,NFLX34,8.48,3.41,489404.0,1760357874262.804,https://icons.brapi.dev/icons/BRAPI.svg,Technology Services,,bdr,bdr,AÇÃO GLOBAL / BDR,4150145.9200000004,8.199999809265137,0.0889773679666126,-0.05202310163125723,-0.06285716465541291,-0.3763310042006497,0.36339104032613123,-0.5032004763099547,7.655999994277954,9.135959997177125,5877195.907448625,0.0,0.0,-0.18920881757508867,False,False,23.072139303482587,19.402985074626866,88.05970149253731,35.0,,,,,,,,,,,31.567164179104477,,24.427480916030532,RISK_ON,85.0,31.912669477042265,7.941940999875005,8.199999809265137,EVITAR_AGORA,liquidez,"momentum fraco, risco elevado, tendência não confirmada"
HSLG11,HSLG11,77.53,0.12,8722.0,,https://icons.brapi.dev/icons/BRAPI.svg,,Logística,fund,fii,FII,676216.66,77.44000244140625,-0.13395339812816753,-0.11780265048163041,-0.14320366468051715,0.0791270335131451,0.29371060788610476,-0.21744075471928048,85.5975503540039,86.85838256835937,10604286.632561699,0.11118284773447187,12.0,-0.10083697793955115,False,,13.432835820895521,37.593283582089555,92.91044776119402,35.0,,,,,,,,,,,41.97520044406069,49.17355371900827,22.727272727272727,RISK_ON,75.0,31.804130997903044,75.47023197401806,77.44000244140625,EVITAR_AGORA,liquidez,"momentum fraco, tendência não confirmada"
COPN11,COPN11,36.75,-3.03,15487.0,,https://icons.brapi.dev/icons/BRAPI.svg,,,fund,fip,FIP,569147.25,36.75,-0.034436405480117616,-0.10145512569640125,-0.09070786061045266,-0.3147173425425247,0.2806531090833744,-0.34918943387617696,38.55856575012207,39.86033479690552,246457.7828162057,0.2204081632653061,11.0,-0.010910626983617444,False,,25.12437810945274,29.570895522388057,39.92537313432835,35.0,,,,,,,,,,,43.57296849087894,80.55555555555557,22.22222222222222,RISK_ON,75.0,31.77014925373134,35.85678124621897,36.75,EVITAR_AGORA,sem vantagem clara,"momentum fraco, risco elevado, tendência não confirmada"
BBIG11,BBIG11,4.9,1.66,72119.0,,https://icons.brapi.dev/icons/BBIG11.svg,,Shoppings,fund,fii,FII,353383.10000000003,4.820000171661377,-0.09242790347888452,-0.28292447961465683,-0.3209821659183767,-0.21911010311979806,0.274186719691602,-0.3730322592547066,5.39673508644104,6.39735741853714,1113760.3414794756,0.17012447526892083,12.0,-0.2786154791774107,False,,3.2338308457711435,29.104477611940304,67.72388059701493,35.0,,,,,,,,,,,41.89143538505818,72.10743801652893,22.31404958677686,RISK_ON,75.0,31.498121787755437,4.705547983232005,4.820000171661377,EVITAR_AGORA,sem vantagem clara,"momentum fraco, risco elevado, tendência não confirmada"
PKIN11,PKIN11,118.22,-0.09,751.0,,https://icons.brapi.dev/icons/BRAPI.svg,Miscellaneous,,fund,etf,ETF,88783.22,118.33000183105469,0.024768343120436187,-0.02044702945615684,-0.03490741993304847,,0.230638245147268,-0.10122188799639709,119.36460037231446,119.93160007476807,91769.17975483244,0.0,0.0,0.04488981369378675,False,,47.57462686567164,61.19402985074626,24.62686567164179,35.0,,,,,,,,,,,44.606343283582085,,21.428571428571427,RISK_ON,75.0,31.421268656716414,115.96649518465665,118.33000183105469,EVITAR_AGORA,sem vantagem clara,"liquidez baixa, tendência não confirmada"
USIM3,Usinas Siderúrgicas de Minas Gerais S.A.,,,,,,,,,,AÇÃO B3,,6.650000095367432,,,,,,,,,,,,,False,,,,,,,,,,,,,,,,44.50219298245614,,24.22360248447205,RISK_ON,,31.369515160183063,6.074880774035119,6.650000095367432,AGUARDAR,,"score,quality,momentum,risk,trend"
PLCA11,PLCA11,70.92,0.17,1653.0,,https://icons.brapi.dev/icons/BRAPI.svg,,Títulos e Val. Mob.,fund,fi-agro,FIAGRO,117230.76000000001,70.91999816894531,-0.02356500507775028,-0.025496821624776844,-0.07826815721673375,0.18028836585129415,0.13417969531393123,-0.10322195721806249,71.7186817932129,71.45246795654298,53155.48429337759,0.1593344654787101,11.0,0.0015290764101014709,False,,36.75373134328358,75.0,16.417910447761194,35.0,,,,,,,,,,,40.16724843524314,33.064516129032256,22.58064516129032,RISK_ON,75.0,31.33990129995185,70.0958863382424,70.91999816894531,EVITAR_AGORA,risco controlado,"liquidez baixa, tendência não confirmada"
PVBI11,PVBI11,67.59,-1.2,43929.0,,https://icons.brapi.dev/icons/BRAPI.svg,Miscellaneous,Escritórios,fund,fii,FII,2969161.1100000003,68.41000366210938,-0.005711596532501639,-0.06129165314433471,-0.08830695786174236,-0.014486439433573195,0.22423869170729255,-0.21493677923957244,69.29626899719239,74.08654439926147,3791149.0415713596,0.07528138757946681,12.0,-0.045940271120776366,False,,25.497512437810943,44.123134328358205,83.5820895522388,35.0,,,,,,,,,,,41.6548394391678,38.63636363636364,21.90082644628099,RISK_ON,75.0,31.161546400230254,67.08150599444447,68.41000366210938,EVITAR_AGORA,liquidez,"momentum fraco, tendência não confirmada"
PEPB34,PEPB34,48.84,1.03,1832.0,996095452710.8123,https://icons.brapi.dev/icons/BRAPI.svg,Consumer Non-Durables,,bdr,bdr,AÇÃO GLOBAL / BDR,89474.88,48.34000015258789,-0.0065762370700303,-0.000741792262208496,-0.14933053966653087,-0.06783274978665488,0.3038750249173368,-0.22361036812747348,47.99159996032715,51.090898723602294,295694.60395498126,0.02925657831062889,4.0,-0.27568219258620663,False,False,23.942786069651742,35.541044776119406,43.28358208955223,35.0,,,,,,,,,,,29.845,,23.66412213740458,RISK_ON,85.0,31.033885496183206,47.06786783233369,48.34000015258789,EVITAR_AGORA,sem vantagem clara,"momentum fraco, tendência não confirmada"
SBSP3,Companhia de Saneamento Básico do Estado de São Paulo - SABESP,,,,,,,,,,AÇÃO B3,,25.07999992370605,,,,,,,,,,,,,False,,,,,,,,,,,,,,,,44.49197860962568,,23.60248447204969,RISK_ON,,30.932434317600556,24.198015253934926,25.07999992370605,AGUARDAR,,"score,valuation,momentum,risk,trend"
INLG11,INLG11,62.06,-0.64,2061.0,,https://icons.brapi.dev/icons/BRAPI.svg,,Logística,fund,fii,FII,127905.66,62.459999084472656,-0.04346079077657117,-0.049982918448122415,-0.14864751879592908,-0.04605454884218674,0.16651159354383638,-0.1717474262271962,65.11824813842773,68.8266841697693,181317.9085659451,0.12712135953222992,12.0,-0.10628083205496308,False,,18.84328358208955,56.0634328358209,34.14179104477612,35.0,,,,,,,,,,,41.48084371530776,54.75206611570248,21.487603305785125,RISK_ON,75.0,30.83749105711114,61.55930547304505,62.459999084472656,EVITAR_AGORA,sem vantagem clara,"momentum fraco, liquidez baixa, tendência não confirmada"
SNID11,SNID11,10.25,1.59,12923.0,,https://icons.brapi.dev/icons/BRAPI.svg,Miscellaneous,,fund,etf,ETF,132460.75,10.25,-0.004243398884498095,-0.055889089342958664,-0.01165799714032989,0.17103826958483115,0.2339660858440314,-0.10521660960082002,10.471473770141602,10.39873456954956,98453.16055494641,0.144390243902439,12.0,0.06813923648650533,False,,47.45024875621891,60.07462686567164,25.932835820895523,35.0,,,,,,,,,,,44.49564676616915,,20.535714285714285,RISK_ON,75.0,30.77412935323383,10.042313911685934,10.25,EVITAR_AGORA,sem vantagem clara,"liquidez baixa, tendência não confirmada"
HGBL11,HGBL11,8.49,0.12,804.0,,https://icons.brapi.dev/icons/HGBL11.svg,,Logística,fund,fii,FII,6825.96,8.479999542236328,-0.027345370711797434,-0.06604000202086635,-0.04300250950305984,0.0975343221553675,0.24598230613736136,-0.09718749977789931,8.711831645965576,8.750837626457214,70951.81440357935,0.10330189236885064,12.0,-0.0006358227620938406,False,,33.3955223880597,59.98134328358209,21.641791044776117,35.0,,,,,,,,,,,41.424596028123844,46.28099173553719,21.074380165289256,RISK_ON,75.0,30.536985321327247,8.29935271874295,8.479999542236328,EVITAR_AGORA,sem vantagem clara,"momentum fraco, liquidez baixa, tendência não confirmada"
BRSR6,Banco do Estado do Rio Grande do Sul S.A.,,,,,,,,,,AÇÃO B3,,13.800000190734863,,,,,,,,,,,,,False,,,,,,,,,,,,,,,,44.48621553884712,,22.981366459627328,RISK_ON,,30.496355017979727,13.422241956699333,13.800000190734863,AGUARDAR,,"score,quality,momentum,risk,trend"
ORCL34,ORCL34,130.73,0.21,41432.0,2247899948142.783,https://icons.brapi.dev/icons/BRAPI.svg,Technology Services,,bdr,bdr,AÇÃO GLOBAL / BDR,5416405.359999999,130.4499969482422,0.2924799024453446,-0.30557472066369773,0.014703711018543286,-0.37779289818911443,0.6056907017445561,-0.671728685069451,121.3279312133789,147.7961600112915,16597950.156587752,0.013211958913911068,4.0,-0.11164794190113247,False,False,24.56467661691542,6.623134328358211,94.77611940298507,35.0,,,,,,,,,,,29.739776119402983,,22.900763358778626,RISK_ON,85.0,30.478489575025634,123.60732670015703,130.4499969482422,EVITAR_AGORA,liquidez,"momentum fraco, risco elevado, tendência não confirmada"
LSOP11,LSOP11,10.9,9.0,16000.0,,https://icons.brapi.dev/icons/BRAPI.svg,,Multicategoria,fund,fii,FII,174400.0,10.899999618530273,0.028301813798515152,0.05490335102630728,0.08038405579006436,,0.23058300929871975,-0.06542054408814157,10.522502040863037,,37689.22688724881,0.035119267284122686,2.0,0.12275074253103035,False,,77.79850746268657,68.65671641791045,13.619402985074627,35.0,,,,,,,,,,,40.71564080424325,8.78099173553719,20.66115702479339,RISK_ON,75.0,30.105938078204023,10.682336715478078,10.899999618530273,EVITAR_AGORA,momentum,"liquidez baixa, tendência não confirmada"
XRPH11,XRPH11,11.11,-4.72,85400.0,,https://icons.brapi.dev/icons/BRAPI.svg,Miscellaneous,,fund,etf,ETF,948794.0,11.65999984741211,0.3101123985595875,0.11792900347528779,0.04573993240629903,,0.7176514722718775,-0.6862745098039216,8.938399906158446,12.322100019454956,350687.90125914983,0.0,0.0,0.12553716603313425,False,,77.86069651741293,4.9440298507462686,47.201492537313435,35.0,,,,,,,,,,,44.08240049751244,,19.642857142857142,RISK_ON,75.0,30.066480099502485,10.935325719440339,11.65999984741211,EVITAR_AGORA,momentum,"risco elevado, tendência não confirmada"
BRKM5,Braskem S.A.,,,,,,,,,,AÇÃO B3,,4.21999979019165,,,,,,,,,,,,,False,,,,,,,,,,,,,,,,43.94736842105264,,22.36024844720497,RISK_ON,,29.94033180778032,3.734478266268353,4.21999979019165,AGUARDAR,,"score,valuation,momentum,risk,trend"
VINO11,VINO11,4.24,-0.24,100676.0,,https://icons.brapi.dev/icons/VINO11.svg,,Multicategoria,fund,fii,FII,426866.24000000005,4.25,-0.06755478584947394,-0.10030926788162509,-0.1881565108230211,-0.0347872662772849,0.16807180461790264,-0.21443476164680142,4.511920824050903,4.7863585567474365,473841.2391794901,0.12682352941176472,12.0,-0.1457898240820551,False,,11.380597014925373,50.65298507462687,52.23880597014925,35.0,,,,,,,,,,,40.68067102504009,53.925619834710744,20.24793388429752,RISK_ON,75.0,29.80968792401628,4.188139357704926,4.25,EVITAR_AGORA,sem vantagem clara,"momentum fraco, tendência não confirmada"
M1TA34,M1TA34,107.65,2.52,367974.0,7617742086461.458,https://icons.brapi.dev/icons/BRAPI.svg,Technology Services,,bdr,bdr,AÇÃO GLOBAL / BDR,39612401.1,105.0,0.02840354132438061,-0.07509994421390087,-0.1288600982318706,-0.27725276900915397,0.48926176861002574,-0.34237064994777056,108.65200057983398,115.21570964813232,32717648.30540624,0.002658085714285714,4.0,-0.2552117511515464,False,False,13.432835820895525,18.75,96.45522388059702,35.0,,,,,,,,,,,28.77347014925373,,22.137404580152673,RISK_ON,85.0,29.750877235957617,100.55101223247374,105.0,EVITAR_AGORA,liquidez,"momentum fraco, risco elevado, tendência não confirmada"
URHF11,URHF11,56.22,-0.05,160.0,,https://icons.brapi.dev/icons/BRAPI.svg,,Multicategoria,fund,fii,FII,8995.2,56.25,-0.03632265493317699,-0.09164478417415756,-0.17541417185313501,-0.2038824551795152,0.24504269239883927,-0.21745819697041469,57.52436447143555,63.33396209716797,6947.344283452109,0.2270222222222222,12.0,-0.13304748511216902,False,,12.437810945273633,41.23134328358209,4.477611940298507,35.0,,,,,,,,,,,40.61163603470252,78.30578512396694,19.834710743801654,RISK_ON,75.0,29.50662472760166,55.05630076896114,56.25,EVITAR_AGORA,sem vantagem clara,"momentum fraco, liquidez baixa, tendência não confirmada"
DIRR3,Direcional Engenharia S.A.,,,,,,,,,,AÇÃO B3,,10.970000267028809,,,,,,,,,,,,,False,,,,,,,,,,,,,,,,45.80729166666666,,21.73913043478261,RISK_ON,,29.424031929347827,10.522768659305898,10.970000267028809,AGUARDAR,,"score,quality,valuation,momentum,risk,trend"
BMMT11,BMMT11,154.74,0.27,547.0,,https://icons.brapi.dev/icons/BRAPI.svg,Miscellaneous,,fund,etf,ETF,84642.78,154.3300018310547,-0.024709324610572514,-0.01051483860237834,-0.09917116954712069,0.1877935082791824,0.1582863944908277,-0.13538641618491987,156.0828009033203,157.27875053405762,199546.07717943948,0.0,0.0,-0.019373935920285468,False,,35.19900497512438,64.55223880597015,35.82089552238806,35.0,,,,,,,,,,,43.19651741293532,,18.75,RISK_ON,75.0,29.264303482587067,152.21444556865887,154.3300018310547,EVITAR_AGORA,sem vantagem clara,tendência não confirmada
TRXF11,TRXF11,78.31,3.19,768193.0,,https://icons.brapi.dev/icons/TRXF11.svg,Miscellaneous,Multicategoria,fund,fii,FII,60157193.83,75.88999938964844,-0.15836751768078583,-0.14222137329207307,-0.12722333318504897,-0.12095448606826031,0.264100009174366,-0.24445898428250445,86.02462036132812,88.00343727111816,26880638.333372813,0.14323362877089038,11.0,-0.08485664644408297,False,,14.303482587064678,37.593283582089555,95.8955223880597,35.0,,,,,,,,,,,40.35553020023848,41.94214876033058,19.421487603305785,RISK_ON,75.0,29.166147362361748,74.15426368425241,75.88999938964844,EVITAR_AGORA,liquidez,"momentum fraco, tendência não confirmada"
USIM5,Usinas Siderúrgicas de Minas Gerais S.A.,,,,,,,,,,AÇÃO B3,,7.170000076293945,,,,,,,,,,,,,False,,,,,,,,,,,,,,,,43.58114035087719,,21.11801242236025,RISK_ON,,28.988365274599538,6.754116631925914,7.170000076293945,AGUARDAR,,"score,quality,momentum,risk,trend"
A1EP34,A1EP34,63.6,0.0,2306.0,344465828520.4346,https://icons.brapi.dev/icons/BRAPI.svg,Utilities,,bdr,bdr,AÇÃO GLOBAL / BDR,146661.6,63.599998474121094,-0.031630704221458195,-0.016763028347306808,-0.039861920919077476,0.042002642074965735,0.42681734523200254,-0.17756148566216257,66.46561576843261,65.30880294799805,9136.63908670819,0.021756022534544905,4.0,-0.16621357383875324,False,False,31.529850746268654,33.86194029850746,6.529850746268656,35.0,,,,,,,,,,,27.216156716417906,,21.374045801526716,RISK_ON,85.0,28.905063404352283,61.24912206909355,63.599998474121094,EVITAR_AGORA,sem vantagem clara,"momentum fraco, risco elevado, liquidez baixa, tendência não confirmada"
RBRP11,RBRP11,45.1,0.0,12147.0,,https://icons.brapi.dev/icons/BRAPI.svg,,Outros,fund,fii,FII,547829.7000000001,45.099998474121094,-0.0027852390176382746,-0.10579634137726512,-0.12304020597183318,-0.008018119429554105,0.23984914960625672,-0.20520061822552238,45.45375785827637,49.14921703338623,1204238.061586047,0.10532151132389961,12.0,-0.08067351923086719,False,,16.728855721393035,43.75,68.65671641791045,35.0,,,,,,,,,,,40.33940216274002,46.900826446280995,19.00826446280992,RISK_ON,75.0,28.873665556514947,44.1632017963916,45.099998474121094,EVITAR_AGORA,sem vantagem clara,"momentum fraco, tendência não confirmada"
SUIN11,SUIN11,87.5,0.0,807.0,,https://icons.brapi.dev/icons/BRAPI.svg,Miscellaneous,,fund,fi-infra,FI-INFRA,70612.5,87.5,0.023266263271398913,0.09949337483532239,-0.06528657994954623,,0.18485963473526001,-0.18845496876790502,85.11760391235352,88.71345157623291,106450.87546163892,0.09107174857142857,8.0,0.014510653677288987,False,,55.53482587064676,50.65298507462687,26.865671641791046,35.0,,,,,,,,,,,35.79415422885572,10.0,20.0,RISK_ON,75.0,28.658830845771142,86.09918502661833,87.5,EVITAR_AGORA,sem vantagem clara,"liquidez baixa, tendência não confirmada"
EWBZ11,EWBZ11,125.15,-0.22,18617.0,,https://icons.brapi.dev/icons/BRAPI.svg,Miscellaneous,,fund,etf,ETF,2329917.5500000003,125.41999816894531,-0.004603189135354624,-0.023968885844783516,-0.1395444367757348,0.060185925050842304,0.17277440279237277,-0.19257537112211043,124.54999923706055,131.77004932403565,1528512.3517514183,0.0,0.0,-0.059747203148899586,False,,26.305970149253728,52.05223880597015,71.45522388059702,35.0,,,,,,,,,,,43.123134328358205,,17.857142857142858,RISK_ON,75.0,28.624626865671644,123.54337608714779,125.41999816894531,EVITAR_AGORA,sem vantagem clara,"momentum fraco, tendência não confirmada"
RBRL11,RBRL11,72.0,-0.15,5599.0,,https://icons.brapi.dev/icons/BRAPI.svg,Miscellaneous,Logística,fund,fii,FII,403128.0,72.11000061035156,0.014610926699110127,-0.11031989544783138,-0.16909504732718128,-0.03794300050649568,0.15860119242620194,-0.22509273351943715,72.30757232666015,80.91119930267334,459228.74568757555,0.11648869683679021,12.0,-0.12672836058621528,False,,12.002487562189055,51.77238805970149,52.052238805970156,35.0,,,,,,,,,,,40.27517782985897,51.44628099173554,18.59504132231405,RISK_ON,75.0,28.57156449159163,71.11955055836592,72.11000061035156,EVITAR_AGORA,sem vantagem clara,"momentum fraco, tendência não confirmada"
BRFT11,BRFT11,68.5,5.38,73.0,,https://icons.brapi.dev/icons/BRAPI.svg,,,fund,fi-agro,FIAGRO,5000.5,68.5,-0.08175458049770434,-0.20393491519051932,-0.1741649123804273,-0.060435337191523275,0.40993637654316883,-0.30237727175440066,75.53296180725097,79.82490392684936,138674.70418239775,0.2051094890510949,12.0,-0.09436767875359209,False,,10.261194029850747,23.88059701492537,30.970149253731343,35.0,,,,,,,,,,,37.59984352431391,81.4516129032258,19.35483870967742,RISK_ON,75.0,28.568355801636976,66.06814508525117,68.5,EVITAR_AGORA,sem vantagem clara,"momentum fraco, risco elevado, liquidez baixa, tendência não confirmada"
YDUQ3,Yduqs Participações S.A.,,,,,,,,,,AÇÃO B3,,8.859999656677246,,,,,,,,,,,,,False,,,,,,,,,,,,,,,,43.41666666666666,,20.496894409937887,RISK_ON,,28.51657608695652,8.300099693028072,8.859999656677246,AGUARDAR,,"score,quality,momentum,risk,trend"
MOSC34,MOSC34,20.51,-0.44,13451.0,38811886740.81738,https://icons.brapi.dev/icons/BRAPI.svg,Process Industries,,bdr,bdr,AÇÃO GLOBAL / BDR,275880.01,20.600000381469727,0.0645994819306075,0.027944083850240053,-0.1056843187822446,-0.29660873614972494,0.4579115117327202,-0.4464116051204824,19.104600028991698,21.083553829193114,207015.33113764203,0.026367766502014337,4.0,-0.23203597170192036,False,False,32.33830845771144,16.044776119402982,36.38059701492538,35.0,,,,,,,,,,,27.054813432835818,,20.610687022900763,RISK_ON,85.0,28.338443602597696,19.78308058253955,20.600000381469727,EVITAR_AGORA,sem vantagem clara,"momentum fraco, risco elevado, tendência não confirmada"
HDOF11,HDOF11,90.36,0.0,7400.0,,https://icons.brapi.dev/icons/BRAPI.svg,,Escritórios,fund,fii,FII,668664.0,90.36000061035156,0.004000006781684107,-0.007032960325807025,0.004000006781684107,-0.09639999389648435,0.054429958434249,-0.12,90.13400024414062,91.30850006103516,255090.3922797309,0.0,0.0,0.046366693522650104,False,,54.72636815920398,81.62313432835822,40.67164179104478,35.0,,,,,,,,,,,40.022710826035116,3.925619834710744,18.181818181818183,RISK_ON,75.0,28.231814892479754,89.93406410873328,90.36000061035156,EVITAR_AGORA,risco controlado,tendência não confirmada
SMAL11,SMAL11,104.58,-0.56,2155615.0,,https://icons.brapi.dev/icons/BRAPI.svg,Miscellaneous,,fund,etf,ETF,225434216.7,105.16999816894531,0.0006660294561418034,-0.052437154760267335,-0.18472869636476497,0.004489028026767539,0.20230853509752347,-0.23640567172688076,105.74540008544922,113.80075012207031,202432186.06615254,0.0,0.0,-0.10493146273792975,False,,17.22636815920398,44.02985074626865,99.81343283582089,35.0,,,,,,,,,,,42.88370646766169,,16.964285714285715,RISK_ON,75.0,27.951741293532336,103.32737425403549,105.16999816894531,EVITAR_AGORA,liquidez,"momentum fraco, tendência não confirmada"
SAPR11,Companhia de Saneamento do Paraná - SANEPAR,,,,,,,,,,AÇÃO B3,,33.36000061035156,,,,,,,,,,,,,False,,,,,,,,,,,,,,,,42.75735294117647,,19.875776397515526,RISK_ON,,27.933447890025572,32.348602062918424,33.36000061035156,AGUARDAR,,"score,quality,momentum,risk,trend"
IBCR11,IBCR11,40.0,1.91,797.0,,https://icons.brapi.dev/icons/IBCR11.svg,Miscellaneous,Outros,fund,fii,FII,31880.0,39.25,-0.08440057510433929,-0.1580858121185248,-0.18978181049631648,-0.14504746416298653,0.23134905311004528,-0.30116802396139697,42.60820243835449,45.62130611419678,58818.047278389095,0.1943949044585987,12.0,-0.14741512375535049,False,,9.017412935323383,36.84701492537314,18.65671641791045,35.0,,,,,,,,,,,39.877990214218165,75.6198347107438,17.768595041322314,RISK_ON,75.0,27.91361457176925,38.46360993324601,39.25,EVITAR_AGORA,sem vantagem clara,"momentum fraco, liquidez baixa, tendência não confirmada"
T1OW34,T1OW34,38.08,1.28,5085.0,424811888566.99426,https://icons.brapi.dev/icons/BRAPI.svg,Finance,,bdr,bdr,AÇÃO GLOBAL / BDR,193636.8,37.599998474121094,-0.009222721522581856,-0.03657427309189376,-0.036274345120963725,-0.18584822086786512,0.34483779627535033,-0.23995145631881043,36.64179992675781,38.13398399353027,58142.440739646794,0.02797239475219381,4.0,-0.16262599804063949,False,False,28.171641791044777,32.276119402985074,17.723880597014926,35.0,,,,,,,,,,,27.051305970149254,,19.84732824427481,RISK_ON,85.0,27.803390965022217,36.47711854267397,37.599998474121094,EVITAR_AGORA,sem vantagem clara,"momentum fraco, risco elevado, liquidez baixa, tendência não confirmada"
BGRB11,BGRB11,115.0,0.0,216.0,,https://icons.brapi.dev/icons/BRAPI.svg,,,fund,fii,FII,24840.0,115.0,0.014826232834771913,-0.007286132849031235,0.029253387603083825,0.14443664021267466,0.5269735640132504,-0.2223193822488828,110.4293244934082,109.77752517700195,47572.56451319134,0.044714104347826085,10.0,0.07162007434404982,True,,59.82587064676617,25.373134328358212,15.298507462686567,100.0,,,,,,,,,,,39.57420541918506,11.673553719008265,17.355371900826448,RISK_ON,75.0,27.563601414415526,109.75171632407955,115.0,EVITAR_AGORA,tendência positiva,"risco elevado, liquidez baixa"
MRVE3,MRV Engenharia e Participações S.A.,,,,,,,,,,AÇÃO B3,,5.46999979019165,,,,,,,,,,,,,False,,,,,,,,,,,,,,,,40.15625,,19.25465838509317,RISK_ON,,27.413417119565217,5.126325246970933,5.46999979019165,AGUARDAR,,"score,quality,risk,trend"
RBHY11,RBHY11,62.45,1.79,3844.0,,https://icons.brapi.dev/icons/BRAPI.svg,,Outros,fund,fii,FII,240057.80000000002,61.349998474121094,-0.09862008596957561,-0.17214942036941028,-0.16588269573695258,-0.06175645121657247,0.1809800161294104,-0.204000079086467,67.62523612976074,71.46754545211792,358724.503838857,0.18712306903874726,11.0,-0.12351600899598658,False,,10.634328358208956,50.1865671641791,47.57462686567165,35.0,,,,,,,,,,,39.49160601948933,52.68595041322314,16.94214876033058,RISK_ON,75.0,27.257825336129272,60.388439754405745,61.349998474121094,EVITAR_AGORA,sem vantagem clara,"momentum fraco, tendência não confirmada"
G1FI34,G1FI34,119.76,-3.29,4924.0,221015730223.5365,https://icons.brapi.dev/icons/BRAPI.svg,Non-Energy Minerals,,bdr,bdr,AÇÃO GLOBAL / BDR,589698.24,123.83999633789062,0.5176470423239734,0.22991352999475656,-0.1514356835436209,0.4558577130217911,0.5333777404722257,-0.4850716455379588,93.99080017089844,111.81914333343506,115884.16953120157,0.030035207606526285,2.0,-0.2777873364632967,False,False,37.74875621890548,11.847014925373134,28.35820895522388,35.0,,,,,,,,,,,26.954850746268658,,19.083969465648856,RISK_ON,85.0,27.24974877520793,118.11959565984937,123.83999633789062,EVITAR_AGORA,sem vantagem clara,"risco elevado, liquidez baixa, tendência não confirmada"
GLDX11,GLDX11,108.29,-2.49,6368.0,,https://icons.brapi.dev/icons/BRAPI.svg,Miscellaneous,,fund,etf,ETF,689590.7200000001,111.05999755859375,0.15052314268145595,0.03639411873091758,-0.11187529109754313,0.29049501172689207,0.23106414563379632,-0.27722696634966737,100.89640014648438,109.50945011138916,674781.5569777716,0.0,0.0,-0.03207805747070791,False,,40.547263681592035,38.526119402985074,57.276119402985074,35.0,,,,,,,,,,,41.903296019900495,,16.071428571428573,RISK_ON,75.0,27.130659203980102,108.83760460067694,111.05999755859375,EVITAR_AGORA,sem vantagem clara,tendência não confirmada
CEAB3,C&A Modas S.A.,,,,,,,,,,AÇÃO B3,,8.140000343322754,,,,,,,,,,,,,False,,,,,,,,,,,,,,,,42.18014705882353,,18.633540372670808,RISK_ON,,26.934011349104857,7.71748337383521,8.140000343322754,AGUARDAR,,"score,quality,momentum,risk,trend"
MFII11,MFII11,36.2,-2.69,12758.0,,https://icons.brapi.dev/icons/BRAPI.svg,Miscellaneous,Multicategoria,fund,fii,FII,461839.60000000003,37.20000076293945,-0.22508373944873405,-0.2810638544297913,-0.4839892456276629,-0.456071855189244,0.9845591379216801,-0.6129905841504542,42.88663326263428,59.10562958717346,1762037.7912997594,0.3099462302024138,12.0,-0.4416225588866969,False,,1.181592039800995,3.451492537313428,72.76119402985076,35.0,,,,,,,,,,,39.14522840343736,79.54545454545455,16.528925619834713,RISK_ON,75.0,26.899293614571768,34.02813070100517,37.20000076293945,EVITAR_AGORA,sem vantagem clara,"momentum fraco, risco elevado, tendência não confirmada"
WALM34,WALM34,33.42,0.97,24403.0,4244171471479.566,https://icons.brapi.dev/icons/BRAPI.svg,Retail Trade,,bdr,bdr,AÇÃO GLOBAL / BDR,815548.26,33.099998474121094,-0.09302920651817392,-0.09103978772338461,-0.16352427105004674,0.025186461908980995,0.3573173389826358,-0.24399477964892535,35.90767936706543,38.214416580200194,1169159.7499670603,0.00672338399574229,4.0,-0.2898759239697225,False,False,10.385572139303482,31.436567164179106,68.28358208955224,35.0,,,,,,,,,,,26.93731343283582,,18.3206106870229,RISK_ON,85.0,26.711890167483194,32.07573261626473,33.099998474121094,EVITAR_AGORA,sem vantagem clara,"momentum fraco, risco elevado, tendência não confirmada"
KEPL3,Kepler Weber S.A.,,,,,,,,,,AÇÃO B3,,6.570000171661377,,,,,,,,,,,,,False,,,,,,,,,,,,,,,,42.14285714285714,,18.012422360248447,RISK_ON,,26.490838509316767,6.3463051343193735,6.570000171661377,AGUARDAR,,"score,quality,momentum,risk,trend"
RBHG11,RBHG11,57.15,1.04,17012.0,,https://icons.brapi.dev/icons/BRAPI.svg,,Outros,fund,fii,FII,972235.7999999999,56.560001373291016,-0.05239546025099251,-0.11326502295951013,-0.12625358736070436,-0.038905525957857345,0.2033139538560333,-0.1870746918825804,59.157990036010744,61.57809595108032,363353.78968138923,0.1570014106151233,11.0,-0.08388690061973836,False,,15.422885572139302,48.694029850746276,47.76119402985074,35.0,,,,,,,,,,,38.47144854241191,46.69421487603305,16.115702479338843,RISK_ON,75.0,26.475281444019572,55.56412087206191,56.560001373291016,EVITAR_AGORA,sem vantagem clara,"momentum fraco, tendência não confirmada"
GBTC11,GBTC11,29.3,-1.84,1728.0,,https://icons.brapi.dev/icons/BRAPI.svg,Miscellaneous,,fund,etf,ETF,50630.4,29.850000381469727,0.18171021817093114,0.05663718164494602,-0.02895248523991978,,0.2826283410559,-0.28981727080609077,26.057000122070313,29.001700019836427,62338.17880921137,0.0,0.0,0.05084474838691544,False,,61.69154228855721,32.83582089552239,20.149253731343283,35.0,,,,,,,,,,,41.08457711442786,,15.178571428571427,RISK_ON,75.0,26.34191542288557,29.11938185242892,29.850000381469727,EVITAR_AGORA,sem vantagem clara,"risco elevado, liquidez baixa, tendência não confirmada"
JGPX11,JGPX11,56.25,0.0,2018.0,,https://icons.brapi.dev/icons/BRAPI.svg,Miscellaneous,Outros,fund,fi-agro,FIAGRO,113512.5,56.25,-0.03527384677226031,-0.0919954387943619,-0.16806398396789968,-0.0635048098773009,0.20436383054757987,-0.1869279434078558,59.96909553527832,63.52018165588379,347496.2477160257,0.18577777777777776,10.0,-0.08826675034106446,False,,14.676616915422885,48.60074626865672,46.82835820895522,35.0,,,,,,,,,,,37.15549269780132,45.96774193548387,16.129032258064516,RISK_ON,75.0,26.221421120205424,55.25446348761242,56.25,EVITAR_AGORA,sem vantagem clara,"momentum fraco, tendência não confirmada"
SPTW11,SPTW11,28.85,3.04,2031.0,,https://icons.brapi.dev/icons/BRAPI.svg,,Outros,fund,fii,FII,58594.350000000006,28.0,-0.2611328374690588,-0.25774387684345934,-0.26552504673751953,-0.025430056986865957,0.3755291002287861,-0.272621472675461,35.04898197174072,35.88795615196228,83301.63895658463,0.20928571428571427,12.0,-0.22315835999655353,False,,5.348258706467662,27.98507462686567,23.507462686567166,35.0,,,,,,,,,,,38.43832901607664,77.47933884297521,15.702479338842975,RISK_ON,75.0,26.179401340405413,27.089390326156366,28.0,EVITAR_AGORA,sem vantagem clara,"momentum fraco, risco elevado, liquidez baixa, tendência não confirmada"
ACNB34,ACNB34,986.49,1.22,74.0,600260472255.5613,https://icons.brapi.dev/icons/BRAPI.svg,Technology Services,,bdr,bdr,AÇÃO GLOBAL / BDR,73000.26,974.6400146484375,0.09880497705573554,0.04331843759089882,-0.05864568556358751,-0.2813382997200332,0.6707272149896237,-0.5919120156848339,792.2371472167969,1053.8300653076171,144077.80215696304,0.025985873367959,4.0,-0.18499733848326327,False,False,39.98756218905473,6.623134328358207,31.529850746268657,35.0,,,,,,,,,,,26.911007462686566,,17.557251908396946,RISK_ON,85.0,26.172277828415176,918.0264113015337,974.6400146484375,EVITAR_AGORA,sem vantagem clara,"risco elevado, liquidez baixa, tendência não confirmada"
MOVI3,Movida Participações S.A.,,,,,,,,,,AÇÃO B3,,7.210000038146973,,,,,,,,,,,,,False,,,,,,,,,,,,,,,,41.88988095238095,,17.391304347826086,RISK_ON,,25.999136257763972,6.774850525786617,7.210000038146973,AGUARDAR,,"score,quality,momentum,risk,trend"
URPR11,URPR11,20.49,0.64,26159.0,,https://icons.brapi.dev/icons/BRAPI.svg,Miscellaneous,Outros,fund,fii,FII,535997.9099999999,20.360000610351562,0.08774987947578916,-0.15545019444536534,-0.43241289379614156,-0.34540501413009694,0.5000551446362935,-0.5553537724483376,19.575613708496093,28.409529333114623,696591.0026464311,0.20088408042191,12.0,-0.39004620705517556,False,,3.2960199004975124,10.820895522388062,58.2089552238806,35.0,,,,,,,,,,,38.34627893589902,76.2396694214876,15.289256198347106,RISK_ON,75.0,25.871735126022777,19.478289490315653,20.360000610351562,EVITAR_AGORA,sem vantagem clara,"momentum fraco, risco elevado, tendência não confirmada"
WEB311,WEB311,15.69,-3.8,3878.0,,https://icons.brapi.dev/icons/BRAPI.svg,Miscellaneous,,fund,etf,ETF,60845.82,16.309999465942383,0.3648535335788732,0.12560384565718818,0.051579576096384194,-0.6375555674235026,0.6081955218773492,-0.7553803650631933,12.690199928283691,17.115399961471557,90190.41807642436,0.0,0.0,0.1313768097232194,False,,79.4776119402985,5.690298507462684,24.44029850746269,35.0,,,,,,,,,,,40.752798507462686,,14.285714285714285,RISK_ON,75.0,25.650559701492536,15.450930962265105,16.309999465942383,EVITAR_AGORA,momentum,"risco elevado, liquidez baixa, tendência não confirmada"
BABA34,BABA34,21.91,2.91,290525.0,1494271712063.152,https://icons.brapi.dev/icons/BRAPI.svg,Retail Trade,,bdr,bdr,AÇÃO GLOBAL / BDR,6365402.75,21.290000915527344,0.016714439949534476,-0.037613964466675975,-0.2106311730368201,-0.11350814387194719,0.4624299321913908,-0.5120731836189605,20.99900001525879,25.238803462982176,6856262.886161562,0.00876636881043446,1.0,-0.33698282595649587,False,False,14.303482587064677,13.619402985074627,89.73880597014924,35.0,,,,,,,,,,,26.81981343283582,,16.793893129770993,RISK_ON,85.0,25.619687877406857,20.437387328498044,21.290000915527344,EVITAR_AGORA,liquidez,"momentum fraco, risco elevado, tendência não confirmada"
ABCP11,ABCP11,74.1,1.17,789.0,,https://icons.brapi.dev/icons/ABCP11.svg,,Shoppings,fund,fii,FII,58464.899999999994,73.23999786376953,0.001641175527838934,-0.03628408544239492,-0.0658650965724884,-0.05517044398179216,0.24128947937090314,-0.14653388507587584,73.04758834838867,74.97674530029298,53629.18776981414,0.09694156481553146,12.0,-0.023498409831522404,False,,32.649253731343286,51.77238805970149,16.791044776119403,35.0,,,,,,,,,,,38.230751202664365,43.59504132231405,14.87603305785124,RISK_ON,75.0,25.559373381028742,71.70955422350937,73.23999786376953,EVITAR_AGORA,sem vantagem clara,"momentum fraco, liquidez baixa, tendência não confirmada"
MBRF3,MBRF Global Foods Company S.A.,,,,,,,,,,AÇÃO B3,,18.76000022888184,,,,,,,,,,,,,False,,,,,,,,,,,,,,,,41.49358974358975,,16.77018633540373,RISK_ON,,25.475188127090302,17.737813504586274,18.76000022888184,AGUARDAR,,"score,quality,valuation,risk,trend"
SMRE11,SMRE11,55.02,-0.51,3940.0,,https://icons.brapi.dev/icons/SMRE11.svg,,Multicategoria,fund,fii,FII,216778.80000000002,55.29999923706055,-0.06526524228749653,-0.022042848591654063,-0.10709613575997146,-0.1658796457565832,0.3978221931434099,-0.2788633390359263,54.498898391723635,57.69916013717651,160242.43426107982,0.22195479510557087,11.0,-0.06472944901900546,False,,28.544776119402986,26.026119402985074,32.46268656716418,35.0,,,,,,,,,,,37.778117676082395,55.99173553719008,14.46280991735537,RISK_ON,75.0,25.179590477365238,53.39478084959923,55.29999923706055,EVITAR_AGORA,sem vantagem clara,"momentum fraco, risco elevado, liquidez baixa, tendência não confirmada"
PAGS34,PAGS34,9.18,0.44,18030.0,12763187884.117952,https://icons.brapi.dev/icons/BRAPI.svg,Commercial Services,,bdr,bdr,AÇÃO GLOBAL / BDR,165515.4,9.140000343322754,-0.07769924479771129,-0.05284966791378942,-0.1398799366001493,0.0468080333030525,0.38618237397075106,-0.2953799132751176,9.309599990844726,10.0109526014328,920455.8390294483,0.07080054438649476,3.0,-0.26623158951982506,False,False,15.422885572139306,25.466417910447763,64.36567164179104,35.0,,,,,,,,,,,26.802276119402983,,16.030534351145036,RISK_ON,85.0,25.08182926968212,8.834318747674397,9.140000343322754,EVITAR_AGORA,sem vantagem clara,"momentum fraco, risco elevado, tendência não confirmada"
RBIF11,RBIF11,67.0,-0.09,573.0,,https://icons.brapi.dev/icons/BRAPI.svg,Finance,,fund,etf,ETF,38391.0,67.0,-0.07967027180034125,-0.08532032605411344,-0.0955800144512361,0.07203664187740788,0.15005054503130907,-0.11287761555472364,72.17754867553711,71.75592418670654,168378.29719943093,0.1664179104477612,11.0,-0.015782780824400877,False,,25.37313432835821,69.77611940298507,33.2089552238806,35.0,,,,,,,,,,,40.69776119402985,,13.392857142857142,RISK_ON,75.0,25.01455223880597,66.12935118821294,67.0,EVITAR_AGORA,sem vantagem clara,"momentum fraco, liquidez baixa, tendência não confirmada"
ECOR3,EcoRodovias Infraestrutura e Logística S.A.,,,,,,,,,,AÇÃO B3,,6.960000038146973,,,,,,,,,,,,,False,,,,,,,,,,,,,,,,41.30952380952381,,16.149068322981368,RISK_ON,,24.998990683229813,6.586225738281385,6.960000038146973,AGUARDAR,,"score,quality,momentum,risk,trend"
BIME11,BIME11,4.53,3.42,4780.0,,https://icons.brapi.dev/icons/BRAPI.svg,,,fund,fii,FII,21653.4,4.380000114440918,-0.03490055737211273,-0.17983394575142153,-0.3012741640891613,-0.27576517906498554,0.2563580177224091,-0.3319829905103143,4.600719327926636,5.46032011270523,24529.929347446985,0.18493150201741307,12.0,-0.2589074773481953,False,,5.348258706467661,32.83582089552239,11.380597014925373,35.0,,,,,,,,,,,36.89953538094651,73.96694214876034,14.049586776859504,RISK_ON,75.0,24.714617819990956,4.2827586124547805,4.380000114440918,EVITAR_AGORA,sem vantagem clara,"momentum fraco, risco elevado, liquidez baixa, tendência não confirmada"
PGMN3,Empreendimentos Pague Menos S.A.,,,,,,,,,,AÇÃO B3,,3.430000066757202,,,,,,,,,,,,,False,,,,,,,,,,,,,,,,41.160714285714285,,15.527950310559005,RISK_ON,,24.53072593167702,3.2452306565701816,3.430000066757202,AGUARDAR,,"score,quality,momentum,risk,trend"
MCDC34,MCDC34,68.53,1.98,8484.0,970124118287.6357,https://icons.brapi.dev/icons/BRAPI.svg,Consumer Services,,bdr,bdr,AÇÃO GLOBAL / BDR,581408.52,67.19999694824219,-0.02848057355577005,-0.04950987596848033,-0.20898694007868424,-0.195608266568864,0.29056477155244737,-0.2516653539708882,69.61879928588867,76.8237650680542,484847.87668222096,0.020119018770809117,4.0,-0.33533859299836,False,False,13.121890547263682,34.70149253731343,52.79850746268657,35.0,,,,,,,,,,,26.693544776119403,,15.267175572519085,RISK_ON,85.0,24.52573185598724,65.50899992238145,67.19999694824219,EVITAR_AGORA,sem vantagem clara,"momentum fraco, risco elevado, tendência não confirmada"
RENV11,RENV11,5.88,2.08,3204.0,6037549.0,https://icons.brapi.dev/icons/RENV11.svg,Finance,Multicategoria,fund,fii,FII,18839.52,5.760000228881836,0.026737984277633853,-0.034920585209215926,-0.12602630227883238,0.11730597420731281,0.5319591472411215,-0.30665289280900254,5.668567638397217,5.859209988117218,18913.12212262835,0.15885416035436947,12.0,-0.08365961553786638,False,,23.383084577114428,19.21641791044776,9.328358208955224,35.0,,,,,,,,,,,36.285477570823566,68.59504132231406,13.636363636363635,RISK_ON,75.0,24.302550059619257,5.494642700412556,5.760000228881836,EVITAR_AGORA,sem vantagem clara,"momentum fraco, risco elevado, liquidez baixa, tendência não confirmada"
AURO11,AURO11,98.33,-1.01,3298.0,,https://icons.brapi.dev/icons/BRAPI.svg,Miscellaneous,,fund,etf,ETF,324292.33999999997,99.33000183105469,0.10018551935024123,0.0035029464846247915,-0.11693747518812259,,0.20412227104823763,-0.23417209538139383,92.9988934326172,100.72764434814454,340205.69961717393,0.1309118268427795,12.0,-0.03714024156128737,False,,34.39054726368159,43.843283582089555,46.082089552238806,35.0,,,,,,,,,,,39.16915422885572,,12.5,RISK_ON,75.0,24.083830845771143,97.57409500646453,99.33000183105469,EVITAR_AGORA,sem vantagem clara,"momentum fraco, tendência não confirmada"
JALL3,Jalles Machado S/A,,,,,,,,,,AÇÃO B3,,2.619999885559082,,,,,,,,,,,,,False,,,,,,,,,,,,,,,,36.5,,14.906832298136646,RISK_ON,,24.04728260869565,2.477037819240709,2.619999885559082,AGUARDAR,,"score,quality,trend"
DVLP11,DVLP11,142.31,0.0,4724.0,,https://icons.brapi.dev/icons/BRAPI.svg,,Multicategoria,fund,fii,FII,672272.4400000001,142.30999755859375,-0.027073164370771785,-0.027073164370771785,-0.027073164370771785,0.12581735254458226,0.12036178069898645,-0.05309731907663462,145.6387908935547,142.58342594146728,16006.486392066592,0.02824819105449589,1.0,0.015293522370194212,False,,43.22139303482587,87.22014925373134,8.955223880597014,35.0,,,,,,,,,,,36.04471855598043,8.057851239669422,13.223140495867769,RISK_ON,75.0,23.965142058303524,140.8266099487237,142.30999755859375,EVITAR_AGORA,risco controlado,"liquidez baixa, tendência não confirmada"
IBMB34,IBMB34,1224.53,-0.43,248.0,1148253697403.0005,https://icons.brapi.dev/icons/BRAPI.svg,Technology Services,,bdr,bdr,AÇÃO GLOBAL / BDR,303683.44,1229.8199462890625,0.057811327807343105,-0.18342924726114007,-0.0015510880906245417,-0.03401375089662151,0.6819051172662096,-0.3894175674694016,1249.8735986328124,1363.773931274414,805735.6412043496,0.022081068925529683,4.0,-0.1279027410103003,False,False,24.00497512437811,12.873134328358205,61.19402985074627,35.0,,,,,,,,,,,26.428731343283577,,14.50381679389313,RISK_ON,85.0,23.938418024381907,1157.1932793033814,1229.8199462890625,EVITAR_AGORA,sem vantagem clara,"momentum fraco, risco elevado, tendência não confirmada"
GRWA11,GRWA11,7.38,0.14,258.0,,https://icons.brapi.dev/icons/BRAPI.svg,,Outros,fund,fi-agro,FIAGRO,1904.04,7.380000114440918,-0.0027027000903735443,-0.004263266227449103,-0.027644408826337785,0.12193921078802683,0.2785344859366504,-0.11018732841388046,7.408703260421753,7.338233277797699,12307.353742243751,0.13685636644146773,11.0,0.05215282480049743,False,,52.114427860696516,54.66417910447761,7.649253731343284,35.0,,,,,,,,,,,37.01205665222275,26.61290322580645,12.903225806451612,RISK_ON,75.0,23.93466939496068,7.201981271479828,7.380000114440918,EVITAR_AGORA,sem vantagem clara,"liquidez baixa, tendência não confirmada"
BTRU11,BTRU11,89.0,3.38,236.0,,https://icons.brapi.dev/icons/BRAPI.svg,,,fund,fii,FII,21004.0,89.0,0.03567801510483326,-0.059070936633285664,-0.10449532995103106,-0.027733423747211883,0.3012720772217001,-0.248489493815785,84.35656204223633,93.75832244873047,9749579.347888885,0.10808988764044943,10.0,-0.06212864321006506,False,,23.6318407960199,33.86194029850746,92.16417910447761,35.0,,,,,,,,,,,35.54225155215658,23.03719008264463,12.8099173553719,RISK_ON,75.0,23.575392459191647,86.67790747630839,89.0,EVITAR_AGORA,liquidez,"momentum fraco, risco elevado, tendência não confirmada"
CAML3,Camil Alimentos S.A.,,,,,,,,,,AÇÃO B3,,4.920000076293945,,,,,,,,,,,,,False,,,,,,,,,,,,,,,,38.37179487179488,,14.285714285714285,RISK_ON,,23.533653846153847,4.755741729794149,4.920000076293945,AGUARDAR,,"score,quality,momentum,trend"
BEST11,BEST11,110.24,0.55,5977.0,,https://icons.brapi.dev/icons/BRAPI.svg,Miscellaneous,,fund,etf,ETF,658904.48,109.63999938964844,-0.02844207183982783,-0.019329281420719324,-0.14255226539307075,,0.19097612995696503,-0.20805012328644157,112.98592102050782,115.53944072723388,529766.5660675291,0.03540258137183529,9.0,-0.06275503176623554,False,,26.67910447761194,48.507462686567166,53.917910447761194,35.0,,,,,,,,,,,39.13992537313433,,11.607142857142858,RISK_ON,75.0,23.452985074626866,107.8266614655743,109.63999938964844,EVITAR_AGORA,sem vantagem clara,"momentum fraco, tendência não confirmada"
TSLA34,TSLA34,56.72,-1.01,1504848.0,7125735789384.377,https://icons.brapi.dev/icons/BRAPI.svg,Consumer Durables,,bdr,bdr,AÇÃO GLOBAL / BDR,85354978.56,57.29999923706055,0.2106485742720643,-0.15920766024778799,-0.1238532431167173,-0.0188356551383122,0.5393921736450863,-0.44094023406902105,57.93500022888183,65.14815019607543,64817000.15909328,0.0,0.0,-0.25020489603639307,False,False,10.074626865671641,12.96641791044776,98.50746268656717,35.0,,,,,,,,,,,26.214776119402984,,13.740458015267176,RISK_ON,85.0,23.36127583456762,54.62335970056899,57.29999923706055,EVITAR_AGORA,liquidez,"momentum fraco, risco elevado, tendência não confirmada"
AZEV3,Azevedo & Travassos S.A.,,,,,,,,,,AÇÃO B3,,8.210000038146973,,,,,,,,,,,,,False,,,,,,,,,,,,,,,,40.5654761904762,,13.664596273291925,RISK_ON,,23.09244953416149,5.841244574261623,8.210000038146973,AGUARDAR,,"score,quality,valuation,risk,trend"
PSEC11,PSEC11,50.81,1.72,26884.0,,https://icons.brapi.dev/icons/RVBI11.svg,,Outros,fund,fii,FII,1365976.04,49.95000076293945,-0.06462593125099425,-0.13070380293472683,-0.12257483524439206,-0.12466338652856224,0.1414945188986269,-0.19644683988689537,53.3542724609375,56.282143421173096,2151939.839389438,0.0860860847712018,7.0,-0.08020814850342606,False,,15.92039800995025,58.58208955223881,76.49253731343283,35.0,,,,,,,,,,,34.18189424776942,13.946280991735538,12.396694214876034,RISK_ON,75.0,23.01406479996711,49.33792420351753,49.95000076293945,EVITAR_AGORA,liquidez,"momentum fraco, tendência não confirmada"
GLDI11,GLDI11,58.2,-3.56,11099.0,,https://icons.brapi.dev/icons/BRAPI.svg,Miscellaneous,,fund,etf,ETF,645961.8,58.20000076293945,0.08541592544365417,0.0034482890161975366,-0.13030480640467856,,0.2774416863962342,-0.24649939196305126,54.822799835205075,57.74694986343384,777607.363873618,0.0,0.0,-0.050507572777843346,False,,32.08955223880597,35.72761194029851,60.634328358208954,35.0,,,,,,,,,,,38.7919776119403,,10.714285714285714,RISK_ON,75.0,22.75839552238806,56.80162033240841,58.20000076293945,EVITAR_AGORA,sem vantagem clara,"momentum fraco, tendência não confirmada"
ITIP11,ITIP11,54.2,2.28,417.0,,https://icons.brapi.dev/icons/BRAPI.svg,,Outros,fund,fii,FII,22601.4,54.20000076293945,-0.02802594219341581,-0.17492187770390943,-0.12603266196657648,-0.050314047549517404,0.24229337536925735,-0.2307990614375115,56.98716644287109,60.89063997268677,192984.47115216937,0.14428044077348265,11.0,-0.08366597522561048,False,,13.868159203980099,39.92537313432836,35.26119402985074,35.0,,,,,,,,,,,33.69799144772008,42.768595041322314,11.983471074380166,RISK_ON,75.0,22.628028041610133,53.062710124078095,54.20000076293945,EVITAR_AGORA,sem vantagem clara,"momentum fraco, tendência não confirmada"
FSLR34,FSLR34,52.99,-2.32,8146.0,113674461945.16296,https://icons.brapi.dev/icons/BRAPI.svg,Electronic Technology,,bdr,bdr,AÇÃO GLOBAL / BDR,431656.54000000004,54.25,0.0700197077640976,-0.29843395503189063,0.06529211217974229,0.01009160302090395,0.4960399889130257,-0.41130977452295725,57.64642021179199,60.48176507949829,80376.15223645407,0.0,0.0,-0.06105954073993347,False,False,32.40049751243781,15.764925373134332,23.134328358208954,35.0,,,,,,,,,,,25.13798507462686,,12.977099236641221,RISK_ON,85.0,22.611566480574226,51.9195109680729,54.25,EVITAR_AGORA,sem vantagem clara,"momentum fraco, risco elevado, liquidez baixa, tendência não confirmada"
NATU3,Natura Cosméticos S.A.,,,,,,,,,,AÇÃO B3,,8.90999984741211,,,,,,,,,,,,,False,,,,,,,,,,,,,,,,38.01923076923077,,13.043478260869565,RISK_ON,,22.584761705685622,8.513475939559365,8.90999984741211,AGUARDAR,,"score,quality,valuation,trend"
BNFS11,BNFS11,39.68,0.53,797.0,,https://icons.brapi.dev/icons/BRAPI.svg,,Varejo,fund,fii,FII,31624.96,39.470001220703125,0.011159789809658038,-0.012806352952490996,-0.39795063495264693,-0.3744207307690657,0.20250420585277598,-0.4700710757055212,39.15482131958008,53.36843860626221,30999.3618526156,0.19128451397259683,11.0,-0.35558394821168093,False,,16.85323383084577,32.83582089552239,12.313432835820896,35.0,,,,,,,,,,,33.4681900415279,53.71900826446281,11.570247933884298,RISK_ON,75.0,22.29281156202459,38.77780086342042,39.470001220703125,EVITAR_AGORA,sem vantagem clara,"momentum fraco, risco elevado, liquidez baixa, tendência não confirmada"
DVER11,DVER11,12.57,0.64,2000.0,,https://icons.brapi.dev/icons/BRAPI.svg,Miscellaneous,,fund,etf,ETF,25140.0,12.569999694824219,-0.012568723736497645,0.011263023830348828,-0.11665494735154647,0.12735427128930432,0.17934097692163242,-0.18421052110179503,12.46879997253418,12.879449996948242,112815.8951434635,0.0,0.0,-0.03685771372471125,False,,35.75870646766169,52.05223880597015,27.985074626865668,35.0,,,,,,,,,,,38.60696517412936,,9.821428571428571,RISK_ON,75.0,22.096393034825873,12.37477020022828,12.569999694824219,EVITAR_AGORA,sem vantagem clara,"liquidez baixa, tendência não confirmada"
INBR32,INTER CO INC,27.62,-0.25,2113825.0,12246395773.409206,https://icons.brapi.dev/icons/BRAPI.svg,Finance,,bdr,bdr,AÇÃO GLOBAL / BDR,58383846.5,27.690000534057617,0.005446609061138474,-0.10590890707196476,-0.39673203456331696,-0.3668287081156074,0.3888815014011464,-0.5032895187528368,28.005199851989747,38.3193063545227,61497895.74636944,0.021296243720714297,1.0,-0.5230836874829927,False,False,4.601990049751244,16.7910447761194,98.32089552238806,35.0,,,,,,,,,,,25.03451492537313,,12.213740458015266,RISK_ON,85.0,22.05652130568531,26.757453209138458,27.690000534057617,EVITAR_AGORA,liquidez,"momentum fraco, risco elevado, tendência não confirmada"
MMVE11,MMVE11,145.0,-1.36,210.0,,https://icons.brapi.dev/icons/BRAPI.svg,Miscellaneous,Outros,fund,fii,FII,30450.0,145.0,-0.013605442176870763,-0.013605442176870763,-0.013538372806283117,-0.07936507936507942,0.02721088435374153,-0.1771935841393849,146.84,145.55006210327147,18247.0,0.0,0.0,0.02882831393468288,False,,49.44029850746269,73.32089552238807,9.14179104477612,35.0,,,,,,,,,,,33.415745651905766,3.925619834710744,11.15702479338843,RISK_ON,75.0,21.993066485753054,144.65830290190817,145.0,EVITAR_AGORA,sem vantagem clara,"liquidez baixa, tendência não confirmada"
LAVV3,Lavvi Empreendimentos Imobiliários S.A.,,,,,,,,,,AÇÃO B3,,10.109999656677246,,,,,,,,,,,,,False,,,,,,,,,,,,,,,,38.83854166666667,,12.422360248447205,RISK_ON,,21.834324048913047,9.663186459136572,10.109999656677246,AGUARDAR,,"score,quality,valuation,momentum,trend"
PICE11,PICE11,32.75,5.65,4694.0,,https://icons.brapi.dev/icons/BRAPI.svg,,,fund,fip,FIP,153728.5,32.75,0.07341854324201869,-0.06827884556738706,0.0615883175052252,-0.10257127505890373,0.3503291266629223,-0.20945505885576055,31.60600009918213,32.08779998779297,71196.97511757744,0.015267175572519083,1.0,0.14138555113206042,False,,57.46268656716418,35.07462686567164,21.828358208955223,35.0,,,,,,,,,,,32.682628524046436,11.11111111111111,11.11111111111111,RISK_ON,75.0,21.814303482587064,31.75638490094456,32.75,EVITAR_AGORA,sem vantagem clara,"liquidez baixa, tendência não confirmada"
BTYU11,BTYU11,6.2,7.45,1517.0,,https://icons.brapi.dev/icons/BTYU11.svg,,Outros,fund,fii,FII,9405.4,5.769999980926514,-0.15648598769294042,-0.22865408165340262,-0.3336389822974346,-0.3264345464773454,0.39971299764920765,-0.43022554237194477,6.9445543956756595,7.925766172409058,4599.419595831916,0.18610970598782683,12.0,-0.2912722955564686,False,,3.3582089552238803,18.843283582089555,2.9850746268656714,35.0,,,,,,,,,,,32.71773775749352,74.17355371900827,10.743801652892563,RISK_ON,75.0,21.5642087085235,5.57026473250884,5.769999980926514,EVITAR_AGORA,sem vantagem clara,"momentum fraco, risco elevado, liquidez baixa, tendência não confirmada"
S1BS34,S1BS34,32.39,1.7,28863.0,45722341709.269005,https://icons.brapi.dev/icons/BRAPI.svg,Non-Energy Minerals,,bdr,bdr,AÇÃO GLOBAL / BDR,934872.5700000001,31.850000381469727,0.4590013968292579,0.05393782611354725,-0.2577281767437122,0.42835063239427074,0.6404724720856689,-0.6155003988491569,24.60599998474121,32.637470655441284,313787.84156923444,0.02012131844032421,1.0,-0.38407982966338794,False,False,29.166666666666668,6.623134328358208,44.58955223880597,35.0,,,,,,,,,,,24.480335820895522,,11.450381679389313,RISK_ON,85.0,21.411334339751622,30.08339096177709,31.850000381469727,EVITAR_AGORA,sem vantagem clara,"momentum fraco, risco elevado, tendência não confirmada"
FNAM11,FNAM11,0.4,5.26,333801000.0,,https://icons.brapi.dev/icons/BRAPI.svg,,,fund,etf,ETF,133520400.0,0.0003800000122282654,0.11764709910564775,0.027027075923163668,0.0,0.0,0.38104134913299226,-0.24999998346373287,0.0003531999990809709,0.00036710000058519653,8430.689077230267,0.0,0.0,0.07979723362683522,False,,63.24626865671642,29.011194029850753,5.410447761194029,35.0,,,,,,,,,,,37.94309701492537,,8.928571428571429,RISK_ON,75.0,21.338619402985074,0.0003674603352715673,0.0003800000122282654,EVITAR_AGORA,sem vantagem clara,"risco elevado, liquidez baixa, tendência não confirmada"
HGAG11,HGAG11,12.11,0.0,85.0,,https://icons.brapi.dev/icons/BRAPI.svg,,Outros,fund,fi-agro,FIAGRO,1029.35,12.109999656677246,-0.1812404931053877,0.08171936939872415,0.056252949284656184,0.4493861862048325,1.5918626391417212,-0.46326197453976803,13.638627281188965,12.819546937942505,679.1115211607918,0.1742361733954784,9.0,0.1360501829114914,False,,77.92288557213931,6.529850746268663,1.3059701492537312,35.0,,,,,,,,,,,34.700329000160494,33.87096774193549,9.67741935483871,RISK_ON,75.0,21.214259348419198,10.44052299387586,12.109999656677246,EVITAR_AGORA,momentum,"risco elevado, liquidez baixa, tendência não confirmada"
VIUR11,VIUR11,2.27,-0.44,36182.0,,https://icons.brapi.dev/icons/BRAPI.svg,,Outros,fund,fii,FII,82133.14,2.2799999713897705,0.02702700090373522,-0.0952380997433594,-0.593369478030501,-0.5067582741277298,0.20145469003475724,-0.655613885077853,2.2811999845504762,3.941295999288559,130374.80179486578,0.3625631624443049,7.0,-0.551002791289535,False,,4.788557213930348,28.91791044776119,30.223880597014922,35.0,,,,,,,,,,,32.27260803420912,54.02892561983471,10.330578512396695,RISK_ON,75.0,21.18592656551951,2.240221979412709,2.2799999713897705,EVITAR_AGORA,sem vantagem clara,"momentum fraco, risco elevado, liquidez baixa, tendência não confirmada"
RAPT4,Randoncorp S.A.,,,,,,,,,,AÇÃO B3,,4.820000171661377,,,,,,,,,,,,,False,,,,,,,,,,,,,,,,37.58928571428572,,11.801242236024844,RISK_ON,,21.118458850931674,4.647689015487369,4.820000171661377,AGUARDAR,,"score,quality,momentum,risk,trend"
C1HK34,C1HK34,60.01,3.66,1998.0,73060321396.79256,https://icons.brapi.dev/icons/BRAPI.svg,Technology Services,,bdr,bdr,AÇÃO GLOBAL / BDR,119899.98,57.88999938964844,0.018950970753643492,0.04372125178741926,-0.1234100759069292,-0.33136985256005924,0.47996431692108793,-0.4596712310853497,55.37319931030274,66.570758228302,56755.57903877137,0.0,0.0,-0.24976172882660497,False,False,33.395522388059696,14.645522388059703,17.350746268656717,35.0,,,,,,,,,,,24.420708955223876,,10.687022900763358,RISK_ON,85.0,20.865057821579125,55.48373619931389,57.88999938964844,EVITAR_AGORA,sem vantagem clara,"momentum fraco, risco elevado, liquidez baixa, tendência não confirmada"
RBOP11,RBOP11,216.0,0.47,78.0,,https://icons.brapi.dev/icons/BRAPI.svg,,Outros,fund,fii,FII,16848.0,215.0,-0.0608944584652491,-0.02777440444779078,-0.027394832041058303,0.10103302331720054,0.27237802762575347,-0.13704772692020784,222.73568420410157,213.49934280395507,18970.213723076715,0.09558139534883721,8.0,0.014971854699907694,False,,42.78606965174129,50.373134328358205,9.514925373134329,35.0,,,,,,,,,,,31.46695653961597,17.458677685950413,9.917355371900827,RISK_ON,75.0,20.735540068253773,209.92844473583307,215.0,EVITAR_AGORA,sem vantagem clara,"liquidez baixa, tendência não confirmada"
OURO11,OURO11,100.57,-3.14,1542.0,,https://icons.brapi.dev/icons/BRAPI.svg,Miscellaneous,,fund,etf,ETF,155078.94,100.56999969482422,0.08959909392883714,0.010144658105641913,-0.12782931381365725,,0.2658035302022621,-0.24595029343824204,94.27779998779297,,366860.05615307036,0.0,0.0,-0.048032080186822035,False,,33.70646766169154,37.126865671641795,48.134328358208954,35.0,,,,,,,,,,,37.48569651741293,,8.035714285714286,RISK_ON,75.0,20.622139303482587,98.25495262739618,100.56999969482422,EVITAR_AGORA,sem vantagem clara,"momentum fraco, tendência não confirmada"
SIMH3,SIMPAR S.A.,,,,,,,,,,AÇÃO B3,,6.53000020980835,,,,,,,,,,,,,False,,,,,,,,,,,,,,,,36.91964285714285,,11.180124223602485,RISK_ON,,20.53300659937888,6.12587698559936,6.53000020980835,AGUARDAR,,"score,quality,momentum,risk,trend"
RECD11,RECD11,5.35,0.0,8880.0,,https://icons.brapi.dev/icons/BRAPI.svg,,,fund,fii,FII,47508.0,5.349999904632568,-0.24065005247882232,-0.15650995237789156,-0.1395872753773051,-0.10269820032006038,0.7521608657540191,-0.3145799660379278,6.53372555732727,6.345922844409943,13138.881147747948,0.502504681854688,11.0,-0.09722058863633909,False,,12.624378109452735,15.391791044776118,7.835820895522389,35.0,,,,,,,,,,,30.061309156695856,58.88429752066116,9.50413223140496,RISK_ON,75.0,20.16515439332264,5.001506037495331,5.349999904632568,EVITAR_AGORA,sem vantagem clara,"momentum fraco, risco elevado, liquidez baixa, tendência não confirmada"
CSNA3,Companhia Siderúrgica Nacional,,,,,,,,,,AÇÃO B3,,5.369999885559082,,,,,,,,,,,,,False,,,,,,,,,,,,,,,,36.9078947368421,,10.559006211180124,RISK_ON,,20.095580663615557,5.0188761034229685,5.369999885559082,AGUARDAR,,"score,quality,momentum,risk,trend"
CRPT11,CRPT11,12.74,-2.0,56008.0,,https://icons.brapi.dev/icons/BRAPI.svg,Miscellaneous,,fund,etf,ETF,713541.92,13.0,0.15555555555555545,0.0015408673704950804,0.06035887090563752,-0.46633827281286,0.4127945681084413,-0.585999984741211,11.427600021362304,14.077049946784973,51130.01241697584,0.0,0.0,0.14015610453247274,False,,68.34577114427861,13.52611940298507,16.044776119402986,35.0,,,,,,,,,,,37.461131840796014,,7.142857142857142,RISK_ON,75.0,19.9922263681592,12.535262242716025,13.0,EVITAR_AGORA,sem vantagem clara,"risco elevado, liquidez baixa, tendência não confirmada"
V1IP34,V1IP34,36.39,-1.94,2847.0,33208742390.06725,https://icons.brapi.dev/icons/BRAPI.svg,Retail Trade,,bdr,bdr,AÇÃO GLOBAL / BDR,103602.33,36.38999938964844,-0.0013720976658846418,0.011676345696190138,-0.15908926827767578,-0.18883214147899685,0.2986593783373104,-0.37334161850992287,36.142199935913084,40.73089107513428,5076.781536283947,0.04111541701277436,1.0,-0.28544092119735154,False,False,25.124378109452735,27.052238805970152,3.171641791044776,35.0,,,,,,,,,,,22.421455223880596,,9.923664122137405,RISK_ON,85.0,19.9308559302723,35.44878439630806,36.38999938964844,EVITAR_AGORA,sem vantagem clara,"momentum fraco, risco elevado, liquidez baixa, tendência não confirmada"
CACR11,CACR11,16.31,1.18,30071.0,,https://icons.brapi.dev/icons/BRAPI.svg,Miscellaneous,Multicategoria,fund,fii,FII,490458.00999999995,16.1200008392334,0.08228403248341531,-0.2696634048827641,-0.778878682105357,-0.7592224817529227,0.9519361527921635,-0.840293115933435,17.362699108123778,50.238560976982114,623849.683334729,0.6420595199232139,9.0,-0.736511995364391,False,,0.7462686567164178,1.9589552238805945,55.970149253731336,35.0,,,,,,,,,,,29.607925249784135,55.785123966942145,9.090909090909092,RISK_ON,75.0,19.78522141359319,14.791066533595595,16.1200008392334,EVITAR_AGORA,sem vantagem clara,"momentum fraco, risco elevado, tendência não confirmada"
FESA4,Cia de Ferro Ligas da Bahia S.A. - FERBASA,,,,,,,,,,AÇÃO B3,,5.269999980926514,,,,,,,,,,,,,False,,,,,,,,,,,,,,,,36.78508771929825,,9.937888198757763,RISK_ON,,19.633166475972537,5.019289823971117,5.269999980926514,AGUARDAR,,"score,quality,momentum,risk,trend"
ITIT11,ITIT11,63.67,0.47,461.0,,https://icons.brapi.dev/icons/BRAPI.svg,,Outros,fund,fii,FII,29351.87,63.369998931884766,0.01654641273177182,-0.1522142523597002,-0.09235661481594726,0.033770342083797145,0.3035759919423356,-0.2727453536394414,61.44455856323242,67.3985132598877,306316.1057877919,0.1077797083023694,11.0,-0.04998992807498126,False,,19.402985074626866,32.18283582089553,44.02985074626866,35.0,,,,,,,,,,,29.2747563833724,25.619834710743802,8.677685950413224,RISK_ON,75.0,19.429331441963736,61.70397301038189,63.369998931884766,EVITAR_AGORA,sem vantagem clara,"momentum fraco, risco elevado, tendência não confirmada"
SMAC11,SMAC11,54.71,-0.33,37504.0,,https://icons.brapi.dev/icons/BRAPI.svg,Miscellaneous,,fund,etf,ETF,2051843.84,54.88999938964844,0.005864022294553406,-0.06538396360494281,-0.1833060536028258,0.0034734666189935037,0.22683370600863872,-0.23709203256913747,55.13040008544922,59.484749946594235,1999094.7528600541,0.0,0.0,-0.1035088199759906,False,,15.920398009950247,41.69776119402985,74.6268656716418,35.0,,,,,,,,,,,37.26337064676617,,6.25,RISK_ON,75.0,19.327674129353234,53.81171964779934,54.88999938964844,EVITAR_AGORA,sem vantagem clara,"momentum fraco, tendência não confirmada"
RIGG34,RIGG34,30.31,2.23,10569.0,33512182871.184685,https://icons.brapi.dev/icons/BRAPI.svg,Industrial Services,,bdr,bdr,AÇÃO GLOBAL / BDR,320346.39,29.649999618530273,0.16686343158518313,-0.046317160726605966,-0.11466114862590604,0.7648810098230729,0.42143098735045664,-0.34179533574627996,27.435799865722657,28.416100053787233,125215.12324124291,0.0,0.0,-0.2410128015455818,False,False,18.781094527363184,20.98880597014925,29.66417910447761,35.0,,,,,,,,,,,22.056679104477613,,9.16030534351145,RISK_ON,85.0,19.323549561353538,28.56786375742497,29.649999618530273,EVITAR_AGORA,sem vantagem clara,"momentum fraco, risco elevado, liquidez baixa, tendência não confirmada"
EURO11,EURO11,303.98,-0.01,84.0,,https://icons.brapi.dev/icons/BRAPI.svg,Miscellaneous,Logística,fund,fii,FII,25534.32,304.0,-0.028907567416123547,-0.11286619697676348,-0.022800406949373686,0.4266527087322376,0.27723245206132224,-0.17375974564541652,308.13545654296877,307.7152487182617,47862.468886602495,0.07957236842105263,11.0,0.01956627979159231,False,,35.32338308457711,44.123134328358205,15.485074626865671,35.0,,,,,,,,,,,29.26059166975042,17.355371900826448,8.264462809917356,RISK_ON,75.0,19.137242300892233,296.7012534743479,304.0,EVITAR_AGORA,sem vantagem clara,"liquidez baixa, tendência não confirmada"
INFB11,INFB11,76.67,0.39,302.0,,https://icons.brapi.dev/icons/BRAPI.svg,,,fund,fi-infra,FI-INFRA,23154.34,76.66999816894531,0.008019992505017282,-0.06390680063401744,-0.2052291549502181,0.022910539796983098,0.38502775084882224,-0.46205953900226826,76.78621994018555,86.63810630798339,46364.92214372423,0.11738620340342452,9.0,-0.12543192132338288,False,,14.80099502487562,18.750000000000004,15.111940298507461,35.0,,,,,,,,,,,23.092039800995025,32.5,10.0,RISK_ON,75.0,19.118407960199004,74.1134845126854,76.66999816894531,EVITAR_AGORA,sem vantagem clara,"momentum fraco, risco elevado, liquidez baixa, tendência não confirmada"
BRAP4,Bradespar S.A.,,,,,,,,,,AÇÃO B3,,22.350000381469727,,,,,,,,,,,,,False,,,,,,,,,,,,,,,,34.028822055137844,,9.316770186335404,RISK_ON,,19.0782240928408,21.73136059655094,22.350000381469727,AGUARDAR,,"score,quality,valuation,trend"
TRUE11,TRUE11,24.01,0.0,1062.0,,https://icons.brapi.dev/icons/BRAPI.svg,Miscellaneous,Logística,fund,fii,FII,25498.620000000003,24.010000228881836,0.0029239637954325826,-0.0012479486482103175,0.00041667620340990474,,0.37440361727569876,-0.14509806913488055,23.78659999847412,,24783.857722781955,0.0,0.0,0.0427833629443759,False,,54.91293532338309,42.537313432835816,11.567164179104477,35.0,,,,,,,,,,,28.754054109617208,3.925619834710744,7.851239669421488,RISK_ON,75.0,18.746678590518485,23.231492673225773,24.010000228881836,EVITAR_AGORA,sem vantagem clara,"liquidez baixa, tendência não confirmada"
CSAN3,Cosan S.A.,,,,,,,,,,AÇÃO B3,,3.7100000381469727,,,,,,,,,,,,,False,,,,,,,,,,,,,,,,36.25,,8.695652173913043,RISK_ON,,18.643206521739128,3.4627096325392235,3.7100000381469727,AGUARDAR,,"score,quality,momentum,risk,trend"
M1CH34,M1CH34,190.76,-1.57,1324.0,204871299787.89447,https://icons.brapi.dev/icons/BRAPI.svg,Electronic Technology,,bdr,bdr,AÇÃO GLOBAL / BDR,252566.24,193.8000030517578,0.04301764737909819,-0.19754304647351784,-0.007946580284307614,0.059028949183961954,0.5942076452265932,-0.28882363714814807,213.01904815673828,197.1859210205078,33230.94421338278,0.017160618924819127,4.0,-0.13429823320398337,False,False,22.885572139303488,18.843283582089555,12.686567164179104,35.0,,,,,,,,,,,20.718582089552243,,8.396946564885496,RISK_ON,85.0,18.521579013330296,183.82707590478276,193.8000030517578,EVITAR_AGORA,sem vantagem clara,"momentum fraco, risco elevado, liquidez baixa, tendência não confirmada"
BREW11,BREW11,139.63,0.03,423.0,,https://icons.brapi.dev/icons/BRAPI.svg,Miscellaneous,,fund,etf,ETF,59063.49,139.58999633789062,0.0,-0.020970721382841395,-0.12372885333507022,0.10278080517173849,0.18208946240336238,-0.1825796109486898,139.20279998779296,144.77765007019042,66444.91372608003,0.0,0.0,-0.043931619708235004,False,,28.855721393034827,52.23880597014926,21.26865671641791,35.0,,,,,,,,,,,35.03233830845771,,5.357142857142857,RISK_ON,75.0,18.25646766169154,137.38874445090957,139.58999633789062,EVITAR_AGORA,sem vantagem clara,"momentum fraco, liquidez baixa, tendência não confirmada"
MAXR11,MAXR11,50.0,1.65,257.0,,https://icons.brapi.dev/icons/BRAPI.svg,Miscellaneous,Multicategoria,fund,fii,FII,12850.0,49.189998626708984,-0.05709695091382494,-0.1359337124454676,-0.1978542825083347,-0.17588511326571277,0.2981415056751862,-0.25679654349103465,51.22513999938965,57.8451270866394,39809.727118900846,0.07399567191741394,12.0,-0.1554875957673687,False,,9.45273631840796,33.48880597014925,14.365671641791044,35.0,,,,,,,,,,,27.63016940092924,38.429752066115704,7.43801652892562,RISK_ON,75.0,18.232645450433782,47.91992212052565,49.189998626708984,EVITAR_AGORA,sem vantagem clara,"momentum fraco, risco elevado, liquidez baixa, tendência não confirmada"
EVEN3,Even Construtora e Incorporadora S.A.,,,,,,,,,,AÇÃO B3,,4.409999847412109,,,,,,,,,,,,,False,,,,,,,,,,,,,,,,33.55729166666667,,8.074534161490684,RISK_ON,,18.10256453804348,4.226723969921744,4.409999847412109,AGUARDAR,,"score,quality,momentum,trend"
FZDA11,FZDA11,123.39,3.7,2.0,,https://icons.brapi.dev/icons/BRAPI.svg,,Outros,fund,fi-agro,FIAGRO,246.78,123.38999938964844,-0.05084615854116592,0.03689075117351637,0.04293806048418514,,0.5320090403071414,-0.21120000203450517,125.84379989624023,125.5175,3797.9488765171595,0.0,0.0,0.12273529411102035,False,,71.95273631840796,26.30597014925373,2.2388059701492535,35.0,,,,,,,,,,,30.044876424329964,4.838709677419355,6.451612903225806,RISK_ON,75.0,18.025104317124057,117.70501068678311,123.38999938964844,EVITAR_AGORA,sem vantagem clara,"risco elevado, liquidez baixa, tendência não confirmada"
GPSI34,GPSI34,123.65,13.57,1993.0,43726360134.50595,https://icons.brapi.dev/icons/BRAPI.svg,Retail Trade,,bdr,bdr,AÇÃO GLOBAL / BDR,246434.45,108.87999725341797,0.053099892602564314,0.03332378048391971,-0.23660537379118152,-0.04508146783625533,0.45939678819595914,-0.4018093055825953,103.73115539550781,123.31577091217041,3731.5477353050596,0.022542717321045395,4.0,-0.3629570267108573,False,False,26.305970149253728,17.63059701492537,2.0522388059701493,35.0,,,,,,,,,,,20.25033582089552,,7.633587786259542,RISK_ON,85.0,17.89357861456078,104.54821430411647,108.87999725341797,EVITAR_AGORA,sem vantagem clara,"momentum fraco, risco elevado, liquidez baixa, tendência não confirmada"
ROOF11,ROOF11,249.99,-9.03,30.0,,https://icons.brapi.dev/icons/BRAPI.svg,,Multicategoria,fund,fii,FII,7499.700000000001,249.99000549316406,-0.09031691818321741,-0.2857428414481027,-0.2654308726854363,-0.150638368687662,0.46338999431555666,-0.3346293769138191,302.91499969482425,335.5654955291748,127.76698666527157,0.4000417968818944,4.0,-0.2230641859444703,False,,5.1616915422885565,20.055970149253728,0.18656716417910446,35.0,,,,,,,,,,,26.946840179268946,53.925619834710744,7.024793388429752,RISK_ON,75.0,17.806723407754617,239.95771890680624,249.99000549316406,EVITAR_AGORA,sem vantagem clara,"momentum fraco, risco elevado, liquidez baixa, tendência não confirmada"
EQTL3,Equatorial S.A.,,,,,,,,,,AÇÃO B3,,36.709999084472656,,,,,,,,,,,,,False,,,,,,,,,,,,,,,,35.3475935828877,,7.453416149068323,RISK_ON,,17.570599860497556,35.80786597787495,36.709999084472656,AGUARDAR,,"score,quality,valuation,momentum,trend"
XLPR11,XLPR11,68.5,-0.72,320.0,,https://icons.brapi.dev/icons/RRCI11.svg,,Outros,fund,fii,FII,21920.0,69.0,0.03436886863503208,0.02324750989846125,-0.12316348686267575,-0.007477962289296869,0.46970211483735685,-0.2121179157316797,67.72191688537598,73.10009378433227,110424.12246855478,0.08592402898550724,8.0,-0.08079680012170976,False,,34.017412935323385,28.171641791044777,27.425373134328357,35.0,,,,,,,,,,,26.255071748694544,14.152892561983471,6.6115702479338845,RISK_ON,75.0,17.379113523292627,66.19325965074304,69.0,EVITAR_AGORA,sem vantagem clara,"momentum fraco, risco elevado, liquidez baixa, tendência não confirmada"
NIKE34,NIKE34,20.24,1.96,68225.0,303913847941.0243,https://icons.brapi.dev/icons/BRAPI.svg,Consumer Non-Durables,,bdr,bdr,AÇÃO GLOBAL / BDR,1380874.0,19.850000381469727,-0.10302751313877112,-0.1519707271441283,-0.3867805225723746,-0.5264568284730977,0.3737892589593794,-0.5229121970272084,21.590800132751465,26.976922826766966,830796.045355933,0.043354709494281655,4.0,-0.5131321754920504,False,False,3.35820895522388,18.09701492537313,61.56716417910447,35.0,,,,,,,,,,,19.704925373134326,,6.870229007633588,RISK_ON,85.0,17.250145379970377,19.207434046188776,19.850000381469727,EVITAR_AGORA,sem vantagem clara,"momentum fraco, risco elevado, tendência não confirmada"
IRBR3,IRB-Brasil Resseguros S.A.,,,,,,,,,,AÇÃO B3,,55.22999954223633,,,,,,,,,,,,,False,,,,,,,,,,,,,,,,33.09523809523809,,6.832298136645963,RISK_ON,,17.129037267080744,52.96937124857365,55.22999954223633,AGUARDAR,,"score,quality,valuation,trend"
HIGH11,HIGH11,77.38,-0.45,28838.0,,https://icons.brapi.dev/icons/BRAPI.svg,Miscellaneous,,fund,etf,ETF,2231484.44,77.7300033569336,-0.03452985598724556,-0.11539773611811865,-0.26787223606009636,-0.13863026155786928,0.2684987071882124,-0.3330244201426764,79.3402000427246,91.79734992980957,1734637.7011321536,0.0,0.0,-0.18807500243326114,False,,8.395522388059701,31.809701492537314,72.38805970149254,35.0,,,,,,,,,,,31.55690298507463,,4.464285714285714,RISK_ON,75.0,16.936380597014924,75.92257322960674,77.7300033569336,EVITAR_AGORA,sem vantagem clara,"momentum fraco, risco elevado, tendência não confirmada"
HUCG11,HUCG11,80.2,-2.79,83.0,,https://icons.brapi.dev/icons/BRAPI.svg,Miscellaneous,Hospital,fund,fii,FII,6656.6,82.5,-0.13021075101994783,-0.04501856984875474,-0.04612305332293021,-0.1301801764118774,0.48091161722703596,-0.22570088724558224,88.21405578613282,88.55494762420655,1682.727940271771,0.09043649696969697,11.0,-0.00375636658196421,False,,35.385572139303484,26.212686567164177,1.4925373134328357,35.0,,,,,,,,,,,24.75688088483204,19.83471074380165,6.198347107438017,RISK_ON,75.0,16.79021915217302,79.06402616067722,82.5,EVITAR_AGORA,sem vantagem clara,"risco elevado, liquidez baixa, tendência não confirmada"
P2LN34,P2LN34,34.05,1.79,2000.0,20838973378.168648,https://icons.brapi.dev/icons/BRAPI.svg,Consumer Services,,bdr,bdr,AÇÃO GLOBAL / BDR,68100.0,34.04999923706055,0.0349543361047282,0.01702508072334763,-0.3369035978799346,-0.5268204603909206,0.37150452619522856,-0.5685102886033744,32.87980030059814,49.16674981117249,7425.565768468948,0.0,0.0,-0.4632552507996104,False,False,21.641791044776117,17.16417910447761,4.850746268656716,35.0,,,,,,,,,,,18.680746268656712,,6.106870229007633,RISK_ON,85.0,16.510958414036686,32.954500584979954,34.04999923706055,EVITAR_AGORA,sem vantagem clara,"momentum fraco, risco elevado, liquidez baixa, tendência não confirmada"
PLPL3,Plano & Plano Desenvolvimento Imobiliário S.A.,,,,,,,,,,AÇÃO B3,,7.239999771118164,,,,,,,,,,,,,False,,,,,,,,,,,,,,,,34.06770833333333,,6.211180124223603,RISK_ON,,16.41306046195652,6.791469114618307,7.239999771118164,AGUARDAR,,"score,quality,momentum,risk,trend"
APXM11,APXM11,58.0,16.0,2771.0,,https://icons.brapi.dev/icons/BRAPI.svg,,Shoppings,fund,fii,FII,160718.0,50.0,-0.19957536065886516,-0.3303922195695571,-0.3171601338464496,-0.35788364972443354,0.6819309715888592,-0.5391130960186095,58.304863128662106,71.22424556732177,113640.3472274296,0.0944559,12.0,-0.2747934471054836,False,,3.2960199004975124,8.022388059701493,28.171641791044777,35.0,,,,,,,,,,,24.078794046297443,42.561983471074385,5.785123966942149,RISK_ON,75.0,16.36534558611899,47.04715227488322,50.0,EVITAR_AGORA,sem vantagem clara,"momentum fraco, risco elevado, liquidez baixa, tendência não confirmada"
TRIG11,TRIG11,42.79,-0.74,2609.0,,https://icons.brapi.dev/icons/BRAPI.svg,Miscellaneous,,fund,etf,ETF,111639.11,43.11000061035156,0.018426618132689088,-0.054397884052113876,-0.20607732567096693,0.0053637951610816526,0.2063896432712032,-0.2639779635670182,42.813800201416015,47.31195007324219,208377.94452491638,0.0,0.0,-0.1262800920441317,False,,15.796019900497512,41.32462686567165,36.75373134328358,35.0,,,,,,,,,,,30.30192786069652,,3.571428571428571,RISK_ON,75.0,16.060385572139303,42.33945817517782,43.11000061035156,EVITAR_AGORA,sem vantagem clara,"momentum fraco, tendência não confirmada"
VPPR11,VPPR11,20.0,0.0,5602.0,,https://icons.brapi.dev/icons/VPPR11.svg,,Escritórios,fund,fii,FII,112040.0,20.0,0.056524018889300365,-0.05303034065949652,-0.11504426272494794,0.5408321036469155,0.2854400082886574,-0.1748899157388858,19.9207999420166,19.57325001716614,98440.56481179738,0.0,0.0,-0.07267757598398195,False,,22.761194029850746,43.47014925373134,25.74626865671642,35.0,,,,,,,,,,,23.56873072653263,3.925619834710744,5.371900826446281,RISK_ON,75.0,15.974076723818921,19.505603403131165,20.0,EVITAR_AGORA,sem vantagem clara,"momentum fraco, liquidez baixa, tendência não confirmada"
AZZA3,Azzas 2154 S.A.,,,,,,,,,,AÇÃO B3,,14.789999961853027,,,,,,,,,,,,,False,,,,,,,,,,,,,,,,33.775735294117645,,5.590062111801243,RISK_ON,,15.912583919437338,14.214625010397146,14.789999961853027,AGUARDAR,,"score,quality,momentum,risk,trend"
S2GM34,S2GM34,21.25,-1.85,72311.0,7120822591.419556,https://icons.brapi.dev/icons/BRAPI.svg,Non-Energy Minerals,,bdr,bdr,AÇÃO GLOBAL / BDR,1536608.75,21.649999618530273,0.3633500920974331,-0.23226953784402782,-0.21586384860805696,0.9469424317751935,0.7602482946818799,-0.591143150050095,19.568400058746338,22.629899973869325,884483.8834999176,0.0,0.0,-0.3422155015277327,False,False,4.415422885572139,5.6902985074626855,63.43283582089553,35.0,,,,,,,,,,,17.119925373134325,,5.343511450381679,RISK_ON,85.0,15.66444308989404,20.224575905386992,21.649999618530273,EVITAR_AGORA,sem vantagem clara,"momentum fraco, risco elevado, tendência não confirmada"
ZAGH11,ZAGH11,7.4,0.0,851.0,,https://icons.brapi.dev/icons/ZAGH11.svg,,Multicategoria,fund,fii,FII,6297.400000000001,7.400000095367432,-0.18325840578469932,-0.1946825334883746,-0.20378359309127703,-0.21139618561686202,0.7344706723054119,-0.36355122626979497,8.560926246643067,9.148892450332642,9912.706522275532,0.0902914853228558,12.0,-0.16141690635031103,False,,7.898009950248756,13.339552238805975,6.7164179104477615,35.0,,,,,,,,,,,23.208137000945687,41.32231404958678,4.958677685950414,RISK_ON,75.0,15.612701780354428,6.929308096493562,7.400000095367432,EVITAR_AGORA,sem vantagem clara,"momentum fraco, risco elevado, liquidez baixa, tendência não confirmada"
FNOR11,FNOR11,0.52,-3.7,1987930000.0,,https://icons.brapi.dev/icons/BRAPI.svg,,,fund,etf,ETF,1033723600.0,0.5400000214576721,-0.45454543812544235,-0.3647058749281413,-0.15624994761310396,-0.2987012534624881,0.9122628903574382,-0.5315315547522352,0.7846000003814697,0.7148999983072281,38715779.53546482,0.0,0.0,-0.07645271398626874,False,,11.069651741293532,5.690298507462685,96.64179104477611,35.0,,,,,,,,,,,29.80628109452736,,2.6785714285714284,RISK_ON,75.0,15.336256218905472,0.49733770651153875,0.5400000214576721,EVITAR_AGORA,liquidez,"momentum fraco, risco elevado, tendência não confirmada"
BRAV3,Brava Energia S.A.,,,,,,,,,,AÇÃO B3,,17.5,,,,,,,,,,,,,False,,,,,,,,,,,,,,,,32.857142857142854,,4.968944099378882,RISK_ON,,15.271118012422358,16.921875336787057,17.5,AGUARDAR,,"score,quality,momentum,risk,trend"
CXTL11,CXTL11,284.0,0.0,21.0,,https://icons.brapi.dev/icons/BRAPI.svg,Miscellaneous,Logística,fund,fii,FII,5964.0,283.989990234375,0.25653425468714963,-0.13104777844771054,-0.14946012405411113,0.004505374865366507,0.8567510920959782,-0.544666795375279,249.91797637939453,308.21674293518066,75850.11038111127,0.02723799875346344,12.0,-0.10709343731314513,False,,12.5,5.69029850746269,22.761194029850746,35.0,,,,,,,,,,,22.694609596644874,34.917355371900825,4.545454545454546,RISK_ON,75.0,15.220740101147157,262.91883574966874,283.989990234375,EVITAR_AGORA,sem vantagem clara,"momentum fraco, risco elevado, liquidez baixa, tendência não confirmada"
IAGR11,IAGR11,4.16,0.48,782.0,,https://icons.brapi.dev/icons/BRAPI.svg,,Multicategoria,fund,fi-agro,FIAGRO,3253.12,4.159999847412109,-0.04367817503124927,-0.025761155504861688,-0.0502283701553945,0.06666660145816805,0.2894035628847809,-0.17083336230781232,4.3123999691009525,4.282150008678436,11245.35032651538,0.0,0.0,0.02956886347144072,False,,42.972636815920396,43.75,7.276119402985075,35.0,,,,,,,,,,,27.0442545337827,4.838709677419355,3.225806451612903,RISK_ON,75.0,15.166915422885573,4.0557374228763905,4.159999847412109,EVITAR_AGORA,sem vantagem clara,"liquidez baixa, tendência não confirmada"
BIDU34,BIDU34,36.03,0.59,3196.0,166681348310.9333,https://icons.brapi.dev/icons/BRAPI.svg,Technology Services,,bdr,bdr,AÇÃO GLOBAL / BDR,115151.88,35.81999969482422,-0.07129893756180217,-0.27298560255686144,-0.2192676795790729,0.004486815706582714,0.49693845570771955,-0.45464799999115,39.4560001373291,45.94735008239746,292709.7365731739,0.0,0.0,-0.34561933249874865,False,False,3.8557213930348255,14.365671641791046,42.723880597014926,35.0,,,,,,,,,,,16.26235074626866,,4.580152671755725,RISK_ON,85.0,14.958577019482739,34.278445435502434,35.81999969482422,EVITAR_AGORA,sem vantagem clara,"momentum fraco, risco elevado, tendência não confirmada"
TORD11,TORD11,1.04,4.0,7040.0,,https://icons.brapi.dev/icons/BRAPI.svg,Miscellaneous,Multicategoria,fund,fii,FII,7321.6,1.0,-0.21431469567110162,-0.12982030141429224,-0.38693936386925776,-0.6721838026142424,0.4518060261573928,-0.6701285453794014,1.127242751121521,1.529857034087181,15871.315020080596,0.09010000000000001,12.0,-0.34457267712829176,False,,4.72636815920398,11.28731343283582,8.768656716417912,35.0,,,,,,,,,,,22.284213231363843,41.11570247933884,4.132231404958678,RISK_ON,75.0,14.849404629743843,0.9608724503764802,1.0,EVITAR_AGORA,sem vantagem clara,"momentum fraco, risco elevado, liquidez baixa, tendência não confirmada"
BBAS3,Banco do Brasil S.A.,,,,,,,,,,AÇÃO B3,,19.96999931335449,,,,,,,,,,,,,False,,,,,,,,,,,,,,,,32.08646616541353,,4.3478260869565215,RISK_ON,,14.662933148087609,19.247365299409623,19.96999931335449,AGUARDAR,,"score,quality,momentum,risk,trend"
CBOP11,CBOP11,27.99,-2.78,789.0,,https://icons.brapi.dev/icons/CBOP11.svg,,Escritórios,fund,fii,FII,22084.11,27.989999771118164,-0.034154617968773726,-0.1941188907426058,-0.2801268738513776,0.25699878478642013,0.8218908864065326,-0.2947438238028953,30.418302803039552,34.542681531906126,9022.635927805824,0.07359771407092461,12.0,-0.23776018711041158,False,,5.659203980099503,15.39179104477612,6.343283582089552,35.0,,,,,,,,,,,22.15151926318819,38.22314049586777,3.71900826446281,RISK_ON,75.0,14.533609637761606,25.997732082848735,27.989999771118164,EVITAR_AGORA,sem vantagem clara,"momentum fraco, risco elevado, liquidez baixa, tendência não confirmada"
C1GP34,C1GP34,1.69,4.32,52285.0,67539923481.63476,https://icons.brapi.dev/icons/BRAPI.svg,Technology Services,,bdr,bdr,AÇÃO GLOBAL / BDR,88361.65,1.6200000047683716,0.058823552327814665,-0.012195110427418387,-0.3076922802608463,-0.6713995819114864,0.5280736132338161,-0.7212121114330913,1.5490000033378601,2.3793499928712847,38449.0080018403,0.0,0.0,-0.43404393318052203,False,False,17.537313432835823,8.022388059701493,13.805970149253731,35.0,,,,,,,,,,,15.916865671641794,,3.816793893129771,RISK_ON,85.0,14.355128859519198,1.5459133279614488,1.6200000047683716,EVITAR_AGORA,sem vantagem clara,"momentum fraco, risco elevado, liquidez baixa, tendência não confirmada"
NUCL11,NUCL11,74.99,-4.88,41261.0,,https://icons.brapi.dev/icons/BRAPI.svg,Miscellaneous,,fund,etf,ETF,3094162.3899999997,78.83999633789062,0.22880286530361804,-0.04134243207922994,-0.16659621977205208,0.03914582158681146,0.3896624339159852,-0.40509963310287167,71.97919906616211,83.50564956665039,303831.764442565,0.0,0.0,-0.08679898614521686,False,,20.273631840796018,19.962686567164177,43.656716417910445,35.0,,,,,,,,,,,27.343905472636813,,1.7857142857142856,RISK_ON,75.0,14.218781094527362,76.17948100583145,78.83999633789062,EVITAR_AGORA,sem vantagem clara,"momentum fraco, risco elevado, tendência não confirmada"
FPNG11,FPNG11,410.0,0.0,12.0,,https://icons.brapi.dev/icons/BRAPI.svg,,Multicategoria,fund,fii,FII,4920.0,410.0,0.0,-0.14583333333333337,-0.11837434520582324,-0.008943708237503345,0.24384907903175868,-0.14583333333333337,443.1101965332031,448.0557443237305,140.87380933004712,0.0,0.0,-0.07600765846485724,False,,15.920398009950247,51.39925373134328,0.3731343283582089,35.0,,,,,,,,,,,20.60480037827392,3.925619834710744,3.3057851239669422,RISK_ON,75.0,13.935009662431645,401.34164061763136,410.0,EVITAR_AGORA,sem vantagem clara,"momentum fraco, liquidez baixa, tendência não confirmada"
MGLU3,Magazine Luiza S.A.,,,,,,,,,,AÇÃO B3,,4.840000152587891,,,,,,,,,,,,,False,,,,,,,,,,,,,,,,29.875,,3.7267080745341614,RISK_ON,,13.73057065217391,4.489062868600359,4.840000152587891,AGUARDAR,,"score,quality,momentum,risk,trend"
I1SR34,I1SR34,97.2,1.89,1605.0,680969487672.0126,https://icons.brapi.dev/icons/BRAPI.svg,Health Technology,,bdr,bdr,AÇÃO GLOBAL / BDR,156006.0,95.4000015258789,0.03695653832477075,-0.14054052679388374,-0.2684610164335317,-0.24620730589291162,0.503392490325177,-0.47400800741433513,101.59159973144531,123.26795009613038,102249.85292113773,0.0,0.0,-0.39481266935320747,False,False,5.037313432835821,13.432835820895523,26.30597014925373,35.0,,,,,,,,,,,14.16839552238806,,3.0534351145038165,RISK_ON,85.0,13.471083684630283,91.24103192735907,95.4000015258789,EVITAR_AGORA,sem vantagem clara,"momentum fraco, risco elevado, liquidez baixa, tendência não confirmada"
FVPQ11,FVPQ11,49.97,-1.61,2146.0,,https://icons.brapi.dev/icons/BRAPI.svg,,Shoppings,fund,fii,FII,107235.62,50.790000915527344,-0.007779377454553482,-0.19528449787955438,-0.209432003034422,-0.23154386781045633,0.2983568768783247,-0.34243640194839875,53.94795143127441,64.06353792190552,38953.9231584337,0.07186453896841996,11.0,-0.167065316293456,False,,7.40049751243781,28.45149253731343,14.17910447761194,35.0,,,,,,,,,,,19.39262777023971,15.90909090909091,2.8925619834710745,RISK_ON,75.0,13.403318942477695,49.477665331872586,50.790000915527344,EVITAR_AGORA,sem vantagem clara,"momentum fraco, risco elevado, liquidez baixa, tendência não confirmada"
SCVB11,SCVB11,80.49,-0.3,3859.0,,https://icons.brapi.dev/icons/BRAPI.svg,Miscellaneous,,fund,etf,ETF,310610.91,80.7300033569336,0.0057307429065018844,-0.06497559901441718,-0.22120393107372938,-0.06226034625346999,0.2048430048985453,-0.282688189820533,81.89020004272462,91.19850025177001,58669.82855406262,0.0,0.0,-0.14140669744689416,False,,13.557213930348256,40.57835820895522,18.28358208955224,35.0,,,,,,,,,,,25.992226368159205,,0.8928571428571428,RISK_ON,75.0,13.32344527363184,79.29785918418423,80.7300033569336,EVITAR_AGORA,sem vantagem clara,"momentum fraco, liquidez baixa, tendência não confirmada"
JSLG3,JSL S.A.,,,,,,,,,,AÇÃO B3,,5.369999885559082,,,,,,,,,,,,,False,,,,,,,,,,,,,,,,29.76190476190476,,3.1055900621118013,RISK_ON,,13.27034161490683,5.0729540521139445,5.369999885559082,AGUARDAR,,"score,quality,momentum,risk,trend"
XPCM11,XPCM11,7.82,0.0,4176.0,,https://icons.brapi.dev/icons/BRAPI.svg,Miscellaneous,Escritórios,fund,fii,FII,32656.32,7.820000171661377,-0.02615187649976569,-0.04166662770938179,-0.16808505436045273,-0.09907835291222244,0.2458733205446144,-0.3018181974237616,8.007199945449829,8.166351928710938,21372.037766244677,0.0,0.0,-0.12571836761948674,False,,18.532338308457714,35.167910447761194,10.634328358208956,35.0,,,,,,,,,,,19.164501870811236,3.925619834710744,2.479338842975207,RISK_ON,75.0,13.068437564244892,7.653486920393252,7.820000171661377,EVITAR_AGORA,sem vantagem clara,"momentum fraco, liquidez baixa, tendência não confirmada"
L1UL34,L1UL34,157.0,5.18,468.0,74167182545.26642,https://icons.brapi.dev/icons/BRAPI.svg,Consumer Non-Durables,,bdr,bdr,AÇÃO GLOBAL / BDR,73476.0,149.27000427246094,-0.03472578335736187,-0.09850221873554055,-0.36312824830303103,-0.4576732685342958,0.43915419496632685,-0.5447986781997168,151.00279907226562,200.48894989013672,74397.26724921333,0.0,0.0,-0.4894799012227068,False,False,5.348258706467662,13.432835820895527,22.201492537313435,35.0,,,,,,,,,,,13.712425373134328,,2.2900763358778624,RISK_ON,85.0,12.84553850974137,143.59298703897952,149.27000427246094,EVITAR_AGORA,sem vantagem clara,"momentum fraco, risco elevado, liquidez baixa, tendência não confirmada"
DASA3,Diagnósticos da América S.A.,,,,,,,,,,AÇÃO B3,,2.650000095367432,,,,,,,,,,,,,False,,,,,,,,,,,,,,,,29.375,,2.484472049689441,RISK_ON,,12.748505434782604,2.4046041083822454,2.650000095367432,AGUARDAR,,"score,quality,momentum,risk,trend"
CNES11,CNES11,1.36,1.49,42646.0,,https://icons.brapi.dev/icons/BRAPI.svg,Miscellaneous,Escritórios,fund,fii,FII,57998.560000000005,1.340000033378601,0.03076929425347008,-0.051368337015651355,-0.1727896954585959,0.1404987346770723,0.39354205230483935,-0.4262671670991002,1.3921024370193482,1.5686269187927246,37182.608489855884,0.0626962670949898,9.0,-0.1304230087176299,False,,16.791044776119403,19.123134328358212,13.432835820895523,35.0,,,,,,,,,,,18.263654866165044,11.776859504132233,2.066115702479339,RISK_ON,75.0,12.599011964968547,1.2943304986640374,1.340000033378601,EVITAR_AGORA,sem vantagem clara,"momentum fraco, risco elevado, liquidez baixa, tendência não confirmada"
G2DI33,G2D INVESTMENTS LTD,1.17,8.33,2894231.0,77249629.0,https://icons.brapi.dev/icons/BRAPI.svg,Finance,,bdr,bdr,AÇÃO GLOBAL / BDR,3386250.27,1.0800000429153442,-0.0442477455993574,-0.15624994761310396,-0.31645568760708553,-0.39664800785955523,0.45490848409414286,-0.4143646539835004,1.1331999945640563,1.3879499971866607,29191.293965101242,0.0,0.0,-0.4428073405267613,False,False,3.8557213930348255,17.16417910447761,12.126865671641792,35.0,,,,,,,,,,,12.684738805970149,,1.5267175572519083,RISK_ON,85.0,12.105650051270366,1.037452112433401,1.0800000429153442,EVITAR_AGORA,sem vantagem clara,"momentum fraco, risco elevado, liquidez baixa, tendência não confirmada"
PCAR3,Companhia Brasileira De Distribuicao,,,,,,,,,,AÇÃO B3,,2.7799999713897705,,,,,,,,,,,,,False,,,,,,,,,,,,,,,,27.6875,,1.8633540372670807,RISK_ON,,11.934035326086956,2.615713245234387,2.7799999713897705,AGUARDAR,,"score,quality,valuation,risk,trend"
MGHT11,MGHT11,11.85,0.68,2449.0,,https://icons.brapi.dev/icons/BRAPI.svg,,Hotel,fund,fii,FII,29020.649999999998,11.770000457763672,0.1781782509937211,0.04251554451129169,-0.21270898943628658,-0.2643749713897705,0.766302037029284,-0.5005000114440918,11.74679998397827,13.948399982452393,14291.308294311402,0.0,0.0,-0.17034230269532058,False,,30.534825870646767,7.835820895522389,8.395522388059701,35.0,,,,,,,,,,,16.069974507627155,3.925619834710744,1.6528925619834711,RISK_ON,75.0,11.871019694913862,10.98889964185173,11.770000457763672,EVITAR_AGORA,sem vantagem clara,"momentum fraco, risco elevado, liquidez baixa, tendência não confirmada"
A1LN34,A1LN34,61.14,-1.78,10385.0,164129048215.2095,https://icons.brapi.dev/icons/BRAPI.svg,Health Technology,,bdr,bdr,AÇÃO GLOBAL / BDR,634938.9,62.25,-0.16966788066678684,-0.19281641878884748,-0.2726953772231677,-0.48975409836065575,0.7823311861370658,-0.6204682604495626,67.58080039978027,85.7174497795105,60433.219327109204,0.0,0.0,-0.3990470301428435,False,False,3.6691542288557213,4.75746268656716,19.029850746268657,35.0,,,,,,,,,,,10.318955223880595,,0.7633587786259541,RISK_ON,85.0,11.098142189814286,58.032446208487244,62.25,EVITAR_AGORA,sem vantagem clara,"momentum fraco, risco elevado, liquidez baixa, tendência não confirmada"
BSLT11,BSLT11,58.1,-1.26,452.0,,https://icons.brapi.dev/icons/BRAPI.svg,,,fund,fii,FII,26261.2,58.84000015258789,-0.21546666463216146,-0.1848157397642921,-0.32133792129526884,-0.4151093335481091,0.7863450525714856,-0.44086536994347203,66.34679992675781,77.06615005493164,81647.80636015392,0.0,0.0,-0.27897123455430284,False,,4.291044776119403,9.514925373134329,23.32089552238806,35.0,,,,,,,,,,,12.423208338472925,3.925619834710744,1.2396694214876034,RISK_ON,75.0,10.852410262735908,54.83302678802742,58.84000015258789,EVITAR_AGORA,sem vantagem clara,"momentum fraco, risco elevado, liquidez baixa, tendência não confirmada"
AURE3,Auren Energia S.A.,,,,,,,,,,AÇÃO B3,,10.859999656677246,,,,,,,,,,,,,False,,,,,,,,,,,,,,,,25.367647058823533,,1.2422360248447204,RISK_ON,,10.4772858056266,10.576948654371307,10.859999656677246,AGUARDAR,,"score,quality,valuation,momentum,risk,trend"
FAMB11,FAMB11,710.0,0.28,8.0,,https://icons.brapi.dev/icons/BRAPI.svg,Miscellaneous,Residencial,fund,fii,FII,5680.0,708.0,0.011428571428571344,-0.2411575562700965,-0.3263558515699334,-0.01666666666666672,0.47128668790705003,-0.5450847457627119,720.6088012695312,951.2591506958008,8526.955743698847,0.0,0.0,-0.2839891648289674,False,,3.2960199004975124,12.033582089552244,5.597014925373134,35.0,,,,,,,,,,,10.5811685374779,3.925619834710744,0.8264462809917356,RISK_ON,75.0,10.194746104189795,679.1032459111402,708.0,EVITAR_AGORA,sem vantagem clara,"momentum fraco, risco elevado, liquidez baixa, tendência não confirmada"
CARE11,CARE11,3.34,6.03,3158.0,,https://icons.brapi.dev/icons/BRAPI.svg,Miscellaneous,Multicategoria,fund,fii,FII,10547.72,3.1500000953674316,0.039604001686713186,-0.04833832331663157,-0.4230769096411058,-0.452173896457838,0.9864069682304429,-0.651952462005833,2.938600010871887,4.275949994325638,6501.184903735206,0.0,0.0,-0.3807102229001398,False,,10.509950248756217,2.891791044776119,3.9179104477611943,35.0,,,,,,,,,,,10.138382467826158,3.925619834710744,0.4132231404958678,RISK_ON,75.0,9.816932691912339,2.8809102369390063,3.1500000953674316,EVITAR_AGORA,sem vantagem clara,"momentum fraco, risco elevado, liquidez baixa, tendência não confirmada"
HAPV3,Hapvida Participações e Investimentos S.A.,,,,,,,,,,AÇÃO B3,,6.550000190734863,,,,,,,,,,,,,False,,,,,,,,,,,,,,,,12.976190476190476,,0.6211180124223602,RISK_ON,,7.75442546583851,5.680343825914966,6.550000190734863,AGUARDAR,,"score,quality,momentum,risk,trend"
