date,horizon,source,portfolio,n,stock_return,ibov_return,gross_alpha_vs_ibov,net_alpha_vs_ibov,cdi_return,net_excess_vs_cdi
2023-07-24,5,ranker_v2,top5,5,0.01865625676603091,0.004952942921659487,0.013703313844371423,0.011703313844371423,0.002541980731312954,0.014114276034717953
2023-07-24,5,ranker_v2,top10,10,0.020179878860653578,0.004952942921659487,0.015226935938994091,0.013226935938994091,0.002541980731312954,0.015637898129340626
2023-07-24,5,ranker_v2,top20,20,0.017251577942626654,0.004952942921659487,0.01229863502096717,0.01029863502096717,0.002541980731312954,0.0127095972113137
2023-07-24,5,ranker_v2,top_decile,11,0.021922309781829134,0.004952942921659487,0.016969366860169647,0.014969366860169647,0.002541980731312954,0.01738032905051618
2023-07-24,5,momentum_126_baseline,top10,10,0.024923263824168096,0.004952942921659487,0.01997032090250861,0.017970320902508607,0.002541980731312954,0.02038128309285514
2023-07-31,5,ranker_v2,top5,5,0.004765356020098732,-0.02101801661431979,0.025783372634418524,0.02378337263441852,0.0024893448554390574,0.0002760111646596744
2023-07-31,5,ranker_v2,top10,10,0.0035086869818615972,-0.02101801661431979,0.024526703596181386,0.022526703596181384,0.0024893448554390574,-0.0009806578735774602
2023-07-31,5,ranker_v2,top20,20,0.0017002627956164695,-0.02101801661431979,0.02271827940993626,0.020718279409936258,0.0024893448554390574,-0.002789082059822588
2023-07-31,5,ranker_v2,top_decile,11,4.584716253076447e-06,-0.02101801661431979,0.021022601330572866,0.019022601330572868,0.0024893448554390574,-0.004484760139185981
2023-07-31,5,momentum_126_baseline,top10,10,0.002927464043122785,-0.02101801661431979,0.023945480657442574,0.021945480657442576,0.0024893448554390574,-0.0015618808123162723
2023-08-07,5,ranker_v2,top5,5,-0.06453905316566078,-0.021527894119617974,-0.0430111590460428,-0.045011159046042803,0.002454255806815686,-0.06899330897247646
2023-08-07,5,ranker_v2,top10,10,-0.039075026667709366,-0.021527894119617974,-0.01754713254809139,-0.019547132548091394,0.002454255806815686,-0.043529282474525054
2023-08-07,5,ranker_v2,top20,20,-0.015504131539227934,-0.021527894119617974,0.006023762580390041,0.004023762580390041,0.002454255806815686,-0.01995838734604362
2023-08-07,5,ranker_v2,top_decile,11,-0.03359729348212567,-0.021527894119617974,-0.012069399362507697,-0.014069399362507697,0.002454255806815686,-0.03805154928894136
2023-08-07,5,momentum_126_baseline,top10,10,-0.02068537855239828,-0.021527894119617974,0.0008425155672196927,-0.0011574844327803073,0.002454255806815686,-0.025139634359213965
2023-08-14,5,ranker_v2,top5,5,-0.020557530736749752,-0.02038352880746508,-0.00017400192928467283,-0.0021740019292846727,0.002454255806815686,-0.025011786543565437
2023-08-14,5,ranker_v2,top10,10,-0.03238365856068361,-0.02038352880746508,-0.012000129753218536,-0.014000129753218536,0.002454255806815686,-0.0368379143674993
2023-08-14,5,ranker_v2,top20,20,-0.03741907119183023,-0.02038352880746508,-0.017035542384365148,-0.019035542384365146,0.002454255806815686,-0.04187332699864592
2023-08-14,5,ranker_v2,top_decile,11,-0.03297204387739338,-0.02038352880746508,-0.012588515069928297,-0.014588515069928297,0.002454255806815686,-0.03742629968420907
2023-08-14,5,momentum_126_baseline,top10,10,-0.027514937981725406,-0.02038352880746508,-0.007131409174260328,-0.009131409174260328,0.002454255806815686,-0.03196919378854109
2023-08-21,5,ranker_v2,top5,5,0.005425439462464321,0.023525504898233907,-0.018100065435769586,-0.020100065435769587,0.002454255806815686,0.0009711836556486348
2023-08-21,5,ranker_v2,top10,10,0.006685278564071051,0.023525504898233907,-0.016840226334162857,-0.01884022633416286,0.002454255806815686,0.0022310227572553652
2023-08-21,5,ranker_v2,top20,20,0.014164474832547885,0.023525504898233907,-0.009361030065686022,-0.011361030065686022,0.002454255806815686,0.009710219025732198
2023-08-21,5,ranker_v2,top_decile,11,0.012048562212618448,0.023525504898233907,-0.011476942685615459,-0.013476942685615459,0.002454255806815686,0.0075943064058027615
2023-08-21,5,momentum_126_baseline,top10,10,-0.0037009658642892184,0.023525504898233907,-0.027226470762523124,-0.029226470762523125,0.002454255806815686,-0.008155221671104905
2023-08-28,5,ranker_v2,top5,5,-0.018975056969176562,0.005601045073044153,-0.024576102042220715,-0.026576102042220717,0.002454255806815686,-0.02342931277599225
2023-08-28,5,ranker_v2,top10,10,-0.051737364431264365,0.005601045073044153,-0.05733840950430852,-0.05933840950430852,0.002454255806815686,-0.05619162023808005
2023-08-28,5,ranker_v2,top20,20,-0.03164483461121953,0.005601045073044153,-0.03724587968426368,-0.039245879684263685,0.002454255806815686,-0.03609909041803522
2023-08-28,5,ranker_v2,top_decile,11,-0.04799568947373747,0.005601045073044153,-0.05359673454678162,-0.05559673454678162,0.002454255806815686,-0.052449945280553155
2023-08-28,5,momentum_126_baseline,top10,10,-0.04096934171173876,0.005601045073044153,-0.04657038678478291,-0.04857038678478291,0.002454255806815686,-0.045423597518554445
2023-09-04,5,ranker_v2,top5,5,-0.002487391682520812,0.0016217088226053722,-0.004109100505126184,-0.006109100505126184,0.002454255806815686,-0.006941647489336498
2023-09-04,5,ranker_v2,top10,10,0.001546101937134703,0.0016217088226053722,-7.560688547066929e-05,-0.0020756068854706692,0.002454255806815686,-0.002908153869680983
2023-09-04,5,ranker_v2,top20,20,-0.012062063098104574,0.0016217088226053722,-0.013683771920709947,-0.015683771920709945,0.002454255806815686,-0.01651631890492026
2023-09-04,5,ranker_v2,top_decile,11,-0.00016629737787420375,0.0016217088226053722,-0.0017880062004795758,-0.0037880062004795757,0.002454255806815686,-0.00462055318468989
2023-09-04,5,momentum_126_baseline,top10,10,0.001269083605755006,0.0016217088226053722,-0.0003526252168503663,-0.0023526252168503663,0.002454255806815686,-0.0031851722010606803
2023-09-12,5,ranker_v2,top5,5,-0.010027681849746672,-0.0010341787603418418,-0.00899350308940483,-0.01099350308940483,0.002454255806815686,-0.014481937656562359
2023-09-12,5,ranker_v2,top10,10,-0.013489413722628352,-0.0010341787603418418,-0.01245523496228651,-0.01445523496228651,0.002454255806815686,-0.01794366952944404
2023-09-12,5,ranker_v2,top20,20,-0.01870859653256208,-0.0010341787603418418,-0.017674417772220237,-0.01967441777222024,0.002454255806815686,-0.023162852339377767
2023-09-12,5,ranker_v2,top_decile,11,-0.013031354281889325,-0.0010341787603418418,-0.011997175521547483,-0.013997175521547483,0.002454255806815686,-0.01748561008870501
2023-09-12,5,momentum_126_baseline,top10,10,-0.015765607483798683,-0.0010341787603418418,-0.01473142872345684,-0.016731428723456843,0.002454255806815686,-0.02021986329061437
2023-09-19,5,ranker_v2,top5,5,-0.03372656278198598,-0.030998082242927216,-0.002728480539058764,-0.004728480539058764,0.002383799631098027,-0.038110362413084006
2023-09-19,5,ranker_v2,top10,10,-0.03212204682369217,-0.030998082242927216,-0.001123964580764958,-0.0031239645807649577,0.002383799631098027,-0.0365058464547902
2023-09-19,5,ranker_v2,top20,20,-0.045866775715614636,-0.030998082242927216,-0.014868693472687423,-0.01686869347268742,0.002383799631098027,-0.050250575346712664
2023-09-19,5,ranker_v2,top_decile,11,-0.03546116701651738,-0.030998082242927216,-0.004463084773590162,-0.006463084773590162,0.002383799631098027,-0.03984496664761541
2023-09-19,5,momentum_126_baseline,top10,10,-0.03252641325690988,-0.030998082242927216,-0.0015283310139826644,-0.0035283310139826644,0.002383799631098027,-0.03691021288800791
2023-09-26,5,ranker_v2,top5,5,-0.03049120189004013,-0.0067779986514059365,-0.023713203238634194,-0.025713203238634193,0.0023661863609196754,-0.034857388250959805
2023-09-26,5,ranker_v2,top10,10,-0.01581771729580176,-0.0067779986514059365,-0.009039718644395822,-0.011039718644395822,0.0023661863609196754,-0.020183903656721437
2023-09-26,5,ranker_v2,top20,20,-0.011553657193521489,-0.0067779986514059365,-0.004775658542115552,-0.006775658542115552,0.0023661863609196754,-0.015919843554441163
2023-09-26,5,ranker_v2,top_decile,11,-0.01303722090406665,-0.0067779986514059365,-0.0062592222526607144,-0.008259222252660715,0.0023661863609196754,-0.017403407264986327
2023-09-26,5,momentum_126_baseline,top10,10,-0.027344435677898037,-0.0067779986514059365,-0.0205664370264921,-0.022566437026492102,0.0023661863609196754,-0.031710622038817714
2023-10-03,5,ranker_v2,top5,5,0.021316158775050286,0.029254357735476466,-0.00793819896042618,-0.00993819896042618,0.0023661863609196754,0.016949972414130612
2023-10-03,5,ranker_v2,top10,10,-0.010956172033322952,0.029254357735476466,-0.04021052976879942,-0.042210529768799424,0.0023661863609196754,-0.015322358394242628
2023-10-03,5,ranker_v2,top20,20,0.004809752257576,0.029254357735476466,-0.024444605477900467,-0.026444605477900465,0.0023661863609196754,0.00044356589665632464
2023-10-03,5,ranker_v2,top_decile,11,-0.011042408644004147,0.029254357735476466,-0.04029676637948061,-0.04229676637948061,0.0023661863609196754,-0.015408595004923822
2023-10-03,5,momentum_126_baseline,top10,10,0.009934576887582591,0.029254357735476466,-0.019319780847893875,-0.021319780847893877,0.0023661863609196754,0.005568390526662916
2023-10-10,5,ranker_v2,top5,5,-0.10076596545613825,-0.022931889632250235,-0.07783407582388802,-0.07983407582388802,0.0023661863609196754,-0.10513215181705793
2023-10-10,5,ranker_v2,top10,10,-0.06054332971663937,-0.022931889632250235,-0.03761144008438914,-0.03961144008438914,0.0023661863609196754,-0.06490951607755904
2023-10-10,5,ranker_v2,top20,20,-0.06556507368944431,-0.022931889632250235,-0.04263318405719407,-0.044633184057194075,0.0023661863609196754,-0.06993126005036399
2023-10-10,5,ranker_v2,top_decile,11,-0.05562090344915123,-0.022931889632250235,-0.032689013816900994,-0.034689013816900996,0.0023661863609196754,-0.05998708981007091
2023-10-10,5,momentum_126_baseline,top10,10,-0.09279554927509814,-0.022931889632250235,-0.06986365964284791,-0.07186365964284791,0.0023661863609196754,-0.09716173563601782
2023-10-18,5,ranker_v2,top5,5,0.0076616991267401515,-0.010783798001052114,0.018445497127792265,0.016445497127792266,0.0023661863609196754,0.003295512765820476
2023-10-18,5,ranker_v2,top10,10,-0.005062776833161142,-0.010783798001052114,0.005721021167890972,0.0037210211678909717,0.0023661863609196754,-0.009428963194080818
2023-10-18,5,ranker_v2,top20,20,-0.02104595098484179,-0.010783798001052114,-0.010262152983789675,-0.012262152983789675,0.0023661863609196754,-0.025412137345761462
2023-10-18,5,ranker_v2,top_decile,11,-0.002969429321626592,-0.010783798001052114,0.007814368679425521,0.005814368679425521,0.0023661863609196754,-0.007335615682546268
2023-10-18,5,momentum_126_baseline,top10,10,0.007584877418258673,-0.010783798001052114,0.01836867541931079,0.016368675419310787,0.0023661863609196754,0.0032186910573389974
2023-10-25,5,ranker_v2,top5,5,-0.0322575083612743,0.01970220685987778,-0.05195971522115208,-0.05395971522115208,0.0023661863609196754,-0.03662369472219398
2023-10-25,5,ranker_v2,top10,10,-0.02176789127726597,0.01970220685987778,-0.04147009813714375,-0.04347009813714375,0.0023661863609196754,-0.02613407763818565
2023-10-25,5,ranker_v2,top20,20,-0.007183050175642286,0.01970220685987778,-0.026885257035520065,-0.028885257035520064,0.0023661863609196754,-0.011549236536561962
2023-10-25,5,ranker_v2,top_decile,11,-0.02045260172459994,0.01970220685987778,-0.04015480858447772,-0.042154808584477725,0.0023661863609196754,-0.024818788085519614
2023-10-25,5,momentum_126_baseline,top10,10,-0.0026916138504052166,0.01970220685987778,-0.022393820710282997,-0.024393820710282996,0.0023661863609196754,-0.007057800211324892
2023-11-01,5,ranker_v2,top5,5,0.11143900431768325,0.03441022832955243,0.07702877598813082,0.07502877598813082,0.002277722376154756,0.10716128194152849
2023-11-01,5,ranker_v2,top10,10,0.08386161142169841,0.03441022832955243,0.04945138309214599,0.047451383092145985,0.002277722376154756,0.07958388904554366
2023-11-01,5,ranker_v2,top20,20,0.07190262940505962,0.03441022832955243,0.0374924010755072,0.0354924010755072,0.002277722376154756,0.06762490702890486
2023-11-01,5,ranker_v2,top_decile,11,0.08336435837911016,0.03441022832955243,0.04895413004955773,0.04695413004955773,0.002277722376154756,0.0790866360029554
2023-11-01,5,momentum_126_baseline,top10,10,0.08104983973264368,0.03441022832955243,0.04663961140309125,0.04463961140309125,0.002277722376154756,0.07677211735648892
2023-11-09,5,ranker_v2,top5,5,0.11462459925315474,0.050835209894800615,0.06378938935835413,0.061789389358354124,0.002277722376154756,0.11034687687699998
2023-11-09,5,ranker_v2,top10,10,0.0796930354073574,0.050835209894800615,0.02885782551255678,0.026857825512556777,0.002277722376154756,0.07541531303120264
2023-11-09,5,ranker_v2,top20,20,0.08333417607892134,0.050835209894800615,0.03249896618412072,0.03049896618412072,0.002277722376154756,0.07905645370276658
2023-11-09,5,ranker_v2,top_decile,11,0.07710804919357711,0.050835209894800615,0.026272839298776492,0.024272839298776494,0.002277722376154756,0.07283032681742235
2023-11-09,5,momentum_126_baseline,top10,10,0.04484879838357383,0.050835209894800615,-0.005986411511226785,-0.007986411511226785,0.002277722376154756,0.04057107600741907
2023-11-17,5,ranker_v2,top5,5,-0.00971867262958579,0.0038380963042330407,-0.01355676893381883,-0.01555676893381883,0.002277722376154756,-0.013996395005740545
2023-11-17,5,ranker_v2,top10,10,0.0023924699876196943,0.0038380963042330407,-0.0014456263166133464,-0.0034456263166133465,0.002277722376154756,-0.0018852523885350618
2023-11-17,5,ranker_v2,top20,20,-0.0037298806862811175,0.0038380963042330407,-0.007567976990514158,-0.00956797699051416,0.002277722376154756,-0.008007603062435874
2023-11-17,5,ranker_v2,top_decile,11,-0.0026699285755235765,0.0038380963042330407,-0.006508024879756617,-0.008508024879756618,0.002277722376154756,-0.006947650951678333
2023-11-17,5,momentum_126_baseline,top10,10,-0.023835490344553244,0.0038380963042330407,-0.027673586648786285,-0.029673586648786283,0.002277722376154756,-0.028113212720708
2023-11-24,5,ranker_v2,top5,5,0.008077661234502154,0.020399547561772202,-0.012321886327270049,-0.014321886327270049,0.002277722376154756,0.0037999388583473976
2023-11-24,5,ranker_v2,top10,10,0.03697470715024935,0.020399547561772202,0.01657515958847715,0.014575159588477151,0.002277722376154756,0.03269698477409459
2023-11-24,5,ranker_v2,top20,20,0.053663824975185126,0.020399547561772202,0.033264277413412924,0.03126427741341292,0.002277722376154756,0.04938610259903037
2023-11-24,5,ranker_v2,top_decile,11,0.03825437696675231,0.020399547561772202,0.017854829404980108,0.015854829404980106,0.002277722376154756,0.03397665459059755
2023-11-24,5,momentum_126_baseline,top10,10,0.0322122181891875,0.020399547561772202,0.011812670627415301,0.009812670627415301,0.002277722376154756,0.027934495813032742
2023-12-01,5,ranker_v2,top5,5,-0.04383527939504228,-0.007876474399506672,-0.03595880499553561,-0.03795880499553561,0.002277722376154756,-0.04811300177119704
2023-12-01,5,ranker_v2,top10,10,-0.03270187216528263,-0.007876474399506672,-0.02482539776577596,-0.026825397765775957,0.002277722376154756,-0.036979594541437386
2023-12-01,5,ranker_v2,top20,20,-0.024472012210120176,-0.007876474399506672,-0.016595537810613504,-0.018595537810613502,0.002277722376154756,-0.02874973458627493
2023-12-01,5,ranker_v2,top_decile,11,-0.03337656107541063,-0.007876474399506672,-0.025500086675903956,-0.027500086675903958,0.002277722376154756,-0.037654283451565386
2023-12-01,5,momentum_126_baseline,top10,10,-0.006780025596528849,-0.007876474399506672,0.001096448802977823,-0.000903551197022177,0.002277722376154756,-0.011057747972683605
2023-12-08,5,ranker_v2,top5,5,-0.016545149947844683,0.024414999921318126,-0.04096014986916281,-0.042960149869162814,0.0022421780551329373,-0.02078732800297762
2023-12-08,5,ranker_v2,top10,10,0.00390657035204024,0.024414999921318126,-0.020508429569277887,-0.022508429569277885,0.0022421780551329373,-0.0003356077030926977
2023-12-08,5,ranker_v2,top20,20,0.006810501671475705,0.024414999921318126,-0.01760449824984242,-0.019604498249842423,0.0022421780551329373,0.0025683236163427676
2023-12-08,5,ranker_v2,top_decile,11,-0.0018405645260126063,0.024414999921318126,-0.026255564447330734,-0.028255564447330732,0.0022421780551329373,-0.0060827425811455435
2023-12-08,5,momentum_126_baseline,top10,10,0.00470023620859068,0.024414999921318126,-0.019714763712727446,-0.021714763712727445,0.0022421780551329373,0.00045805815345774294
2023-12-15,5,ranker_v2,top5,5,0.004512927809738864,0.019631788750892776,-0.015118860941153911,-0.01711886094115391,0.0021888639370755136,0.00032406387266335074
2023-12-15,5,ranker_v2,top10,10,0.019176264299815015,0.019631788750892776,-0.00045552445107776006,-0.00245552445107776,0.0021888639370755136,0.014987400362739503
2023-12-15,5,ranker_v2,top20,20,0.034687292555337486,0.019631788750892776,0.015055503804444708,0.013055503804444708,0.0021888639370755136,0.03049842861826197
2023-12-15,5,ranker_v2,top_decile,11,0.01936277728608242,0.019631788750892776,-0.0002690114648103577,-0.0022690114648103578,0.0021888639370755136,0.015173913349006904
2023-12-15,5,momentum_126_baseline,top10,10,0.019176991811378365,0.019631788750892776,-0.0004547969395144125,-0.0024547969395144124,0.0021888639370755136,0.01498812787430285
2023-12-22,5,ranker_v2,top5,5,0.01601520335775821,0.0006101557026960691,0.015405047655062143,0.013405047655062143,0.0026272113242731265,0.011387992033485084
2023-12-22,5,ranker_v2,top10,10,0.007051684464042351,0.0006101557026960691,0.006441528761346282,0.004441528761346282,0.0026272113242731265,0.0024244731397692247
2023-12-22,5,ranker_v2,top20,20,0.009579386222961034,0.0006101557026960691,0.008969230520264965,0.006969230520264965,0.0026272113242731265,0.004952174898687907
2023-12-22,5,ranker_v2,top_decile,11,0.004557219615185918,0.0006101557026960691,0.003947063912489849,0.001947063912489849,0.0026272113242731265,-6.999170908720837e-05
2023-12-22,5,momentum_126_baseline,top10,10,0.0027808864298015214,0.0006101557026960691,0.0021707307271054523,0.00017073072710545225,0.0026272113242731265,-0.0018463248944716052
2024-01-03,5,ranker_v2,top5,5,-0.01618212568452968,-0.015003688814610672,-0.0011784368699190085,-0.0031784368699190086,0.0021888639370755136,-0.020370989621605197
2024-01-03,5,ranker_v2,top10,10,0.014046110997606932,-0.015003688814610672,0.029049799812217603,0.027049799812217605,0.0021888639370755136,0.009857247060531418
2024-01-03,5,ranker_v2,top20,20,0.009173263597055026,-0.015003688814610672,0.024176952411665696,0.022176952411665694,0.0021888639370755136,0.0049843996599795125
2024-01-03,5,ranker_v2,top_decile,11,0.013618817276552442,-0.015003688814610672,0.028622506091163114,0.026622506091163116,0.0021888639370755136,0.009429953339476929
2024-01-03,5,momentum_126_baseline,top10,10,-0.02968737882778223,-0.015003688814610672,-0.014683690013171557,-0.016683690013171555,0.0021888639370755136,-0.03387624276485774
2024-01-10,5,ranker_v2,top5,5,-0.048477093823396114,-0.01770851644362237,-0.030768577379773742,-0.03276857737977374,0.0021888639370755136,-0.05266595776047163
2024-01-10,5,ranker_v2,top10,10,-0.04012532451366382,-0.01770851644362237,-0.022416808070041448,-0.02441680807004145,0.0021888639370755136,-0.04431418845073933
2024-01-10,5,ranker_v2,top20,20,-0.01619464519602023,-0.01770851644362237,0.0015138712476021388,-0.0004861287523978612,0.0021888639370755136,-0.020383509133095744
2024-01-10,5,ranker_v2,top_decile,11,-0.0111166611704011,-0.01770851644362237,0.006591855273221269,0.004591855273221269,0.0021888639370755136,-0.015305525107476613
2024-01-10,5,momentum_126_baseline,top10,10,0.0003937571352526925,-0.01770851644362237,0.01810227357887506,0.01610227357887506,0.0021888639370755136,-0.003795106801822821
2024-01-17,5,ranker_v2,top5,5,0.01546774166565379,-0.005508698764433051,0.02097644043008684,0.01897644043008684,0.0021888639370755136,0.011278877728578275
2024-01-17,5,ranker_v2,top10,10,-0.021929034296119244,-0.005508698764433051,-0.016420335531686193,-0.01842033553168619,0.0021888639370755136,-0.026117898233194756
2024-01-17,5,ranker_v2,top20,20,-0.017277840327247655,-0.005508698764433051,-0.011769141562814606,-0.013769141562814606,0.0021888639370755136,-0.02146670426432317
2024-01-17,5,ranker_v2,top_decile,11,-0.016200843514403138,-0.005508698764433051,-0.010692144749970085,-0.012692144749970085,0.0021888639370755136,-0.020389707451478653
2024-01-17,5,momentum_126_baseline,top10,10,-0.021992557708167482,-0.005508698764433051,-0.01648385894373443,-0.01848385894373443,0.0021888639370755136,-0.026181421645242994
2024-01-24,5,ranker_v2,top5,5,-0.017029424303782646,-0.0005007197846904621,-0.016528704519092184,-0.018528704519092186,0.0021888639370755136,-0.02121828824085816
2024-01-24,5,ranker_v2,top10,10,-0.02012162236708882,-0.0005007197846904621,-0.019620902582398358,-0.021620902582398356,0.0021888639370755136,-0.024310486304164332
2024-01-24,5,ranker_v2,top20,20,0.0023630356747042502,-0.0005007197846904621,0.0028637554593947123,0.0008637554593947123,0.0021888639370755136,-0.0018258282623712634
2024-01-24,5,ranker_v2,top_decile,11,0.011297970371400163,-0.0005007197846904621,0.011798690156090625,0.009798690156090625,0.0021888639370755136,0.00710910643432465
2024-01-24,5,momentum_126_baseline,top10,10,0.02675554636988251,-0.0005007197846904621,0.027256266154572974,0.025256266154572972,0.0021888639370755136,0.022566682432806996
2024-01-31,5,ranker_v2,top5,5,-0.06326374766998492,0.014528148287306752,-0.07779189595729168,-0.07979189595729168,0.002099611128611123,-0.06736335879859605
2024-01-31,5,ranker_v2,top10,10,-0.021077469978117137,0.014528148287306752,-0.03560561826542389,-0.03760561826542389,0.002099611128611123,-0.025177081106728262
2024-01-31,5,ranker_v2,top20,20,0.0005452660692257417,0.014528148287306752,-0.01398288221808101,-0.01598288221808101,0.002099611128611123,-0.0035543450593853816
2024-01-31,5,ranker_v2,top_decile,11,-0.012312031170130366,0.014528148287306752,-0.026840179457437118,-0.028840179457437116,0.002099611128611123,-0.016411642298741487
2024-01-31,5,momentum_126_baseline,top10,10,-0.026491879667195184,0.014528148287306752,-0.041020027954501936,-0.04302002795450194,0.002099611128611123,-0.03059149079580631
2024-02-07,5,ranker_v2,top5,5,-0.018439541329966325,-0.006805135485463909,-0.011634405844502416,-0.013634405844502416,0.002099611128611123,-0.022539152458577447
2024-02-07,5,ranker_v2,top10,10,-0.011916661632005299,-0.006805135485463909,-0.00511152614654139,-0.00711152614654139,0.002099611128611123,-0.016016272760616422
2024-02-07,5,ranker_v2,top20,20,-0.017157023916154403,-0.006805135485463909,-0.010351888430690492,-0.012351888430690492,0.002099611128611123,-0.021256635044765528
2024-02-07,5,ranker_v2,top_decile,11,-0.007938123880781321,-0.006805135485463909,-0.0011329883953174115,-0.0031329883953174114,0.002099611128611123,-0.012037735009392444
2024-02-07,5,momentum_126_baseline,top10,10,-0.025663376251674298,-0.006805135485463909,-0.01885824076621039,-0.020858240766210387,0.002099611128611123,-0.02976298738028542
2024-02-16,5,ranker_v2,top5,5,-0.001661240703518274,0.005383527803241028,-0.007044768506759303,-0.009044768506759303,0.002099611128611123,-0.0057608518321293975
2024-02-16,5,ranker_v2,top10,10,-0.011295103304429621,0.005383527803241028,-0.01667863110767065,-0.01867863110767065,0.002099611128611123,-0.015394714433040744
2024-02-16,5,ranker_v2,top20,20,0.0014407790260898723,0.005383527803241028,-0.003942748777151156,-0.005942748777151156,0.002099611128611123,-0.002658832102521251
2024-02-16,5,ranker_v2,top_decile,11,-0.011473714933565627,0.005383527803241028,-0.016857242736806655,-0.018857242736806654,0.002099611128611123,-0.01557332606217675
2024-02-16,5,momentum_126_baseline,top10,10,0.0020872564399419423,0.005383527803241028,-0.003296271363299086,-0.005296271363299086,0.002099611128611123,-0.0020123546886691808
2024-02-23,5,ranker_v2,top5,5,0.036404531433034036,-0.0018467149336650612,0.0382512463666991,0.036251246366699096,0.002099611128611123,0.03230492030442291
2024-02-23,5,ranker_v2,top10,10,0.04476258196485392,-0.0018467149336650612,0.04660929689851898,0.04460929689851898,0.002099611128611123,0.0406629708362428
2024-02-23,5,ranker_v2,top20,20,0.03430402516303077,-0.0018467149336650612,0.03615074009669583,0.03415074009669583,0.002099611128611123,0.030204414034419647
2024-02-23,5,ranker_v2,top_decile,11,0.04340023394431798,-0.0018467149336650612,0.04524694887798304,0.04324694887798304,0.002099611128611123,0.03930062281570686
2024-02-23,5,momentum_126_baseline,top10,10,0.030738259993001404,-0.0018467149336650612,0.03258497492666647,0.030584974926666467,0.002099611128611123,0.026638648864390282
2024-03-01,5,ranker_v2,top5,5,-0.02319733758446647,-0.016326056665118438,-0.006871280919348033,-0.008871280919348034,0.002099611128611123,-0.02729694871307759
2024-03-01,5,ranker_v2,top10,10,-0.0115870774038207,-0.016326056665118438,0.004738979261297738,0.0027389792612977377,0.002099611128611123,-0.015686688532431825
2024-03-01,5,ranker_v2,top20,20,-0.0016474301558415338,-0.016326056665118438,0.014678626509276904,0.012678626509276904,0.002099611128611123,-0.005747041284452657
2024-03-01,5,ranker_v2,top_decile,11,-0.013830031320622832,-0.016326056665118438,0.0024960253444956063,0.0004960253444956063,0.002099611128611123,-0.017929642449233955
2024-03-01,5,momentum_126_baseline,top10,10,-0.006327815955615235,-0.016326056665118438,0.009998240709503203,0.007998240709503203,0.002099611128611123,-0.010427427084226358
2024-03-08,5,ranker_v2,top5,5,0.014748314976484012,-0.002589103729411124,0.017337418705895134,0.015337418705895134,0.002099611128611123,0.010648703847872889
2024-03-08,5,ranker_v2,top10,10,0.010008876299948899,-0.002589103729411124,0.012597980029360023,0.010597980029360023,0.002099611128611123,0.005909265171337776
2024-03-08,5,ranker_v2,top20,20,0.007831538925019126,-0.002589103729411124,0.01042064265443025,0.00842064265443025,0.002099611128611123,0.0037319277964080032
2024-03-08,5,ranker_v2,top_decile,11,0.034432592721115714,-0.002589103729411124,0.03702169645052684,0.035021696450526836,0.002099611128611123,0.03033298159250459
2024-03-08,5,momentum_126_baseline,top10,10,0.0018583038225302607,-0.002589103729411124,0.0044474075519413845,0.0024474075519413845,0.002099611128611123,-0.0022413073060808626
2024-03-15,5,ranker_v2,top5,5,-0.018370134256938342,0.0022486626374840224,-0.020618796894422364,-0.022618796894422366,0.002063771362405209,-0.022433905619343553
2024-03-15,5,ranker_v2,top10,10,0.0009729261301618996,0.0022486626374840224,-0.0012757365073221227,-0.0032757365073221227,0.002063771362405209,-0.0030908452322433093
2024-03-15,5,ranker_v2,top20,20,0.0017064276683415257,0.0022486626374840224,-0.0005422349691424966,-0.0025422349691424967,0.002063771362405209,-0.0023573436940636833
2024-03-15,5,ranker_v2,top_decile,11,0.005451405229086795,0.0022486626374840224,0.0032027425916027726,0.0012027425916027725,0.002063771362405209,0.001387633866681586
2024-03-15,5,momentum_126_baseline,top10,10,-0.025147778833810187,0.0022486626374840224,-0.02739644147129421,-0.029396441471294207,0.002063771362405209,-0.029211550196215394
2024-03-22,5,ranker_v2,top5,5,0.022261647322407742,-0.00029127665771844224,0.022552923980126184,0.020552923980126182,0.0020100141164518526,0.018251633205955888
2024-03-22,5,ranker_v2,top10,10,0.030186537365304356,-0.00029127665771844224,0.030477814023022798,0.028477814023022796,0.0020100141164518526,0.0261765232488525
2024-03-22,5,ranker_v2,top20,20,0.006008345073018379,-0.00029127665771844224,0.006299621730736821,0.004299621730736821,0.0020100141164518526,0.001998330956566526
2024-03-22,5,ranker_v2,top_decile,11,0.024117171722345853,-0.00029127665771844224,0.024408448380064295,0.022408448380064297,0.0020100141164518526,0.020107157605894002
2024-03-22,5,momentum_126_baseline,top10,10,0.004398836970565534,-0.00029127665771844224,0.004690113628283976,0.002690113628283976,0.0020100141164518526,0.0003888228541136813
2024-04-01,5,ranker_v2,top5,5,0.10313484888443032,0.014701945035042074,0.08843290384938825,0.08643290384938825,0.0020100141164518526,0.09912483476797847
2024-04-01,5,ranker_v2,top10,10,0.048337967442979954,0.014701945035042074,0.03363602240793788,0.03163602240793788,0.0020100141164518526,0.0443279533265281
2024-04-01,5,ranker_v2,top20,20,0.02198690270139749,0.014701945035042074,0.007284957666355419,0.005284957666355419,0.0020100141164518526,0.017976888584945637
2024-04-01,5,ranker_v2,top_decile,11,0.033872441836326546,0.014701945035042074,0.019170496801284475,0.017170496801284477,0.0020100141164518526,0.02986242771987469
2024-04-01,5,momentum_126_baseline,top10,10,0.0138279474441521,0.014701945035042074,-0.0008739975908899744,-0.0028739975908899746,0.0020100141164518526,0.009817933327700248
2024-04-08,5,ranker_v2,top5,5,-0.08475784679606513,-0.02734038507803227,-0.05741746171803286,-0.05941746171803286,0.0020100141164518526,-0.08876786091251698
2024-04-08,5,ranker_v2,top10,10,-0.04927090739251566,-0.02734038507803227,-0.02193052231448339,-0.023930522314483393,0.0020100141164518526,-0.053280921508967516
2024-04-08,5,ranker_v2,top20,20,-0.06465070902992451,-0.02734038507803227,-0.03731032395189225,-0.039310323951892254,0.0020100141164518526,-0.06866072314637636
2024-04-08,5,ranker_v2,top_decile,11,-0.04705271236862219,-0.02734038507803227,-0.019712327290589925,-0.021712327290589924,0.0020100141164518526,-0.051062726485074046
2024-04-08,5,momentum_126_baseline,top10,10,-0.0698121908122294,-0.02734038507803227,-0.042471805734197135,-0.04447180573419714,0.0020100141164518526,-0.07382220492868126
2024-04-15,5,ranker_v2,top5,5,-0.03643191231838745,0.0019069047505066994,-0.03833881706889415,-0.04033881706889415,0.0020100141164518526,-0.040441926434839306
2024-04-15,5,ranker_v2,top10,10,-0.01786995514135483,0.0019069047505066994,-0.01977685989186153,-0.02177685989186153,0.0020100141164518526,-0.021879969257806685
2024-04-15,5,ranker_v2,top20,20,-0.00836307710597567,0.0019069047505066994,-0.010269981856482369,-0.012269981856482369,0.0020100141164518526,-0.012373091222427522
2024-04-15,5,ranker_v2,top_decile,11,-0.018209051730444344,0.0019069047505066994,-0.020115956480951044,-0.022115956480951042,0.0020100141164518526,-0.022219065846896195
2024-04-15,5,momentum_126_baseline,top10,10,-0.023323170520208956,0.0019069047505066994,-0.025230075270715656,-0.027230075270715658,0.0020100141164518526,-0.02733318463666081
2024-04-22,5,ranker_v2,top5,5,0.05900860093053271,0.014167058205187377,0.04484154272534533,0.04284154272534533,0.0020100141164518526,0.05499858681408085
2024-04-22,5,ranker_v2,top10,10,0.018913168271226632,0.014167058205187377,0.004746110066039255,0.002746110066039255,0.0020100141164518526,0.014903154154774778
2024-04-22,5,ranker_v2,top20,20,0.013079753587032028,0.014167058205187377,-0.0010873046181553493,-0.0030873046181553493,0.0020100141164518526,0.009069739470580176
2024-04-22,5,ranker_v2,top_decile,11,0.01405671634663195,0.014167058205187377,-0.00011034185855542741,-0.0021103418585554277,0.0020100141164518526,0.010046702230180097
2024-04-22,5,momentum_126_baseline,top10,10,0.0020603446964361895,0.014167058205187377,-0.012106713508751189,-0.014106713508751189,0.0020100141164518526,-0.001949669420015663
2024-04-29,5,ranker_v2,top5,5,-0.007857378777240798,0.014589484264087016,-0.022446863041327814,-0.024446863041327815,0.0020100141164518526,-0.01186739289369265
2024-04-29,5,ranker_v2,top10,10,0.030281560109592008,0.014589484264087016,0.015692075845504992,0.013692075845504992,0.0020100141164518526,0.026271545993140154
2024-04-29,5,ranker_v2,top20,20,0.011374834132924987,0.014589484264087016,-0.0032146501311620277,-0.005214650131162028,0.0020100141164518526,0.007364820016473135
2024-04-29,5,ranker_v2,top_decile,11,0.020966248433267776,0.014589484264087016,0.00637676416918076,0.00437676416918076,0.0020100141164518526,0.01695623431681592
2024-04-29,5,momentum_126_baseline,top10,10,0.009983288438821158,0.014589484264087016,-0.004606195825265858,-0.006606195825265858,0.0020100141164518526,0.0059732743223693055
2024-05-07,5,ranker_v2,top5,5,0.005483673832226854,-0.005378840647008776,0.01086251447923563,0.00886251447923563,0.001974036852709027,0.001509636979517827
2024-05-07,5,ranker_v2,top10,10,-0.003931643246639726,-0.005378840647008776,0.001447197400369049,-0.000552802599630951,0.001974036852709027,-0.007905680099348753
2024-05-07,5,ranker_v2,top20,20,-0.007201359141059088,-0.005378840647008776,-0.0018225184940503126,-0.0038225184940503124,0.001974036852709027,-0.011175395993768114
2024-05-07,5,ranker_v2,top_decile,11,-0.0059274431386814215,-0.005378840647008776,-0.0005486024916726461,-0.0025486024916726462,0.001974036852709027,-0.009901479991390448
2024-05-07,5,momentum_126_baseline,top10,10,-0.021098645612293975,-0.005378840647008776,-0.0157198049652852,-0.017719804965285198,0.001974036852709027,-0.025072682465003
2024-05-14,5,ranker_v2,top5,5,0.04284487318115202,-0.008582655721122046,0.05142752890227407,0.049427528902274066,0.0019650427386139757,0.038879830442538045
2024-05-14,5,ranker_v2,top10,10,0.02883792430265405,-0.008582655721122046,0.037420580023776094,0.03542058002377609,0.0019650427386139757,0.02487288156404007
2024-05-14,5,ranker_v2,top20,20,0.03558661494757573,-0.008582655721122046,0.044169270668697774,0.04216927066869777,0.0019650427386139757,0.03162157220896175
2024-05-14,5,ranker_v2,top_decile,11,0.026046758845460462,-0.008582655721122046,0.03462941456658251,0.032629414566582506,0.0019650427386139757,0.022081716106846484
2024-05-14,5,momentum_126_baseline,top10,10,0.05787352179538833,-0.008582655721122046,0.06645617751651037,0.06445617751651037,0.0019650427386139757,0.05390847905677435
2024-05-21,5,ranker_v2,top5,5,-0.010352314764920201,-0.02850594920415661,0.01815363443923641,0.01615363443923641,0.0019650427386139757,-0.014317357503534177
2024-05-21,5,ranker_v2,top10,10,-0.027060345266792407,-0.02850594920415661,0.0014456039373642038,-0.0005543960626357963,0.0019650427386139757,-0.031025388005406385
2024-05-21,5,ranker_v2,top20,20,-0.03838289881887907,-0.02850594920415661,-0.009876949614722458,-0.011876949614722458,0.0019650427386139757,-0.042347941557493045
2024-05-21,5,ranker_v2,top_decile,11,-0.026808287364845793,-0.02850594920415661,0.0016976618393108197,-0.00030233816068918036,0.0019650427386139757,-0.03077333010345977
2024-05-21,5,momentum_126_baseline,top10,10,-0.040840621357014516,-0.02850594920415661,-0.012334672152857907,-0.014334672152857907,0.0019650427386139757,-0.04480566409562849
2024-05-28,5,ranker_v2,top5,5,-0.03427392901347419,-0.019171110033931127,-0.015102818979543065,-0.017102818979543064,0.0019650427386139757,-0.038238971752088166
2024-05-28,5,ranker_v2,top10,10,0.0037034558599678856,-0.019171110033931127,0.022874565893899013,0.020874565893899015,0.0019650427386139757,-0.0002615868786460902
2024-05-28,5,ranker_v2,top20,20,-0.007918637829522401,-0.019171110033931127,0.011252472204408726,0.009252472204408725,0.0019650427386139757,-0.011883680568136377
2024-05-28,5,ranker_v2,top_decile,11,0.003321982728486646,-0.019171110033931127,0.022493092762417774,0.020493092762417772,0.0019650427386139757,-0.00064306001012733
2024-05-28,5,momentum_126_baseline,top10,10,-0.008425694713454024,-0.019171110033931127,0.010745415320477103,0.008745415320477103,0.0019650427386139757,-0.012390737452068
2024-06-05,5,ranker_v2,top5,5,0.009935397113817168,-0.01211627006680005,0.02205166718061722,0.020051667180617218,0.0019650427386139757,0.005970354375203192
2024-06-05,5,ranker_v2,top10,10,0.0233033618380566,-0.01211627006680005,0.035419631904856655,0.03341963190485665,0.0019650427386139757,0.019338319099442627
2024-06-05,5,ranker_v2,top20,20,-0.0015241624874010261,-0.01211627006680005,0.010592107579399023,0.008592107579399023,0.0019650427386139757,-0.005489205226015002
2024-06-05,5,ranker_v2,top_decile,11,0.018727871941230823,-0.01211627006680005,0.030844142008030873,0.02884414200803087,0.0019650427386139757,0.014762829202616845
2024-06-05,5,momentum_126_baseline,top10,10,-0.020719839895209802,-0.01211627006680005,-0.008603569828409752,-0.010603569828409752,0.0019650427386139757,-0.024684882633823776
2024-06-12,5,ranker_v2,top5,5,-0.03377119156475787,0.0027097785485592496,-0.03648097011331712,-0.03848097011331712,0.0019650427386139757,-0.03773623430337185
2024-06-12,5,ranker_v2,top10,10,-0.02180075356066923,0.0027097785485592496,-0.02451053210922848,-0.026510532109228477,0.0019650427386139757,-0.025765796299283203
2024-06-12,5,ranker_v2,top20,20,-0.03561873561048877,0.0027097785485592496,-0.03832851415904802,-0.04032851415904802,0.0019650427386139757,-0.03958377834910275
2024-06-12,5,ranker_v2,top_decile,11,-0.02377656891247184,0.0027097785485592496,-0.02648634746103109,-0.02848634746103109,0.0019650427386139757,-0.027741611651085817
2024-06-12,5,momentum_126_baseline,top10,10,-0.01774112675896241,0.0027097785485592496,-0.02045090530752166,-0.02245090530752166,0.0019650427386139757,-0.021706169497576387
2024-06-19,5,ranker_v2,top5,5,0.004526175537700139,0.01979028945377137,-0.015264113916071232,-0.01726411391607123,0.0019650427386139757,0.0005611327990861633
2024-06-19,5,ranker_v2,top10,10,0.015293870988329638,0.01979028945377137,-0.0044964184654417315,-0.0064964184654417315,0.0019650427386139757,0.011328828249715662
2024-06-19,5,ranker_v2,top20,20,0.017078484463727388,0.01979028945377137,-0.002711804990043981,-0.004711804990043981,0.0019650427386139757,0.013113441725113412
2024-06-19,5,ranker_v2,top_decile,11,0.01573390467160819,0.01979028945377137,-0.004056384782163181,-0.006056384782163181,0.0019650427386139757,0.011768861932994213
2024-06-19,5,momentum_126_baseline,top10,10,0.04184010526529691,0.01979028945377137,0.02204981581152554,0.02004981581152554,0.0019650427386139757,0.037875062526682934
2024-06-26,5,ranker_v2,top5,5,0.01818169835700776,0.02463287155192795,-0.00645117319492019,-0.00845117319492019,0.0019650427386139757,0.014216655618393782
2024-06-26,5,ranker_v2,top10,10,0.019009479264033558,0.02463287155192795,-0.005623392287894391,-0.007623392287894391,0.0019650427386139757,0.015044436525419584
2024-06-26,5,ranker_v2,top20,20,0.018313422773063144,0.02463287155192795,-0.006319448778864806,-0.008319448778864806,0.0019650427386139757,0.014348380034449167
2024-06-26,5,ranker_v2,top_decile,11,0.019009662398435632,0.02463287155192795,-0.0056232091534923175,-0.0076232091534923175,0.0019650427386139757,0.015044619659821658
2024-06-26,5,momentum_126_baseline,top10,10,0.016253100694964228,0.02463287155192795,-0.00837977085696372,-0.01037977085696372,0.0019650427386139757,0.012288057956350252
2024-07-03,5,ranker_v2,top5,5,0.08322706924803791,0.012382422689436678,0.07084464655860123,0.06884464655860123,0.0019650427386139757,0.07926202650942393
2024-07-03,5,ranker_v2,top10,10,0.07532709790391905,0.012382422689436678,0.06294467521448237,0.060944675214482366,0.0019650427386139757,0.07136205516530507
2024-07-03,5,ranker_v2,top20,20,0.049221088158491424,0.012382422689436678,0.036838665469054746,0.034838665469054744,0.0019650427386139757,0.04525604541987745
2024-07-03,5,ranker_v2,top_decile,11,0.06764723327628512,0.012382422689436678,0.05526481058684844,0.05326481058684844,0.0019650427386139757,0.06368219053767114
2024-07-03,5,momentum_126_baseline,top10,10,0.03313654929930486,0.012382422689436678,0.020754126609868185,0.018754126609868187,0.0019650427386139757,0.029171506560690882
2024-07-10,5,ranker_v2,top5,5,0.027501586359680474,0.017544687072584164,0.00995689928709631,0.00795689928709631,0.0019650427386139757,0.023536543621066497
2024-07-10,5,ranker_v2,top10,10,0.01758847277898772,0.017544687072584164,4.378570640355406e-05,-0.001956214293596446,0.0019650427386139757,0.013623430040373743
2024-07-10,5,ranker_v2,top20,20,0.014248739264653199,0.017544687072584164,-0.0032959478079309656,-0.005295947807930966,0.0019650427386139757,0.010283696526039223
2024-07-10,5,ranker_v2,top_decile,11,0.01930076818481129,0.017544687072584164,0.0017560811122271267,-0.0002439188877728733,0.0019650427386139757,0.015335725446197317
2024-07-10,5,momentum_126_baseline,top10,10,0.01534072386146006,0.017544687072584164,-0.002203963211124105,-0.004203963211124105,0.0019650427386139757,0.011375681122846084
2024-07-17,5,ranker_v2,top5,5,0.022182814238886638,-0.023383545770567782,0.045566360009454424,0.04356636000945442,0.0019650427386139757,0.018217771500272664
2024-07-17,5,ranker_v2,top10,10,-0.003766295212571158,-0.023383545770567782,0.019617250557996624,0.017617250557996622,0.0019650427386139757,-0.007731337951185134
2024-07-17,5,ranker_v2,top20,20,-0.014637090052177542,-0.023383545770567782,0.00874645571839024,0.00674645571839024,0.0019650427386139757,-0.018602132790791516
2024-07-17,5,ranker_v2,top_decile,11,-0.007814856054672137,-0.023383545770567782,0.015568689715895645,0.013568689715895645,0.0019650427386139757,-0.011779898793286113
2024-07-17,5,momentum_126_baseline,top10,10,-0.01561991634906359,-0.023383545770567782,0.007763629421504192,0.005763629421504192,0.0019650427386139757,-0.019584959087677566
2024-07-24,5,ranker_v2,top5,5,0.012429276737122819,0.009721332352499168,0.0027079443846236505,0.0007079443846236505,0.0019650427386139757,0.008464233998508843
2024-07-24,5,ranker_v2,top10,10,0.03083361227916449,0.009721332352499168,0.021112279926665322,0.019112279926665324,0.0019650427386139757,0.026868569540550516
2024-07-24,5,ranker_v2,top20,20,0.013726701947457154,0.009721332352499168,0.004005369594957986,0.0020053695949579856,0.0019650427386139757,0.009761659208843178
2024-07-24,5,ranker_v2,top_decile,11,0.02899234559630656,0.009721332352499168,0.01927101324380739,0.017271013243807393,0.0019650427386139757,0.025027302857692585
2024-07-24,5,momentum_126_baseline,top10,10,0.054987041821892325,0.009721332352499168,0.04526570946939316,0.043265709469393156,0.0019650427386139757,0.05102199908327835
2024-07-31,5,ranker_v2,top5,5,0.006241185109295588,-0.0010810641431391321,0.00732224925243472,0.00532224925243472,0.0019650427386139757,0.0022761423706816122
2024-07-31,5,ranker_v2,top10,10,0.04603073214724533,-0.0010810641431391321,0.047111796290384464,0.04511179629038446,0.0019650427386139757,0.042065689408631354
2024-07-31,5,ranker_v2,top20,20,0.013383740885930345,-0.0010810641431391321,0.014464805029069477,0.012464805029069477,0.0019650427386139757,0.009418698147316369
2024-07-31,5,ranker_v2,top_decile,11,0.04110616329240297,-0.0010810641431391321,0.0421872274355421,0.0401872274355421,0.0019650427386139757,0.037141120553788994
2024-07-31,5,momentum_126_baseline,top10,10,0.030329881493808254,-0.0010810641431391321,0.031410945636947386,0.029410945636947385,0.0019650427386139757,0.026364838755194277
2024-08-07,5,ranker_v2,top5,5,0.06835422940594607,0.04551657072948845,0.022837658676457616,0.020837658676457614,0.0019650427386139757,0.0643891866673321
2024-08-07,5,ranker_v2,top10,10,0.04474118856180196,0.04551657072948845,-0.0007753821676864892,-0.002775382167686489,0.0019650427386139757,0.04077614582318798
2024-08-07,5,ranker_v2,top20,20,0.04531771539122887,0.04551657072948845,-0.00019885533825957923,-0.002198855338259579,0.0019650427386139757,0.04135267265261489
2024-08-07,5,ranker_v2,top_decile,11,0.05149780320103974,0.04551657072948845,0.005981232471551296,0.003981232471551296,0.0019650427386139757,0.047532760462425765
2024-08-07,5,momentum_126_baseline,top10,10,0.016848615057993975,0.04551657072948845,-0.028667955671494473,-0.030667955671494475,0.0019650427386139757,0.01288357231938
2024-08-14,5,ranker_v2,top5,5,0.0641268046972507,0.02359771373707975,0.040529090960170946,0.038529090960170945,0.0019650427386139757,0.06016176195863672
2024-08-14,5,ranker_v2,top10,10,0.04986589918015026,0.02359771373707975,0.026268185443070514,0.024268185443070515,0.0019650427386139757,0.045900856441536284
2024-08-14,5,ranker_v2,top20,20,0.029306584057922636,0.02359771373707975,0.005708870320842885,0.0037088703208428848,0.0019650427386139757,0.025341541319308658
2024-08-14,5,ranker_v2,top_decile,11,0.045058315643209584,0.02359771373707975,0.02146060190612983,0.019460601906129832,0.0019650427386139757,0.04109327290459561
2024-08-14,5,momentum_126_baseline,top10,10,0.047241243960063795,0.02359771373707975,0.023643530222984044,0.021643530222984042,0.0019650427386139757,0.04327620122144982
2024-08-21,5,ranker_v2,top5,5,-0.004984925582738953,0.00644858717317387,-0.011433512755912822,-0.013433512755912822,0.0019650427386139757,-0.00894996832135293
2024-08-21,5,ranker_v2,top10,10,-0.0013374397176098784,0.00644858717317387,-0.0077860268907837486,-0.009786026890783749,0.0019650427386139757,-0.0053024824562238546
2024-08-21,5,ranker_v2,top20,20,-0.004146185470766434,0.00644858717317387,-0.010594772643940303,-0.012594772643940303,0.0019650427386139757,-0.00811122820938041
2024-08-21,5,ranker_v2,top_decile,11,-0.0033897719309950096,0.00644858717317387,-0.00983835910416888,-0.01183835910416888,0.0019650427386139757,-0.007354814669608986
2024-08-21,5,momentum_126_baseline,top10,10,-0.018600514622871454,0.00644858717317387,-0.025049101796045324,-0.027049101796045326,0.0019650427386139757,-0.022565557361485432
2024-08-28,5,ranker_v2,top5,5,0.01670465833010628,-0.008977458061509735,0.025682116391616015,0.023682116391616014,0.0019650427386139757,0.012739615591492304
2024-08-28,5,ranker_v2,top10,10,-0.009263499391789488,-0.008977458061509735,-0.0002860413302797515,-0.0022860413302797514,0.0019650427386139757,-0.013228542130403463
2024-08-28,5,ranker_v2,top20,20,-0.0017646235022530544,-0.008977458061509735,0.007212834559256681,0.005212834559256681,0.0019650427386139757,-0.00572966624086703
2024-08-28,5,ranker_v2,top_decile,11,-0.011861473992857459,-0.008977458061509735,-0.0028840159313477235,-0.004884015931347723,0.0019650427386139757,-0.015826516731471434
2024-08-28,5,momentum_126_baseline,top10,10,0.012705531695818595,-0.008977458061509735,0.02168298975732833,0.01968298975732833,0.0019650427386139757,0.008740488957204619
2024-09-04,5,ranker_v2,top5,5,-0.03239742677739381,-0.010535518804505095,-0.021861907972888717,-0.023861907972888716,0.0019650427386139757,-0.03636246951600779
2024-09-04,5,ranker_v2,top10,10,-0.017398361333921464,-0.010535518804505095,-0.0068628425294163685,-0.008862842529416368,0.0019650427386139757,-0.02136340407253544
2024-09-04,5,ranker_v2,top20,20,-0.013396288478020435,-0.010535518804505095,-0.00286076967351534,-0.00486076967351534,0.0019650427386139757,-0.017361331216634412
2024-09-04,5,ranker_v2,top_decile,11,-0.015858014036944038,-0.010535518804505095,-0.005322495232438945,-0.007322495232438945,0.0019650427386139757,-0.019823056775558012
2024-09-04,5,momentum_126_baseline,top10,10,0.01980008850613004,-0.010535518804505095,0.030335607310635136,0.028335607310635134,0.0019650427386139757,0.015835045767516064
2024-09-11,5,ranker_v2,top5,5,0.004696729921617826,-0.006897985550613717,0.011594715472231542,0.009594715472231542,0.0019650427386139757,0.0007316871830038499
2024-09-11,5,ranker_v2,top10,10,-0.000769104240383156,-0.006897985550613717,0.006128881310230561,0.004128881310230561,0.0019650427386139757,-0.0047341469789971315
2024-09-11,5,ranker_v2,top20,20,-0.0007865198801895956,-0.006897985550613717,0.006111465670424121,0.004111465670424121,0.0019650427386139757,-0.004751562618803572
2024-09-11,5,ranker_v2,top_decile,11,0.0004515583503475221,-0.006897985550613717,0.007349543900961239,0.005349543900961239,0.0019650427386139757,-0.0035134843882664536
2024-09-11,5,momentum_126_baseline,top10,10,0.004324001228160212,-0.006897985550613717,0.011221986778773929,0.009221986778773929,0.0019650427386139757,0.0003589584895462364
2024-09-18,5,ranker_v2,top5,5,-0.058189185070674075,-0.016164727696862724,-0.04202445737381135,-0.04402445737381135,0.0020100141164518526,-0.06219919918712593
2024-09-18,5,ranker_v2,top10,10,-0.06138629361979527,-0.016164727696862724,-0.04522156592293255,-0.04722156592293255,0.0020100141164518526,-0.06539630773624712
2024-09-18,5,ranker_v2,top20,20,-0.05305619275093769,-0.016164727696862724,-0.03689146505407497,-0.038891465054074974,0.0020100141164518526,-0.05706620686738954
2024-09-18,5,ranker_v2,top_decile,11,-0.06515492211072957,-0.016164727696862724,-0.048990194413866844,-0.050990194413866846,0.0020100141164518526,-0.06916493622718142
2024-09-18,5,momentum_126_baseline,top10,10,0.010373471163401227,-0.016164727696862724,0.02653819886026395,0.024538198860263948,0.0020100141164518526,0.006363457046949374
2024-09-25,5,ranker_v2,top5,5,-0.006391507547692932,0.014659614244676433,-0.021051121792369364,-0.023051121792369365,0.0020100141164518526,-0.010401521664144785
2024-09-25,5,ranker_v2,top10,10,-0.007124927969649908,0.014659614244676433,-0.021784542214326342,-0.02378454221432634,0.0020100141164518526,-0.01113494208610176
2024-09-25,5,ranker_v2,top20,20,0.024824615450296034,0.014659614244676433,0.010165001205619601,0.008165001205619601,0.0020100141164518526,0.020814601333844183
2024-09-25,5,ranker_v2,top_decile,11,-0.00588817594824951,0.014659614244676433,-0.020547790192925942,-0.022547790192925944,0.0020100141164518526,-0.009898190064701363
2024-09-25,5,momentum_126_baseline,top10,10,0.037546157923443145,0.014659614244676433,0.022886543678766712,0.02088654367876671,0.0020100141164518526,0.03353614380699129
2024-10-02,5,ranker_v2,top5,5,-0.07284953294068457,-0.026611242182526307,-0.04623829075815826,-0.04823829075815826,0.0020100141164518526,-0.07685954705713642
2024-10-02,5,ranker_v2,top10,10,-0.06435207089805883,-0.026611242182526307,-0.037740828715532526,-0.03974082871553253,0.0020100141164518526,-0.06836208501451069
2024-10-02,5,ranker_v2,top20,20,-0.05159283660206064,-0.026611242182526307,-0.02498159441953434,-0.026981594419534342,0.0020100141164518526,-0.055602850718512495
2024-10-02,5,ranker_v2,top_decile,11,-0.05766784580956757,-0.026611242182526307,-0.031056603627041265,-0.03305660362704126,0.0020100141164518526,-0.06167785992601942
2024-10-02,5,momentum_126_baseline,top10,10,-0.04808639651295353,-0.026611242182526307,-0.021475154330427227,-0.023475154330427225,0.0020100141164518526,-0.052096410629405385
2024-10-09,5,ranker_v2,top5,5,0.08062190855553224,0.013757867684400127,0.06686404087113211,0.06486404087113211,0.0020100141164518526,0.07661189443908038
2024-10-09,5,ranker_v2,top10,10,0.06357580058110265,0.013757867684400127,0.049817932896702534,0.04781793289670253,0.0020100141164518526,0.0595657864646508
2024-10-09,5,ranker_v2,top20,20,0.026247353783864974,0.013757867684400127,0.012489486099464847,0.010489486099464847,0.0020100141164518526,0.02223733966741312
2024-10-09,5,ranker_v2,top_decile,11,0.05926609287977646,0.013757867684400127,0.04550822519537633,0.04350822519537633,0.0020100141164518526,0.055256078763324605
2024-10-09,5,momentum_126_baseline,top10,10,0.029707902736517678,0.013757867684400127,0.01595003505211755,0.013950035052117551,0.0020100141164518526,0.025697888620065827
2024-10-16,5,ranker_v2,top5,5,-0.04702156895165184,-0.019104364326375745,-0.027917204625276092,-0.02991720462527609,0.0020100141164518526,-0.051031583068103695
2024-10-16,5,ranker_v2,top10,10,-0.035991848994382514,-0.019104364326375745,-0.01688748466800677,-0.01888748466800677,0.0020100141164518526,-0.04000186311083437
2024-10-16,5,ranker_v2,top20,20,-0.020534914682464638,-0.019104364326375745,-0.0014305503560888943,-0.0034305503560888946,0.0020100141164518526,-0.02454492879891649
2024-10-16,5,ranker_v2,top_decile,11,-0.035444656488655996,-0.019104364326375745,-0.016340292162280248,-0.018340292162280246,0.0020100141164518526,-0.03945467060510785
2024-10-16,5,momentum_126_baseline,top10,10,0.0008316153201949006,-0.019104364326375745,0.019935979646570644,0.017935979646570642,0.0020100141164518526,-0.003178398796256952
2024-10-23,5,ranker_v2,top5,5,0.05795398107540082,0.010879574102589995,0.047074406972810824,0.04507440697281082,0.0020100141164518526,0.053943966958948965
2024-10-23,5,ranker_v2,top10,10,0.035176957824406274,0.010879574102589995,0.02429738372181628,0.022297383721816277,0.0020100141164518526,0.03116694370795442
2024-10-23,5,ranker_v2,top20,20,0.02330248414998805,0.010879574102589995,0.012422910047398057,0.010422910047398056,0.0020100141164518526,0.0192924700335362
2024-10-23,5,ranker_v2,top_decile,11,0.03427731178710692,0.010879574102589995,0.023397737684516928,0.02139773768451693,0.0020100141164518526,0.030267297670655065
2024-10-23,5,momentum_126_baseline,top10,10,0.026238627508710068,0.010879574102589995,0.01535905340612007,0.01335905340612007,0.0020100141164518526,0.022228613392258213
2024-10-30,5,ranker_v2,top5,5,0.006629028258688607,-0.0022810952318985667,0.008910123490587174,0.006910123490587174,0.0020100141164518526,0.0026190141422367547
2024-10-30,5,ranker_v2,top10,10,-0.00884620591208587,-0.0022810952318985667,-0.006565110680187303,-0.008565110680187303,0.0020100141164518526,-0.012856220028537722
2024-10-30,5,ranker_v2,top20,20,-0.0034037822799581063,-0.0022810952318985667,-0.0011226870480595397,-0.0031226870480595397,0.0020100141164518526,-0.007413796396409959
2024-10-30,5,ranker_v2,top_decile,11,0.006325110444899847,-0.0022810952318985667,0.008606205676798413,0.006606205676798413,0.0020100141164518526,0.0023150963284479945
2024-10-30,5,momentum_126_baseline,top10,10,0.01793083082378404,-0.0022810952318985667,0.020211926055682606,0.018211926055682608,0.0020100141164518526,0.013920816707332188
2024-11-06,5,ranker_v2,top5,5,-0.06696655202573568,-0.020001380992933915,-0.046965171032801754,-0.048965171032801756,0.002099611128611123,-0.0710661631543468
2024-11-06,5,ranker_v2,top10,10,-0.028864415825895596,-0.020001380992933915,-0.008863034832961681,-0.010863034832961681,0.002099611128611123,-0.03296402695450672
2024-11-06,5,ranker_v2,top20,20,-0.03192104203936657,-0.020001380992933915,-0.011919661046432656,-0.013919661046432656,0.002099611128611123,-0.036020653167977694
2024-11-06,5,ranker_v2,top_decile,11,-0.023732545269773208,-0.020001380992933915,-0.0037311642768392927,-0.005731164276839293,0.002099611128611123,-0.02783215639838433
2024-11-06,5,momentum_126_baseline,top10,10,-0.03418271776424936,-0.020001380992933915,-0.014181336771315445,-0.016181336771315447,0.002099611128611123,-0.038282328892860484
2024-11-13,5,ranker_v2,top5,5,0.0363290153312934,0.010897646671990335,0.025431368659303066,0.023431368659303065,0.002099611128611123,0.03222940420268228
2024-11-13,5,ranker_v2,top10,10,0.024059496698574556,0.010897646671990335,0.01316185002658422,0.01116185002658422,0.002099611128611123,0.019959885569963434
2024-11-13,5,ranker_v2,top20,20,0.03088077477334425,0.010897646671990335,0.019983128101353914,0.017983128101353912,0.002099611128611123,0.026781163644733125
2024-11-13,5,ranker_v2,top_decile,11,0.023260902336312183,0.010897646671990335,0.012363255664321848,0.010363255664321848,0.002099611128611123,0.01916129120770106
2024-11-13,5,momentum_126_baseline,top10,10,0.02012896545711217,0.010897646671990335,0.009231318785121834,0.007231318785121834,0.002099611128611123,0.01602935432850105
2024-11-22,5,ranker_v2,top5,5,-0.010123642650638453,-0.026780044297817662,0.016656401647179207,0.014656401647179207,0.002099611128611123,-0.014223253779249576
2024-11-22,5,ranker_v2,top10,10,-0.025208920142444004,-0.026780044297817662,0.0015711241553736598,-0.0004288758446263402,0.002099611128611123,-0.02930853127105513
2024-11-22,5,ranker_v2,top20,20,-0.02031836736219748,-0.026780044297817662,0.006461676935620181,0.004461676935620181,0.002099611128611123,-0.024417978490808602
2024-11-22,5,ranker_v2,top_decile,11,-0.026729454755858126,-0.026780044297817662,5.0589541959537726e-05,-0.0019494104580404623,0.002099611128611123,-0.03082906588446925
2024-11-22,5,momentum_126_baseline,top10,10,-0.04696964634257215,-0.026780044297817662,-0.020189602044754486,-0.022189602044754488,0.002099611128611123,-0.05106925747118327
2024-11-29,5,ranker_v2,top5,5,-0.03454326096268494,0.002212178120126085,-0.03675543908281102,-0.038755439082811025,0.002099611128611123,-0.03864287209129606
2024-11-29,5,ranker_v2,top10,10,-0.037299495092050015,0.002212178120126085,-0.0395116732121761,-0.0415116732121761,0.002099611128611123,-0.04139910622066114
2024-11-29,5,ranker_v2,top20,20,-0.03556979598855439,0.002212178120126085,-0.03778197410868048,-0.03978197410868048,0.002099611128611123,-0.03966940711716552
2024-11-29,5,ranker_v2,top_decile,11,-0.030421448056281705,0.002212178120126085,-0.03263362617640779,-0.03463362617640779,0.002099611128611123,-0.03452105918489283
2024-11-29,5,momentum_126_baseline,top10,10,-0.02625307994539623,0.002212178120126085,-0.028465258065522313,-0.030465258065522312,0.002099611128611123,-0.03035269107400735
2024-12-06,5,ranker_v2,top5,5,0.005067947313677501,-0.010591840947707709,0.01565978826138521,0.01365978826138521,0.0021708518291307932,0.000897095484546708
2024-12-06,5,ranker_v2,top10,10,-0.009200383178795457,-0.010591840947707709,0.001391457768912252,-0.000608542231087748,0.0021708518291307932,-0.01337123500792625
2024-12-06,5,ranker_v2,top20,20,-0.015931538938749767,-0.010591840947707709,-0.005339697991042058,-0.007339697991042058,0.0021708518291307932,-0.020102390767880562
2024-12-06,5,ranker_v2,top_decile,11,-0.013587634303238878,-0.010591840947707709,-0.0029957933555311692,-0.004995793355531169,0.0021708518291307932,-0.01775848613236967
2024-12-06,5,momentum_126_baseline,top10,10,0.04532899623641505,-0.010591840947707709,0.05592083718412276,0.05392083718412276,0.0021708518291307932,0.041158144407284256
2024-12-13,5,ranker_v2,top5,5,-0.03389791418621184,-0.020142522389496986,-0.013755391796714856,-0.015755391796714854,0.002277722376154756,-0.0381756365623666
2024-12-13,5,ranker_v2,top10,10,-0.08428406840225289,-0.020142522389496986,-0.0641415460127559,-0.0661415460127559,0.002277722376154756,-0.08856179077840765
2024-12-13,5,ranker_v2,top20,20,-0.06178513607566984,-0.020142522389496986,-0.041642613686172864,-0.043642613686172865,0.002277722376154756,-0.0660628584518246
2024-12-13,5,ranker_v2,top_decile,11,-0.09256489092767067,-0.020142522389496986,-0.07242236853817369,-0.07442236853817369,0.002277722376154756,-0.09684261330382543
2024-12-13,5,momentum_126_baseline,top10,10,-0.060927937512603406,-0.020142522389496986,-0.04078541512310642,-0.04278541512310642,0.002277722376154756,-0.06520565988875816
2024-12-20,5,ranker_v2,top5,5,0.0012466698704317824,-0.016191380976560588,0.01743805084699237,0.015438050846992369,0.0031902633108567002,-0.0039435934404249175
2024-12-20,5,ranker_v2,top10,10,-0.02067776141098543,-0.016191380976560588,-0.0044863804344248415,-0.0064863804344248415,0.0031902633108567002,-0.02586802472184213
2024-12-20,5,ranker_v2,top20,20,-0.02631550714767893,-0.016191380976560588,-0.010124126171118342,-0.012124126171118342,0.0031902633108567002,-0.03150577045853563
2024-12-20,5,ranker_v2,top_decile,11,-0.022994718967481974,-0.016191380976560588,-0.006803337990921385,-0.008803337990921384,0.0031902633108567002,-0.028184982278338676
2024-12-20,5,momentum_126_baseline,top10,10,-0.0032101968491777154,-0.016191380976560588,0.012981184127382871,0.010981184127382871,0.0031902633108567002,-0.008400460160034415
2025-01-02,5,ranker_v2,top5,5,0.02979101690621566,-0.0028636836628511686,0.03265470056906683,0.03065470056906683,0.002277722376154756,0.025513294530060904
2025-01-02,5,ranker_v2,top10,10,0.026252840489725426,-0.0028636836628511686,0.029116524152576595,0.027116524152576593,0.002277722376154756,0.02197511811357067
2025-01-02,5,ranker_v2,top20,20,0.011655520713239071,-0.0028636836628511686,0.01451920437609024,0.01251920437609024,0.002277722376154756,0.007377798337084315
2025-01-02,5,ranker_v2,top_decile,11,0.028060228485494883,-0.0028636836628511686,0.030923912148346052,0.028923912148346054,0.002277722376154756,0.02378250610934013
2025-01-02,5,momentum_126_baseline,top10,10,-0.00037289502219821634,-0.0028636836628511686,0.0024907886406529524,0.0004907886406529524,0.002277722376154756,-0.004650617398352972
2025-01-09,5,ranker_v2,top5,5,-0.00963625904327201,0.012130471443718038,-0.02176673048699005,-0.023766730486990052,0.002277722376154756,-0.013913981419426767
2025-01-09,5,ranker_v2,top10,10,-0.01837436458156294,0.012130471443718038,-0.03050483602528098,-0.03250483602528098,0.002277722376154756,-0.0226520869577177
2025-01-09,5,ranker_v2,top20,20,-0.006546447157689117,0.012130471443718038,-0.018676918601407154,-0.020676918601407156,0.002277722376154756,-0.010824169533843873
2025-01-09,5,ranker_v2,top_decile,11,-0.016895350601354032,0.012130471443718038,-0.02902582204507207,-0.031025822045072073,0.002277722376154756,-0.02117307297750879
2025-01-09,5,momentum_126_baseline,top10,10,0.0012522109820814365,0.012130471443718038,-0.010878260461636601,-0.012878260461636601,0.002277722376154756,-0.00302551139407332
2025-01-16,5,ranker_v2,top5,5,0.02103362852157955,0.010302390418529539,0.010731238103050012,0.008731238103050012,0.002277722376154756,0.01675590614542479
2025-01-16,5,ranker_v2,top10,10,0.01360488755817143,0.010302390418529539,0.003302497139641891,0.001302497139641891,0.002277722376154756,0.009327165182016674
2025-01-16,5,ranker_v2,top20,20,0.015264325486942443,0.010302390418529539,0.004961935068412904,0.0029619350684129036,0.002277722376154756,0.010986603110787687
2025-01-16,5,ranker_v2,top_decile,11,0.013110325308967346,0.010302390418529539,0.002807934890437806,0.0008079348904378061,0.002277722376154756,0.00883260293281259
2025-01-16,5,momentum_126_baseline,top10,10,0.00807932775180945,0.010302390418529539,-0.002223062666720088,-0.0042230626667200885,0.002277722376154756,0.0038016053756546944
2025-01-23,5,ranker_v2,top5,5,0.026606955873299153,0.03616828457826804,-0.009561328704968886,-0.011561328704968886,0.0023130265750914702,0.022293929298207685
2025-01-23,5,ranker_v2,top10,10,0.0314130466978779,0.03616828457826804,-0.00475523788039014,-0.00675523788039014,0.0023130265750914702,0.02710002012278643
2025-01-23,5,ranker_v2,top20,20,0.03964189939584062,0.03616828457826804,0.003473614817572579,0.001473614817572579,0.0023130265750914702,0.035328872820749146
2025-01-23,5,ranker_v2,top_decile,11,0.03481556149776053,0.03616828457826804,-0.0013527230805075098,-0.0033527230805075097,0.0023130265750914702,0.030502534922669057
2025-01-23,5,momentum_126_baseline,top10,10,0.043370954811556006,0.03616828457826804,0.007202670233287967,0.005202670233287967,0.0023130265750914702,0.039057928236464534
2025-01-30,5,ranker_v2,top5,5,-0.012626707879690047,-0.005421036458046036,-0.007205671421644011,-0.00920567142164401,0.002454255806815686,-0.017080963686505732
2025-01-30,5,ranker_v2,top10,10,-0.013012895963937721,-0.005421036458046036,-0.007591859505891685,-0.009591859505891684,0.002454255806815686,-0.017467151770753406
2025-01-30,5,ranker_v2,top20,20,-0.017138559293391205,-0.005421036458046036,-0.011717522835345167,-0.013717522835345167,0.002454255806815686,-0.021592815100206893
2025-01-30,5,ranker_v2,top_decile,11,-0.01369722316508639,-0.005421036458046036,-0.008276186707040355,-0.010276186707040355,0.002454255806815686,-0.01815147897190208
2025-01-30,5,momentum_126_baseline,top10,10,-0.024286903240463575,-0.005421036458046036,-0.01886586678241754,-0.020865866782417537,0.002454255806815686,-0.02874115904727926
2025-02-06,5,ranker_v2,top5,5,-0.02548273305012161,-0.01089324618736387,-0.014589486862757739,-0.01658948686275774,0.002454255806815686,-0.029936988856937297
2025-02-06,5,ranker_v2,top10,10,-0.036939152749167446,-0.01089324618736387,-0.026045906561803576,-0.02804590656180358,0.002454255806815686,-0.041393408555983134
2025-02-06,5,ranker_v2,top20,20,-0.022333846039620554,-0.01089324618736387,-0.011440599852256683,-0.013440599852256683,0.002454255806815686,-0.026788101846436242
2025-02-06,5,ranker_v2,top_decile,11,-0.03887672033598477,-0.01089324618736387,-0.0279834741486209,-0.029983474148620903,0.002454255806815686,-0.04333097614280046
2025-02-06,5,momentum_126_baseline,top10,10,-0.019010165328196958,-0.01089324618736387,-0.00811691914083309,-0.01011691914083309,0.002454255806815686,-0.023464421135012646
2025-02-13,5,ranker_v2,top5,5,0.04356390300509738,0.022034441329595422,0.02152946167550196,0.019529461675501958,0.002454255806815686,0.039109647198281694
2025-02-13,5,ranker_v2,top10,10,0.03723729328364582,0.022034441329595422,0.015202851954050401,0.013202851954050401,0.002454255806815686,0.03278303747683013
2025-02-13,5,ranker_v2,top20,20,0.029824760207785787,0.022034441329595422,0.007790318878190367,0.005790318878190367,0.002454255806815686,0.0253705044009701
2025-02-13,5,ranker_v2,top_decile,11,0.034598013154716556,0.022034441329595422,0.012563571825121134,0.010563571825121134,0.002454255806815686,0.030143757347900868
2025-02-13,5,momentum_126_baseline,top10,10,0.015408727686268109,0.022034441329595422,-0.006625713643327313,-0.008625713643327313,0.002454255806815686,0.010954471879452423
2025-02-20,5,ranker_v2,top5,5,-0.041515151571443566,-0.021959075555834207,-0.01955607601560936,-0.02155607601560936,0.002454255806815686,-0.045969407378259254
2025-02-20,5,ranker_v2,top10,10,-0.028799825324648608,-0.021959075555834207,-0.006840749768814403,-0.008840749768814403,0.002454255806815686,-0.033254081131464296
2025-02-20,5,ranker_v2,top20,20,0.029455109555387986,-0.021959075555834207,0.0514141851112222,0.0494141851112222,0.002454255806815686,0.025000853748572298
2025-02-20,5,ranker_v2,top_decile,11,-0.016819744910846004,-0.021959075555834207,0.005139330644988202,0.003139330644988202,0.002454255806815686,-0.021274000717661688
2025-02-20,5,momentum_126_baseline,top10,10,-0.023834605334410175,-0.021959075555834207,-0.0018755297785759684,-0.0038755297785759684,0.002454255806815686,-0.028288861141225863
2025-02-27,5,ranker_v2,top5,5,-0.021573412850393513,-0.002243607721215679,-0.019329805129177834,-0.021329805129177835,0.002454255806815686,-0.0260276686572092
2025-02-27,5,ranker_v2,top10,10,0.02099459209139115,-0.002243607721215679,0.02323819981260683,0.02123819981260683,0.002454255806815686,0.016540336284575463
2025-02-27,5,ranker_v2,top20,20,0.009732355257891023,-0.002243607721215679,0.011975962979106702,0.009975962979106702,0.002454255806815686,0.0052780994510753364
2025-02-27,5,ranker_v2,top_decile,11,0.016041202628379905,-0.002243607721215679,0.018284810349595584,0.016284810349595585,0.002454255806815686,0.011586946821564218
2025-02-27,5,momentum_126_baseline,top10,10,0.05008764983658154,-0.002243607721215679,0.05233125755779722,0.050331257557797215,0.002454255806815686,0.04563339402976585
2025-03-10,5,ranker_v2,top5,5,0.03799907111535676,0.05071515190452858,-0.012716080789171812,-0.014716080789171812,0.002454255806815686,0.03354481530854107
2025-03-10,5,ranker_v2,top10,10,0.055983690427814245,0.05071515190452858,0.0052685385232856706,0.0032685385232856705,0.002454255806815686,0.05152943462099856
2025-03-10,5,ranker_v2,top20,20,0.05484293855158401,0.05071515190452858,0.004127786647055426,0.002127786647055426,0.002454255806815686,0.05038868274476832
2025-03-10,5,ranker_v2,top_decile,11,0.0590074313453104,0.05071515190452858,0.008292279440781824,0.006292279440781824,0.002454255806815686,0.05455317553849471
2025-03-10,5,momentum_126_baseline,top10,10,0.028751334694387176,0.05071515190452858,-0.0219638172101414,-0.023963817210141403,0.002454255806815686,0.024297078887571488
2025-03-17,5,ranker_v2,top5,5,-0.024382582129080864,0.0037222740266291687,-0.028104856155710033,-0.030104856155710034,0.0025592852282743106,-0.028941867357355176
2025-03-17,5,ranker_v2,top10,10,0.04580857222987972,0.0037222740266291687,0.04208629820325055,0.04008629820325055,0.0025592852282743106,0.041249287001605406
2025-03-17,5,ranker_v2,top20,20,0.020962047218066975,0.0037222740266291687,0.017239773191437806,0.015239773191437806,0.0025592852282743106,0.016402761989792666
2025-03-17,5,ranker_v2,top_decile,11,0.039562937558850604,0.0037222740266291687,0.035840663532221435,0.033840663532221434,0.0025592852282743106,0.03500365233057629
2025-03-17,5,momentum_126_baseline,top10,10,0.013928980674090097,0.0037222740266291687,0.010206706647460928,0.008206706647460928,0.0025592852282743106,0.009369695445815786
2025-03-24,5,ranker_v2,top5,5,-0.03307072035047036,-0.008079438932082406,-0.024991281418387957,-0.026991281418387955,0.0026293109559378802,-0.03770003130640824
2025-03-24,5,ranker_v2,top10,10,-0.00999198647089703,-0.008079438932082406,-0.0019125475388146241,-0.003912547538814624,0.0026293109559378802,-0.01462129742683491
2025-03-24,5,ranker_v2,top20,20,0.0014101642342369102,-0.008079438932082406,0.009489603166319315,0.007489603166319315,0.0026293109559378802,-0.00321914672170097
2025-03-24,5,ranker_v2,top_decile,11,-0.0088439070082591,-0.008079438932082406,-0.0007644680761766942,-0.0027644680761766943,0.0026293109559378802,-0.01347321796419698
2025-03-24,5,momentum_126_baseline,top10,10,0.018471423993447478,-0.008079438932082406,0.026550862925529883,0.02455086292552988,0.0026293109559378802,0.013842113037509596
2025-03-31,5,ranker_v2,top5,5,0.021533511143156714,-0.03586672808229696,0.057400239225453675,0.055400239225453674,0.0026293109559378802,0.016904200187218832
2025-03-31,5,ranker_v2,top10,10,0.00829398914196341,-0.03586672808229696,0.04416071722426037,0.04216071722426037,0.0026293109559378802,0.0036646781860255294
2025-03-31,5,ranker_v2,top20,20,-0.0006411413492743434,-0.03586672808229696,0.03522558673302262,0.033225586733022616,0.0026293109559378802,-0.005270452305212224
2025-03-31,5,ranker_v2,top_decile,11,0.008909327892113487,-0.03586672808229696,0.04477605597441045,0.04277605597441045,0.0026293109559378802,0.004280016936175607
2025-03-31,5,momentum_126_baseline,top10,10,-0.04876334950403736,-0.03586672808229696,-0.012896621421740395,-0.014896621421740395,0.0026293109559378802,-0.05339266045997524
2025-04-07,5,ranker_v2,top5,5,0.052644496521233285,0.030783195846737055,0.02186130067449623,0.019861300674496228,0.0026293109559378802,0.0480151855652954
2025-04-07,5,ranker_v2,top10,10,0.041055338936248485,0.030783195846737055,0.010272143089511432,0.008272143089511432,0.0026293109559378802,0.0364260279803106
2025-04-07,5,ranker_v2,top20,20,0.039307052227252934,0.030783195846737055,0.008523856380515876,0.0065238563805158755,0.0026293109559378802,0.03467774127131505
2025-04-07,5,ranker_v2,top_decile,11,0.04158887783843778,0.030783195846737055,0.010805681991700723,0.008805681991700723,0.0026293109559378802,0.0369595668824999
2025-04-07,5,momentum_126_baseline,top10,10,0.030643962657989753,0.030783195846737055,-0.00013923318874730083,-0.0021392331887473007,0.0026293109559378802,0.026014651702051875
2025-04-14,5,ranker_v2,top5,5,0.019391312521837522,0.02133576405518567,-0.001944451533348146,-0.003944451533348146,0.0026293109559378802,0.014762001565899643
2025-04-14,5,ranker_v2,top10,10,0.04166229928517334,0.02133576405518567,0.020326535229987674,0.018326535229987673,0.0026293109559378802,0.03703298832923546
2025-04-14,5,ranker_v2,top20,20,0.030238846697246746,0.02133576405518567,0.008903082642061078,0.0069030826420610775,0.0026293109559378802,0.025609535741308864
2025-04-14,5,ranker_v2,top_decile,11,0.043019592141821945,0.02133576405518567,0.02168382808663628,0.019683828086636282,0.0026293109559378802,0.03839028118588406
2025-04-14,5,momentum_126_baseline,top10,10,0.0034040989706618507,0.02133576405518567,-0.017931665084523818,-0.01993166508452382,0.0026293109559378802,-0.0012252119852760295
2025-04-23,5,ranker_v2,top5,5,0.01999984977400804,0.02156319961275499,-0.0015633498387469524,-0.0035633498387469525,0.0026293109559378802,0.015370538818070156
2025-04-23,5,ranker_v2,top10,10,0.013913541839889954,0.02156319961275499,-0.007649657772865037,-0.009649657772865038,0.0026293109559378802,0.009284230883952074
2025-04-23,5,ranker_v2,top20,20,0.039783229054813504,0.02156319961275499,0.018220029442058517,0.01622002944205852,0.0026293109559378802,0.03515391809887562
2025-04-23,5,ranker_v2,top_decile,11,0.013189363206122002,0.02156319961275499,-0.008373836406632989,-0.010373836406632989,0.0026293109559378802,0.008560052250184122
2025-04-23,5,momentum_126_baseline,top10,10,0.018572853942915822,0.02156319961275499,-0.0029903456698391674,-0.004990345669839167,0.0026293109559378802,0.01394354298697794
2025-04-30,5,ranker_v2,top5,5,0.08431318550876983,0.008625348900915819,0.07568783660785401,0.07368783660785401,0.002646697441188506,0.07966648806758132
2025-04-30,5,ranker_v2,top10,10,0.07083997859067212,0.008625348900915819,0.062214629689756294,0.06021462968975629,0.002646697441188506,0.06619328114948361
2025-04-30,5,ranker_v2,top20,20,0.056988432612937345,0.008625348900915819,0.04836308371202152,0.04636308371202152,0.002646697441188506,0.05234173517174884
2025-04-30,5,ranker_v2,top_decile,11,0.06521724850270862,0.008625348900915819,0.056591899601792804,0.0545918996017928,0.002646697441188506,0.06057055106152011
2025-04-30,5,momentum_126_baseline,top10,10,0.01674013864950381,0.008625348900915819,0.008114789748587991,0.006114789748587991,0.002646697441188506,0.012093441208315304
2025-05-08,5,ranker_v2,top5,5,0.03438079585787011,0.022769980621293096,0.01161081523657701,0.00961081523657701,0.002716246397214128,0.029664549460655977
2025-05-08,5,ranker_v2,top10,10,-0.0011185546570470328,0.022769980621293096,-0.023888535278340128,-0.025888535278340126,0.002716246397214128,-0.005834801054261161
2025-05-08,5,ranker_v2,top20,20,0.01998291387359378,0.022769980621293096,-0.002787066747699318,-0.004787066747699319,0.002716246397214128,0.015266667476379649
2025-05-08,5,ranker_v2,top_decile,11,0.01052892865359342,0.022769980621293096,-0.012241051967699675,-0.014241051967699675,0.002716246397214128,0.005812682256379292
2025-05-08,5,momentum_126_baseline,top10,10,0.05362592363006204,0.022769980621293096,0.030855943008768948,0.028855943008768946,0.002716246397214128,0.04890967723284791
2025-05-15,5,ranker_v2,top5,5,0.011144712835910387,-0.014791795254568196,0.025936508090478583,0.023936508090478585,0.002716246397214128,0.006428466438696259
2025-05-15,5,ranker_v2,top10,10,0.02019891569836093,-0.014791795254568196,0.034990710952929126,0.032990710952929124,0.002716246397214128,0.0154826693011468
2025-05-15,5,ranker_v2,top20,20,0.0021835890424798552,-0.014791795254568196,0.016975384297048052,0.014975384297048052,0.002716246397214128,-0.002532657354734273
2025-05-15,5,ranker_v2,top_decile,11,0.016365397312315223,-0.014791795254568196,0.03115719256688342,0.02915719256688342,0.002716246397214128,0.011649150915101094
2025-05-15,5,momentum_126_baseline,top10,10,-0.014018500858751226,-0.014791795254568196,0.0007732943958169702,-0.0012267056041830298,0.002716246397214128,-0.018734747255965356
2025-05-22,5,ranker_v2,top5,5,-0.02248629260284658,0.009186074464752725,-0.03167236706759931,-0.03367236706759931,0.002716246397214128,-0.027202539000060706
2025-05-22,5,ranker_v2,top10,10,0.0011202335078991487,0.009186074464752725,-0.008065840956853577,-0.010065840956853577,0.002716246397214128,-0.0035960128893149793
2025-05-22,5,ranker_v2,top20,20,0.010844128133241242,0.009186074464752725,0.0016580536684885183,-0.00034194633151148177,0.002716246397214128,0.006127881736027114
2025-05-22,5,ranker_v2,top_decile,11,0.004041327103451791,0.009186074464752725,-0.0051447473613009335,-0.0071447473613009335,0.002716246397214128,-0.0006749192937623369
2025-05-22,5,momentum_126_baseline,top10,10,0.02264794495579995,0.009186074464752725,0.013461870491047223,0.011461870491047223,0.002716246397214128,0.01793169855858582
2025-05-29,5,ranker_v2,top5,5,-0.02189477256954715,-0.016587985620858392,-0.005306786948688758,-0.007306786948688758,0.002716246397214128,-0.026611018966761275
2025-05-29,5,ranker_v2,top10,10,0.0056825218023430326,-0.016587985620858392,0.022270507423201424,0.020270507423201425,0.002716246397214128,0.0009662754051289043
2025-05-29,5,ranker_v2,top20,20,-0.004676577513997543,-0.016587985620858392,0.011911408106860848,0.009911408106860848,0.002716246397214128,-0.00939282391121167
2025-05-29,5,ranker_v2,top_decile,11,0.003226739116757345,-0.016587985620858392,0.019814724737615738,0.017814724737615736,0.002716246397214128,-0.0014895072804567834
2025-05-29,5,momentum_126_baseline,top10,10,0.004878681298813981,-0.016587985620858392,0.021466666919672372,0.019466666919672374,0.002716246397214128,0.00016243490159985243
2025-06-05,5,ranker_v2,top5,5,0.022867410873179318,0.011480078686984418,0.011387332186194898,0.009387332186194898,0.002716246397214128,0.01815116447596519
2025-06-05,5,ranker_v2,top10,10,0.02449659091784633,0.011480078686984418,0.01301651223086191,0.01101651223086191,0.002716246397214128,0.019780344520632202
2025-06-05,5,ranker_v2,top20,20,0.007536150270060255,0.011480078686984418,-0.003943928416924164,-0.005943928416924164,0.002716246397214128,0.0028199038728461264
2025-06-05,5,ranker_v2,top_decile,11,0.021853564247254233,0.011480078686984418,0.010373485560269817,0.008373485560269817,0.002716246397214128,0.017137317850040107
2025-06-05,5,momentum_126_baseline,top10,10,-0.009062355831977153,0.011480078686984418,-0.020542434518961573,-0.022542434518961575,0.002716246397214128,-0.013778602229191281
2025-06-12,5,ranker_v2,top5,5,-0.015241960138755895,-0.0049637155297532765,-0.010278244609002618,-0.012278244609002618,0.002724915188539123,-0.01996687532729502
2025-06-12,5,ranker_v2,top10,10,-0.020525900549324006,-0.0049637155297532765,-0.01556218501957073,-0.017562185019570728,0.002724915188539123,-0.025250815737863128
2025-06-12,5,ranker_v2,top20,20,-0.015398125036137212,-0.0049637155297532765,-0.010434409506383935,-0.012434409506383935,0.002724915188539123,-0.020123040224676335
2025-06-12,5,ranker_v2,top_decile,11,-0.021638414775356288,-0.0049637155297532765,-0.01667469924560301,-0.018674699245603013,0.002724915188539123,-0.026363329963895413
2025-06-12,5,momentum_126_baseline,top10,10,-0.0282469464885186,-0.0049637155297532765,-0.023283230958765323,-0.02528323095876532,0.002724915188539123,-0.03297186167705772
2025-06-20,5,ranker_v2,top5,5,0.009748309017029656,-0.0018232737244376906,0.011571582741467346,0.009571582741467346,0.002759591103289827,0.004988717913739829
2025-06-20,5,ranker_v2,top10,10,0.0030284824967169222,-0.0018232737244376906,0.0048517562211546125,0.0028517562211546124,0.002759591103289827,-0.0017311086065729046
2025-06-20,5,ranker_v2,top20,20,-0.0024949888398798138,-0.0018232737244376906,-0.000671715115442123,-0.002671715115442123,0.002759591103289827,-0.00725457994316964
2025-06-20,5,ranker_v2,top_decile,11,0.003378628493467635,-0.0018232737244376906,0.005201902217905326,0.003201902217905326,0.002759591103289827,-0.0013809626098221918
2025-06-20,5,momentum_126_baseline,top10,10,0.009764622042764215,-0.0018232737244376906,0.011587895767201905,0.009587895767201905,0.002759591103289827,0.005005030939474388
2025-06-27,5,ranker_v2,top5,5,0.02754160218017627,0.03369719287478268,-0.006155590694606405,-0.008155590694606404,0.002759591103289827,0.022782011076886446
2025-06-27,5,ranker_v2,top10,10,0.013526083115720122,0.03369719287478268,-0.020171109759062555,-0.022171109759062557,0.002759591103289827,0.008766492012430295
2025-06-27,5,ranker_v2,top20,20,0.013026286523301423,0.03369719287478268,-0.020670906351481257,-0.02267090635148126,0.002759591103289827,0.008266695420011596
2025-06-27,5,ranker_v2,top_decile,11,0.012296439196109203,0.03369719287478268,-0.021400753678673477,-0.023400753678673475,0.002759591103289827,0.007536848092819376
2025-06-27,5,momentum_126_baseline,top10,10,0.008304738434762881,0.03369719287478268,-0.025392454440019797,-0.027392454440019795,0.002759591103289827,0.003545147331473054
2025-07-04,5,ranker_v2,top5,5,-0.037893319212509956,-0.03739804068477082,-0.0004952785277391403,-0.0024952785277391402,0.002759591103289827,-0.042652910315799784
2025-07-04,5,ranker_v2,top10,10,-0.04534852029724542,-0.03739804068477082,-0.007950479612474604,-0.009950479612474604,0.002759591103289827,-0.05010811140053525
2025-07-04,5,ranker_v2,top20,20,-0.04525426143427741,-0.03739804068477082,-0.007856220749506593,-0.009856220749506593,0.002759591103289827,-0.05001385253756724
2025-07-04,5,ranker_v2,top_decile,11,-0.040937556286707096,-0.03739804068477082,-0.003539515601936277,-0.005539515601936277,0.002759591103289827,-0.045697147389996924
2025-07-04,5,momentum_126_baseline,top10,10,-0.04684280759697941,-0.03739804068477082,-0.00944476691220859,-0.01144476691220859,0.002759591103289827,-0.05160239870026924
2025-07-11,5,ranker_v2,top5,5,-0.035714641586942306,-0.020596679565597298,-0.015117962021345011,-0.01711796202134501,0.002759591103289827,-0.040474232690232134
2025-07-11,5,ranker_v2,top10,10,-0.034023318720334296,-0.020596679565597298,-0.013426639154736996,-0.015426639154736996,0.002759591103289827,-0.038782909823624125
2025-07-11,5,ranker_v2,top20,20,-0.03566701687304644,-0.020596679565597298,-0.015070337307449139,-0.01707033730744914,0.002759591103289827,-0.040426607976336265
2025-07-11,5,ranker_v2,top_decile,11,-0.02700050573443803,-0.020596679565597298,-0.006403826168840731,-0.008403826168840731,0.002759591103289827,-0.031760096837727854
2025-07-11,5,momentum_126_baseline,top10,10,-0.03409986012089809,-0.020596679565597298,-0.013503180555300798,-0.015503180555300798,0.002759591103289827,-0.03885945122418792
2025-07-18,5,ranker_v2,top5,5,-0.009786220720942285,0.0010646114168328946,-0.01085083213777518,-0.01285083213777518,0.002759591103289827,-0.014545811824232112
2025-07-18,5,ranker_v2,top10,10,-0.017282248834899504,0.0010646114168328946,-0.0183468602517324,-0.0203468602517324,0.002759591103289827,-0.022041839938189332
2025-07-18,5,ranker_v2,top20,20,0.004728643303807245,0.0010646114168328946,0.0036640318869743506,0.0016640318869743506,0.002759591103289827,-3.094779948258162e-05
2025-07-18,5,ranker_v2,top_decile,11,-0.017906858615118204,0.0010646114168328946,-0.0189714700319511,-0.0209714700319511,0.002759591103289827,-0.022666449718408033
2025-07-18,5,momentum_126_baseline,top10,10,0.0038779907367659126,0.0010646114168328946,0.002813379319933018,0.0008133793199330179,0.002759591103289827,-0.0008816003665239143
2025-07-25,5,ranker_v2,top5,5,-0.007550868567449842,-0.008140858572241672,0.0005899900047918293,-0.0014100099952081707,0.002759591103289827,-0.012310459670739668
2025-07-25,5,ranker_v2,top10,10,-0.017860403097711995,-0.008140858572241672,-0.009719544525470325,-0.011719544525470325,0.002759591103289827,-0.022619994201001824
2025-07-25,5,ranker_v2,top20,20,-0.012663198707612667,-0.008140858572241672,-0.0045223401353709945,-0.0065223401353709945,0.002759591103289827,-0.017422789810902492
2025-07-25,5,ranker_v2,top_decile,11,-0.012477333943275689,-0.008140858572241672,-0.004336475371034018,-0.006336475371034018,0.002759591103289827,-0.017236925046565515
2025-07-25,5,momentum_126_baseline,top10,10,0.015033986948937239,-0.008140858572241672,0.023174845521178912,0.02117484552117891,0.002759591103289827,0.010274395845647412
2025-08-01,5,ranker_v2,top5,5,0.0055509217277253334,0.026246441704357526,-0.020695519976632194,-0.022695519976632196,0.002759591103289827,0.0007913306244355066
2025-08-01,5,ranker_v2,top10,10,0.015629348507763076,0.026246441704357526,-0.010617093196594452,-0.012617093196594452,0.002759591103289827,0.010869757404473249
2025-08-01,5,ranker_v2,top20,20,0.016138908031495196,0.026246441704357526,-0.010107533672862328,-0.012107533672862329,0.002759591103289827,0.011379316928205369
2025-08-01,5,ranker_v2,top_decile,11,0.012110592724260082,0.026246441704357526,-0.014135848980097444,-0.016135848980097442,0.002759591103289827,0.0073510016209702555
2025-08-01,5,momentum_126_baseline,top10,10,-0.0016621994514451565,0.026246441704357526,-0.02790864115580268,-0.029908641155802683,0.002759591103289827,-0.006421790554734984
2025-08-08,5,ranker_v2,top5,5,0.018890968886620386,0.003149073304246075,0.01574189558237431,0.01374189558237431,0.002759591103289827,0.01413137778333056
2025-08-08,5,ranker_v2,top10,10,0.012476625359153327,0.003149073304246075,0.009327552054907252,0.007327552054907252,0.002759591103289827,0.0077170342558635
2025-08-08,5,ranker_v2,top20,20,-0.006026058934859918,0.003149073304246075,-0.009175132239105993,-0.011175132239105993,0.002759591103289827,-0.010785650038149745
2025-08-08,5,ranker_v2,top_decile,11,0.012580173111068687,0.003149073304246075,0.009431099806822612,0.007431099806822612,0.002759591103289827,0.00782058200777886
2025-08-08,5,momentum_126_baseline,top10,10,-0.038328892631482384,0.003149073304246075,-0.04147796593572846,-0.04347796593572846,0.002759591103289827,-0.04308848373477221
2025-08-15,5,ranker_v2,top5,5,-0.015404595930992105,0.011933314263500971,-0.027337910194493074,-0.029337910194493076,0.002759591103289827,-0.02016418703428193
2025-08-15,5,ranker_v2,top10,10,0.0008239247424465246,0.011933314263500971,-0.011109389521054447,-0.013109389521054447,0.002759591103289827,-0.003935666360843302
2025-08-15,5,ranker_v2,top20,20,0.00501863035515771,0.011933314263500971,-0.006914683908343261,-0.008914683908343261,0.002759591103289827,0.0002590392518678833
2025-08-15,5,ranker_v2,top_decile,11,-0.0032091930696853174,0.011933314263500971,-0.015142507333186289,-0.01714250733318629,0.002759591103289827,-0.007968784172975144
2025-08-15,5,momentum_126_baseline,top10,10,0.01339599428696463,0.011933314263500971,0.0014626800234636584,-0.0005373199765363417,0.002759591103289827,0.008636403183674804
2025-08-22,5,ranker_v2,top5,5,0.024995105316017473,0.025034790676098817,-3.9685360081342934e-05,-0.002039685360081343,0.002759591103289827,0.020235514212727644
2025-08-22,5,ranker_v2,top10,10,0.020232017499424403,0.025034790676098817,-0.004802773176674413,-0.006802773176674413,0.002759591103289827,0.015472426396134574
2025-08-22,5,ranker_v2,top20,20,0.0384649725218104,0.025034790676098817,0.013430181845711587,0.011430181845711587,0.002759591103289827,0.03370538141852057
2025-08-22,5,ranker_v2,top_decile,11,0.021928500590715373,0.025034790676098817,-0.003106290085383444,-0.0051062900853834445,0.002759591103289827,0.017168909487425547
2025-08-22,5,momentum_126_baseline,top10,10,0.020242357974631107,0.025034790676098817,-0.004792432701467708,-0.006792432701467708,0.002759591103289827,0.015482766871341279
2025-08-29,5,ranker_v2,top5,5,-0.003548503416399429,0.008612521389882666,-0.012161024806282094,-0.014161024806282094,0.002759591103289827,-0.008308094519689255
2025-08-29,5,ranker_v2,top10,10,0.0037477442344924783,0.008612521389882666,-0.0048647771553901875,-0.0068647771553901876,0.002759591103289827,-0.0010118468687973486
2025-08-29,5,ranker_v2,top20,20,0.013402167810087717,0.008612521389882666,0.004789646420205051,0.002789646420205051,0.002759591103289827,0.00864257670679789
2025-08-29,5,ranker_v2,top_decile,11,0.0031415458020219622,0.008612521389882666,-0.005470975587860704,-0.007470975587860704,0.002759591103289827,-0.0016180453012678646
2025-08-29,5,momentum_126_baseline,top10,10,0.03917963926380742,0.008612521389882666,0.030567117873924753,0.028567117873924755,0.002759591103289827,0.034420048160517594
2025-09-05,5,ranker_v2,top5,5,-0.026061237229086043,-0.00257992148065056,-0.023481315748435483,-0.025481315748435485,0.002759591103289827,-0.03082082833237587
2025-09-05,5,ranker_v2,top10,10,-0.016295390401953058,-0.00257992148065056,-0.013715468921302498,-0.015715468921302496,0.002759591103289827,-0.021054981505242883
2025-09-05,5,ranker_v2,top20,20,-0.015279775750111035,-0.00257992148065056,-0.012699854269460475,-0.014699854269460475,0.002759591103289827,-0.02003936685340086
2025-09-05,5,ranker_v2,top_decile,11,-0.019255817046033984,-0.00257992148065056,-0.016675895565383424,-0.018675895565383425,0.002759591103289827,-0.024015408149323812
2025-09-05,5,momentum_126_baseline,top10,10,-0.011426948049161856,-0.00257992148065056,-0.008847026568511296,-0.010847026568511296,0.002759591103289827,-0.016186539152451683
2025-09-12,5,ranker_v2,top5,5,0.006809579752459038,0.025254442195231652,-0.018444862442772613,-0.02044486244277261,0.002759591103289827,0.0020499886491692114
2025-09-12,5,ranker_v2,top10,10,0.021767439499778485,0.025254442195231652,-0.0034870026954531676,-0.005487002695453168,0.002759591103289827,0.01700784839648866
2025-09-12,5,ranker_v2,top20,20,0.032823634656423226,0.025254442195231652,0.007569192461191571,0.005569192461191571,0.002759591103289827,0.028064043553133397
2025-09-12,5,ranker_v2,top_decile,11,0.023660455526395566,0.025254442195231652,-0.0015939866688360843,-0.003593986668836084,0.002759591103289827,0.01890086442310574
2025-09-12,5,momentum_126_baseline,top10,10,0.016069270363736343,0.025254442195231652,-0.009185171831495309,-0.011185171831495309,0.002759591103289827,0.011309679260446516
2025-09-19,5,ranker_v2,top5,5,-0.01484284594466565,-0.002865663455935308,-0.011977182488730342,-0.013977182488730342,0.002759591103289827,-0.019602437047955477
2025-09-19,5,ranker_v2,top10,10,-0.013078671360871208,-0.002865663455935308,-0.0102130079049359,-0.0122130079049359,0.002759591103289827,-0.017838262464161037
2025-09-19,5,ranker_v2,top20,20,-0.010739213606513564,-0.002865663455935308,-0.007873550150578256,-0.009873550150578256,0.002759591103289827,-0.015498804709803391
2025-09-19,5,ranker_v2,top_decile,11,-0.009614244108737973,-0.002865663455935308,-0.006748580652802664,-0.008748580652802665,0.002759591103289827,-0.0143738352120278
2025-09-19,5,momentum_126_baseline,top10,10,-0.022341122352344,-0.002865663455935308,-0.01947545889640869,-0.021475458896408693,0.002759591103289827,-0.027100713455633828
2025-09-26,5,ranker_v2,top5,5,-0.033797199585965346,-0.008566694397271868,-0.025230505188693474,-0.027230505188693473,0.002759591103289827,-0.038556790689255174
2025-09-26,5,ranker_v2,top10,10,-0.021316894524154327,-0.008566694397271868,-0.01275020012688246,-0.014750200126882461,0.002759591103289827,-0.026076485627444156
2025-09-26,5,ranker_v2,top20,20,-0.018364728793009055,-0.008566694397271868,-0.009798034395737187,-0.011798034395737187,0.002759591103289827,-0.02312431989629888
2025-09-26,5,ranker_v2,top_decile,11,-0.017324190531713798,-0.008566694397271868,-0.008757496134441928,-0.010757496134441928,0.002759591103289827,-0.022083781635003623
2025-09-26,5,momentum_126_baseline,top10,10,-0.011743780564543093,-0.008566694397271868,-0.003177086167271226,-0.0051770861672712255,0.002759591103289827,-0.01650337166783292
2025-10-03,5,ranker_v2,top5,5,-0.04686223061969785,-0.024417306398707317,-0.022444924220990536,-0.024444924220990538,0.002759591103289827,-0.05162182172298768
2025-10-03,5,ranker_v2,top10,10,-0.04127563657263298,-0.024417306398707317,-0.016858330173925663,-0.018858330173925665,0.002759591103289827,-0.04603522767592281
2025-10-03,5,ranker_v2,top20,20,-0.03794972334792438,-0.024417306398707317,-0.013532416949217063,-0.015532416949217063,0.002759591103289827,-0.04270931445121421
2025-10-03,5,ranker_v2,top_decile,11,-0.03752330597512089,-0.024417306398707317,-0.013105999576413573,-0.015105999576413573,0.002759591103289827,-0.042282897078410715
2025-10-03,5,momentum_126_baseline,top10,10,-0.04525181762493705,-0.024417306398707317,-0.020834511226229736,-0.022834511226229738,0.002759591103289827,-0.05001140872822688
2025-10-10,5,ranker_v2,top5,5,0.031922551661841415,0.01932755189081603,0.012594999771025383,0.010594999771025383,0.002759591103289827,0.027162960558551587
2025-10-10,5,ranker_v2,top10,10,0.026291198945072113,0.01932755189081603,0.006963647054256084,0.004963647054256084,0.002759591103289827,0.021531607841782284
2025-10-10,5,ranker_v2,top20,20,0.014930871971013537,0.01932755189081603,-0.004396679919802493,-0.0063966799198024935,0.002759591103289827,0.01017128086772371
2025-10-10,5,ranker_v2,top_decile,11,0.028576408721105048,0.01932755189081603,0.009248856830289016,0.007248856830289016,0.002759591103289827,0.02381681761781522
2025-10-10,5,momentum_126_baseline,top10,10,0.05356009995109688,0.01932755189081603,0.03423254806028085,0.03223254806028085,0.002759591103289827,0.04880050884780705
2025-10-17,5,ranker_v2,top5,5,0.07646067882496563,0.019337652284883378,0.05712302654008226,0.055123026540082255,0.002759591103289827,0.0717010877216758
2025-10-17,5,ranker_v2,top10,10,0.058325146415298,0.019337652284883378,0.03898749413041462,0.03698749413041462,0.002759591103289827,0.05356555531200817
2025-10-17,5,ranker_v2,top20,20,0.04387387163374147,0.019337652284883378,0.02453621934885809,0.02253621934885809,0.002759591103289827,0.03911428053045164
2025-10-17,5,ranker_v2,top_decile,11,0.05936131506397035,0.019337652284883378,0.04002366277908697,0.03802366277908697,0.002759591103289827,0.05460172396068052
2025-10-17,5,momentum_126_baseline,top10,10,0.031162948129094804,0.019337652284883378,0.011825295844211426,0.009825295844211426,0.002759591103289827,0.02640335702580498
2025-10-24,5,ranker_v2,top5,5,0.009020415851650454,0.023041348548285656,-0.014020932696635202,-0.016020932696635203,0.002759591103289827,0.004260824748360627
2025-10-24,5,ranker_v2,top10,10,0.031025398754913603,0.023041348548285656,0.007984050206627947,0.005984050206627947,0.002759591103289827,0.026265807651623778
2025-10-24,5,ranker_v2,top20,20,0.0352428260529973,0.023041348548285656,0.012201477504711645,0.010201477504711644,0.002759591103289827,0.03048323494970747
2025-10-24,5,ranker_v2,top_decile,11,0.03366491632751991,0.023041348548285656,0.010623567779234254,0.008623567779234254,0.002759591103289827,0.02890532522423008
2025-10-24,5,momentum_126_baseline,top10,10,0.02067119524054146,0.023041348548285656,-0.0023701533077441937,-0.004370153307744194,0.002759591103289827,0.015911604137251636
2025-10-31,5,ranker_v2,top5,5,-0.03073076396950003,0.030252775177210145,-0.060983539146710175,-0.06298353914671018,0.002759591103289827,-0.03549035507278986
2025-10-31,5,ranker_v2,top10,10,-0.012355898117367004,0.030252775177210145,-0.04260867329457715,-0.04460867329457715,0.002759591103289827,-0.01711548922065683
2025-10-31,5,ranker_v2,top20,20,0.0015530506229521179,0.030252775177210145,-0.028699724554258028,-0.030699724554258026,0.002759591103289827,-0.0032065404803377088
2025-10-31,5,ranker_v2,top_decile,11,-0.009386481346156878,0.030252775177210145,-0.03963925652336702,-0.04163925652336702,0.002759591103289827,-0.014146072449446705
2025-10-31,5,momentum_126_baseline,top10,10,0.033840338833035645,0.030252775177210145,0.0035875636558254987,0.0015875636558254987,0.002759591103289827,0.029080747729745816
2025-11-07,5,ranker_v2,top5,5,-0.12034876084242412,0.023853723128050675,-0.1442024839704748,-0.1462024839704748,0.002759591103289827,-0.12510835194571396
2025-11-07,5,ranker_v2,top10,10,-0.06224521504700189,0.023853723128050675,-0.08609893817505257,-0.08809893817505257,0.002759591103289827,-0.06700480615029171
2025-11-07,5,ranker_v2,top20,20,-0.02208047365478527,0.023853723128050675,-0.045934196782835945,-0.04793419678283595,0.002759591103289827,-0.0268400647580751
2025-11-07,5,ranker_v2,top_decile,11,-0.05306161416449613,0.023853723128050675,-0.0769153372925468,-0.07891533729254681,0.002759591103289827,-0.05782120526778596
2025-11-07,5,momentum_126_baseline,top10,10,-0.03663951608092627,0.023853723128050675,-0.060493239208976944,-0.062493239208976946,0.002759591103289827,-0.0413991071842161
2025-11-14,5,ranker_v2,top5,5,0.037742200255304656,-0.01560172183163322,0.053343922086937876,0.051343922086937874,0.002759591103289827,0.03298260915201483
2025-11-14,5,ranker_v2,top10,10,0.026883205021160893,-0.01560172183163322,0.04248492685279411,0.04048492685279411,0.002759591103289827,0.022123613917871064
2025-11-14,5,ranker_v2,top20,20,0.010125554327732867,-0.01560172183163322,0.025727276159366087,0.02372727615936609,0.002759591103289827,0.00536596322444304
2025-11-14,5,ranker_v2,top_decile,11,0.014959869149136294,-0.01560172183163322,0.030561590980769514,0.028561590980769512,0.002759591103289827,0.010200278045846467
2025-11-14,5,momentum_126_baseline,top10,10,0.003344057197443173,-0.01560172183163322,0.018945779029076393,0.016945779029076395,0.002759591103289827,-0.0014155339058466538
2025-11-24,5,ranker_v2,top5,5,-0.012630654841931687,0.021464727778564896,-0.034095382620496585,-0.03609538262049659,0.002759591103289827,-0.017390245945221514
2025-11-24,5,ranker_v2,top10,10,-0.014446639966806873,0.021464727778564896,-0.03591136774537177,-0.03791136774537177,0.002759591103289827,-0.0192062310700967
2025-11-24,5,ranker_v2,top20,20,0.024060273575424666,0.021464727778564896,0.0025955457968597716,0.0005955457968597716,0.002759591103289827,0.019300682472134838
2025-11-24,5,ranker_v2,top_decile,11,-0.008729047662784989,0.021464727778564896,-0.030193775441349883,-0.03219377544134988,0.002759591103289827,-0.013488638766074815
2025-11-24,5,momentum_126_baseline,top10,10,0.04518540598039291,0.021464727778564896,0.023720678201828015,0.021720678201828013,0.002759591103289827,0.04042581487710308
2025-12-01,5,ranker_v2,top5,5,-0.018188581126468595,-0.0026732067763269862,-0.015515374350141609,-0.01751537435014161,0.002759591103289827,-0.022948172229758423
2025-12-01,5,ranker_v2,top10,10,0.0030720291928328924,-0.0026732067763269862,0.005745235969159879,0.0037452359691598786,0.002759591103289827,-0.0016875619104569344
2025-12-01,5,ranker_v2,top20,20,-0.007762830416125943,-0.0026732067763269862,-0.005089623639798957,-0.007089623639798957,0.002759591103289827,-0.01252242151941577
2025-12-01,5,ranker_v2,top_decile,11,0.0005200274024447428,-0.0026732067763269862,0.0031932341787717293,0.0011932341787717292,0.002759591103289827,-0.004239563700845084
2025-12-01,5,momentum_126_baseline,top10,10,-0.01610363296560454,-0.0026732067763269862,-0.013430426189277556,-0.015430426189277556,0.002759591103289827,-0.02086322406889437
2025-12-08,5,ranker_v2,top5,5,0.06365150221273722,0.027151409407852656,0.03650009280488455,0.03450009280488455,0.002759591103289827,0.05889191110944739
2025-12-08,5,ranker_v2,top10,10,0.03282585430652328,0.027151409407852656,0.005674444898670627,0.0036744448986706273,0.002759591103289827,0.028066263203233452
2025-12-08,5,ranker_v2,top20,20,0.02788951182313177,0.027151409407852656,0.0007381024152791127,-0.0012618975847208873,0.002759591103289827,0.02312992071984194
2025-12-08,5,ranker_v2,top_decile,11,0.03122083709240997,0.027151409407852656,0.004069427684557314,0.002069427684557314,0.002759591103289827,0.02646124598912014
2025-12-08,5,momentum_126_baseline,top10,10,0.03603698969291835,0.027151409407852656,0.008885580285065697,0.006885580285065697,0.002759591103289827,0.031277398589628524
2025-12-15,5,ranker_v2,top5,5,0.0048616692971570116,-0.02671065102595982,0.03157232032311683,0.02957232032311683,0.002759591103289827,0.0001020781938671847
2025-12-15,5,ranker_v2,top10,10,0.004371113662147453,-0.02671065102595982,0.03108176468810727,0.02908176468810727,0.002759591103289827,-0.0003884774411423743
2025-12-15,5,ranker_v2,top20,20,-0.028438648874722312,-0.02671065102595982,-0.0017279978487624915,-0.0037279978487624915,0.002759591103289827,-0.03319823997801214
2025-12-15,5,ranker_v2,top_decile,11,-0.00554555324173158,-0.02671065102595982,0.02116509778422824,0.019165097784228237,0.002759591103289827,-0.010305144345021406
2025-12-15,5,momentum_126_baseline,top10,10,-0.0251451620404728,-0.02671065102595982,0.001565488985487018,-0.000434511014512982,0.002759591103289827,-0.029904753143762626
2025-12-22,5,ranker_v2,top5,5,0.022499493718569318,0.015157263725006587,0.0073422299935627326,0.0053422299935627325,0.0038655586651059615,0.016633935053463354
2025-12-22,5,ranker_v2,top10,10,0.04438243290995816,0.015157263725006587,0.02922516918495157,0.02722516918495157,0.0038655586651059615,0.038516874244852194
2025-12-22,5,ranker_v2,top20,20,0.03661729311329156,0.015157263725006587,0.021460029388284972,0.01946002938828497,0.0038655586651059615,0.030751734448185596
2025-12-22,5,ranker_v2,top_decile,11,0.04681400772408968,0.015157263725006587,0.031656743999083095,0.029656743999083093,0.0038655586651059615,0.04094844905898372
2025-12-22,5,momentum_126_baseline,top10,10,0.03187097018852347,0.015157263725006587,0.016713706463516886,0.014713706463516886,0.0038655586651059615,0.02600541152341751
2026-01-02,5,ranker_v2,top5,5,0.045484290558450026,0.017634344302630556,0.02784994625581947,0.02584994625581947,0.002759591103289827,0.0407246994551602
2026-01-02,5,ranker_v2,top10,10,0.04597564824544485,0.017634344302630556,0.0283413039428143,0.026341303942814302,0.002759591103289827,0.041216057142155024
2026-01-02,5,ranker_v2,top20,20,0.03655458576214396,0.017634344302630556,0.018920241459513404,0.016920241459513402,0.002759591103289827,0.03179499465885413
2026-01-02,5,ranker_v2,top_decile,11,0.04355274338092779,0.017634344302630556,0.025918399078297235,0.023918399078297237,0.002759591103289827,0.03879315227763796
2026-01-02,5,momentum_126_baseline,top10,10,-0.00956487425592215,0.017634344302630556,-0.027199218558552708,-0.02919921855855271,0.002759591103289827,-0.014324465359211978
2026-01-09,5,ranker_v2,top5,5,0.0020284458483528223,0.008753137050866222,-0.0067246912025134,-0.0087246912025134,0.002759591103289827,-0.0027311452549370046
2026-01-09,5,ranker_v2,top10,10,-0.005680032337082331,0.008753137050866222,-0.014433169387948553,-0.016433169387948553,0.002759591103289827,-0.010439623440372157
2026-01-09,5,ranker_v2,top20,20,-0.010294586019557189,0.008753137050866222,-0.019047723070423413,-0.021047723070423414,0.002759591103289827,-0.015054177122847016
2026-01-09,5,ranker_v2,top_decile,11,-0.002385287949959766,0.008753137050866222,-0.011138425000825987,-0.013138425000825987,0.002759591103289827,-0.007144879053249593
2026-01-09,5,momentum_126_baseline,top10,10,-0.010688355033184683,0.008753137050866222,-0.019441492084050903,-0.021441492084050905,0.002759591103289827,-0.01544794613647451
2026-01-16,5,ranker_v2,top5,5,0.09406255668423347,0.08530946601941758,0.008753090664815888,0.006753090664815888,0.002759591103289827,0.08930296558094364
2026-01-16,5,ranker_v2,top10,10,0.09904313191623793,0.08530946601941758,0.013733665896820346,0.011733665896820346,0.002759591103289827,0.0942835408129481
2026-01-16,5,ranker_v2,top20,20,0.09350227722581093,0.08530946601941758,0.008192811206393358,0.0061928112063933585,0.002759591103289827,0.0887426861225211
2026-01-16,5,ranker_v2,top_decile,11,0.09653272078219244,0.08530946601941758,0.011223254762774859,0.009223254762774859,0.002759591103289827,0.09177312967890261
2026-01-16,5,momentum_126_baseline,top10,10,0.0839736451865564,0.08530946601941758,-0.0013358208328611786,-0.0033358208328611787,0.002759591103289827,0.07921405408326657
2026-01-23,5,ranker_v2,top5,5,0.020762159954366144,0.014005445630356883,0.006756714324009261,0.004756714324009261,0.002759591103289827,0.016002568851076315
2026-01-23,5,ranker_v2,top10,10,0.02652519154081264,0.014005445630356883,0.01251974591045576,0.01051974591045576,0.002759591103289827,0.021765600437522813
2026-01-23,5,ranker_v2,top20,20,0.0072512114387592915,0.014005445630356883,-0.0067542341915975915,-0.008754234191597592,0.002759591103289827,0.0024916203354694647
2026-01-23,5,ranker_v2,top_decile,11,0.022097054185737344,0.014005445630356883,0.008091608555380462,0.006091608555380462,0.002759591103289827,0.01733746308244752
2026-01-23,5,momentum_126_baseline,top10,10,0.007403393644812994,0.014005445630356883,-0.006602051985543889,-0.008602051985543889,0.002759591103289827,0.0026438025415231672
2026-01-30,5,ranker_v2,top5,5,0.013813313527343496,0.008744844621865422,0.005068468905478074,0.003068468905478074,0.002759591103289827,0.009053722424053669
2026-01-30,5,ranker_v2,top10,10,0.012897291206627814,0.008744844621865422,0.004152446584762393,0.0021524465847623927,0.002759591103289827,0.008137700103337987
2026-01-30,5,ranker_v2,top20,20,-0.0021597051717848425,0.008744844621865422,-0.010904549793650265,-0.012904549793650265,0.002759591103289827,-0.00691929627507467
2026-01-30,5,ranker_v2,top_decile,11,-0.0030604081639837855,0.008744844621865422,-0.011805252785849207,-0.013805252785849207,0.002759591103289827,-0.007819999267273612
2026-01-30,5,momentum_126_baseline,top10,10,0.009809131211337595,0.008744844621865422,0.0010642865894721742,-0.0009357134105278258,0.002759591103289827,0.005049540108047769
2026-02-06,5,ranker_v2,top5,5,-0.04015202426855498,0.019207433725061396,-0.059359457993616374,-0.061359457993616376,0.002759591103289827,-0.04491161537184481
2026-02-06,5,ranker_v2,top10,10,-0.015866240338053304,0.019207433725061396,-0.0350736740631147,-0.0370736740631147,0.002759591103289827,-0.020625831441343133
2026-02-06,5,ranker_v2,top20,20,-0.0065177747052547145,0.019207433725061396,-0.02572520843031611,-0.02772520843031611,0.002759591103289827,-0.011277365808544541
2026-02-06,5,ranker_v2,top_decile,11,-0.011731196778074842,0.019207433725061396,-0.030938630503136236,-0.03293863050313624,0.002759591103289827,-0.01649078788136467
2026-02-06,5,momentum_126_baseline,top10,10,-0.0015617605757374032,0.019207433725061396,-0.0207691943007988,-0.022769194300798802,0.002759591103289827,-0.00632135167902723
2026-02-13,5,ranker_v2,top5,5,-0.018772436369426094,0.026954264630169922,-0.04572670099959601,-0.047726700999596014,0.002759591103289827,-0.02353202747271592
2026-02-13,5,ranker_v2,top10,10,0.013169664646872015,0.026954264630169922,-0.013784599983297906,-0.015784599983297905,0.002759591103289827,0.008410073543582188
2026-02-13,5,ranker_v2,top20,20,0.01279476597452554,0.026954264630169922,-0.014159498655644382,-0.01615949865564438,0.002759591103289827,0.008035174871235713
2026-02-13,5,ranker_v2,top_decile,11,0.01314107422209666,0.026954264630169922,-0.013813190408073262,-0.01581319040807326,0.002759591103289827,0.008381483118806833
2026-02-13,5,momentum_126_baseline,top10,10,0.0030705412231375904,0.026954264630169922,-0.02388372340703233,-0.02588372340703233,0.002759591103289827,-0.0016890498801522364
2026-02-24,5,ranker_v2,top5,5,-0.1042065481777971,-0.04378818737270873,-0.060418360805088375,-0.06241836080508838,0.002759591103289827,-0.10896613928108694
2026-02-24,5,ranker_v2,top10,10,-0.07938340798652978,-0.04378818737270873,-0.035595220613821046,-0.03759522061382105,0.002759591103289827,-0.0841429990898196
2026-02-24,5,ranker_v2,top20,20,-0.06652249949773456,-0.04378818737270873,-0.022734312125025836,-0.024734312125025838,0.002759591103289827,-0.07128209060102439
2026-02-24,5,ranker_v2,top_decile,11,-0.07924137302833628,-0.04378818737270873,-0.03545318565562756,-0.03745318565562756,0.002759591103289827,-0.08400096413162611
2026-02-24,5,momentum_126_baseline,top10,10,-0.0665268182032414,-0.04378818737270873,-0.02273863083053267,-0.024738630830532668,0.002759591103289827,-0.07128640930653123
2026-03-03,5,ranker_v2,top5,5,0.011501339835991909,0.0018677807815188352,0.009633559054473073,0.0076335590544730735,0.002759591103289827,0.006741748732702082
2026-03-03,5,ranker_v2,top10,10,0.008963467777341794,0.0018677807815188352,0.007095686995822958,0.005095686995822958,0.002759591103289827,0.0042038766740519675
2026-03-03,5,ranker_v2,top20,20,-0.004749164880900103,0.0018677807815188352,-0.006616945662418938,-0.008616945662418938,0.002759591103289827,-0.00950875598418993
2026-03-03,5,ranker_v2,top_decile,11,1.4639460894124005e-05,0.0018677807815188352,-0.0018531413206247112,-0.0038531413206247113,0.002759591103289827,-0.004744951642395703
2026-03-03,5,momentum_126_baseline,top10,10,-0.01325557975155527,0.0018677807815188352,-0.015123360533074105,-0.017123360533074103,0.002759591103289827,-0.018015170854845095
2026-03-10,5,ranker_v2,top5,5,-0.0833623942591359,-0.016555190327451563,-0.06680720393168434,-0.06880720393168434,0.002759591103289827,-0.08812198536242573
2026-03-10,5,ranker_v2,top10,10,-0.06166856479019108,-0.016555190327451563,-0.04511337446273952,-0.04711337446273952,0.002759591103289827,-0.0664281558934809
2026-03-10,5,ranker_v2,top20,20,-0.05504557502554438,-0.016555190327451563,-0.038490384698092815,-0.04049038469809282,0.002759591103289827,-0.05980516612883421
2026-03-10,5,ranker_v2,top_decile,11,-0.06144954232671702,-0.016555190327451563,-0.044894351999265454,-0.046894351999265456,0.002759591103289827,-0.06620913343000684
2026-03-10,5,momentum_126_baseline,top10,10,-0.0377621016323242,-0.016555190327451563,-0.021206911304872633,-0.02320691130487263,0.002759591103289827,-0.04252169273561403
2026-03-17,5,ranker_v2,top5,5,0.02148489377378,0.011634610054874983,0.009850283718905017,0.007850283718905017,0.002724915188539123,0.01675997858524088
2026-03-17,5,ranker_v2,top10,10,0.028173064621794964,0.011634610054874983,0.01653845456691998,0.01453845456691998,0.002724915188539123,0.023448149433255842
2026-03-17,5,ranker_v2,top20,20,0.015646262592648917,0.011634610054874983,0.004011652537773936,0.0020116525377739357,0.002724915188539123,0.010921347404109794
2026-03-17,5,ranker_v2,top_decile,11,0.029977569741587183,0.011634610054874983,0.0183429596867122,0.016342959686712198,0.002724915188539123,0.025252654553048058
2026-03-17,5,momentum_126_baseline,top10,10,0.050110472294344,0.011634610054874983,0.038475862239469014,0.03647586223946901,0.002724915188539123,0.04538555710580487
2026-03-24,5,ranker_v2,top5,5,0.056919353022880294,0.02713838769594923,0.029780965326931065,0.027780965326931063,0.002716246397214128,0.052203106625666164
2026-03-24,5,ranker_v2,top10,10,0.03686207199377535,0.02713838769594923,0.009723684297826118,0.007723684297826118,0.002716246397214128,0.03214582559656122
2026-03-24,5,ranker_v2,top20,20,0.012866404293603879,0.02713838769594923,-0.01427198340234535,-0.01627198340234535,0.002716246397214128,0.00815015789638975
2026-03-24,5,ranker_v2,top_decile,11,0.03446352376721853,0.02713838769594923,0.007325136071269298,0.005325136071269298,0.002716246397214128,0.029747277370004398
2026-03-24,5,momentum_126_baseline,top10,10,0.0033950975429413053,0.02713838769594923,-0.023743290153007923,-0.02574329015300792,0.002716246397214128,-0.001321148854272823
2026-03-31,5,ranker_v2,top5,5,0.05389666340259314,0.025279790037447514,0.028616873365145623,0.02661687336514562,0.002716246397214128,0.04918041700537901
2026-03-31,5,ranker_v2,top10,10,0.04722856203221927,0.025279790037447514,0.021948771994771753,0.019948771994771755,0.002716246397214128,0.04251231563500514
2026-03-31,5,ranker_v2,top20,20,0.04607328007269047,0.025279790037447514,0.020793490035242963,0.018793490035242964,0.002716246397214128,0.04135703367547634
2026-03-31,5,ranker_v2,top_decile,11,0.042233445956326915,0.025279790037447514,0.016953655918879398,0.014953655918879398,0.002716246397214128,0.037517199559112785
2026-03-31,5,momentum_126_baseline,top10,10,0.05746337570217375,0.025279790037447514,0.03218358566472623,0.03018358566472623,0.002716246397214128,0.05274712930495962
2026-04-08,5,ranker_v2,top5,5,0.00639934199777048,0.028808382890827877,-0.022409040893057397,-0.0244090408930574,0.002716246397214128,0.001683095600556352
2026-04-08,5,ranker_v2,top10,10,0.009263014871436437,0.028808382890827877,-0.01954536801939144,-0.021545368019391442,0.002716246397214128,0.004546768474222309
2026-04-08,5,ranker_v2,top20,20,0.027040579901264343,0.028808382890827877,-0.0017678029895635329,-0.003767802989563533,0.002716246397214128,0.022324333504050213
2026-04-08,5,ranker_v2,top_decile,11,0.01369267880550346,0.028808382890827877,-0.015115704085324417,-0.017115704085324417,0.002716246397214128,0.008976432408289332
2026-04-08,5,momentum_126_baseline,top10,10,0.011567360794430992,0.028808382890827877,-0.017241022096396885,-0.019241022096396887,0.002716246397214128,0.006851114397216864
2026-04-15,5,ranker_v2,top5,5,-0.01786655772717134,-0.03216377226430933,0.014297214537137993,0.012297214537137993,0.002716246397214128,-0.022582804124385465
2026-04-15,5,ranker_v2,top10,10,-0.03962584868390321,-0.03216377226430933,-0.007462076419593877,-0.009462076419593877,0.002716246397214128,-0.04434209508111734
2026-04-15,5,ranker_v2,top20,20,-0.03973645158961957,-0.03216377226430933,-0.0075726793253102385,-0.009572679325310238,0.002716246397214128,-0.0444526979868337
2026-04-15,5,ranker_v2,top_decile,11,-0.0407787456928895,-0.03216377226430933,-0.008614973428580168,-0.010614973428580168,0.002716246397214128,-0.04549499209010363
2026-04-15,5,momentum_126_baseline,top10,10,-0.020876354038147173,-0.03216377226430933,0.01128741822616216,0.00928741822616216,0.002716246397214128,-0.025592600435361303
2026-04-23,5,ranker_v2,top5,5,-0.012762766740411746,-0.021214559667255384,0.008451792926843638,0.006451792926843638,0.002707567584165016,-0.017470334324576762
2026-04-23,5,ranker_v2,top10,10,-0.010664080755975636,-0.021214559667255384,0.010550478911279748,0.008550478911279748,0.002707567584165016,-0.015371648340140652
2026-04-23,5,ranker_v2,top20,20,-0.022668251964858277,-0.021214559667255384,-0.0014536922976028932,-0.0034536922976028932,0.002707567584165016,-0.027375819549023295
2026-04-23,5,ranker_v2,top_decile,11,-0.014378591660830059,-0.021214559667255384,0.006835968006425325,0.004835968006425325,0.002707567584165016,-0.019086159244995075
2026-04-23,5,momentum_126_baseline,top10,10,-0.03420950018203143,-0.021214559667255384,-0.012994940514776043,-0.014994940514776043,0.002707567584165016,-0.038917067766196446
2026-04-30,5,ranker_v2,top5,5,-0.03943555347003884,-0.017136633959363268,-0.022298919510675575,-0.024298919510675573,0.0026728530831396924,-0.044108406553178534
2026-04-30,5,ranker_v2,top10,10,-0.022925018304419932,-0.017136633959363268,-0.005788384345056663,-0.007788384345056663,0.0026728530831396924,-0.027597871387559626
2026-04-30,5,ranker_v2,top20,20,-0.009700029490982087,-0.017136633959363268,0.0074366044683811805,0.0054366044683811805,0.0026728530831396924,-0.01437288257412178
2026-04-30,5,ranker_v2,top_decile,11,-0.022430591444978002,-0.017136633959363268,-0.005293957485614736,-0.007293957485614736,0.0026728530831396924,-0.027103444528117693
2026-04-30,5,momentum_126_baseline,top10,10,-0.01674785538305521,-0.017136633959363268,0.0003887785763080576,-0.0016112214236919426,0.0026728530831396924,-0.021420708466194906
2026-05-08,5,ranker_v2,top5,5,-0.04173124051768251,-0.03706520086036458,-0.004666039657317933,-0.006666039657317933,0.0026728530831396924,-0.046404093600822205
2026-05-08,5,ranker_v2,top10,10,-0.04266394831737884,-0.03706520086036458,-0.0055987474570142635,-0.0075987474570142636,0.0026728530831396924,-0.04733680140051853
2026-05-08,5,ranker_v2,top20,20,-0.046686335567904406,-0.03706520086036458,-0.00962113470753983,-0.01162113470753983,0.0026728530831396924,-0.0513591886510441
2026-05-08,5,ranker_v2,top_decile,11,-0.045456788563772416,-0.03706520086036458,-0.008391587703407836,-0.010391587703407836,0.0026728530831396924,-0.05012964164691211
2026-05-08,5,momentum_126_baseline,top10,10,-0.04754768695123988,-0.03706520086036458,-0.010482486090875298,-0.012482486090875298,0.0026728530831396924,-0.05222054003437957
2026-05-15,5,ranker_v2,top5,5,-0.007287144744339735,-0.00605807630694255,-0.001229068437397185,-0.003229068437397185,0.0026728530831396924,-0.011959997827479429
2026-05-15,5,ranker_v2,top10,10,-0.024594082278022268,-0.00605807630694255,-0.018536005971079718,-0.02053600597107972,0.0026728530831396924,-0.029266935361161962
2026-05-15,5,ranker_v2,top20,20,-0.02247622629099098,-0.00605807630694255,-0.01641814998404843,-0.018418149984048428,0.0026728530831396924,-0.02714907937413067
2026-05-15,5,ranker_v2,top_decile,11,-0.0227210237338505,-0.00605807630694255,-0.01666294742690795,-0.018662947426907953,0.0026728530831396924,-0.027393876816990195
2026-05-15,5,momentum_126_baseline,top10,10,-0.0019046996489452185,-0.00605807630694255,0.004153376657997332,0.002153376657997332,0.0026728530831396924,-0.0065775527320849105
2026-05-22,5,ranker_v2,top5,5,-0.021160606788426062,-0.013744963395947996,-0.007415643392478066,-0.009415643392478065,0.0026728530831396924,-0.025833459871565753
2026-05-22,5,ranker_v2,top10,10,-0.009381576354476173,-0.013744963395947996,0.004363387041471822,0.0023633870414718223,0.0026728530831396924,-0.014054429437615866
2026-05-22,5,ranker_v2,top20,20,0.0130736953467526,-0.013744963395947996,0.026818658742700598,0.024818658742700596,0.0026728530831396924,0.008400842263612908
2026-05-22,5,ranker_v2,top_decile,11,-0.0040620719409835545,-0.013744963395947996,0.009682891454964442,0.007682891454964442,0.0026728530831396924,-0.008734925024123246
2026-05-22,5,momentum_126_baseline,top10,10,-0.00018159046579030447,-0.013744963395947996,0.013563372930157691,0.011563372930157691,0.0026728530831396924,-0.004854443548929997
2026-05-29,5,ranker_v2,top5,5,-0.05767664571213138,-0.029455428453057708,-0.028221217259073672,-0.030221217259073674,0.0026728530831396924,-0.062349498795271074
2026-05-29,5,ranker_v2,top10,10,-0.03886000546929991,-0.029455428453057708,-0.0094045770162422,-0.0114045770162422,0.0026728530831396924,-0.0435328585524396
2026-05-29,5,ranker_v2,top20,20,-0.0273116114447715,-0.029455428453057708,0.0021438170082862086,0.0001438170082862086,0.0026728530831396924,-0.03198446452791119
2026-05-29,5,ranker_v2,top_decile,11,-0.035387087681464764,-0.029455428453057708,-0.005931659228407054,-0.007931659228407054,0.0026728530831396924,-0.04005994076460446
2026-05-29,5,momentum_126_baseline,top10,10,-0.025745439732547403,-0.029455428453057708,0.003709988720510304,0.0017099887205103042,0.0026728530831396924,-0.030418292815687094
2026-06-08,5,ranker_v2,top5,5,0.01279297774867505,0.010351635451683494,0.0024413422969915555,0.00044134229699155543,0.0026728530831396924,0.008120124665535357
2026-06-08,5,ranker_v2,top10,10,0.027659482293433478,0.010351635451683494,0.017307846841749984,0.015307846841749984,0.0026728530831396924,0.022986629210293784
2026-06-08,5,ranker_v2,top20,20,0.032729404365614695,0.010351635451683494,0.0223777689139312,0.0203777689139312,0.0026728530831396924,0.028056551282475
2026-06-08,5,ranker_v2,top_decile,11,0.025204833260701623,0.010351635451683494,0.01485319780901813,0.01285319780901813,0.0026728530831396924,0.02053198017756193
2026-06-08,5,momentum_126_baseline,top10,10,-0.01132521826430637,0.010351635451683494,-0.021676853715989864,-0.023676853715989862,0.0026728530831396924,-0.01599807134744606
2026-06-15,5,ranker_v2,top5,5,-0.035289740767221245,-0.00026406126221278914,-0.035025679505008456,-0.03702567950500846,0.0026467275799102463,-0.03993646834713149
2026-06-15,5,ranker_v2,top10,10,-0.021118998189876594,-0.00026406126221278914,-0.020854936927663804,-0.022854936927663806,0.0026467275799102463,-0.02576572576978684
2026-06-15,5,ranker_v2,top20,20,-0.009982175220652496,-0.00026406126221278914,-0.009718113958439707,-0.011718113958439707,0.0026467275799102463,-0.014628902800562742
2026-06-15,5,ranker_v2,top_decile,11,-0.020758983025185588,-0.00026406126221278914,-0.0204949217629728,-0.022494921762972797,0.0026467275799102463,-0.025405710605095833
2026-06-15,5,momentum_126_baseline,top10,10,-0.0061714603833466055,-0.00026406126221278914,-0.005907399121133816,-0.007907399121133817,0.0026467275799102463,-0.010818187963256853
2026-06-22,5,ranker_v2,top5,5,-0.03236402567527565,0.016640253565768592,-0.049004279241044245,-0.05100427924104425,0.0026293109559378802,-0.036993336631213534
2026-06-22,5,ranker_v2,top10,10,0.012024046810780398,0.016640253565768592,-0.004616206754988195,-0.006616206754988195,0.0026293109559378802,0.0073947358548425175
2026-06-22,5,ranker_v2,top20,20,0.013995935533750142,0.016640253565768592,-0.00264431803201845,-0.00464431803201845,0.0026293109559378802,0.009366624577812262
2026-06-22,5,ranker_v2,top_decile,11,0.0062263696106811565,0.016640253565768592,-0.010413883955087437,-0.012413883955087437,0.0026293109559378802,0.0015970586547432762
2026-06-22,5,momentum_126_baseline,top10,10,0.019225872048184267,0.016640253565768592,0.0025856184824156747,0.0005856184824156747,0.0026293109559378802,0.014596561092246385
2026-06-29,5,ranker_v2,top5,5,-0.03464660718554526,-0.004370543575531904,-0.030276063610013358,-0.03227606361001336,0.0026293109559378802,-0.039275918141483145
2026-06-29,5,ranker_v2,top10,10,-0.024033863890861106,-0.004370543575531904,-0.019663320315329202,-0.0216633203153292,0.0026293109559378802,-0.028663174846798985
2026-06-29,5,ranker_v2,top20,20,-0.01921602974310153,-0.004370543575531904,-0.014845486167569626,-0.016845486167569625,0.0026293109559378802,-0.02384534069903941
2026-06-29,5,ranker_v2,top_decile,11,-0.01783622742847676,-0.004370543575531904,-0.013465683852944858,-0.015465683852944858,0.0026293109559378802,-0.02246553838441464
2026-06-29,5,momentum_126_baseline,top10,10,-0.006728006010079601,-0.004370543575531904,-0.0023574624345476967,-0.004357462434547697,0.0026293109559378802,-0.01135731696601748
2026-07-06,5,ranker_v2,top5,5,0.043897788023831284,0.019084013731675675,0.02481377429215561,0.022813774292155607,0.0026293109559378802,0.0392684770678934
2026-07-06,5,ranker_v2,top10,10,0.026338140779980646,0.019084013731675675,0.00725412704830497,0.00525412704830497,0.0026293109559378802,0.021708829824042764
2026-07-06,5,ranker_v2,top20,20,0.026505167274802732,0.019084013731675675,0.007421153543127057,0.005421153543127057,0.0026293109559378802,0.02187585631886485
2026-07-06,5,ranker_v2,top_decile,11,0.02579119535606601,0.019084013731675675,0.006707181624390334,0.004707181624390334,0.0026293109559378802,0.02116188440012813
2026-07-06,5,momentum_126_baseline,top10,10,0.00785052971685073,0.019084013731675675,-0.011233484014824945,-0.013233484014824945,0.0026293109559378802,0.0032212187609128497
2026-07-13,5,ranker_v2,top5,5,-0.005014038719761959,-0.013474527566447958,0.008460488846685998,0.006460488846685998,0.0026293109559378802,-0.009643349675699839
2026-07-13,5,ranker_v2,top10,10,-0.0059966418174010605,-0.013474527566447958,0.0074778857490468975,0.0054778857490468975,0.0026293109559378802,-0.01062595277333894
2026-07-13,5,ranker_v2,top20,20,-0.008758263000648202,-0.013474527566447958,0.004716264565799755,0.0027162645657997546,0.0026293109559378802,-0.013387573956586083
2026-07-13,5,ranker_v2,top_decile,11,-0.004375646394014463,-0.013474527566447958,0.009098881172433494,0.007098881172433494,0.0026293109559378802,-0.009004957349952342
2026-07-13,5,momentum_126_baseline,top10,10,-0.0064691659649016246,-0.013474527566447958,0.0070053616015463335,0.005005361601546333,0.0026293109559378802,-0.011098476920839505
2026-07-20,5,ranker_v2,top5,5,0.03800153434445388,0.011328307502408208,0.02667322684204567,0.02467322684204567,0.0026293109559378802,0.033372223388516
2026-07-20,5,ranker_v2,top10,10,0.08015996283964352,0.011328307502408208,0.06883165533723531,0.06683165533723531,0.0026293109559378802,0.07553065188370564
2026-07-20,5,ranker_v2,top20,20,0.029993773093250214,0.011328307502408208,0.018665465590842006,0.016665465590842005,0.0026293109559378802,0.025364462137312332
2026-07-20,5,ranker_v2,top_decile,11,0.07223918124085393,0.011328307502408208,0.060910873738445726,0.058910873738445724,0.0026293109559378802,0.06760987028491605
2026-07-20,5,momentum_126_baseline,top10,10,-0.0020654242442064265,0.011328307502408208,-0.013393731746614634,-0.015393731746614634,0.0026293109559378802,-0.006694735200144307
2026-07-27,5,ranker_v2,top5,5,0.1328366237002453,0.015199475290158748,0.11763714841008654,0.11563714841008654,0.0026293109559378802,0.1282073127443074
2026-07-27,5,ranker_v2,top10,10,0.07882559332724076,0.015199475290158748,0.06362611803708201,0.06162611803708201,0.0026293109559378802,0.07419628237130288
2026-07-27,5,ranker_v2,top20,20,0.027949918387891477,0.015199475290158748,0.012750443097732728,0.010750443097732728,0.0026293109559378802,0.023320607431953598
2026-07-27,5,ranker_v2,top_decile,11,0.07320046089395024,0.015199475290158748,0.058000985603791494,0.05600098560379149,0.0026293109559378802,0.06857114993801236
2026-07-27,5,momentum_126_baseline,top10,10,0.010833759464048265,0.015199475290158748,-0.004365715826110483,-0.006365715826110483,0.0026293109559378802,0.006204448508110385
2023-07-10,20,ranker_v2,top5,5,0.11504222433710143,0.012192433569042427,0.102849790768059,0.100849790768059,0.01015372036972595,0.10288850396737548
2023-07-10,20,ranker_v2,top10,10,0.05453594251464574,0.012192433569042427,0.04234350894560331,0.04034350894560331,0.01015372036972595,0.04238222214491979
2023-07-10,20,ranker_v2,top20,20,0.037418669080483635,0.012192433569042427,0.02522623551144121,0.023226235511441207,0.01015372036972595,0.025264948710757684
2023-07-10,20,ranker_v2,top_decile,11,0.05557535707603666,0.012192433569042427,0.043382923506994235,0.04138292350699423,0.01015372036972595,0.04342163670631071
2023-07-10,20,momentum_126_baseline,top10,10,0.022211637301046683,0.012192433569042427,0.010019203732004257,0.008019203732004257,0.01015372036972595,0.010057916931320736
2023-08-07,20,ranker_v2,top5,5,-0.044962246196593524,-0.013427709834143098,-0.031534536362450426,-0.03353453636245043,0.009853222624513602,-0.05681546882110713
2023-08-07,20,ranker_v2,top10,10,-0.06291390027475798,-0.013427709834143098,-0.04948619044061488,-0.05148619044061488,0.009853222624513602,-0.07476712289927158
2023-08-07,20,ranker_v2,top20,20,-0.068658369611965,-0.013427709834143098,-0.05523065977782191,-0.057230659777821914,0.009853222624513602,-0.08051159223647861
2023-08-07,20,ranker_v2,top_decile,11,-0.06060938592330207,-0.013427709834143098,-0.04718167608915897,-0.04918167608915897,0.009853222624513602,-0.07246260854781567
2023-08-07,20,momentum_126_baseline,top10,10,-0.0974763144329495,-0.013427709834143098,-0.0840486045988064,-0.08604860459880641,0.009853222624513602,-0.10932953705746311
2023-09-04,20,ranker_v2,top5,5,-0.047991597644333674,-0.03700213114614903,-0.010989466498184641,-0.012989466498184641,0.009693533184229608,-0.05968513082856328
2023-09-04,20,ranker_v2,top10,10,-0.033327509487562815,-0.03700213114614903,0.003674621658586219,0.0016746216585862188,0.009693533184229608,-0.045021042671792424
2023-09-04,20,ranker_v2,top20,20,-0.056280386825451646,-0.03700213114614903,-0.0192782556793026,-0.021278255679302603,0.009693533184229608,-0.06797392000968125
2023-09-04,20,ranker_v2,top_decile,11,-0.05093354481240116,-0.03700213114614903,-0.013931413666252128,-0.01593141366625213,0.009693533184229608,-0.06262707799663077
2023-09-04,20,momentum_126_baseline,top10,10,-0.09954946620322033,-0.03700213114614903,-0.0625473350570713,-0.0645473350570713,0.009693533184229608,-0.11124299938744994
2023-10-03,20,ranker_v2,top5,5,-0.05162277720431252,0.014406757245258639,-0.06602953444957116,-0.06802953444957116,0.009498391493968805,-0.06312116869828133
2023-10-03,20,ranker_v2,top10,10,-0.08291088857727184,0.014406757245258639,-0.09731764582253048,-0.09931764582253048,0.009498391493968805,-0.09440928007124065
2023-10-03,20,ranker_v2,top20,20,-0.07574884824456879,0.014406757245258639,-0.09015560548982743,-0.09215560548982743,0.009498391493968805,-0.0872472397385376
2023-10-03,20,ranker_v2,top_decile,11,-0.07743116005594597,0.014406757245258639,-0.0918379173012046,-0.0938379173012046,0.009498391493968805,-0.08892955154991478
2023-10-03,20,momentum_126_baseline,top10,10,-0.09617681069455399,0.014406757245258639,-0.11058356793981261,-0.11258356793981261,0.009498391493968805,-0.10767520218852279
2023-11-01,20,ranker_v2,top5,5,0.2133668475614255,0.11342598628458189,0.09994086127684358,0.09794086127684358,0.00914206491434122,0.20222478264708427
2023-11-01,20,ranker_v2,top10,10,0.13468604210583482,0.11342598628458189,0.021260055821252934,0.019260055821252932,0.00914206491434122,0.1235439771914936
2023-11-01,20,ranker_v2,top20,20,0.16298158095138315,0.11342598628458189,0.049555594666801255,0.04755559466680125,0.00914206491434122,0.15183951603704193
2023-11-01,20,ranker_v2,top_decile,11,0.12799864424028948,0.11342598628458189,0.014572657955707592,0.012572657955707592,0.00914206491434122,0.11685657932594826
2023-11-01,20,momentum_126_baseline,top10,10,0.17184254011201372,0.11342598628458189,0.05841655382743183,0.056416553827431826,0.00914206491434122,0.1607004751976725
2023-12-01,20,ranker_v2,top5,5,0.07212242690974369,0.0369312194093816,0.03519120750036209,0.033191207500362085,0.009368652158062485,0.0607537747516812
2023-12-01,20,ranker_v2,top10,10,0.05925156458285471,0.0369312194093816,0.02232034517347311,0.020320345173473107,0.009368652158062485,0.04788291242479222
2023-12-01,20,ranker_v2,top20,20,0.03658914278397048,0.0369312194093816,-0.0003420766254111196,-0.00234207662541112,0.009368652158062485,0.02522049062590799
2023-12-01,20,ranker_v2,top_decile,11,0.054900537236364726,0.0369312194093816,0.01796931782698313,0.01596931782698313,0.009368652158062485,0.04353188507830224
2023-12-01,20,momentum_126_baseline,top10,10,0.000846739463229651,0.0369312194093816,-0.03608447994615195,-0.03808447994615195,0.009368652158062485,-0.010521912694832833
2024-01-03,20,ranker_v2,top5,5,-0.0007773813194869028,-0.03825827724829489,0.03748089592880799,0.03548089592880799,0.008784244471752745,-0.011561625791239647
2024-01-03,20,ranker_v2,top10,10,-0.022547561739427856,-0.03825827724829489,0.015710715508867035,0.013710715508867035,0.008784244471752745,-0.0333318062111806
2024-01-03,20,ranker_v2,top20,20,-0.03637357638865462,-0.03825827724829489,0.0018847008596402704,-0.00011529914035972961,0.008784244471752745,-0.047157820860407366
2024-01-03,20,ranker_v2,top_decile,11,-0.02813720623906223,-0.03825827724829489,0.010121071009232662,0.008121071009232662,0.008784244471752745,-0.03892145071081497
2024-01-03,20,momentum_126_baseline,top10,10,-0.08085090212226628,-0.03825827724829489,-0.042592624873971384,-0.044592624873971386,0.008784244471752745,-0.09163514659401903
2024-01-31,20,ranker_v2,top5,5,0.04425014351921634,0.01117790719519074,0.0330722363240256,0.0310722363240256,0.008424931758650223,0.03382521176056612
2024-01-31,20,ranker_v2,top10,10,0.041048419351928565,0.01117790719519074,0.029870512156737826,0.027870512156737824,0.008424931758650223,0.03062348759327834
2024-01-31,20,ranker_v2,top20,20,0.04775623846570489,0.01117790719519074,0.03657833127051415,0.03457833127051415,0.008424931758650223,0.037331306707054666
2024-01-31,20,ranker_v2,top_decile,11,0.045111159409607464,0.01117790719519074,0.033933252214416725,0.03193325221441672,0.008424931758650223,0.03468622765095724
2024-01-31,20,momentum_126_baseline,top10,10,0.020457341573857535,0.01117790719519074,0.009279434378666795,0.007279434378666795,0.008424931758650223,0.01003240981520731
2024-03-01,20,ranker_v2,top5,5,0.02536801988939257,-0.01695308871342316,0.042321108602815724,0.04032110860281572,0.008298706439477277,0.015069313449915293
2024-03-01,20,ranker_v2,top10,10,0.010070326861958922,-0.01695308871342316,0.02702341557538208,0.025023415575382082,0.008298706439477277,-0.0002283795775183551
2024-03-01,20,ranker_v2,top20,20,-0.008526853339236334,-0.01695308871342316,0.008426235374186825,0.0064262353741868245,0.008298706439477277,-0.018825559778713613
2024-03-01,20,ranker_v2,top_decile,11,0.002909180613256159,-0.01695308871342316,0.019862269326679317,0.017862269326679316,0.008298706439477277,-0.0073895258262211185
2024-03-01,20,momentum_126_baseline,top10,10,-0.026134216324655478,-0.01695308871342316,-0.00918112761123232,-0.01118112761123232,0.008298706439477277,-0.03643292276413276
2024-04-01,20,ranker_v2,top5,5,-0.03578288087318844,0.0028506181589100787,-0.03863349903209852,-0.04063349903209852,0.0080643299057086,-0.04584721077889704
2024-04-01,20,ranker_v2,top10,10,-0.08539862630033487,0.0028506181589100787,-0.08824924445924495,-0.09024924445924495,0.0080643299057086,-0.09546295620604348
2024-04-01,20,ranker_v2,top20,20,-0.05548086541170777,0.0028506181589100787,-0.058331483570617834,-0.060331483570617836,0.0080643299057086,-0.06554519531741637
2024-04-01,20,ranker_v2,top_decile,11,-0.06810567654524735,0.0028506181589100787,-0.07095629470415743,-0.07295629470415743,0.0080643299057086,-0.07817000645095595
2024-04-01,20,momentum_126_baseline,top10,10,-0.07831903118894029,0.0028506181589100787,-0.08116964934785037,-0.08316964934785037,0.0080643299057086,-0.0883833610946489
2024-04-29,20,ranker_v2,top5,5,-0.003092979744442248,-0.02804824423644703,0.024955264492004782,0.02295526449200478,0.007937654335413935,-0.013030634079856183
2024-04-29,20,ranker_v2,top10,10,-0.000369067258380551,-0.02804824423644703,0.02767917697806648,0.02567917697806648,0.007937654335413935,-0.010306721593794487
2024-04-29,20,ranker_v2,top20,20,-0.004138195340990863,-0.02804824423644703,0.023910048895456164,0.021910048895456162,0.007937654335413935,-0.014075849676404798
2024-04-29,20,ranker_v2,top_decile,11,-0.0165219111256516,-0.02804824423644703,0.011526333110795428,0.009526333110795428,0.007937654335413935,-0.026459565461065537
2024-04-29,20,momentum_126_baseline,top10,10,-0.017680141754350398,-0.02804824423644703,0.01036810248209663,0.00836810248209663,0.007937654335413935,-0.027617796089764335
2024-05-28,20,ranker_v2,top5,5,-0.010429934206515435,-0.009201809662304106,-0.0012281245442113287,-0.0032281245442113285,0.007883369678362895,-0.020313303884878328
2024-05-28,20,ranker_v2,top10,10,-0.0021686909334264204,-0.009201809662304106,0.007033118728877685,0.005033118728877685,0.007883369678362895,-0.012052060611789315
2024-05-28,20,ranker_v2,top20,20,-0.012835092209064414,-0.009201809662304106,-0.003633282546760308,-0.005633282546760308,0.007883369678362895,-0.022718461887427308
2024-05-28,20,ranker_v2,top_decile,11,-0.0065888212745325,-0.009201809662304106,0.0026129883877716057,0.0006129883877716057,0.007883369678362895,-0.016472190952895396
2024-05-28,20,momentum_126_baseline,top10,10,-0.020907812635964595,-0.009201809662304106,-0.011706002973660489,-0.01370600297366049,0.007883369678362895,-0.030791182314327488
2024-06-26,20,ranker_v2,top5,5,0.0037070273171858625,0.030837974250046862,-0.027130946932861,-0.029130946932861,0.007883369678362895,-0.006176342361177032
2024-06-26,20,ranker_v2,top10,10,0.03260603251528911,0.030837974250046862,0.001768058265242245,-0.00023194173475775512,0.007883369678362895,0.022722662836926213
2024-06-26,20,ranker_v2,top20,20,0.020027413592925293,0.030837974250046862,-0.010810560657121571,-0.012810560657121571,0.007883369678362895,0.010144043914562396
2024-06-26,20,ranker_v2,top_decile,11,0.033458985380308164,0.030837974250046862,0.002621011130261303,0.0006210111302613029,0.007883369678362895,0.023575615701945267
2024-06-26,20,momentum_126_baseline,top10,10,-0.013822349945195267,0.030837974250046862,-0.04466032419524213,-0.04666032419524213,0.007883369678362895,-0.023705719623558164
2024-07-10,20,ranker_v2,top5,5,-0.018231463114944568,0.0023267147730667848,-0.020558177888011352,-0.02255817788801135,0.007883369678362895,-0.02811483279330746
2024-07-10,20,ranker_v2,top10,10,-0.02080822032477424,0.0023267147730667848,-0.023134935097841026,-0.025134935097841024,0.007883369678362895,-0.030691590003137134
2024-07-10,20,ranker_v2,top20,20,-0.014787119375765994,0.0023267147730667848,-0.01711383414883278,-0.019113834148832783,0.007883369678362895,-0.02467048905412889
2024-07-10,20,ranker_v2,top_decile,11,-0.02025347493459937,0.0023267147730667848,-0.022580189707666155,-0.024580189707666157,0.007883369678362895,-0.030136844612962267
2024-07-10,20,momentum_126_baseline,top10,10,0.197374575703489,0.0023267147730667848,0.1950478609304222,0.1930478609304222,0.007883369678362895,0.18749120602512612
2024-08-07,20,ranker_v2,top5,5,0.018306159013081903,0.06742004799473,-0.049113888981648104,-0.051113888981648106,0.007883369678362895,0.00842278933471901
2024-08-07,20,ranker_v2,top10,10,0.03848362427627648,0.06742004799473,-0.028936423718453518,-0.030936423718453517,0.007883369678362895,0.028600254597913585
2024-08-07,20,ranker_v2,top20,20,0.06768400329895227,0.06742004799473,0.00026395530422225754,-0.0017360446957777425,0.007883369678362895,0.057800633620589376
2024-08-07,20,ranker_v2,top_decile,11,0.039025519182128925,0.06742004799473,-0.028394528812601082,-0.03039452881260108,0.007883369678362895,0.029142149503766028
2024-08-07,20,momentum_126_baseline,top10,10,0.05522690686245435,0.06742004799473,-0.012193141132275653,-0.014193141132275653,0.007883369678362895,0.045343537184091454
2024-09-04,20,ranker_v2,top5,5,0.1012460225688607,-0.019072668630749856,0.12031869119961056,0.11831869119961055,0.007973845731091611,0.09127217683776909
2024-09-04,20,ranker_v2,top10,10,0.010957638116042057,-0.019072668630749856,0.030030306746791913,0.02803030674679191,0.007973845731091611,0.0009837923849504455
2024-09-04,20,ranker_v2,top20,20,-0.03175427213711291,-0.019072668630749856,-0.012681603506363054,-0.014681603506363054,0.007973845731091611,-0.041728117868204524
2024-09-04,20,ranker_v2,top_decile,11,0.008497831581343792,-0.019072668630749856,0.02757050021209365,0.02557050021209365,0.007973845731091611,-0.0014760141497478195
2024-09-04,20,momentum_126_baseline,top10,10,0.08425136185280385,-0.019072668630749856,0.10332403048355372,0.10132403048355372,0.007973845731091611,0.07427751612171224
2024-10-02,20,ranker_v2,top5,5,0.006794083877575274,-0.021540650863198896,0.02833473474077417,0.02633473474077417,0.0080643299057086,-0.0032702460281333265
2024-10-02,20,ranker_v2,top10,10,0.020278394435458914,-0.021540650863198896,0.041819045298657806,0.039819045298657804,0.0080643299057086,0.010214064529750315
2024-10-02,20,ranker_v2,top20,20,0.007614435406647213,-0.021540650863198896,0.029155086269846107,0.027155086269846106,0.0080643299057086,-0.002449894499061387
2024-10-02,20,ranker_v2,top_decile,11,0.014426271093234274,-0.021540650863198896,0.03596692195643317,0.033966921956433166,0.0080643299057086,0.004361941187525673
2024-10-02,20,momentum_126_baseline,top10,10,-0.011765537620435418,-0.021540650863198896,0.009775113242763478,0.007775113242763478,0.0080643299057086,-0.02182986752614402
2024-10-30,20,ranker_v2,top5,5,-0.08646561371055347,-0.038051424153583535,-0.048414189556969946,-0.05041418955696995,0.008334769204080938,-0.09680038291463441
2024-10-30,20,ranker_v2,top10,10,-0.06000429330416253,-0.038051424153583535,-0.02195286915057899,-0.02395286915057899,0.008334769204080938,-0.07033906250824347
2024-10-30,20,ranker_v2,top20,20,-0.07249570856821566,-0.038051424153583535,-0.03444428441463212,-0.03644428441463212,0.008334769204080938,-0.0828304777722966
2024-10-30,20,ranker_v2,top_decile,11,-0.058522245512506864,-0.038051424153583535,-0.02047082135892333,-0.02247082135892333,0.008334769204080938,-0.06885701471658781
2024-10-30,20,momentum_126_baseline,top10,10,-0.004327881771980601,-0.038051424153583535,0.03372354238160293,0.03172354238160293,0.008334769204080938,-0.01466265097606154
2024-11-29,20,ranker_v2,top5,5,-0.12195368679802987,-0.04410828532323263,-0.07784540147479724,-0.07984540147479724,0.009773679941232238,-0.1337273667392621
2024-11-29,20,ranker_v2,top10,10,-0.12580628238528108,-0.04410828532323263,-0.08169799706204842,-0.08369799706204842,0.009773679941232238,-0.13757996232651332
2024-11-29,20,ranker_v2,top20,20,-0.0959010005177025,-0.04410828532323263,-0.051792715194469874,-0.053792715194469876,0.009773679941232238,-0.10767468045893475
2024-11-29,20,ranker_v2,top_decile,11,-0.11581258403483434,-0.04410828532323263,-0.07170429871160168,-0.07370429871160168,0.009773679941232238,-0.1275862639760666
2024-11-29,20,momentum_126_baseline,top10,10,-0.08852257157818834,-0.04410828532323263,-0.04441428625495571,-0.04641428625495571,0.009773679941232238,-0.10029625151942058
2025-01-02,20,ranker_v2,top5,5,0.12323000934829112,0.056507804370447445,0.06672220497784367,0.06472220497784367,0.009177610902663114,0.112052398445628
2025-01-02,20,ranker_v2,top10,10,0.16514969355118553,0.056507804370447445,0.10864188918073805,0.10664188918073805,0.009177610902663114,0.1539720826485224
2025-01-02,20,ranker_v2,top20,20,0.1248940276927583,0.056507804370447445,0.06838622332231084,0.06638622332231084,0.009177610902663114,0.11371641679009518
2025-01-02,20,ranker_v2,top_decile,11,0.16201223766159947,0.056507804370447445,0.10550443329115201,0.10350443329115201,0.009177610902663114,0.15083462675893636
2025-01-02,20,momentum_126_baseline,top10,10,0.05750407755217626,0.056507804370447445,0.0009962731817288128,-0.0010037268182711873,0.009177610902663114,0.04632646664951314
2025-01-30,20,ranker_v2,top5,5,-0.01202324340249621,-0.016657080046961315,0.004633836644465106,0.002633836644465106,0.009853222624513602,-0.02387646602700981
2025-01-30,20,ranker_v2,top10,10,-0.015752460690060865,-0.016657080046961315,0.000904619356900449,-0.001095380643099551,0.009853222624513602,-0.02760568331457447
2025-01-30,20,ranker_v2,top20,20,-0.017836261819818393,-0.016657080046961315,-0.0011791817728570796,-0.0031791817728570797,0.009853222624513602,-0.029689484444331997
2025-01-30,20,ranker_v2,top_decile,11,-0.008585639134158411,-0.016657080046961315,0.008071440912802904,0.006071440912802904,0.009853222624513602,-0.020438861758672013
2025-01-30,20,momentum_126_baseline,top10,10,-0.031415312995669374,-0.016657080046961315,-0.014758232948708061,-0.01675823294870806,0.009853222624513602,-0.04326853562018298
2025-02-27,20,ranker_v2,top5,5,-0.004411399217904588,0.0437583634484251,-0.048169762666329684,-0.050169762666329686,0.010135392934246479,-0.016546792152151067
2025-02-27,20,ranker_v2,top10,10,0.02531927594287947,0.0437583634484251,-0.018439087505545626,-0.020439087505545628,0.010135392934246479,0.01318388300863299
2025-02-27,20,ranker_v2,top20,20,0.03205811290816709,0.0437583634484251,-0.011700250540258006,-0.013700250540258006,0.010135392934246479,0.01992271997392061
2025-02-27,20,ranker_v2,top_decile,11,0.032157633256168675,0.0437583634484251,-0.011600730192256421,-0.013600730192256421,0.010135392934246479,0.020022240321922194
2025-02-27,20,momentum_126_baseline,top10,10,0.09466936762453411,0.0437583634484251,0.05091100417610901,0.04891100417610901,0.010135392934246479,0.08253397469028763
2025-03-31,20,ranker_v2,top5,5,-0.004344050038201019,0.03690311684323655,-0.04124716688143757,-0.04324716688143757,0.010558796236773471,-0.01690284627497449
2025-03-31,20,ranker_v2,top10,10,0.011955940060918002,0.03690311684323655,-0.024947176782318548,-0.026947176782318547,0.010558796236773471,-0.0006028561758554696
2025-03-31,20,ranker_v2,top20,20,0.06933994241667704,0.03690311684323655,0.03243682557344048,0.030436825573440476,0.010558796236773471,0.05678114617990357
2025-03-31,20,ranker_v2,top_decile,11,0.02808438010887736,0.03690311684323655,-0.008818736734359189,-0.010818736734359189,0.010558796236773471,0.015525583872103892
2025-03-31,20,momentum_126_baseline,top10,10,0.012381125475342768,0.03690311684323655,-0.02452199136789378,-0.02652199136789378,0.010558796236773471,-0.00017767076143070278
2025-04-30,20,ranker_v2,top5,5,0.0824358663247257,0.02566874217980697,0.05676712414491873,0.05476712414491873,0.010839216538919283,0.06959664978580642
2025-04-30,20,ranker_v2,top10,10,0.07863053243130441,0.02566874217980697,0.05296179025149744,0.05096179025149744,0.010839216538919283,0.06579131589238513
2025-04-30,20,ranker_v2,top20,20,0.08216654453016081,0.02566874217980697,0.05649780235035384,0.05449780235035384,0.010839216538919283,0.06932732799124153
2025-04-30,20,ranker_v2,top_decile,11,0.08240547889976117,0.02566874217980697,0.0567367367199542,0.0547367367199542,0.010839216538919283,0.06956626236084189
2025-04-30,20,momentum_126_baseline,top10,10,0.06773956481936833,0.02566874217980697,0.042070822639561356,0.040070822639561354,0.010839216538919283,0.05490034828044904
2025-05-29,20,ranker_v2,top5,5,0.025015186304906047,-0.012040365542033027,0.037055551846939074,0.03505555184693907,0.010961772643962142,0.012053413660943903
2025-05-29,20,ranker_v2,top10,10,0.0035133329710087314,-0.012040365542033027,0.015553698513041758,0.013553698513041758,0.010961772643962142,-0.009448439672953411
2025-05-29,20,ranker_v2,top20,20,0.00866782978907677,-0.012040365542033027,0.020708195331109798,0.018708195331109796,0.010961772643962142,-0.004293942854885373
2025-05-29,20,ranker_v2,top_decile,11,0.0003610856820167899,-0.012040365542033027,0.012401451224049816,0.010401451224049816,0.010961772643962142,-0.012600686961945353
2025-05-29,20,momentum_126_baseline,top10,10,-0.010611300977406668,-0.012040365542033027,0.001429064564626359,-0.0005709354353736411,0.010961772643962142,-0.02357307362136881
2025-06-27,20,ranker_v2,top5,5,-0.061462850594589405,-0.02441804392617597,-0.037044806668413435,-0.03904480666841344,0.011084140590428948,-0.07454699118501835
2025-06-27,20,ranker_v2,top10,10,-0.04376561282044407,-0.02441804392617597,-0.019347568894268096,-0.021347568894268094,0.011084140590428948,-0.05684975341087302
2025-06-27,20,ranker_v2,top20,20,-0.04258548070092614,-0.02441804392617597,-0.01816743677475017,-0.02016743677475017,0.011084140590428948,-0.05566962129135509
2025-06-27,20,ranker_v2,top_decile,11,-0.040722754582885,-0.02441804392617597,-0.01630471065670903,-0.01830471065670903,0.011084140590428948,-0.05380689517331395
2025-06-27,20,momentum_126_baseline,top10,10,-0.06837595437014476,-0.02441804392617597,-0.043957910443968795,-0.0459579104439688,0.011084140590428948,-0.08146009496057371
2025-07-11,20,ranker_v2,top5,5,-0.026111852351354624,-0.002011939465587753,-0.02409991288576687,-0.026099912885766872,0.011084140590428948,-0.039195992941783574
2025-07-11,20,ranker_v2,top10,10,-0.013302238164555447,-0.002011939465587753,-0.011290298698967693,-0.013290298698967693,0.011084140590428948,-0.026386378754984396
2025-07-11,20,ranker_v2,top20,20,-0.012785643109552308,-0.002011939465587753,-0.010773703643964554,-0.012773703643964554,0.011084140590428948,-0.025869783699981254
2025-07-11,20,ranker_v2,top_decile,11,-0.012492516049105073,-0.002011939465587753,-0.01048057658351732,-0.01248057658351732,0.011084140590428948,-0.02557665663953402
2025-07-11,20,momentum_126_baseline,top10,10,-0.025091445269642763,-0.002011939465587753,-0.02307950580405501,-0.025079505804055012,0.011084140590428948,-0.03817558586007171
2025-08-08,20,ranker_v2,top5,5,0.035895160947335004,0.04949489747117641,-0.01359973652384141,-0.01559973652384141,0.011084140590428948,0.022811020356906055
2025-08-08,20,ranker_v2,top10,10,0.04308202486666969,0.04949489747117641,-0.006412872604506725,-0.008412872604506724,0.011084140590428948,0.02999788427624074
2025-08-08,20,ranker_v2,top20,20,0.032262857806034065,0.04949489747117641,-0.017232039665142345,-0.019232039665142343,0.011084140590428948,0.019178717215605115
2025-08-08,20,ranker_v2,top_decile,11,0.02431339638703595,0.04949489747117641,-0.025181501084140464,-0.027181501084140462,0.011084140590428948,0.011229255796607003
2025-08-08,20,momentum_126_baseline,top10,10,0.04132985022729382,0.04949489747117641,-0.008165047243882595,-0.010165047243882595,0.011084140590428948,0.028245709636864867
2025-09-05,20,ranker_v2,top5,5,0.027178371923842405,0.010943634324172669,0.016234737599669737,0.014234737599669737,0.011084140590428948,0.014094231333413455
2025-09-05,20,ranker_v2,top10,10,0.021005662112388367,0.010943634324172669,0.010062027788215699,0.008062027788215699,0.011084140590428948,0.007921521521959421
2025-09-05,20,ranker_v2,top20,20,0.021469375714901383,0.010943634324172669,0.010525741390728715,0.008525741390728715,0.011084140590428948,0.008385235124472437
2025-09-05,20,ranker_v2,top_decile,11,0.025500405800844825,0.010943634324172669,0.014556771476672154,0.012556771476672154,0.011084140590428948,0.012416265210415875
2025-09-05,20,momentum_126_baseline,top10,10,-0.03542533792905798,0.010943634324172669,-0.046368972253230646,-0.04836897225323065,0.011084140590428948,-0.04850947851948693
2025-10-03,20,ranker_v2,top5,5,-0.08293789370120694,0.03702470856651474,-0.11996260226772168,-0.12196260226772168,0.011084140590428948,-0.09602203429163589
2025-10-03,20,ranker_v2,top10,10,-0.001612838405110084,0.03702470856651474,-0.038637546971624824,-0.040637546971624826,0.011084140590428948,-0.014696978995539033
2025-10-03,20,ranker_v2,top20,20,0.03223068445669648,0.03702470856651474,-0.004794024109818257,-0.006794024109818257,0.011084140590428948,0.019146543866267532
2025-10-03,20,ranker_v2,top_decile,11,0.006256641042893938,0.03702470856651474,-0.030768067523620803,-0.032768067523620804,0.011084140590428948,-0.00682749954753501
2025-10-03,20,momentum_126_baseline,top10,10,0.06012647275708568,0.03702470856651474,0.023101764190570938,0.021101764190570936,0.011084140590428948,0.04704233216665673
2025-10-31,20,ranker_v2,top5,5,0.017854971953172694,0.0606593553564263,-0.04280438340325361,-0.044804383403253614,0.011084140590428948,0.004770831362743748
2025-10-31,20,ranker_v2,top10,10,0.01541959985427126,0.0606593553564263,-0.045239755502155046,-0.04723975550215505,0.011084140590428948,0.0023354592638423124
2025-10-31,20,ranker_v2,top20,20,0.05844441360440274,0.0606593553564263,-0.002214941752023569,-0.004214941752023569,0.011084140590428948,0.04536027301397379
2025-10-31,20,ranker_v2,top_decile,11,0.030367736718562653,0.0606593553564263,-0.03029161863786365,-0.03229161863786365,0.011084140590428948,0.017283596128133703
2025-10-31,20,momentum_126_baseline,top10,10,0.050135645338983834,0.0606593553564263,-0.010523710017442466,-0.012523710017442466,0.011084140590428948,0.037051504748554884
2025-12-01,20,ranker_v2,top5,5,0.09532877293024591,0.012155525152732105,0.08317324777751381,0.08117324777751381,0.012199289497186738,0.08112948343305917
2025-12-01,20,ranker_v2,top10,10,-0.011760800535956007,0.012155525152732105,-0.023916325688688112,-0.02591632568868811,0.012199289497186738,-0.025960090033142744
2025-12-01,20,ranker_v2,top20,20,-0.03376847805161027,0.012155525152732105,-0.045924003204342374,-0.047924003204342376,0.012199289497186738,-0.04796776754879701
2025-12-01,20,ranker_v2,top_decile,11,-0.014883275983167682,0.012155525152732105,-0.02703880113589979,-0.029038801135899787,0.012199289497186738,-0.02908256548035442
2025-12-01,20,momentum_126_baseline,top10,10,0.026883478062364796,0.012155525152732105,0.014727952909632691,0.012727952909632691,0.012199289497186738,0.012684188565178056
2026-01-02,20,ranker_v2,top5,5,0.032254282196756925,0.1297192582487745,-0.09746497605201758,-0.09946497605201758,0.011084140590428948,0.019170141606327976
2026-01-02,20,ranker_v2,top10,10,0.038792523312821625,0.1297192582487745,-0.09092673493595288,-0.09292673493595288,0.011084140590428948,0.025708382722392675
2026-01-02,20,ranker_v2,top20,20,0.07277682036858693,0.1297192582487745,-0.05694243788018757,-0.05894243788018757,0.011084140590428948,0.05969267977815798
2026-01-02,20,ranker_v2,top_decile,11,0.051298234364464984,0.1297192582487745,-0.07842102388430952,-0.08042102388430952,0.011084140590428948,0.038214093774036034
2026-01-02,20,momentum_126_baseline,top10,10,0.042857624266958605,0.1297192582487745,-0.0868616339818159,-0.0888616339818159,0.011084140590428948,0.029773483676529655
2026-01-30,20,ranker_v2,top5,5,-0.044256452406721956,0.009599479499790453,-0.05385593190651241,-0.05585593190651241,0.011084140590428948,-0.057340592997150906
2026-01-30,20,ranker_v2,top10,10,-0.07117405590366767,0.009599479499790453,-0.08077353540345812,-0.08277353540345812,0.011084140590428948,-0.08425819649409662
2026-01-30,20,ranker_v2,top20,20,-0.048235160971021665,0.009599479499790453,-0.057834640470812104,-0.059834640470812106,0.011084140590428948,-0.061319301561450615
2026-01-30,20,ranker_v2,top_decile,11,-0.059859199475392505,0.009599479499790453,-0.06945867897518296,-0.07145867897518296,0.011084140590428948,-0.07294334006582145
2026-01-30,20,momentum_126_baseline,top10,10,-0.06340179243780956,0.009599479499790453,-0.07300127193760002,-0.07500127193760002,0.011084140590428948,-0.07648593302823851
2026-03-03,20,ranker_v2,top5,5,0.0673825333846612,0.023795090248764472,0.04358744313589673,0.041587443135896726,0.011005473781792618,0.05437705960286858
2026-03-03,20,ranker_v2,top10,10,0.016823363328020348,0.023795090248764472,-0.006971726920744126,-0.008971726920744126,0.011005473781792618,0.0038178895462277294
2026-03-03,20,ranker_v2,top20,20,-0.005418344063114644,0.023795090248764472,-0.029213434311879116,-0.031213434311879118,0.011005473781792618,-0.018423817844907264
2026-03-03,20,ranker_v2,top_decile,11,0.014597844982891517,0.023795090248764472,-0.009197245265872955,-0.011197245265872955,0.011005473781792618,0.0015923712010988984
2026-03-03,20,momentum_126_baseline,top10,10,-0.0018944437731913898,0.023795090248764472,-0.02568953402195586,-0.027689534021955862,0.011005473781792618,-0.014899917554984009
2026-03-31,20,ranker_v2,top5,5,0.049650313544500245,-0.0007681556795510192,0.050418469224051264,0.04841846922405126,0.010900584045334005,0.03674972949916624
2026-03-31,20,ranker_v2,top10,10,0.0023257638618417453,-0.0007681556795510192,0.0030939195413927645,0.0010939195413927644,0.010900584045334005,-0.01057482018349226
2026-03-31,20,ranker_v2,top20,20,0.004663866471807993,-0.0007681556795510192,0.005432022151359012,0.003432022151359012,0.010900584045334005,-0.008236717573526012
2026-03-31,20,ranker_v2,top_decile,11,0.003640199097912214,-0.0007681556795510192,0.004408354777463233,0.0024083547774632333,0.010900584045334005,-0.00926038494742179
2026-03-31,20,momentum_126_baseline,top10,10,0.025581592929632878,-0.0007681556795510192,0.026349748609183897,0.024349748609183895,0.010900584045334005,0.01268100888429887
2026-04-30,20,ranker_v2,top5,5,-0.0373832624064113,-0.0722301113614282,0.034846848955016906,0.032846848955016904,0.010734353626207227,-0.05011761603261853
2026-04-30,20,ranker_v2,top10,10,-0.04534600638973346,-0.0722301113614282,0.026884104971694744,0.024884104971694743,0.010734353626207227,-0.05808036001594069
2026-04-30,20,ranker_v2,top20,20,-0.0629563334757606,-0.07223011136142823,0.009273777885667606,0.007273777885667606,0.010734353626207227,-0.07569068710196783
2026-04-30,20,ranker_v2,top_decile,11,-0.04036520431211454,-0.0722301113614282,0.03186490704931367,0.029864907049313667,0.010734353626207227,-0.053099557938321766
2026-04-30,20,momentum_126_baseline,top10,10,-0.06388710522862645,-0.0722301113614282,0.008343006132801756,0.006343006132801756,0.010734353626207227,-0.07662145885483368
2026-05-29,20,ranker_v2,top5,5,-0.05214385891289539,-0.003354662001979425,-0.04878919691091597,-0.05078919691091597,0.010664127010925784,-0.06480798592382117
2026-05-29,20,ranker_v2,top10,10,0.009271978076952325,-0.003354662001979425,0.01262664007893175,0.01062664007893175,0.010664127010925784,-0.0033921489339734587
2026-05-29,20,ranker_v2,top20,20,0.0020568242805586944,-0.003354662001979425,0.00541148628253812,0.0034114862825381197,0.010664127010925784,-0.010607302730367089
2026-05-29,20,ranker_v2,top_decile,11,0.008769235648008829,-0.003354662001979425,0.012123897649988254,0.010123897649988254,0.010664127010925784,-0.0038948913629169545
2026-05-29,20,momentum_126_baseline,top10,10,-0.009108298041493889,-0.003354662001979425,-0.005753636039514465,-0.007753636039514465,0.010664127010925784,-0.02177242505241967
2026-06-29,20,ranker_v2,top5,5,0.003040358306836466,0.012297566467480703,-0.009257208160644237,-0.011257208160644237,0.010558796236773471,-0.009518437929937005
2026-06-29,20,ranker_v2,top10,10,0.013015997327554252,0.012297566467480703,0.000718430860073549,-0.001281569139926451,0.010558796236773471,0.0004572010907807813
2026-06-29,20,ranker_v2,top20,20,-0.011981629347414174,0.012297566467480703,-0.024279195814894877,-0.02627919581489488,0.010558796236773471,-0.024540425584187647
2026-06-29,20,ranker_v2,top_decile,11,0.013442489667118524,0.012297566467480703,0.0011449231996378212,-0.0008550768003621788,0.010558796236773471,0.0008836934303450526
2026-06-29,20,momentum_126_baseline,top10,10,-0.013820988379304077,0.012297566467480703,-0.02611855484678478,-0.028118554846784778,0.010558796236773471,-0.026379784616077546
2023-06-12,60,ranker_v2,top5,5,0.08043980333683312,0.003758437308243101,0.07668136602859002,0.07468136602859002,0.03051897571946416,0.04792082761736896
2023-06-12,60,ranker_v2,top10,10,0.02072241777684757,0.003758437308243101,0.016963980468604468,0.014963980468604468,0.03051897571946416,-0.011796557942616588
2023-06-12,60,ranker_v2,top20,20,0.0028218410958494033,0.003758437308243101,-0.0009365962123936977,-0.0029365962123936978,0.03051897571946416,-0.029697134623614757
2023-06-12,60,ranker_v2,top_decile,11,0.010409060883394964,0.003758437308243101,0.006650623575151862,0.004650623575151862,0.03051897571946416,-0.022109914836069194
2023-06-12,60,momentum_126_baseline,top10,10,0.0544332937963927,0.003758437308243101,0.0506748564881496,0.0486748564881496,0.03051897571946416,0.021914318076928542
2023-09-04,60,ranker_v2,top5,5,0.04994677913112,0.08767416388598792,-0.03772738475486792,-0.03972738475486792,0.02860235812402001,0.019344421007099988
2023-09-04,60,ranker_v2,top10,10,0.05210430427757492,0.08767416388598792,-0.035569859608413,-0.037569859608413005,0.02860235812402001,0.021501946153554906
2023-09-04,60,ranker_v2,top20,20,0.07366979173866542,0.08767416388598792,-0.014004372147322502,-0.016004372147322504,0.02860235812402001,0.043067433614645406
2023-09-04,60,ranker_v2,top_decile,11,0.04058677963518095,0.08767416388598792,-0.04708738425080697,-0.04908738425080697,0.02860235812402001,0.00998442151116094
2023-09-04,60,momentum_126_baseline,top10,10,0.07234932720542019,0.08767416388598792,-0.015324836680567732,-0.01732483668056773,0.02860235812402001,0.04174696908140017
2023-12-01,60,ranker_v2,top5,5,0.03426470741509295,0.00840729725299183,0.025857410162101125,0.023857410162101127,0.026813755177377052,0.0054509522377158975
2023-12-01,60,ranker_v2,top10,10,0.07248282157716697,0.00840729725299183,0.06407552432417514,0.06207552432417514,0.026813755177377052,0.043669066399789916
2023-12-01,60,ranker_v2,top20,20,0.059638216128904534,0.00840729725299183,0.05123091887591271,0.04923091887591271,0.026813755177377052,0.03082446095152748
2023-12-01,60,ranker_v2,top_decile,11,0.0722796725023335,0.00840729725299183,0.06387237524934167,0.061872375249341666,0.026813755177377052,0.04346591732495644
2023-12-01,60,momentum_126_baseline,top10,10,-0.014266294516338285,0.00840729725299183,-0.022673591769330113,-0.024673591769330115,0.026813755177377052,-0.04308004969371534
2024-03-01,60,ranker_v2,top5,5,-0.020467317863985368,-0.04180213655364606,0.021334818689660695,0.019334818689660693,0.024498029529166576,-0.046965347393151946
2024-03-01,60,ranker_v2,top10,10,-0.010375450030452404,-0.04180213655364606,0.03142668652319366,0.029426686523193656,0.024498029529166576,-0.03687347955961898
2024-03-01,60,ranker_v2,top20,20,-0.03921596051135655,-0.04180213655364606,0.002586176042289512,0.0005861760422895121,0.024498029529166576,-0.06571399004052313
2024-03-01,60,ranker_v2,top_decile,11,-0.005046921821576663,-0.04180213655364606,0.0367552147320694,0.0347552147320694,0.024498029529166576,-0.03154495135074324
2024-03-01,60,momentum_126_baseline,top10,10,-0.08975604365732108,-0.04180213655364606,-0.04795390710367503,-0.04995390710367503,0.024498029529166576,-0.11625407318648766
2024-05-28,60,ranker_v2,top5,5,0.07528556310187569,0.10247212796897731,-0.027186564867101626,-0.029186564867101625,0.023837041519400914,0.04944852158247477
2024-05-28,60,ranker_v2,top10,10,0.09058928559725446,0.10247212796897731,-0.011882842371722857,-0.013882842371722857,0.023837041519400914,0.06475224407785354
2024-05-28,60,ranker_v2,top20,20,0.07865737753212655,0.10247212796897731,-0.023814750436850756,-0.025814750436850754,0.023837041519400914,0.052820336012725635
2024-05-28,60,ranker_v2,top_decile,11,0.09007987730100636,0.10247212796897731,-0.012392250667970945,-0.014392250667970945,0.023837041519400914,0.06424283578160545
2024-05-28,60,momentum_126_baseline,top10,10,0.05085910652300907,0.10247212796897731,-0.051613021445968243,-0.053613021445968245,0.023837041519400914,0.02502206500360815
2024-08-21,60,ranker_v2,top5,5,-0.07352604526976744,-0.06397291593387266,-0.009553129335894783,-0.011553129335894783,0.0242963053795604,-0.09982235064932785
2024-08-21,60,ranker_v2,top10,10,-0.08693817555585434,-0.06397291593387266,-0.022965259621981683,-0.024965259621981685,0.0242963053795604,-0.11323448093541474
2024-08-21,60,ranker_v2,top20,20,-0.06521330771708957,-0.06397291593387266,-0.0012403917832168932,-0.0032403917832168933,0.0242963053795604,-0.09150961309664997
2024-08-21,60,ranker_v2,top_decile,11,-0.08963985986288005,-0.06397291593387266,-0.02566694392900738,-0.027666943929007377,0.0242963053795604,-0.11593616524244045
2024-08-21,60,momentum_126_baseline,top10,10,0.08293348765485757,-0.06397291593387266,0.14690640358873025,0.14490640358873025,0.0242963053795604,0.05663718227529717
2024-11-13,60,ranker_v2,top5,5,-0.035544310680212285,-0.022578170260071695,-0.012966140420140593,-0.014966140420140593,0.028353826639320845,-0.06589813731953313
2024-11-13,60,ranker_v2,top10,10,-0.0899400700250951,-0.022578170260071695,-0.06736189976502341,-0.06936189976502341,0.028353826639320845,-0.12029389666441595
2024-11-13,60,ranker_v2,top20,20,-0.07181767792779628,-0.022578170260071695,-0.049239507667724586,-0.05123950766772459,0.028353826639320845,-0.10217150456711713
2024-11-13,60,ranker_v2,top_decile,11,-0.0854360309616168,-0.022578170260071695,-0.0628578607015451,-0.0648578607015451,0.028353826639320845,-0.11578985760093764
2024-11-13,60,momentum_126_baseline,top10,10,-0.07240167762488252,-0.022578170260071695,-0.04982350736481082,-0.051823507364810825,0.028353826639320845,-0.10275550426420337
2025-02-13,60,ranker_v2,top5,5,0.17443940851955567,0.11601121345614729,0.05842819506340837,0.05642819506340837,0.03132674881438624,0.14111265970516942
2025-02-13,60,ranker_v2,top10,10,0.18724335454286603,0.11601121345614729,0.07123214108671874,0.06923214108671874,0.03132674881438624,0.1539166057284798
2025-02-13,60,ranker_v2,top20,20,0.1528478240671097,0.11601121345614729,0.036836610610962446,0.034836610610962444,0.03132674881438624,0.11952107525272346
2025-02-13,60,ranker_v2,top_decile,11,0.19441283612236912,0.11601121345614729,0.07840162266622182,0.07640162266622182,0.03132674881438624,0.16108608730798288
2025-02-13,60,momentum_126_baseline,top10,10,0.20137969774992728,0.11601121345614729,0.08536848429378,0.08336848429377999,0.03132674881438624,0.16805294893554104
2025-05-15,60,ranker_v2,top5,5,-0.040042020155034865,-0.024552514102803347,-0.015489506052231516,-0.017489506052231516,0.03340791762028861,-0.07544993777532347
2025-05-15,60,ranker_v2,top10,10,-0.062447373469202136,-0.024552514102803347,-0.03789485936639879,-0.03989485936639879,0.03340791762028861,-0.09785529108949075
2025-05-15,60,ranker_v2,top20,20,-0.0349340833396587,-0.024552514102803347,-0.010381569236855353,-0.012381569236855353,0.03340791762028861,-0.0703420009599473
2025-05-15,60,ranker_v2,top_decile,11,-0.0579671565179162,-0.024552514102803347,-0.033414642415112855,-0.03541464241511286,0.03340791762028861,-0.09337507413820481
2025-05-15,60,momentum_126_baseline,top10,10,-0.021632115781270278,-0.024552514102803347,0.0029203983215330687,0.0009203983215330686,0.03340791762028861,-0.05704003340155889
2025-05-22,60,ranker_v2,top5,5,0.005582642885565714,-0.006789390484654656,0.01237203337022037,0.01037203337022037,0.033452589044140835,-0.02986994615857512
2025-05-22,60,ranker_v2,top10,10,0.002661830843163915,-0.006789390484654656,0.00945122132781857,0.00745122132781857,0.033452589044140835,-0.03279075820097692
2025-05-22,60,ranker_v2,top20,20,0.0067117604632874585,-0.006789390484654656,0.013501150947942114,0.011501150947942114,0.033452589044140835,-0.028740828580853375
2025-05-22,60,ranker_v2,top_decile,11,-0.008992984473313516,-0.006789390484654656,-0.0022035939886588603,-0.00420359398865886,0.033452589044140835,-0.04444557351745435
2025-05-22,60,momentum_126_baseline,top10,10,-0.057329238110599645,-0.006789390484654656,-0.05053984762594499,-0.05253984762594499,0.033452589044140835,-0.09278182715474048
2025-08-15,60,ranker_v2,top5,5,-0.07747347710082267,0.12999024504734447,-0.20746372214816713,-0.20946372214816714,0.03362235806643077,-0.11309583516725344
2025-08-15,60,ranker_v2,top10,10,0.06963478485583359,0.12999024504734447,-0.060355460191510904,-0.062355460191510906,0.03362235806643077,0.03401242678940282
2025-08-15,60,ranker_v2,top20,20,0.06111774370863041,0.12999024504734447,-0.06887250133871406,-0.07087250133871406,0.03362235806643077,0.025495385642199643
2025-08-15,60,ranker_v2,top_decile,11,0.06615999100566333,0.12999024504734447,-0.06383025404168116,-0.06583025404168116,0.03362235806643077,0.030537632939232562
2025-08-15,60,momentum_126_baseline,top10,10,0.1350748911282878,0.12999024504734447,0.005084646080943334,0.0030846460809433335,0.03362235806643077,0.09945253306185703
2025-11-07,60,ranker_v2,top5,5,-0.029471358497223932,0.1874935091909855,-0.21696486768820944,-0.21896486768820944,0.03476236491286899,-0.06623372341009293
2025-11-07,60,ranker_v2,top10,10,0.028402667403275027,0.1874935091909855,-0.15909084178771046,-0.16109084178771046,0.03476236491286899,-0.008359697509593964
2025-11-07,60,ranker_v2,top20,20,0.12008814286695875,0.18749350919098545,-0.06740536632402677,-0.06940536632402677,0.03476236491286899,0.08332577795408976
2025-11-07,60,ranker_v2,top_decile,11,0.058285952864278075,0.18749350919098554,-0.1292075563267074,-0.13120755632670741,0.03476236491286899,0.02152358795140908
2025-11-07,60,momentum_126_baseline,top10,10,0.0803331201037616,0.1874935091909855,-0.10716038908722392,-0.10916038908722392,0.03476236491286899,0.04357075519089261
2026-02-06,60,ranker_v2,top5,5,-0.0684816688181326,0.006329598250888191,-0.07481126706902079,-0.07681126706902079,0.03326491961330347,-0.10374658843143607
2026-02-06,60,ranker_v2,top10,10,-0.11231505970346259,0.006329598250888191,-0.11864465795435078,-0.12064465795435078,0.03326491961330347,-0.14757997931676606
2026-02-06,60,ranker_v2,top20,20,-0.07687325784071389,0.006329598250888191,-0.08320285609160208,-0.08520285609160208,0.03326491961330347,-0.11213817745401736
2026-02-06,60,ranker_v2,top_decile,11,-0.10268551418835817,0.006329598250888191,-0.10901511243924636,-0.11101511243924636,0.03326491961330347,-0.13795043380166164
2026-02-06,60,momentum_126_baseline,top10,10,-0.005250230961327984,0.006329598250888191,-0.011579829212216175,-0.013579829212216175,0.03326491961330347,-0.04051515057463145
2026-05-08,60,ranker_v2,top5,5,0.04248006442297107,-0.03317617919916571,0.07565624362213678,0.07365624362213678,0.0322540716035149,0.008225992819456171
2026-05-08,60,ranker_v2,top10,10,-0.027177758497298754,-0.03317617919916571,0.005998420701866958,0.003998420701866958,0.0322540716035149,-0.061431830100813656
2026-05-08,60,ranker_v2,top20,20,-0.009772937872029486,-0.03317617919916571,0.023403241327136226,0.021403241327136224,0.0322540716035149,-0.04402700947554439
2026-05-08,60,ranker_v2,top_decile,11,-0.03527370265132578,-0.03317617919916571,-0.002097523452160067,-0.004097523452160067,0.0322540716035149,-0.06952777425484069
2026-05-08,60,momentum_126_baseline,top10,10,-0.03855746557638122,-0.03317617919916571,-0.0053812863772155104,-0.0073812863772155105,0.0322540716035149,-0.07281153717989612
