ticker,cnpj,company_name,sector,industry,market_cap,revenue,operating_income,net_income,equity,total_cash,total_debt,roe,operating_margin,profit_margin,debt_to_equity,revenue_growth,earnings_growth,earnings_yield,book_to_price,sales_yield,ev_to_ebit,raw_pe,raw_pb,raw_ev_ebitda,enterprise_value,ebitda,fcf,beta,trailing_eps,book_value_per_share,fundamental_source,price,avg_daily_volume_brl,pe,pb,ev_ebitda,fcf_yield,fcf_margin,debt_to_ebitda,ret_3m,ret_6m,ret_12m,price_to_ma50,price_to_ma200,volatility,max_drawdown,history_days,last_price_date,model_group,__quality_roe,__quality_operating_margin,__quality_profit_margin,__quality_debt_to_equity,quality_score,quality_coverage,__growth_revenue_growth,__growth_earnings_growth,growth_score,growth_coverage,__valuation_earnings_yield,__valuation_book_to_price,__valuation_sales_yield,__valuation_ev_to_ebit,valuation_score,valuation_coverage,__momentum_ret_3m,__momentum_ret_6m,__momentum_ret_12m,__momentum_price_to_ma50,__momentum_price_to_ma200,momentum_score,momentum_coverage,__risk_volatility,__risk_max_drawdown,risk_score,risk_coverage,__weighted_quality,__weighted_growth,__weighted_valuation,__weighted_momentum,__weighted_risk,score,data_coverage,has_quality,has_valuation,has_momentum,n_components,data_quality,signal,entry_watch_low,entry_watch_high,max_position_pct,in_portfolio,action
FLRY3,,Fleury S.A.,Healthcare,Diagnostics & Research,10258227200.0,8791348224.0,1975149056.0,704307968.0,4988857710.816,1899128960.0,5408985088.0,0.12618,0.17142001,0.08011,1.0842131408705344,0.144,0.457,0.0609432912314731,0.4863274626637896,0.8570046317554753,7.034958795535075,16.408697,2.0562277,7.035,13895092224.0,1975149056.0,840416128.0,,1.15,9.177,Yahoo Finance,18.739999771118164,54445789.83502388,16.295651974885363,2.0420616509881406,7.034958795535075,0.0819260591147757,0.09559581836443475,1.7770082300057055,0.24450070891074227,0.11095510874578518,,1.1286813333641985,1.191225777850918,0.2747095169636779,-0.18607250743475534,250,2026-08-27 00:00:00+00:00,general,62.5,75.0,62.5,37.5,59.375,1.0,75.0,100.0,87.5,1.0,37.5,50.0,50.0,62.5,50.0,1.0,100.0,100.0,,100.0,100.0,100.0,0.8,87.5,100.0,93.75,1.0,14.84375,17.5,10.0,20.0,14.0625,76.40625,0.96,True,True,True,5,OK,WATCHLIST,18.219859226774894,18.739999771118164,5.0,False,AGUARDAR
JHSF3,,JHSF Participações S.A.,Real Estate,Real Estate - Development,6813065216.0,4052741888.0,2057853056.0,2131408000.0,7505638721.7,4291578112.0,6793206784.0,0.29331,0.48852003,0.52592,0.9050804383056374,0.885,0.902,0.3044747126139306,1.1016536592583028,0.5948485387285628,4.717016638140366,3.284345,0.9077263,4.717,9706927104.0,2057853056.0,1666673408.0,0.477,3.13,11.325,Yahoo Finance,10.359999656677246,38920187.71021366,3.309904043666852,0.9147902566602425,4.717016638140366,0.2446290113421982,0.41124588095159736,1.2156498077965776,-0.06595121801903614,0.06861066164510765,,0.9676921596066159,1.073116609871877,0.38881983491476657,-0.2793895427636578,250,2026-08-27 00:00:00+00:00,general,75.0,93.75,93.75,25.0,71.875,1.0,100.0,100.0,100.0,1.0,100.0,56.25,31.25,87.5,68.75,1.0,62.5,93.75,,50.0,93.75,75.0,0.8,43.75,75.0,59.375,1.0,17.96875,20.0,13.75,15.0,8.90625,75.625,0.96,True,True,True,5,OK,WATCHLIST,9.953007936654295,10.359999656677246,5.0,False,AGUARDAR
PETR4,,Petróleo Brasileiro S.A. - Petrobras,Energy,Oil & Gas Integrated,595044794368.0,548493000704.0,243035996160.0,133376000000.0,203241645458.764,53764001792.0,366532984832.0,0.30274,0.44679,0.24317,1.8034344487058704,0.423,0.968,0.2339839178173605,0.8568541952052667,0.9217675810214542,3.600196309224781,4.273798,1.1670597,3.6,874977296384.0,243035996160.0,94240129024.0,-0.218,10.19,37.316,Yahoo Finance,42.70000076293945,1693142422.9187775,4.190382803036257,1.1442812938937574,3.600196309224781,0.15837484827355378,0.17181646603154682,1.2869245213951437,0.06621668617284904,0.14649848083342754,,1.0741464704071904,1.1327080895533836,0.25589537573931687,-0.22161771519207907,250,2026-08-27 00:00:00+00:00,general,92.85714285714286,92.85714285714286,92.85714285714286,14.285714285714292,73.21428571428571,1.0,78.57142857142857,64.28571428571429,71.42857142857143,1.0,100.0,71.42857142857143,42.857142857142854,57.142857142857146,67.85714285714286,1.0,85.71428571428571,57.14285714285714,,85.71428571428571,71.42857142857143,75.0,0.8,85.71428571428572,100.0,92.85714285714286,1.0,18.303571428571427,14.285714285714286,13.571428571428573,15.0,13.928571428571429,75.08928571428572,0.96,True,True,True,5,OK,WATCHLIST,41.596004147469664,42.70000076293945,5.0,False,AGUARDAR
ISAE4,,ISA Energía Brasil S.A.,Utilities,Utilities - Independent Power Producers,18840961024.0,10674519040.0,4684274176.0,2817168896.0,15644185246.207998,1757264000.0,17725698048.0,0.13186,0.50495,0.26392,1.133053448871461,0.813,2.2,0.1599250782993183,1.259625427705814,0.5665591593975796,7.233164640446529,6.252928,0.7938868,7.233,33882126336.0,4684274176.0,1482226688.0,0.118,4.27,33.632,Yahoo Finance,26.649999618530273,81172700.83808899,6.2412177092576755,0.7924000838050154,7.233164640446529,0.07867043969317221,0.13885653137586235,3.408945217129835,-0.014058492728895033,-0.06202005164561486,,0.9770780613712247,0.9681699971332769,0.2470697803084407,-0.199059452890471,250,2026-08-27 00:00:00+00:00,general,52.94117647058824,88.23529411764706,76.47058823529412,58.82352941176471,69.11764705882354,1.0,100.0,90.9090909090909,95.45454545454545,1.0,94.11764705882352,88.23529411764706,47.05882352941176,58.82352941176471,72.05882352941177,1.0,41.17647058823529,82.35294117647058,,52.94117647058824,70.58823529411765,61.76470588235294,0.8,76.47058823529412,76.47058823529412,76.47058823529412,1.0,17.279411764705884,19.09090909090909,14.411764705882355,12.352941176470589,11.470588235294118,74.60561497326204,0.96,True,True,True,5,OK,WATCHLIST,25.98473525885647,26.649999618530273,5.0,False,AGUARDAR
ALUP11,,Alupar Investimento S.A.,Utilities,Utilities - Renewable,15553951744.0,5009931776.0,3241288960.0,1386608000.0,9640596949.902,3618935040.0,14894602240.0,0.15841,0.5995,0.27677,1.5449875477007062,0.554,1.765,0.1276146714810407,0.8944036626187746,0.3221002519782538,7.957574606368943,7.8360896,1.1180634,7.958,25792798720.0,3241288960.0,92562752.0,0.141,4.173,29.247,Yahoo Finance,32.529998779296875,28362201.11902873,7.795350773854991,1.1122507874071486,7.957574606368943,0.005951076197449723,0.018475850797693576,3.4787602522176857,0.005426030207074772,-0.08953077364768125,,1.0067676169749527,0.983409553864356,0.21182446686139705,-0.15632848919597742,250,2026-08-27 00:00:00+00:00,general,64.70588235294117,94.11764705882352,88.23529411764706,29.411764705882348,69.11764705882354,1.0,94.11764705882352,81.81818181818183,87.96791443850267,1.0,82.35294117647058,58.82352941176471,11.76470588235294,52.94117647058824,51.470588235294116,1.0,76.47058823529412,64.70588235294117,,88.23529411764706,82.35294117647058,77.94117647058823,0.8,94.11764705882354,88.23529411764706,91.1764705882353,1.0,17.279411764705884,17.593582887700535,10.294117647058824,15.588235294117647,13.676470588235295,74.43181818181819,0.96,True,True,True,5,OK,WATCHLIST,31.83379305415005,32.529998779296875,5.0,False,AGUARDAR
VTRU3,,Vitru Educação S.A.,Consumer Defensive,Education & Training Services,2041060096.0,2347764992.0,736126016.0,1093176064.0,4158566439.324,697932032.0,2241594112.0,0.32387,0.32659,0.46562,0.539030491566316,0.091,-0.239,0.5332845555726503,2.037454194464164,1.1502674500378849,4.869712307518825,1.8751715,0.49080858,4.87,3584721920.0,736126016.0,278875872.0,0.425,7.29,27.852,Yahoo Finance,13.649999618530273,7741028.533665339,1.8724279312112857,0.4900904645458234,4.869712307518825,0.13663285688967777,0.11878355497686882,2.097007912297451,0.03644643427909533,-0.09435395123946355,,1.0530619466992013,0.9886193510797965,0.3896767864695615,-0.2882058453173313,250,2026-08-27 00:00:00+00:00,general,100.0,100.0,100.0,66.66666666666667,91.66666666666667,1.0,86.66666666666667,38.46153846153847,62.56410256410257,1.0,100.0,80.0,20.0,60.0,65.0,1.0,80.0,66.66666666666666,,46.666666666666664,66.66666666666666,65.0,0.8,73.33333333333333,86.66666666666667,80.0,1.0,22.916666666666668,12.512820512820515,13.0,13.0,12.0,73.42948717948718,0.96,True,True,True,5,OK,WATCHLIST,13.112578664365557,13.649999618530273,5.0,False,AGUARDAR
VBBR3,,Vibra Energia S.A.,Consumer Cyclical,Specialty Retail,39929589760.0,203974000640.0,10529999872.0,5056000000.0,21796197984.05,5895000064.0,21926000640.0,0.22621,0.06862,0.02479,1.0059552889015315,0.258,6.77,0.1273217438291607,0.5458658007488296,5.108342005665524,5.325127589137353,7.854118,1.8319521,5.325,56073592832.0,10529999872.0,6769874944.0,0.145,4.25,18.221,Yahoo Finance,33.349998474121094,289188675.5186081,7.847058464499081,1.8303056074925137,5.325127589137353,0.16954531676110063,0.03318989147027793,1.5224122289523994,0.1390873921849307,0.11192563982291603,,1.0101001896572002,1.1285566971317555,0.27400333409694505,-0.18362576492978833,250,2026-08-27 00:00:00+00:00,general,85.0,35.0,25.0,30.0,43.75,1.0,100.0,100.0,100.0,1.0,45.0,20.0,80.0,75.0,55.0,1.0,90.0,100.0,,65.0,95.0,87.5,0.8,80.0,100.0,90.0,1.0,10.9375,20.0,11.0,17.5,13.5,72.9375,0.96,True,True,True,5,OK,WATCHLIST,32.42672770257768,33.349998474121094,5.0,False,AGUARDAR
CBAV3,,Companhia Brasileira de Alumínio,Basic Materials,Aluminum,7305035776.0,9321967616.0,1491926016.0,597929984.0,5064043437.266,1810013952.0,4716751872.0,0.14575,0.16893,0.06414,0.9314201053825286,0.281,,0.081996436106901,0.6932263398557382,1.276101569088332,6.996970402049749,12.195652,1.4425303,6.997,10438962176.0,1491926016.0,598254848.0,1.013,0.92,7.778,Yahoo Finance,11.210000038146973,27203755.492572784,12.184782650159752,1.4412445407748744,6.996970402049749,0.08189622424102416,0.06417688546494946,1.9483123752967655,0.04864363687327922,0.1057935705472346,,1.024324275632648,1.1712281740312767,0.3484500268114171,-0.1520572450805009,250,2026-08-27 00:00:00+00:00,general,84.21052631578947,68.42105263157895,78.94736842105263,63.15789473684211,73.68421052631578,1.0,94.73684210526315,,94.73684210526315,0.5,84.21052631578947,31.57894736842105,52.63157894736842,31.578947368421055,50.0,1.0,47.368421052631575,84.21052631578947,,36.84210526315789,89.47368421052632,64.47368421052632,0.8,47.36842105263158,100.0,73.6842105263158,1.0,18.421052631578945,18.94736842105263,10.0,12.894736842105264,11.052631578947368,71.3157894736842,0.86,True,True,True,5,OK,WATCHLIST,10.815339650913344,11.210000038146973,5.0,False,AGUARDAR
PETR3,,Petróleo Brasileiro S.A. - Petrobras,Energy,Oil & Gas Integrated,621881327616.0,548493000704.0,243035996160.0,133376000000.0,277714306250.71204,53764001792.0,366532984832.0,0.30274,0.44679,0.24317,1.3198203210356227,0.423,0.968,0.2113989483959312,0.7733886254641299,0.8819898208017657,3.849447812891422,4.7303925,1.293011,3.849,935554383872.0,243035996160.0,94240129024.0,-0.218,10.2,37.316,Yahoo Finance,47.310001373291016,480810913.1567383,4.6382354287540215,1.2678208107324207,3.849447812891422,0.15154037408595664,0.17181646603154682,1.2869245213951437,0.05649525626203067,0.169570592761922,,1.061430764227141,1.1396246524837206,0.2867670505215984,-0.2290373706494313,250,2026-08-27 00:00:00+00:00,general,92.85714285714286,92.85714285714286,92.85714285714286,42.85714285714286,80.35714285714286,1.0,78.57142857142857,64.28571428571429,71.42857142857143,1.0,85.71428571428571,57.14285714285714,28.57142857142857,42.85714285714286,53.57142857142856,1.0,71.42857142857143,85.71428571428571,,57.14285714285714,85.71428571428571,75.0,0.8,71.42857142857143,71.42857142857143,71.42857142857143,1.0,20.089285714285715,14.285714285714286,10.714285714285714,15.0,10.714285714285714,70.80357142857143,0.96,True,True,True,5,OK,WATCHLIST,45.93924702730219,47.310001373291016,5.0,False,AGUARDAR
BBSE3,,BB Seguridade Participações S.A.,Financial Services,Insurance - Diversified,77688766464.0,10450822144.0,9979697152.0,9189316608.0,10890404331.84,6470633984.0,0.0,0.85944,0.964,0.87929,0.0,-0.009,-0.001,0.1164417768409648,0.1401799068925058,0.1345216640663586,7.136302229945665,8.587983,7.13369,7.136,71218135040.0,9979697152.0,5830927872.0,0.08,4.66,5.61,Yahoo Finance,39.45000076293945,260436741.28669104,8.465665399772414,7.032085697493663,7.136302229945665,0.07505496788524733,0.5579396330409888,-0.6483797940404675,0.17111204096227128,0.18078516831722968,,1.0360283757208728,1.1647015034122137,0.18527041507926598,-0.09793795166708519,250,2026-08-27 00:00:00+00:00,financial,100.0,,,,100.0,1.0,,26.31578947368421,26.31578947368421,1.0,61.904761904761905,4.761904761904762,,,33.333333333333336,1.0,100.0,100.0,,80.95238095238095,100.0,95.23809523809524,0.8,95.23809523809524,100.0,97.61904761904762,1.0,25.0,5.2631578947368425,6.666666666666668,19.047619047619047,14.642857142857142,70.6203007518797,0.96,True,True,True,5,OK,WATCHLIST,38.71153475071256,39.45000076293945,5.0,False,AGUARDAR
MILS3,,"Mills Locação, Serviços e Logística S.A.",Industrials,Rental & Leasing Services,3576973824.0,1908754048.0,955825024.0,449044992.0,1885999429.998,642121024.0,1862545024.0,0.26255,0.43065,0.23526,0.987563937918038,0.049,0.213,0.1197452204892694,0.5272611687492517,0.5336225932639087,5.022559576762033,8.351064,1.8965933,5.023,4800688128.0,955825024.0,537975360.0,0.012,1.88,8.278,Yahoo Finance,15.699999809265137,12268921.850948334,8.35106372833252,1.8965933570023117,5.022559576762033,0.1503995797761812,0.28184634922644575,1.27682783915061,0.03289473725487979,0.14132982679183415,,1.0111158205684077,1.1510161086138546,0.2709593226910742,-0.15025577302473347,250,2026-08-27 00:00:00+00:00,general,89.28571428571429,92.85714285714286,92.85714285714286,64.28571428571428,84.82142857142857,1.0,37.5,47.61904761904761,42.55952380952381,1.0,78.57142857142857,28.57142857142857,25.0,75.0,51.785714285714285,1.0,64.28571428571429,96.42857142857143,,46.42857142857143,96.42857142857143,75.89285714285715,0.8,89.28571428571429,100.0,94.64285714285714,1.0,21.205357142857142,8.511904761904763,10.357142857142858,15.17857142857143,14.196428571428571,69.44940476190476,0.96,True,True,True,5,OK,NEUTRO,15.270185206369963,15.699999809265137,5.0,False,AGUARDAR
SEER3,,Ser Educacional S.A.,Consumer Defensive,Education & Training Services,1558252544.0,2293104128.0,629548992.0,271664992.0,1523681593.0,269033984.0,1397248000.0,0.19143999,0.26444,0.11847,0.9170209881245184,0.056,0.293,0.1709120741638079,0.9778142741523304,1.4715869624789135,4.267287525098602,5.8509617,1.0226891,4.267,2686466560.0,629548992.0,256117504.0,0.173,2.08,11.9,Yahoo Finance,11.920000076293945,10081876.464529037,5.730769267449012,1.0016806786801635,4.267287525098602,0.16436199959125497,0.1116903069828672,1.7920988363682424,0.02493550808249223,-0.026281085477369737,,1.0280115937950662,1.0670535376940558,0.5164856045455042,-0.2538181651722301,250,2026-08-27 00:00:00+00:00,general,80.0,86.66666666666667,86.66666666666667,60.0,78.33333333333334,1.0,73.33333333333333,69.23076923076923,71.28205128205127,1.0,86.66666666666667,46.666666666666664,26.666666666666668,86.66666666666667,61.66666666666667,1.0,66.66666666666666,100.0,,33.33333333333333,100.0,75.0,0.8,13.333333333333329,93.33333333333333,53.33333333333333,1.0,19.583333333333336,14.256410256410255,12.333333333333336,15.0,7.999999999999999,69.17307692307692,0.96,True,True,True,5,OK,NEUTRO,11.297969259836556,11.920000076293945,5.0,False,AGUARDAR
OPCT3,,OceanPact Serviços Marítimos S.A.,Industrials,Specialty Business Services,2085482112.0,2399507968.0,750998976.0,167648000.0,1035342808.74,355505984.0,1982800000.0,0.1719,0.20745,0.06987,1.91511447538139,0.447,4.867,0.0805369105896131,0.4964525240217242,1.1505771035834231,4.94267918682222,12.416667,2.0142913,4.943,3711947008.0,750998976.0,-343670496.0,0.777,0.84,5.178,Yahoo Finance,10.59000015258789,6915993.74965032,12.607143038795108,2.0451912229795077,4.94267918682222,-0.16479186947828398,-0.14322540311731108,2.166839194198848,-0.0056337528724402786,0.12151097688859736,,1.0110557459245997,1.1145393131687389,0.3037860931693124,-0.1719298336607894,250,2026-08-27 00:00:00+00:00,general,60.71428571428571,67.85714285714286,57.14285714285714,35.71428571428571,55.35714285714285,1.0,92.85714285714286,100.0,96.42857142857143,1.0,50.0,21.428571428571427,42.857142857142854,78.57142857142857,48.21428571428571,1.0,46.42857142857143,92.85714285714286,,42.857142857142854,78.57142857142857,65.17857142857143,0.8,71.42857142857143,92.85714285714286,82.14285714285714,1.0,13.839285714285712,19.28571428571429,9.642857142857142,13.035714285714286,12.321428571428571,68.125,0.96,True,True,True,5,OK,NEUTRO,10.264956809276148,10.59000015258789,5.0,False,AGUARDAR
BMGB4,,Banco BMG S.A.,Financial Services,Banks - Regional,3317992448.0,2096654976.0,,632313024.0,1796537488.646,2740652032.0,17587191808.0,0.13986,0.44228,0.30158,9.789493355496283,-0.012,0.26,0.25,1.5230621151640875,0.6319046859988513,,4.0,0.65657204,,18181367808.0,,,0.376,1.29,7.859,Yahoo Finance,5.110000133514404,5329329.855911732,3.9612404135770576,0.6502099673640926,,,,,0.036304238342353745,0.07472475367154718,,0.9946528593768211,1.057459011871542,0.3130173129536668,-0.15094635284356694,250,2026-08-27 00:00:00+00:00,financial,47.61904761904761,,,,47.61904761904761,1.0,,73.68421052631578,73.68421052631578,1.0,95.23809523809523,76.19047619047619,,,85.71428571428571,1.0,66.66666666666666,90.47619047619048,,52.38095238095239,90.47619047619048,75.0,0.8,23.80952380952381,95.23809523809523,59.52380952380952,1.0,11.904761904761903,14.736842105263158,17.142857142857142,15.0,8.928571428571427,67.71303258145363,0.96,True,True,True,5,OK,NEUTRO,4.948390706008427,5.110000133514404,5.0,False,AGUARDAR
TGMA3,,Tegma Gestão Logística S.A.,Industrials,Trucking,2291996928.0,2505925888.0,368824992.0,254011008.0,994143788.444,196923008.0,224258000.0,0.25561002,0.15384,0.10135999,0.2255790385724795,0.369,0.235,0.1121979351092022,0.4337456924715281,1.0933373676842904,6.28843459718695,8.91282,2.3054984,6.288,2319331840.0,368824992.0,82055128.0,0.156,3.9,15.077,Yahoo Finance,35.20000076293945,8017152.17376709,9.025641221266527,2.334682016511206,6.28843459718695,0.0358007146508706,0.03274443525761605,0.0741137194954511,0.18777846193532133,-0.08275610474955508,,1.1333298146666129,1.0682446945690671,0.3120187983000545,-0.3191699758835863,250,2026-08-27 00:00:00+00:00,general,85.71428571428571,50.0,71.42857142857143,92.85714285714286,75.0,1.0,89.28571428571429,52.38095238095239,70.83333333333334,1.0,67.85714285714286,14.285714285714285,39.285714285714285,50.0,42.857142857142854,1.0,89.28571428571429,67.85714285714286,,92.85714285714286,71.42857142857143,80.35714285714286,0.8,67.85714285714286,60.71428571428571,64.28571428571428,1.0,18.75,14.16666666666667,8.571428571428571,16.071428571428573,9.64285714285714,67.20238095238095,0.96,True,True,True,5,OK,NEUTRO,34.09031285379253,35.20000076293945,5.0,False,AGUARDAR
CXSE3,,Caixa Seguridade Participações S.A.,Financial Services,Insurance - Diversified,57899999232.0,5995810816.0,4886031872.0,4522960896.0,13794000000.0,1255443968.0,9660000.0,0.33348998,0.82413,0.75434995,0.0007003044802087,0.11,0.128,0.0782383416851459,0.2382383512762547,0.1035545923234875,11.59513869335644,12.781457,4.197477,11.595,56654217216.0,4886031872.0,3074638592.0,0.083,1.51,4.598,Yahoo Finance,19.309999465942383,117686497.46180534,12.788079116518134,4.199651906468548,11.59513869335644,0.05310256706015149,0.5127977993894062,-0.25496844896553306,0.10991476986811932,0.07992603936737508,,0.9742617564507713,1.1025876925756368,0.2214100914772229,-0.18754628456357514,250,2026-08-27 00:00:00+00:00,financial,90.47619047619048,,,,90.47619047619048,1.0,,52.63157894736842,52.63157894736842,1.0,33.33333333333333,14.285714285714285,,,23.809523809523807,1.0,90.47619047619048,95.23809523809523,,38.095238095238095,95.23809523809523,79.76190476190476,0.8,90.47619047619048,76.19047619047619,83.33333333333334,1.0,22.61904761904762,10.526315789473685,4.761904761904762,15.952380952380953,12.500000000000002,66.35964912280701,0.96,True,True,True,5,OK,NEUTRO,18.878025976676454,19.309999465942383,5.0,False,AGUARDAR
MOTV3,,Motiva Infraestrutura de Mobilidade S.A.,Industrials,Infrastructure Operations,30269687808.0,20122644480.0,9126241280.0,3378234880.0,17743744864.295998,10485000192.0,44183998464.0,0.21971,0.35694999,0.1927,2.490116872279151,0.199,0.584,0.1115537813050587,0.5861885650203581,0.6647787254245077,7.043062628298164,8.964286,1.7059357,7.043,64276688896.0,9126241280.0,-6100474368.0,0.287,1.68,8.828,Yahoo Finance,15.079999923706055,134126721.92141533,8.976190430777415,1.7082011694275097,7.043062628298164,-0.2015374062228584,-0.3031646448886623,3.6925386079645706,0.06874559111486422,-0.10080140427720419,,1.0392116283897157,0.9820464305727317,0.2834122099095463,-0.22098191697558656,250,2026-08-27 00:00:00+00:00,general,78.57142857142857,89.28571428571429,89.28571428571429,21.42857142857143,69.64285714285715,1.0,75.0,71.42857142857143,73.21428571428572,1.0,64.28571428571429,35.714285714285715,32.142857142857146,39.28571428571429,42.85714285714286,1.0,67.85714285714286,64.28571428571429,,67.85714285714286,57.14285714285714,64.28571428571429,0.8,85.71428571428572,82.14285714285714,83.92857142857143,1.0,17.41071428571429,14.642857142857146,8.571428571428573,12.85714285714286,12.589285714285714,66.07142857142857,0.96,True,True,True,5,OK,NEUTRO,14.648185328603544,15.079999923706055,5.0,False,AGUARDAR
GGBR4,,Gerdau S.A.,Basic Materials,Steel,46698606592.0,69543739392.0,9993178112.0,2237081088.0,33960240082.704,5449220096.0,15170434048.0,0.041810002,0.12746,0.03217,0.446711625449501,0.02,0.735,0.0483193281371372,1.145966444498152,1.4892037357687162,5.66737674894351,20.695652,0.8726259,5.667,56635105280.0,9993178112.0,2647796480.0,0.907,1.15,27.274,Yahoo Finance,23.969999313354492,239214201.14746094,20.843477663786516,0.8788589614047991,5.66737674894351,0.05669968920343755,0.038073829551716495,0.972785018244254,0.06336234049691392,0.16365585400095672,,1.034914911790044,1.1243120856507711,0.280358804469278,-0.263263942377134,250,2026-08-27 00:00:00+00:00,general,52.63157894736842,57.89473684210527,57.89473684210527,84.21052631578948,63.15789473684211,1.0,60.526315789473685,80.0,70.26315789473685,1.0,63.1578947368421,47.368421052631575,57.89473684210527,68.42105263157895,59.210526315789465,1.0,52.63157894736842,100.0,,47.368421052631575,84.21052631578947,71.05263157894737,0.8,68.42105263157895,63.1578947368421,65.78947368421052,1.0,15.789473684210527,14.05263157894737,11.842105263157894,14.210526315789474,9.868421052631577,65.76315789473685,0.96,True,True,True,5,OK,NEUTRO,23.291015154102574,23.969999313354492,5.0,False,AGUARDAR
MULT3,,Multiplan Empreendimentos Imobiliários S.A.,Real Estate,Real Estate Services,13444854784.0,3193019904.0,2351633920.0,1386265984.0,6755818957.704,81836000.0,5086900224.0,0.21899,0.78469,0.43416,0.75296574047461,0.22,0.62,0.1022644310707566,0.5024836005683492,0.237490099766629,7.845653255418258,9.778571,1.9901147,7.846,18450104320.0,2351633920.0,913610880.0,0.129,2.8,13.758,Yahoo Finance,27.420000076293945,93824842.26106007,9.79285717010498,1.9930222471503087,7.8456532554182585,0.0679524542791819,0.2861275242460875,2.12833476394149,-0.07050312331752295,-0.21927489333711747,,0.9696205838099192,0.924216322884078,0.2698608540917453,-0.24974081688002503,250,2026-08-27 00:00:00+00:00,general,56.25,100.0,87.5,56.25,75.0,1.0,75.0,93.33333333333333,84.16666666666666,1.0,18.75,25.0,18.75,31.25,23.4375,1.0,56.25,62.5,,56.25,62.5,59.375,0.8,81.25,81.25,81.25,1.0,18.75,16.833333333333332,4.6875,11.875,12.1875,64.33333333333333,0.96,True,True,True,5,OK,NEUTRO,26.672373444151532,27.420000076293945,5.0,False,AGUARDAR
GOAU4,,Metalurgica Gerdau S.A.,Basic Materials,Steel,13782409216.0,69543739392.0,9845697536.0,794483008.0,12153772029.36,5471215104.0,15170434048.0,0.04168,0.12823,0.011419999,1.2482078824049536,0.02,0.732,0.0575815727911406,1.3953934573489268,5.045833301137704,5.895343901817786,17.366667,0.71664375,5.895,58043772928.0,9845697536.0,2672468992.0,0.87,0.6,14.54,Yahoo Finance,10.449999809265137,83742762.88818201,17.41666634877523,0.718707002012733,5.895343901817786,0.19390434213036792,0.03842860644774918,0.985122578520779,0.07775890743432634,0.13312230204519238,,1.0253395380503427,1.114468480518455,0.2852309907719174,-0.2530016340827643,250,2026-08-27 00:00:00+00:00,general,47.368421052631575,63.1578947368421,52.63157894736842,42.10526315789473,51.315789473684205,1.0,60.526315789473685,73.33333333333333,66.9298245614035,1.0,73.68421052631578,63.1578947368421,89.47368421052632,52.631578947368425,69.73684210526316,1.0,57.89473684210527,94.73684210526315,,42.10526315789473,78.94736842105263,68.42105263157895,0.8,63.15789473684211,73.68421052631578,68.42105263157895,1.0,12.828947368421051,13.385964912280702,13.947368421052634,13.68421052631579,10.26315789473684,64.10964912280701,0.96,True,True,True,5,OK,NEUTRO,10.148844576073289,10.449999809265137,5.0,False,AGUARDAR
HYPE3,,Hypera S.A.,Healthcare,Drug Manufacturers - Specialty & Generic,15037353984.0,8818791424.0,2720952064.0,1744487040.0,14506540648.73,1578512000.0,7689572864.0,0.13163,0.28667,0.19823,0.530076263542073,0.085,0.045,0.1231273408816139,0.9647003597271172,0.5864589896190077,7.772403052522134,8.121673,1.0365913,7.772,21148336128.0,2720952064.0,684217728.0,0.105,2.63,20.606,Yahoo Finance,21.25,60110512.5,8.079847908745247,1.031253033097156,7.772403052522134,0.045501205114145696,0.07758633752669644,2.2459274254969013,-0.01814988682538965,-0.08386601908919455,,1.011786606696747,0.9485869721474,0.30967590330853245,-0.25336121540189016,250,2026-08-27 00:00:00+00:00,general,75.0,100.0,100.0,75.0,87.5,1.0,50.0,28.57142857142857,39.285714285714285,1.0,87.5,75.0,25.0,37.5,56.25,1.0,37.5,75.0,,50.0,62.5,56.25,0.8,75.0,75.0,75.0,1.0,21.875,7.857142857142858,11.25,11.25,11.25,63.48214285714286,0.96,True,True,True,5,OK,NEUTRO,20.585119235304067,21.25,5.0,False,AGUARDAR
ALPA4,,Alpargatas S.A.,Consumer Cyclical,Footwear & Accessories,9780516864.0,4826843136.0,829094976.0,701038016.0,1810218289.641,717699968.0,1401408000.0,0.18084998,0.17097001,0.14524001,0.774165197655762,0.113,0.928,0.0687500025781251,0.3700694627783024,0.4935161610698287,12.621101879647622,14.545454,2.7021954,12.621,10464092160.0,829094976.0,388684128.0,0.545,0.99,5.329,Yahoo Finance,14.319999694824219,22827511.513519287,14.464646156388099,2.6871832791938863,12.621101879647622,0.039740653117287035,0.08052553543766126,0.8246438005191821,0.15483872059356685,-0.06159898558051957,,1.1595704820273451,1.1568077251294602,0.40939951657781076,-0.3169364488278891,250,2026-08-27 00:00:00+00:00,general,70.0,80.0,80.0,44.99999999999999,68.75,1.0,70.0,88.23529411764706,79.11764705882354,1.0,25.0,15.0,5.0,0.0,11.25,1.0,95.0,95.0,,90.0,100.0,95.0,0.8,44.99999999999999,75.0,60.0,1.0,17.1875,15.823529411764708,2.25,19.0,9.0,63.26102941176471,0.96,True,True,True,5,OK,NEUTRO,13.727664203165206,14.319999694824219,5.0,False,AGUARDAR
SLCE3,,SLC Agrícola S.A.,Consumer Defensive,Farm Products,7822177792.0,8803083264.0,2300013056.0,388387008.0,5421458421.32,924265984.0,11082380288.0,0.069749996,0.31254,0.044120003,2.044169562274665,0.168,0.242,0.0399492676260563,0.6930881575561267,1.1254005595479055,8.111766739466717,25.031748,1.4428179,8.112,18657169408.0,2300013056.0,-1049248128.0,0.09,0.63,10.93,Yahoo Finance,16.010000228881836,49618299.44268544,25.412698776002912,1.4647758672353006,8.111766739466717,-0.13413759644700238,-0.11919098076589543,4.416546365900281,0.03290324057302163,-0.03670280262029757,,1.16892031420122,1.041349864207301,0.24090550476400274,-0.3467908858746023,250,2026-08-27 00:00:00+00:00,general,46.666666666666664,93.33333333333333,60.0,33.33333333333334,58.333333333333336,1.0,93.33333333333333,53.84615384615385,73.58974358974359,1.0,26.666666666666668,33.33333333333333,13.333333333333334,13.333333333333329,21.666666666666664,1.0,73.33333333333333,93.33333333333333,,86.66666666666667,93.33333333333333,86.66666666666666,0.8,93.33333333333333,66.66666666666666,80.0,1.0,14.583333333333334,14.717948717948719,4.333333333333333,17.333333333333332,12.0,62.967948717948715,0.96,True,True,True,5,OK,NEUTRO,15.620313618839937,16.010000228881836,5.0,False,AGUARDAR
CSED3,,Cruzeiro do Sul Educacional S.A.,Consumer Defensive,Education & Training Services,1800840320.0,2925590016.0,692342976.0,309939008.0,1675802111.544,865947008.0,2454320896.0,0.19259001,0.20492001,0.10594,1.4645648666349462,0.082,0.606,0.1720647775020898,0.9305668696977464,1.6245693654837758,4.895282144091543,5.8117647,1.0746138,4.895,3389214208.0,692342976.0,330340128.0,0.413,0.85,4.597,Yahoo Finance,4.800000190734863,1699840.0675455728,5.647059047923369,1.0441592757743883,4.895282144091543,0.18343665694912917,0.11291401946047658,2.2942009135079315,0.20906804940633483,-0.2684975187429557,,1.1761823511470557,0.9300655073158057,0.47704113538062337,-0.5083605494893051,250,2026-08-27 00:00:00+00:00,general,86.66666666666667,66.66666666666666,80.0,53.333333333333336,71.66666666666666,1.0,80.0,84.61538461538461,82.3076923076923,1.0,93.33333333333333,40.0,33.33333333333333,53.333333333333336,54.99999999999999,1.0,100.0,40.0,,93.33333333333333,46.666666666666664,70.0,0.8,20.0,26.666666666666668,23.333333333333336,1.0,17.916666666666664,16.461538461538463,11.0,14.0,3.5000000000000004,62.878205128205124,0.96,True,True,True,5,OK,NEUTRO,4.568647526083451,4.800000190734863,5.0,False,AGUARDAR
VALE3,,Vale S.A.,Basic Materials,Other Industrial Metals & Mining,334417854464.0,218068992000.0,77332996096.0,10369000448.0,196633264180.18,29841999872.0,110007001088.0,0.041149996,0.21955,0.04755,0.5594526518524242,0.064,-0.435,0.033087296198799,0.5879867486602428,0.6520853748957804,5.423491347462406,30.22308,1.7007186,5.423,419414835200.0,77332996096.0,13308999680.0,0.748,2.6,46.204,Yahoo Finance,79.11000061035156,1394319562.157491,30.426923311673676,1.7121894340392945,5.423491347462406,0.0397975153011237,0.06103114229096817,1.0366209155595678,-0.017992366576321084,-0.08833238275510713,,1.0689024307423662,1.0442449851840634,0.25652205865643984,-0.20157613116450823,250,2026-08-27 00:00:00+00:00,general,42.10526315789473,89.47368421052632,68.42105263157895,73.6842105263158,68.42105263157895,1.0,78.94736842105263,46.666666666666664,62.807017543859644,1.0,42.10526315789473,26.31578947368421,15.789473684210526,84.21052631578948,42.10526315789474,1.0,42.10526315789473,52.63157894736842,,68.42105263157895,68.42105263157895,57.89473684210526,0.8,78.94736842105263,94.73684210526315,86.84210526315789,1.0,17.105263157894736,12.56140350877193,8.421052631578949,11.578947368421053,13.026315789473683,62.692982456140356,0.96,True,True,True,5,OK,NEUTRO,77.0596245345258,79.11000061035156,5.0,False,AGUARDAR
CMIN3,,CSN Mineração S.A.,Basic Materials,Steel,32292913152.0,17392873472.0,5918235136.0,2333062912.0,7314344619.642,7939402240.0,9118186496.0,0.28136,0.21728,0.13414,1.2466170204113638,-0.105,0.907,0.0533333333333333,0.22650000192525,0.5385972268941245,5.676284726785144,18.75,4.415011,5.676,33593587712.0,5918235136.0,352687008.0,0.919,0.32,1.359,Yahoo Finance,6.010000228881836,54402652.28851,18.781250715255737,4.422369557676112,5.676284726785144,0.01092149866876154,0.020277673414216164,0.19917834099385132,0.2896996621618857,0.12277322907706556,,1.1390774140312316,1.174076166000848,0.38779087858568434,-0.34582445280026464,250,2026-08-27 00:00:00+00:00,general,94.73684210526315,84.21052631578947,94.73684210526315,47.36842105263158,80.26315789473682,1.0,21.052631578947366,86.66666666666667,53.85964912280702,1.0,68.42105263157895,10.526315789473683,10.526315789473683,57.89473684210527,36.8421052631579,1.0,100.0,89.47368421052632,,89.47368421052632,94.73684210526315,93.42105263157893,0.8,31.578947368421055,42.10526315789473,36.84210526315789,1.0,20.065789473684205,10.771929824561404,7.36842105263158,18.684210526315788,5.526315789473683,62.416666666666664,0.96,True,True,True,5,OK,NEUTRO,5.774522683822018,6.010000228881836,5.0,False,AGUARDAR
CYRE3,,Cyrela Brazil Realty S.A. Empreendimentos e Participações,Consumer Cyclical,Residential Construction,8432478208.0,9891042304.0,1604488960.0,2039668992.0,9388183055.631,4075608064.0,9054868480.0,0.20593001,0.15767999,0.20621,0.9644963702075366,0.177,0.164,0.2019982597041933,1.1133361753094768,1.172969803185052,10.155174562248156,4.9505377,0.8982013,10.155,16293865472.0,1604488960.0,-1742768000.0,0.08,4.65,25.629,Yahoo Finance,23.799999237060547,162789614.78157043,5.1182794058194725,0.9286355002949996,10.155174562248156,-0.20667328832781492,-0.17619659753100173,3.103331054393793,0.056838310536339254,-0.24683547627369995,,1.0792769403752462,0.9121076369894813,0.4430401777540991,-0.4383259216951976,250,2026-08-27 00:00:00+00:00,general,80.0,75.0,90.0,40.0,71.25,1.0,85.0,76.47058823529412,80.73529411764706,1.0,70.0,65.0,45.0,10.0,47.5,1.0,80.0,55.00000000000001,,85.0,60.0,70.0,0.8,25.0,40.0,32.5,1.0,17.8125,16.147058823529413,9.5,14.0,4.875,62.33455882352941,0.96,True,True,True,5,OK,NEUTRO,22.73463656228797,23.799999237060547,5.0,False,AGUARDAR
CURY3,,Cury Construtora e Incorporadora S.A.,Real Estate,Real Estate - Development,10079316992.0,6139806208.0,1528724992.0,1098648064.0,1655139722.562,1566100992.0,1343154944.0,0.68527,0.22939,0.17894,0.8115054733390864,0.255,0.082,0.1118581870852787,0.1642114860022845,0.6091490338951728,6.70505671696378,8.939891,6.089708,6.705,10250187776.0,1528724992.0,940452736.0,0.023,3.66,5.373,Yahoo Finance,32.849998474121094,124079809.73650615,8.975409419158769,6.11390256358107,6.70505671696378,0.09330520478187576,0.1531730325257849,-0.14583790359070678,0.055808350989030586,-0.1371212330724485,,1.0390971746466573,1.0117936003750174,0.3962701959463528,-0.29949597008779805,250,2026-08-27 00:00:00+00:00,general,100.0,75.0,56.25,37.5,67.1875,1.0,81.25,60.0,70.625,1.0,25.0,6.25,37.5,50.0,29.6875,1.0,93.75,81.25,,81.25,87.5,85.9375,0.8,37.5,68.75,53.125,1.0,16.796875,14.125,5.9375,17.1875,7.96875,62.015625,0.96,True,True,True,5,OK,NEUTRO,31.53476096886076,32.849998474121094,5.0,False,AGUARDAR
TEND3,,Construtora Tenda S.A.,Real Estate,Real Estate - Development,4016568064.0,4791539200.0,790249984.0,578844992.0,1539786631.5,834753024.0,1207054976.0,0.406,0.1823,0.12081,0.783910544036958,0.301,-0.115,0.1468702248818135,0.3833587934686702,1.192943608486551,5.545515683300539,6.808732,2.6085224,5.546,4382343680.0,790249984.0,551143360.0,0.424,4.81,12.555,Yahoo Finance,33.38999938964844,86818506.06300354,6.941787814895726,2.6594981592710822,5.545515683300539,0.1372174829899758,0.11502428280248651,0.47111921485341024,0.04083595187628397,0.10938791500629508,,1.0223953335855347,1.14551353425949,0.495177233259155,-0.22240039152913016,250,2026-08-27 00:00:00+00:00,general,87.5,56.25,31.25,43.75,54.6875,1.0,93.75,46.666666666666664,70.20833333333333,1.0,37.5,12.5,62.5,68.75,45.3125,1.0,87.5,100.0,,75.0,100.0,90.625,0.8,6.25,87.5,46.875,1.0,13.671875,14.041666666666666,9.0625,18.125,7.03125,61.932291666666664,0.96,True,True,True,5,OK,NEUTRO,31.71946853529539,33.38999938964844,5.0,False,AGUARDAR
BMOB3,,Bemobi Mobile Tech S.A.,Communication Services,Entertainment,2066503040.0,1880563968.0,147664992.0,159702000.0,942732524.1,327964992.0,45493000.0,0.16359,0.106750004,0.08492,0.048256529648673,0.217,-0.01,0.0750908373859858,0.4561970121467928,0.9100223573830308,12.24115300124758,13.317204,2.1920354,12.241,1807589760.0,147664992.0,23424750.0,0.068,1.86,11.3,Yahoo Finance,24.3700008392334,8021507.626237869,13.10215098883516,2.156637242410035,12.24115300124758,0.01133545392703608,0.012456236745252794,-1.9129245745667327,0.02274805938885649,0.02343678347544631,,1.0508471768759617,1.0213208977398525,0.3349798742066418,-0.20541686148856364,250,2026-08-27 00:00:00+00:00,general,66.66666666666666,16.666666666666664,50.0,66.66666666666667,50.0,1.0,100.0,40.0,70.0,1.0,66.66666666666666,16.666666666666664,100.0,0.0,45.83333333333333,1.0,83.33333333333334,66.66666666666666,,83.33333333333334,66.66666666666666,75.0,0.8,50.0,100.0,75.0,1.0,12.5,14.0,9.166666666666666,15.0,11.25,61.916666666666664,0.96,True,True,True,5,OK,NEUTRO,23.545195087879556,24.3700008392334,5.0,False,AGUARDAR
UGPA3,,Ultrapar Participações S.A.,Energy,Oil & Gas Refining & Marketing,35836801024.0,153258049536.0,9134960640.0,3641993984.0,16422270220.686,9250765824.0,19563366400.0,0.19804001,0.075729996,0.02256,1.1912705208904295,0.219,0.443,0.0960451950269718,0.458251543070421,4.27655497022077,5.296018096909939,10.411765,2.1822076,5.296,48378916864.0,9134960640.0,5826124800.0,0.257,3.23,15.411,Yahoo Finance,33.16999816894531,301692742.84591675,10.269349278311243,2.1523585860064443,5.296018096909939,0.1625737965868725,0.038015130804802885,1.128915709920344,0.3202043441115485,0.27916434693236414,,1.109748533229303,1.278293706128624,0.29745944477049663,-0.221896432103327,250,2026-08-27 00:00:00+00:00,general,71.42857142857143,14.285714285714285,42.857142857142854,57.142857142857146,46.42857142857143,1.0,42.857142857142854,42.857142857142854,42.857142857142854,1.0,57.14285714285714,28.57142857142857,100.0,14.285714285714292,50.0,1.0,100.0,100.0,,100.0,100.0,100.0,0.8,57.142857142857146,85.71428571428571,71.42857142857143,1.0,11.607142857142858,8.571428571428571,10.0,20.0,10.714285714285714,60.892857142857146,0.96,True,True,True,5,OK,NEUTRO,32.17310038213106,33.16999816894531,5.0,False,AGUARDAR
ALOS3,,Allos S.A.,Real Estate,Real Estate Services,13208726528.0,2976561920.0,2121271040.0,934540992.0,12853626398.5,44899000.0,7262720000.0,0.07586,0.45057,0.31397,0.565032760003632,0.034,0.608,0.0715638014548205,0.9731162998537212,0.2253481373613309,9.674271787541114,13.973545,1.0276264,9.674,20521752576.0,2121271040.0,1275234944.0,0.123,1.89,25.7,Yahoo Finance,26.209999084472656,117350334.68423209,13.867724383318867,1.0198443223530216,9.674271787541114,0.09654488199878643,0.4284254714916194,3.4025925324469615,-0.0397487591025526,-0.1515115889567238,,0.9851704291342502,0.9564453788097329,0.2543700170585968,-0.21791507368327412,250,2026-08-27 00:00:00+00:00,general,12.5,87.5,75.0,81.25,64.0625,1.0,31.25,86.66666666666667,58.958333333333336,1.0,12.5,50.0,12.5,12.5,21.875,1.0,75.0,75.0,,62.5,75.0,71.875,0.8,93.75,93.75,93.75,1.0,16.015625,11.791666666666668,4.375,14.375,14.0625,60.61979166666667,0.96,True,True,True,5,OK,NEUTRO,25.53638626093968,26.209999084472656,5.0,False,AGUARDAR
VULC3,,Vulcabras S.A.,Consumer Cyclical,Footwear & Accessories,4205972224.0,3735503872.0,803924992.0,929819008.0,2505992883.738,355577984.0,969760000.0,0.37129003,0.17455,0.24891001,0.3869763582702128,0.112,-0.647,0.2270350937679911,0.5958177762829372,0.8881427819909445,5.996180021730186,4.4046054,1.6783655,5.996,4820478976.0,803924992.0,-580375.0,-0.02,3.04,7.978,Yahoo Finance,13.460000038146973,15151495.809607504,4.4276315914957145,1.6871396387750028,5.996180021730186,-0.0001379883102147657,-0.00015536725964876742,0.7639792544227808,-0.09176785996508596,-0.3108039137269034,,0.9611814101812552,0.807052756120718,0.25812010768333776,-0.3343166863688647,250,2026-08-27 00:00:00+00:00,general,100.0,85.0,95.0,85.0,91.25,1.0,65.0,17.647058823529413,41.32352941176471,1.0,85.0,35.0,30.0,55.0,51.25,1.0,45.0,30.0,,45.0,30.0,37.5,0.8,85.0,70.0,77.5,1.0,22.8125,8.264705882352942,10.25,7.5,11.625,60.45220588235294,0.96,True,True,True,5,OK,NEUTRO,13.10896996863958,13.460000038146973,5.0,False,AGUARDAR
ALLD3,,Allied Tecnologia S.A.,Technology,Software - Application,492282688.0,5532278784.0,521532992.0,363075008.0,1574153036.544,348803008.0,444688000.0,0.23627001,0.04368,0.065630004,0.2824934994734042,0.047,1.238,0.7231968947661012,3.197660847137102,11.238012058632458,1.127766965891201,1.3827493,0.3127286,1.128,588167680.0,521532992.0,458854624.0,0.433,3.71,16.404,Yahoo Finance,5.139999866485596,2008343.5811654725,1.3854447079476,0.3133382020534989,1.127766965891201,0.9320957961454862,0.08294134151862727,0.18385220776215055,-0.10139859177977728,-0.31466668446858725,,1.0800588000430174,0.7885745385108581,0.34575297057712656,-0.4576140204206617,250,2026-08-27 00:00:00+00:00,general,83.57142857142857,8.571428571428571,48.57142857142857,88.57142857142857,57.32142857142857,1.0,37.142857142857146,87.71929824561403,62.43107769423558,1.0,100.0,97.14285714285714,96.42857142857143,99.28057553956835,98.21300102774923,1.0,32.857142857142854,24.285714285714285,,78.57142857142857,15.714285714285714,37.85714285714286,0.8,57.142857142857146,25.71428571428571,41.42857142857143,1.0,14.330357142857142,12.486215538847118,19.642600205549847,7.571428571428573,6.214285714285714,60.2448871729684,0.96,True,True,True,5,OK,NEUTRO,4.960441167862817,5.139999866485596,5.0,False,AGUARDAR
PINE4,,Banco Pine S.A.,Financial Services,Banks - Regional,2727332352.0,1525430016.0,,602689984.0,868265988.1279999,851388032.0,9569654784.0,0.40772,0.77971,0.3951,11.02157048053026,0.486,0.763,0.2247918528598851,0.6553191600905389,0.559312111294898,,4.4485598,1.525974,,11468132352.0,,,0.467,2.43,7.084,Yahoo Finance,10.90999984741211,11130327.294330597,4.489711871363007,1.540090322898378,,,,,-0.23492078629792323,-0.19182103357372493,,0.919316723859383,0.8834797813218328,0.4767041715949851,-0.36312031210256634,250,2026-08-27 00:00:00+00:00,financial,95.23809523809523,,,,95.23809523809523,1.0,,100.0,100.0,1.0,85.71428571428571,42.857142857142854,,,64.28571428571428,1.0,9.523809523809524,19.047619047619047,,9.523809523809524,9.523809523809524,11.904761904761905,0.8,4.761904761904773,9.523809523809524,7.142857142857149,1.0,23.809523809523807,20.0,12.857142857142856,2.380952380952381,1.0714285714285723,60.11904761904761,0.96,True,True,True,5,OK,NEUTRO,10.384525985495875,10.90999984741211,5.0,False,AGUARDAR
CPLE3,,Companhia Paranaense de Energia - COPEL,Utilities,Utilities - Regulated Electric,43593883648.0,27985377280.0,6831488000.0,3172987904.0,22574979720.384003,3272766976.0,23569670144.0,0.12764,0.2214,0.11406,1.0440616308823456,0.111,0.5,0.0728882895851745,0.5178474036270446,0.6419565071551938,9.79481980851024,13.719625,1.9310708,9.795,66913193984.0,6831488000.0,3834806272.0,0.267,1.07,7.602,Yahoo Finance,14.569999694824219,253047237.99980164,13.616822144695531,1.9166008543573032,9.79481980851024,0.0879666125405171,0.13702892884494283,2.9710808491502876,0.000686763387317546,-0.010503291402637949,,0.9919797170449512,1.031199700071394,0.2550491763905307,-0.1790012792819915,250,2026-08-27 00:00:00+00:00,general,47.05882352941176,47.05882352941176,47.05882352941176,70.58823529411765,52.94117647058823,1.0,52.94117647058824,72.72727272727273,62.83422459893049,1.0,52.94117647058824,35.294117647058826,52.94117647058824,23.529411764705884,41.1764705882353,1.0,58.82352941176471,88.23529411764706,,70.58823529411765,88.23529411764706,76.47058823529412,0.8,58.82352941176471,82.35294117647058,70.58823529411765,1.0,13.235294117647058,12.5668449197861,8.23529411764706,15.294117647058824,10.588235294117647,59.919786096256686,0.96,True,True,True,5,OK,NAO_PRIORIZAR,14.194542103719577,14.569999694824219,5.0,False,AGUARDAR
ITSA3,,Itaúsa S.A.,Industrials,Conglomerates,150793224192.0,8474999808.0,1934000000.0,18161000448.0,32251063046.428,6531999744.0,12147000320.0,0.18924999,0.096370004,2.14289,0.3766387576903563,0.052,0.284,0.1189591078066914,0.62223049097408,0.0562027893057652,83.32257714167528,8.40625,1.6071215,83.323,161145864192.0,1934000000.0,-1008499968.0,0.257,1.6,8.369,Yahoo Finance,13.3100004196167,1499438.0972719193,8.318750262260437,1.59039316759669,83.32257714167528,-0.006687966076750972,-0.11899704906754377,2.903309501551189,0.029464120605743105,-0.06928152563560097,,0.9918328734609974,1.0307926746964706,0.22550679783004557,-0.15108409631693276,250,2026-08-27 00:00:00+00:00,general,73.21428571428571,19.642857142857142,98.21428571428571,78.57142857142857,67.41071428571428,1.0,44.642857142857146,59.523809523809526,52.083333333333336,1.0,75.0,39.285714285714285,3.571428571428571,0.0,29.46428571428571,1.0,60.71428571428571,75.0,,35.714285714285715,67.85714285714286,59.82142857142858,0.8,96.42857142857143,96.42857142857143,96.42857142857143,1.0,16.85267857142857,10.416666666666668,5.892857142857142,11.964285714285715,14.464285714285714,59.59077380952381,0.96,True,True,True,5,OK,NAO_PRIORIZAR,13.006740421058968,13.3100004196167,5.0,False,AGUARDAR
SMTO3,,São Martinho S.A.,Basic Materials,Specialty Chemicals,5997127680.0,7102598144.0,3089167872.0,811497024.0,7375692472.641,4852369920.0,12189508608.0,0.11342,0.12405,0.114250004,1.6526595507086437,-0.177,-0.393,0.1340150715761766,1.2298707969073277,1.1843333213809448,4.316459134791883,7.4618473,0.81309354,4.316,13334266880.0,3089167872.0,-396056256.0,-0.193,2.49,22.851,Yahoo Finance,18.8700008392334,35608289.13366,7.578313590053573,0.8257844662917772,4.316459134791883,-0.06604099114328012,-0.055762165896232355,2.3751181522063947,0.12703603062642554,0.07270572920252683,,1.2143778530672438,1.1799651213093723,0.42758153177171276,-0.3399956057349043,250,2026-08-27 00:00:00+00:00,general,73.68421052631578,52.63157894736842,89.47368421052632,26.31578947368422,60.526315789473685,1.0,10.526315789473683,53.333333333333336,31.92982456140351,1.0,94.73684210526315,52.63157894736842,42.10526315789473,94.73684210526316,71.05263157894737,1.0,84.21052631578947,78.94736842105263,,100.0,100.0,90.78947368421052,0.8,26.31578947368422,47.368421052631575,36.8421052631579,1.0,15.131578947368421,6.385964912280702,14.210526315789474,18.157894736842106,5.526315789473684,59.41228070175438,0.96,True,True,True,5,OK,NAO_PRIORIZAR,18.054793127127002,18.8700008392334,5.0,False,AGUARDAR
CASH3,,Méliuz S.A.,Communication Services,Internet Content & Information,576070400.0,495894016.0,100455000.0,-100710000.0,395123834.636,112637000.0,3000.0,-0.20842,0.11344,-0.20309,7.592556401371459e-06,0.182,,-0.1748223828198775,0.6858950955002606,0.8608218995456111,5.176052162659897,,1.4579489,5.176,519960320.0,100455000.0,29781000.0,0.778,-0.99,3.793,Yahoo Finance,5.909999847412109,10321686.683508554,,1.5581333634094672,5.176052162659897,0.051696806501427606,0.06005517114366631,-1.1212383654372604,0.3280899102753161,0.6508379813857688,,1.2685669773036732,1.4358774608582237,0.5014201313623055,-0.3333333496857731,250,2026-08-27 00:00:00+00:00,general,16.666666666666664,33.33333333333333,16.666666666666664,83.33333333333334,37.5,1.0,66.66666666666666,,66.66666666666666,0.5,16.666666666666664,83.33333333333334,83.33333333333334,50.0,58.333333333333336,1.0,100.0,100.0,,100.0,100.0,100.0,0.8,16.666666666666657,50.0,33.33333333333333,1.0,9.375,13.333333333333332,11.666666666666668,20.0,4.999999999999999,59.375,0.86,True,True,True,5,OK,NAO_PRIORIZAR,5.610589601935532,5.909999847412109,5.0,False,AGUARDAR
TAEE11,,Transmissora Aliança de Energia Elétrica S.A.,Utilities,Utilities - Regulated Electric,39975780352.0,4484395008.0,2480977920.0,1635716992.0,7959302747.328,208359008.0,11015445504.0,0.20858999,0.75343,0.36476,1.3839711660293323,-0.154,0.135,0.0253360914878156,0.59731126308037,0.1121777978694453,9.72693255407932,39.469387,1.674169,9.727,24132304896.0,2480977920.0,415424736.0,-0.004,0.98,23.104,Yahoo Finance,38.70000076293945,70036100.8807055,39.489796696876994,1.675034659060745,9.72693255407932,0.0103919106104258,0.09263785533140974,4.355978507055799,0.004139600025734547,-0.08779647367883447,,0.9892624186435053,0.9717604739921313,0.22227030247809837,-0.15294371937752094,250,2026-08-27 00:00:00+00:00,general,82.35294117647058,100.0,100.0,35.294117647058826,79.41176470588236,1.0,5.88235294117647,54.54545454545454,30.213903743315505,1.0,29.411764705882355,47.05882352941176,5.88235294117647,29.411764705882348,27.941176470588232,1.0,70.58823529411765,70.58823529411765,,64.70588235294117,76.47058823529412,70.58823529411765,0.8,88.23529411764706,94.11764705882352,91.17647058823529,1.0,19.85294117647059,6.042780748663102,5.588235294117647,14.11764705882353,13.676470588235293,59.27807486631016,0.96,True,True,True,5,OK,NAO_PRIORIZAR,37.830900591841065,38.70000076293945,5.0,False,AGUARDAR
SANB4,,Banco Santander (Brasil) S.A.,Financial Services,Banks - Regional,111713910784.0,48286806016.0,,13840916480.0,124912665871.152,171627053056.0,328950317056.0,0.11151,0.33218,0.28664,2.633442451667101,0.288,0.498,0.1172922291317771,2.278552080409191,0.4322362871116654,,8.525714,0.4388752,,214998614016.0,,,0.178,1.75,33.996,Yahoo Finance,14.729999542236328,5095327.791652679,8.417142595563616,0.43328625550759875,,,,,0.05938565672720686,-0.12005555796099088,,1.053870607622468,0.9724089409820776,0.30125306495313087,-0.29577024948904773,250,2026-08-27 00:00:00+00:00,financial,28.57142857142857,,,,28.57142857142857,1.0,,89.47368421052632,89.47368421052632,1.0,66.66666666666666,95.23809523809523,,,80.95238095238093,1.0,71.42857142857143,52.38095238095239,,90.47619047619048,42.857142857142854,64.28571428571429,0.8,38.095238095238095,28.57142857142857,33.33333333333333,1.0,7.142857142857142,17.894736842105264,16.190476190476186,12.85714285714286,4.999999999999999,59.08521303258145,0.96,True,True,True,5,OK,NAO_PRIORIZAR,14.281655266966519,14.729999542236328,5.0,False,AGUARDAR
VIVT3,,Telefônica Brasil S.A.,Communication Services,Telecom Services,94621900800.0,61774049280.0,20136968192.0,6598880256.0,68721514599.76,8576167936.0,19848372224.0,0.09872,0.17638001,0.10682,0.2888232650225861,0.076,0.185,0.069571087981198,0.7262748520360245,0.6528514937632705,5.262364907250483,14.373787,1.3768892,5.262,105968074752.0,20136968192.0,12585449472.0,0.214,2.06,21.505,Yahoo Finance,29.389999389648438,150470918.87512207,14.266989994974969,1.366658888149195,5.262364907250483,0.1330077853604057,0.2037336004145461,0.5597766347209215,-0.12219799711425494,-0.2736482084751972,,0.900031890312409,0.8525573515743724,0.25682111240006283,-0.28501443600300447,250,2026-08-27 00:00:00+00:00,general,50.0,50.0,66.66666666666666,50.0,54.166666666666664,1.0,33.33333333333333,100.0,66.66666666666666,1.0,50.0,100.0,50.0,33.33333333333334,58.333333333333336,1.0,50.0,33.33333333333333,,50.0,50.0,45.83333333333333,0.8,83.33333333333334,66.66666666666666,75.0,1.0,13.541666666666666,13.333333333333332,11.666666666666668,9.166666666666666,11.25,58.958333333333336,0.96,True,True,True,5,OK,NAO_PRIORIZAR,28.627380214074602,29.389999389648438,5.0,False,AGUARDAR
ORVR3,,Orizon Valorização de Resíduos S.A.,Industrials,Waste Management,8997474304.0,1499271040.0,478848000.0,50255000.0,14344875590.46,1544302976.0,3883214080.0,0.023599999,0.15535,0.03352,0.2707039217950775,1.358,,0.0097680097680097,1.5943224265204694,0.1666324336523495,12.076395616145415,102.375,0.6272257,12.076,5782757888.0,478848000.0,-858251904.0,,0.16,26.115,Yahoo Finance,16.229999542236328,42628526.59767151,101.43749713897705,0.6214818894212648,12.076395616145415,-0.09538809170240671,-0.572446129553733,4.884454156642609,-0.19832062882488388,-0.1378486648357471,,0.9080863022813246,0.904653252290019,0.28689090589148664,-0.26332101935041463,250,2026-08-27 00:00:00+00:00,general,28.57142857142857,53.57142857142857,39.285714285714285,85.71428571428572,51.785714285714285,1.0,100.0,,100.0,0.5,25.0,96.42857142857143,10.714285714285714,21.42857142857143,38.39285714285714,1.0,17.857142857142858,53.57142857142857,,17.857142857142858,46.42857142857143,33.92857142857143,0.8,82.14285714285714,71.42857142857143,76.78571428571428,1.0,12.946428571428571,20.0,7.678571428571428,6.7857142857142865,11.51785714285714,58.92857142857142,0.86,True,True,True,5,OK,NAO_PRIORIZAR,15.759550367815416,16.229999542236328,5.0,False,AGUARDAR
ITSA4,,Itaúsa S.A.,Industrials,Conglomerates,145135190016.0,8474999808.0,1934000000.0,18161000448.0,61543248902.716,6531999744.0,12147000320.0,0.18924999,0.096370004,2.14289,0.1973734006016041,0.052,0.284,0.1243243283564647,0.6462548786588608,0.0583938313448702,80.42511672388831,8.043478,1.5473771,80.425,155542175744.0,1934000000.0,-1008499968.0,0.257,1.61,8.369,Yahoo Finance,12.84000015258789,344725670.49664813,7.975155374278192,1.5342334989351047,80.42511672388831,-0.0069486936137874,-0.11899704906754377,2.903309501551189,0.006334419814742143,-0.10324054434660301,,0.9668092440701446,0.9990375990785821,0.24086462788508622,-0.17709015154134233,250,2026-08-27 00:00:00+00:00,general,73.21428571428571,19.642857142857142,98.21428571428571,96.42857142857143,71.875,1.0,44.642857142857146,59.523809523809526,52.083333333333336,1.0,85.71428571428571,42.857142857142854,7.142857142857142,3.5714285714285694,34.82142857142857,1.0,50.0,57.14285714285714,,25.0,64.28571428571429,49.10714285714286,0.8,92.85714285714286,89.28571428571429,91.07142857142858,1.0,17.96875,10.416666666666668,6.964285714285714,9.821428571428573,13.660714285714286,58.831845238095234,0.96,True,True,True,5,OK,NAO_PRIORIZAR,12.527525008715388,12.84000015258789,5.0,False,AGUARDAR
SANB3,,Banco Santander (Brasil) S.A.,Financial Services,Banks - Regional,112687292416.0,48286806016.0,,13840916480.0,129633316809.108,171627053056.0,328950317056.0,0.11151,0.33218,0.28664,2.5375445537692825,0.288,0.498,0.1142857142857142,2.2588703353311086,0.4285026730231736,,8.75,0.44269916,,215485300736.0,,,0.178,1.72,33.996,Yahoo Finance,14.649999618530273,4962076.954126358,8.517441638680392,0.43093303972615227,,,,,0.1288618611477479,-0.10172268411259544,,1.0833530796163218,1.0055609248485216,0.34707931404948694,-0.32216707806542677,250,2026-08-27 00:00:00+00:00,financial,28.57142857142857,,,,28.57142857142857,1.0,,89.47368421052632,89.47368421052632,1.0,52.38095238095239,90.47619047619048,,,71.42857142857143,1.0,95.23809523809523,71.42857142857143,,100.0,71.42857142857143,84.52380952380952,0.8,14.285714285714292,19.047619047619047,16.66666666666667,1.0,7.142857142857142,17.894736842105264,14.285714285714286,16.904761904761905,2.5000000000000004,58.728070175438596,0.96,True,True,True,5,OK,NAO_PRIORIZAR,14.136259164534415,14.649999618530273,5.0,False,AGUARDAR
PRIO3,,Prio S.A.,Energy,Oil & Gas E&P,48279953408.0,21361551360.0,12617509888.0,3868892928.0,28189623533.348,3693425920.0,25462675456.0,0.14225,0.39878,0.18111,0.9032641186526648,1.108,1.894,0.0796167884737183,0.583878427636414,0.442451780752141,5.555057233175675,12.560165,1.7126853,5.555,70090989568.0,12617509888.0,-7240010752.0,0.071,4.82,35.348,Yahoo Finance,61.09000015258789,470602030.79211557,12.6742738905784,1.7282448838007212,5.555057233175675,-0.1499589423961691,-0.33892719821637524,1.7253205845872843,-0.01863453570139939,0.16717615541633446,,1.0573521396113543,1.1125012108864065,0.35021197329740483,-0.27669899265535847,250,2026-08-27 00:00:00+00:00,general,57.14285714285714,71.42857142857143,71.42857142857143,71.42857142857143,67.85714285714286,1.0,100.0,85.71428571428571,92.85714285714286,1.0,42.857142857142854,42.857142857142854,14.285714285714285,0.0,25.0,1.0,57.14285714285714,71.42857142857143,,42.857142857142854,57.14285714285714,57.14285714285714,0.8,28.57142857142857,57.14285714285714,42.857142857142854,1.0,16.964285714285715,18.571428571428573,5.0,11.428571428571429,6.428571428571428,58.39285714285715,0.96,True,True,True,5,OK,NAO_PRIORIZAR,58.92838419621993,61.09000015258789,5.0,False,AGUARDAR
INTB3,,Intelbras S.A. - Indústria de Telecomunicação Eletrônica Brasileira,Industrials,Building Products & Equipment,4803459072.0,4552335872.0,569356032.0,596331008.0,3302541733.23,1445232000.0,875651968.0,0.18591,0.121750005,0.13099,0.265144860756561,-0.078,0.143,0.1253405974058758,0.6875340587184338,0.9477203414797828,7.475976002305707,7.978261,1.4544734,7.476,4256492032.0,569356032.0,769173760.0,-0.033,1.84,10.093,Yahoo Finance,14.729999542236328,25017259.37253952,8.005434533824092,1.4594272805148447,7.475976002305707,0.16012913787141766,0.16896243634634875,-1.0003934269374704,0.08153336552031765,0.07457080544785089,,1.082020765012088,1.131210590400894,0.3746216643924449,-0.17868742785198655,250,2026-08-27 00:00:00+00:00,general,67.85714285714286,39.285714285714285,75.0,89.28571428571429,67.85714285714286,1.0,7.142857142857142,42.857142857142854,25.0,1.0,89.28571428571429,46.42857142857143,35.714285714285715,35.71428571428571,51.78571428571429,1.0,78.57142857142857,85.71428571428571,,82.14285714285714,85.71428571428571,83.03571428571428,0.8,39.28571428571429,85.71428571428571,62.5,1.0,16.964285714285715,5.0,10.35714285714286,16.607142857142858,9.375,58.30357142857143,0.96,True,True,True,5,OK,NAO_PRIORIZAR,14.17246337692451,14.729999542236328,5.0,False,AGUARDAR
MDNE3,,Moura Dubeux Engenharia S.A.,Real Estate,Real Estate Services,2507799040.0,2611987968.0,603256000.0,559849984.0,2289491268.766,548320000.0,1094963968.0,0.28023002,0.24061,0.21434,0.4782564506525367,0.1,0.195,0.2478350554606526,0.9129485316135816,1.04154596374676,5.068171602105905,4.0349417,1.095352,5.068,3057404928.0,603256000.0,-118647872.0,0.336,6.01,22.139,Yahoo Finance,24.610000610351562,27944614.676386513,4.094842031672473,1.1116130182190507,5.068171602105905,-0.04731155491629824,-0.04542435625798411,0.9061558741230921,-0.12451084752773423,-0.26994953192724036,,0.9550235023559437,0.896386016112402,0.44986187582269155,-0.3392648650790048,250,2026-08-27 00:00:00+00:00,general,68.75,81.25,68.75,87.5,76.5625,1.0,50.0,73.33333333333333,61.666666666666664,1.0,87.5,43.75,56.25,75.0,65.625,1.0,37.5,50.0,,25.0,56.25,42.1875,0.8,18.75,50.0,34.375,1.0,19.140625,12.333333333333334,13.125,8.4375,5.15625,58.192708333333336,0.96,True,True,True,5,OK,NAO_PRIORIZAR,23.49141755650384,24.610000610351562,5.0,False,AGUARDAR
VIVA3,,Vivara Participações S.A.,Consumer Cyclical,Luxury Goods,5165917184.0,3157123072.0,767401024.0,585833984.0,3031125955.332,416659008.0,1262338048.0,0.19703,0.24741,0.18556,0.4164584601901625,0.095,0.004,0.1133363699924733,0.5867546704791639,0.6111447318161266,7.833708973523601,8.823293,1.7042898,7.834,6011596288.0,767401024.0,244042864.0,0.233,2.49,12.891,Yahoo Finance,22.600000381469727,64840418.09445381,9.076305374084226,1.753161149753295,7.833708973523601,0.04724095553754816,0.07729912912308538,1.1020040546622987,0.03479854503534785,-0.3013909908048693,,1.0218661369744761,0.8492281268003614,0.37938229301969406,-0.42239491930116546,250,2026-08-27 00:00:00+00:00,general,75.0,100.0,85.0,80.0,85.0,1.0,60.0,58.82352941176471,59.411764705882355,1.0,40.0,30.0,15.0,30.0,28.75,1.0,75.0,40.0,,70.0,50.0,58.75,0.8,55.0,45.0,50.0,1.0,21.25,11.882352941176471,5.75,11.75,7.5,58.13235294117647,0.96,True,True,True,5,OK,NAO_PRIORIZAR,21.733711131949704,22.600000381469727,5.0,False,AGUARDAR
TOTS3,,TOTVS S.A.,Technology,Software - Application,19620771840.0,6591676928.0,1441842944.0,888091008.0,5429496799.566,2020195968.0,5027038208.0,0.17014,0.18529,0.21629,0.9258755265132176,0.361,2.695,0.0444638188124283,0.2767218992508695,0.335954007403615,15.764880466759076,22.490196,3.6137364,15.765,22730481664.0,1441842944.0,688151616.0,0.348,1.53,9.522,Yahoo Finance,34.689998626708984,152137383.043925,22.67320171680326,3.6431420527944742,15.764880466759076,0.03507260680729673,0.10439704850777541,2.085415927242628,0.0554400611506507,-0.08063804529956231,,1.1593243494496468,0.9649718963352336,0.38384251761794524,-0.42965720290536413,250,2026-08-27 00:00:00+00:00,general,65.0,58.57142857142858,87.14285714285714,57.857142857142854,67.14285714285714,1.0,92.14285714285714,94.73684210526315,93.43984962406014,1.0,32.142857142857146,5.714285714285714,9.285714285714286,5.75539568345323,13.224563206577594,1.0,73.57142857142858,68.57142857142857,,92.14285714285714,59.285714285714285,73.39285714285715,0.8,37.857142857142854,31.428571428571427,34.64285714285714,1.0,16.785714285714285,18.68796992481203,2.644912641315519,14.67857142857143,5.19642857142857,57.993596851841836,0.96,True,True,True,5,OK,NAO_PRIORIZAR,33.34465017538235,34.689998626708984,5.0,False,AGUARDAR
ABEV3,,Ambev S.A.,Consumer Defensive,Beverages - Brewers,234229760000.0,88268292096.0,26785636352.0,16246909952.0,88125291736.11,18346395648.0,2948960000.0,0.184,0.23743,0.18406,0.0334632651070321,0.003,0.246,0.0678077674204426,0.3762344015568579,0.3768449068811751,8.210016053308362,14.747573,2.6579175,8.21,219910504448.0,26785636352.0,19859091456.0,0.262,1.03,5.715,Yahoo Finance,15.119999885559082,395453441.40687466,14.679611539377749,2.6456692713139254,8.210016053308362,0.0847846638104398,0.2249855637220372,-0.5748392700347521,-0.07094965310190149,-0.07604500449667329,,0.9639530773196796,1.0052866740627406,0.25466834451611065,-0.1357057309877837,250,2026-08-27 00:00:00+00:00,general,73.33333333333333,73.33333333333333,93.33333333333333,93.33333333333333,83.33333333333333,1.0,33.33333333333333,61.53846153846154,47.43589743589743,1.0,53.333333333333336,6.666666666666667,6.666666666666667,6.666666666666671,18.333333333333336,1.0,46.666666666666664,73.33333333333333,,6.666666666666667,73.33333333333333,50.0,0.8,86.66666666666667,100.0,93.33333333333334,1.0,20.833333333333332,9.487179487179487,3.6666666666666674,10.0,14.000000000000002,57.98717948717948,0.96,True,True,True,5,OK,NAO_PRIORIZAR,14.730951001112574,15.119999885559082,5.0,False,AGUARDAR
EMBJ3,,Embraer S.A.,Industrials,Aerospace & Defense,67780755456.0,44127916032.0,4756832256.0,2329171968.0,17906157630.855,11174525952.0,13665290240.0,0.12189999,0.12979001,0.05278,0.7631615068803288,0.104,1.139,0.0342365037134623,0.264177690141232,0.6510390115177415,15.177316469996624,29.20859,3.785331,15.177,72195948544.0,4756832256.0,1674840704.0,0.683,3.26,25.155,Yahoo Finance,97.61000061035156,481783441.01257324,29.94171797863545,3.8803419046055083,15.177316469996624,0.024709678915975284,0.03795422160397207,0.5236182724035077,0.3349589289975583,0.038294118482479655,,1.1097626349343541,1.1484255784573347,0.38194492249291206,-0.33965065076943735,250,2026-08-27 00:00:00+00:00,general,46.42857142857143,46.42857142857143,53.57142857142857,71.42857142857143,54.46428571428572,1.0,67.85714285714286,85.71428571428571,76.78571428571428,1.0,35.714285714285715,7.142857142857142,28.57142857142857,17.85714285714286,22.321428571428573,1.0,96.42857142857143,82.14285714285714,,85.71428571428571,89.28571428571429,88.39285714285714,0.8,35.71428571428571,50.0,42.857142857142854,1.0,13.61607142857143,15.357142857142856,4.464285714285714,17.678571428571427,6.428571428571428,57.54464285714286,0.96,True,True,True,5,OK,NAO_PRIORIZAR,93.84320133859869,97.61000061035156,5.0,False,AGUARDAR
MTRE3,,Mitre Realty Empreendimentos e Participações S.A.,Real Estate,Real Estate - Development,326844160.0,1114803968.0,109923000.0,65630000.0,1025169555.44,130687000.0,726611968.0,0.09355,0.12321,0.058870003,0.7087724797759333,0.055,0.455,0.2071197411003236,3.1365700226711284,3.410811953929359,8.837060706130655,4.828125,0.3188196,8.837,971396224.0,109923000.0,37278876.0,0.782,0.64,9.692,Yahoo Finance,3.1700000762939453,2199700.036274592,4.9531251192092896,0.32707388323297,8.837060706130655,0.11405703562211422,0.03343984868198819,5.421294615321634,-0.1093252286232298,-0.19060932411515286,,1.046466864668539,0.9290733686071913,0.29790382615728206,-0.32248249561178366,250,2026-08-27 00:00:00+00:00,general,18.75,31.25,12.5,62.5,31.25,1.0,37.5,80.0,58.75,1.0,75.0,100.0,93.75,25.0,73.4375,1.0,43.75,68.75,,87.5,68.75,67.1875,0.8,75.0,56.25,65.625,1.0,7.8125,11.75,14.6875,13.4375,9.84375,57.53125,0.96,True,True,True,5,OK,NAO_PRIORIZAR,3.0745859286165103,3.1700000762939453,5.0,False,AGUARDAR
EGIE3,,Engie Brasil Energia S.A.,Utilities,Utilities - Renewable,40805953536.0,13680974848.0,7469018112.0,3959344896.0,18615502317.36,6530681856.0,33147752448.0,0.2859,0.46243,0.28941,1.7806531289294223,0.138,2.7,0.1194029850746268,0.4561957634559274,0.335269088514996,8.114615333255735,8.375,2.1920414,8.115,60608208896.0,7469018112.0,3423348224.0,0.323,3.44,13.143,Yahoo Finance,28.850000381469727,104079646.04286194,8.386628017869107,2.195084865058946,8.114615333255735,0.08389335200756526,0.2502269218410597,3.5636639505848877,-0.11100857741003833,-0.11751340762481688,,0.9566397892853507,0.9212546310106516,0.25644518516965786,-0.26901845065599383,250,2026-08-27 00:00:00+00:00,general,94.11764705882352,82.35294117647058,94.11764705882352,17.64705882352942,72.05882352941177,1.0,76.47058823529412,100.0,88.23529411764706,1.0,76.47058823529412,23.52941176470588,17.647058823529413,41.17647058823529,39.705882352941174,1.0,23.52941176470588,47.05882352941176,,29.411764705882355,35.294117647058826,33.82352941176471,0.8,52.94117647058824,41.17647058823529,47.05882352941177,1.0,18.014705882352942,17.647058823529413,7.9411764705882355,6.764705882352942,7.058823529411765,57.426470588235304,0.96,True,True,True,5,OK,NAO_PRIORIZAR,28.102489026671677,28.850000381469727,5.0,False,AGUARDAR
GGPS3,,GPS Participações e Empreendimentos S.A.,Industrials,Specialty Business Services,9464568832.0,17962420224.0,2084051968.0,915632000.0,4496798860.799,4077675008.0,6234079232.0,0.22337,0.12874,0.050970003,1.3863371311413997,0.07,2.077,0.0985691602134258,0.4751192632496628,1.8978593259598369,5.589882012001728,10.145161,2.1047347,5.59,11649604608.0,2084051968.0,699137728.0,0.261,1.24,5.977,Yahoo Finance,12.420000076293945,40036967.34594028,10.01612909378544,2.0779655473136933,5.589882012001728,0.07386894642640177,0.038922245403537885,1.0347171073998862,0.01719902026952358,-0.3449366732055732,,1.044856480576617,0.8216304949781427,0.3030702285121625,-0.43734013149486384,250,2026-08-27 00:00:00+00:00,general,82.14285714285714,42.857142857142854,48.214285714285715,57.142857142857146,57.589285714285715,1.0,57.14285714285714,95.23809523809523,76.19047619047618,1.0,60.71428571428571,17.857142857142858,78.57142857142857,60.714285714285715,54.464285714285715,1.0,57.14285714285714,14.285714285714285,,71.42857142857143,28.57142857142857,42.85714285714285,0.8,75.0,35.714285714285715,55.35714285714286,1.0,14.397321428571429,15.238095238095235,10.892857142857144,8.57142857142857,8.303571428571429,57.40327380952381,0.96,True,True,True,5,OK,NAO_PRIORIZAR,12.039686090792447,12.420000076293945,5.0,False,AGUARDAR
TRIS3,,Trisul S.A.,Real Estate,Real Estate - Development,1097529856.0,1526349056.0,233631008.0,189236000.0,1477929004.394,408816000.0,854217024.0,0.12507,0.13748,0.12398,0.5779824480474671,0.261,-0.035,0.1957446866817566,1.3465958662469415,1.3907130158288832,6.630137999490205,5.1086955,0.7426133,6.63,1549005824.0,233631008.0,-4682250.0,0.391,0.92,6.329,Yahoo Finance,4.710000038146973,1623301.5131473541,5.119565258855405,0.7441934015084488,6.630137999490205,-0.004266170960546516,-0.0030676141748797988,1.9064294068362706,0.08275865319698483,-0.37199999491373703,,1.1040787603886508,0.8692142514116727,0.40232616630863677,-0.48941799942968767,250,2026-08-27 00:00:00+00:00,general,43.75,43.75,37.5,75.0,50.0,1.0,87.5,53.333333333333336,70.41666666666667,1.0,68.75,62.5,68.75,56.25,64.0625,1.0,100.0,31.25,,93.75,50.0,68.75,0.8,25.0,31.25,28.125,1.0,12.5,14.083333333333336,12.8125,13.75,4.21875,57.364583333333336,0.96,True,True,True,5,OK,NAO_PRIORIZAR,4.5185406745898655,4.710000038146973,5.0,False,AGUARDAR
WIZC3,,Wiz Co Participações e Corretagem de Seguros S.A.,Financial Services,Insurance Brokers,1261668480.0,1274242944.0,646388992.0,198428992.0,687441405.3180001,386075008.0,375248000.0,0.26558,0.40855998,0.15572,0.5458617957794031,-0.2,0.084,0.1571609688219355,0.5448669015478906,1.0099665357416236,2.866469607205192,6.362903,1.8353106,2.866,1852854400.0,646388992.0,339439008.0,0.493,1.24,4.299,Yahoo Finance,7.849999904632568,2445916.0536185903,6.3306450843811035,1.8260060257344888,2.866469607205192,0.2690397781832514,0.2663848441133687,-0.016749988217621133,0.0,-0.130455200701609,,0.9813235843531356,0.9377266893639382,0.2684802113980427,-0.2534497434280799,250,2026-08-27 00:00:00+00:00,financial,80.95238095238095,,,,80.95238095238095,1.0,,47.368421052631575,47.368421052631575,1.0,80.95238095238095,38.095238095238095,,,59.52380952380952,1.0,52.38095238095239,42.857142857142854,,47.61904761904761,28.57142857142857,42.85714285714286,0.8,52.38095238095239,42.857142857142854,47.61904761904762,1.0,20.238095238095237,9.473684210526315,11.904761904761905,8.571428571428573,7.142857142857143,57.33082706766917,0.96,True,True,True,5,OK,NAO_PRIORIZAR,7.637058872928654,7.849999904632568,5.0,False,AGUARDAR
CPFE3,,CPFL Energia S.A.,Utilities,Utilities - Regulated Electric,51620999168.0,45612396544.0,13895108608.0,6004880896.0,22716696284.6,3988265984.0,36626141184.0,0.27276,0.26161,0.13165,1.6123005178719332,0.053,0.215,0.1142857142857142,0.4400669905178325,0.8836015822854365,6.132834644195391,8.75,2.2723813,6.133,85216403456.0,13895108608.0,-15126375.0,0.111,5.12,19.715,Yahoo Finance,44.060001373291016,60152109.10819372,8.605469018220901,2.2348466331874723,6.132834644195391,-0.0002930275516514388,-0.0003316285954281824,2.34887514166021,0.015441391866034992,-0.07904771997020754,,0.9811650483942453,0.9610381140853274,0.2528674184737323,-0.2164869981465246,250,2026-08-27 00:00:00+00:00,general,88.23529411764706,52.94117647058824,52.94117647058824,23.529411764705884,54.411764705882355,1.0,17.647058823529413,63.63636363636363,40.64171122994652,1.0,70.58823529411765,17.647058823529413,70.58823529411765,76.47058823529412,58.82352941176471,1.0,82.35294117647058,76.47058823529412,,58.82352941176471,58.82352941176471,69.11764705882352,0.8,64.70588235294117,64.70588235294117,64.70588235294117,1.0,13.602941176470589,8.128342245989305,11.764705882352942,13.823529411764705,9.705882352941176,57.025401069518715,0.96,True,True,True,5,OK,NAO_PRIORIZAR,42.93432175558455,44.060001373291016,5.0,False,AGUARDAR
RIAA3,,Guararapes Confecções S.A.,Consumer Cyclical,Apparel Manufacturing,3479296768.0,10670363648.0,1199977984.0,1531565952.0,5403202425.718,1136450944.0,3673465088.0,0.28024,0.095290005,0.14353,0.6798681223777868,0.021,0.166,0.4415584186203419,1.552958188122684,3.06681618714969,5.013686864441673,2.264706,0.64393234,5.014,6016313856.0,1199977984.0,-152128368.0,0.564,3.06,10.762,Yahoo Finance,6.920000076293945,8485338.693552017,2.2614379334293937,0.6430031663532749,5.013686864441673,-0.04372388391791246,-0.014257093105586349,2.1142172421723364,-0.2260806841582138,-0.30329590288432184,,0.8681116392458657,0.80785387078358,0.45120393722765945,-0.3721157292841121,250,2026-08-27 00:00:00+00:00,general,95.0,45.0,75.0,60.0,68.75,1.0,50.0,82.35294117647058,66.17647058823529,1.0,100.0,75.0,55.00000000000001,80.0,77.5,1.0,25.0,35.0,,20.0,35.0,28.75,0.8,20.0,50.0,35.0,1.0,17.1875,13.235294117647058,15.5,5.75,5.25,56.92279411764706,0.96,True,True,True,5,OK,NAO_PRIORIZAR,6.604531285413693,6.920000076293945,5.0,False,AGUARDAR
RDOR3,,Rede D'Or São Luiz S.A.,Healthcare,Medical Care Facilities,77145841664.0,57792339968.0,12600981504.0,4822606848.0,19567268225.061,43320135680.0,57459974144.0,0.19779,0.19038999,0.083450004,2.9365353141327866,0.05,0.229,0.0617945839271792,0.253639974593391,0.7491309799912225,7.428865091682306,16.182648,3.9425962,7.429,93610991616.0,12600981504.0,3014036992.0,0.617,2.19,8.989,Yahoo Finance,35.310001373291016,238917061.8420601,16.1232882983064,3.9281345392469698,7.428865091682306,0.039069338372472465,0.05215288035869273,1.1221219918076628,0.043456455108783265,-0.14208904444140025,,1.0243835581072873,0.9283464988315497,0.3185512121156111,-0.2762180969325774,250,2026-08-27 00:00:00+00:00,general,87.5,87.5,75.0,0.0,62.5,1.0,25.0,85.71428571428571,55.357142857142854,1.0,50.0,25.0,37.5,50.0,40.625,1.0,75.0,62.5,,62.5,50.0,62.5,0.8,62.5,62.5,62.5,1.0,15.625,11.071428571428571,8.125,12.5,9.375,56.69642857142857,0.96,True,True,True,5,OK,NAO_PRIORIZAR,34.17354068436678,35.310001373291016,5.0,False,AGUARDAR
TFCO4,,Track & Field Co S.A.,Consumer Cyclical,Apparel Retail,1957672320.0,1122510976.0,254106000.0,147004000.0,258562899.846,50313000.0,171758000.0,0.25722,0.20653,0.13096,0.6642793691681947,0.155,0.093,0.0728682184099513,0.3130232673011794,0.5733906356708358,8.193348476619994,13.723404,3.1946507,8.193,2081979008.0,254106000.0,68467376.0,0.155,0.94,4.038,Yahoo Finance,12.75,7170005.000000001,13.563829787234043,3.1575037147102525,8.193348476619994,0.034973869375647094,0.06099483877118009,0.4779304699613547,-0.13547527848826324,-0.27780121002592917,,0.8921832595254255,0.8230665211598757,0.3188213396932725,-0.3010712019216887,250,2026-08-27 00:00:00+00:00,general,90.0,90.0,65.0,65.0,77.5,1.0,80.0,70.58823529411765,75.29411764705883,1.0,30.0,5.0,10.0,25.0,17.5,1.0,35.0,45.0,,30.0,40.0,37.5,0.8,65.0,85.0,75.0,1.0,19.375,15.058823529411766,3.5,7.5,11.25,56.68382352941177,0.96,True,True,True,5,OK,NAO_PRIORIZAR,12.339290273078594,12.75,5.0,False,AGUARDAR
FIQE3,,Unifique Telecomunicações S.A.,Communication Services,Telecom Services,1845963008.0,1303484032.0,580076992.0,223743008.0,1215843212.668,675537984.0,1287837952.0,0.18125999,0.24268,0.17165,1.0592138349598692,0.205,0.018,0.1265822945040879,0.6586498008407664,0.7061268434692273,4.236174993818752,7.899999,1.5182575,4.236,2457307648.0,580076992.0,205503744.0,0.178,0.6,3.122,Yahoo Finance,4.650000095367432,4074229.3335588775,7.75000015894572,1.4894298832054553,4.236174993818752,0.11132603584654281,0.15765727769191423,1.0555494812661006,-0.2919744994108837,-0.10181906434698351,,0.8713727392773573,0.8499841958880413,0.36448764550947255,-0.438236617930741,250,2026-08-27 00:00:00+00:00,general,100.0,66.66666666666666,100.0,16.666666666666657,70.83333333333331,1.0,83.33333333333334,60.0,71.66666666666667,1.0,100.0,50.0,66.66666666666666,83.33333333333334,75.0,1.0,16.666666666666664,50.0,,16.666666666666664,33.33333333333333,29.16666666666666,0.8,33.33333333333334,16.666666666666664,25.000000000000004,1.0,17.70833333333333,14.333333333333336,15.0,5.833333333333332,3.7500000000000004,56.625,0.96,True,True,True,5,OK,NAO_PRIORIZAR,4.478756950350982,4.650000095367432,5.0,False,AGUARDAR
ITUB3,,Itaú Unibanco Holding S.A.,Financial Services,Banks - Regional,467768246272.0,143713992704.0,,46827999232.0,111000983482.543,484164993024.0,1115894054912.0,0.21476,0.39073002,0.32584,10.05301052208691,0.175,0.081,0.0987276182021345,0.4655749895350382,0.3072333230170406,,10.128878,2.1478817,,1109744287744.0,,,0.159,4.19,19.759,Yahoo Finance,42.31999969482422,93181797.59471893,10.10023859065017,2.1418087805468,,,,,0.06682813108081942,-0.031118875713925243,,0.9646045782509801,1.0453204621500911,0.2392361485274735,-0.1588463445866426,250,2026-08-27 00:00:00+00:00,financial,64.28571428571429,,,,64.28571428571429,1.0,,39.473684210526315,39.473684210526315,1.0,38.095238095238095,23.809523809523807,,,30.95238095238095,1.0,76.19047619047619,85.71428571428571,,28.57142857142857,85.71428571428571,69.04761904761905,0.8,71.42857142857143,90.47619047619048,80.95238095238096,1.0,16.071428571428573,7.894736842105264,6.19047619047619,13.80952380952381,12.142857142857144,56.10902255639098,0.96,True,True,True,5,OK,NAO_PRIORIZAR,41.2970603587058,42.31999969482422,5.0,False,AGUARDAR
WEGE3,,WEG S.A.,Industrials,Electrical Equipment & Parts,209707565056.0,40130179072.0,8491448832.0,6254050816.0,17416889047.341,8801141760.0,5834735104.0,0.30791,0.19312,0.15584,0.3350044366787062,-0.006,-0.021,0.0300120048019207,0.0830532224982542,0.1913625722623964,24.503609647376603,33.32,12.040472,24.504,208071147520.0,8491448832.0,4960677888.0,-0.054,1.5,4.151,Yahoo Finance,50.25,384150195.0,33.5,12.105516742953506,24.503609647376603,0.023655216666481765,0.12361464620179605,-0.34934046176208533,0.14209664639266495,0.022203753432343154,,1.0748821379497846,1.0752459402463947,0.29026446746638224,-0.22503766992957352,250,2026-08-27 00:00:00+00:00,general,100.0,64.28571428571429,85.71428571428571,82.14285714285714,83.03571428571428,1.0,17.857142857142858,33.33333333333333,25.595238095238095,1.0,28.57142857142857,3.571428571428571,14.285714285714285,10.714285714285708,14.285714285714283,1.0,82.14285714285714,78.57142857142857,,75.0,75.0,77.67857142857143,0.8,78.57142857142857,78.57142857142857,78.57142857142857,1.0,20.75892857142857,5.1190476190476195,2.8571428571428568,15.535714285714286,11.785714285714285,56.05654761904762,0.96,True,True,True,5,OK,NAO_PRIORIZAR,48.77630583951216,50.25,5.0,False,AGUARDAR
COGN3,,Cogna Educação S.A.,Consumer Defensive,Education & Training Services,4484337152.0,7831289856.0,1854998016.0,701928000.0,13737286170.09,1431485056.0,6816978944.0,0.04926,0.17608,0.08963,0.4962391304654126,0.178,0.34,0.1607142914540818,3.063392777959624,1.7463650904364472,5.325796022845989,6.222222,0.32643545,5.326,9879341056.0,1854998016.0,508353632.0,0.215,0.36,6.862,Yahoo Finance,2.2300000190734863,56441010.58274746,6.1944444974263515,0.3249781432634052,5.325796022845989,0.11336204544149316,0.06491314219592079,2.9032343115993933,-0.10799999237060542,-0.3687401695701692,,1.0074087561131866,0.7598592462015369,0.4444526784391168,-0.5555581248877077,250,2026-08-27 00:00:00+00:00,general,40.0,60.0,73.33333333333333,80.0,63.33333333333333,1.0,100.0,76.92307692307693,88.46153846153847,1.0,80.0,100.0,40.0,46.666666666666664,66.66666666666667,1.0,26.666666666666668,13.333333333333334,,26.666666666666668,6.666666666666667,18.333333333333336,0.8,53.333333333333336,20.0,36.66666666666667,1.0,15.833333333333332,17.692307692307693,13.333333333333336,3.6666666666666674,5.500000000000001,56.02564102564102,0.96,True,True,True,5,OK,NAO_PRIORIZAR,2.1298599663184294,2.2300000190734863,5.0,False,AGUARDAR
SAUD3,,Bradsaúde S.A.,Healthcare,Healthcare Plans,41016250368.0,10684187648.0,1753040000.0,1053996032.0,18707269370.769,13191663616.0,204828992.0,0.10538,0.12842,0.09865,0.010949165692779,12.628,-0.196,0.0805416976852879,0.4560941013349874,0.2604866986167896,15.989844348103864,12.415929,2.19253,15.99,28030836736.0,1753040000.0,-306891872.0,0.488,1.13,6.399,Yahoo Finance,14.039999961853027,63100322.82855511,12.424778727303565,2.1940928210428234,15.989844348103865,-0.007482202035694381,-0.02872393130023768,-7.408179290831926,0.04109406049119935,0.098617557395688,,0.9687061566002996,1.0701896179447596,0.3499400106391662,-0.21240602983240575,250,2026-08-27 00:00:00+00:00,general,25.0,62.5,87.5,87.5,65.625,1.0,100.0,14.285714285714285,57.14285714285714,1.0,75.0,37.5,12.5,0.0,31.25,1.0,62.5,87.5,,12.5,87.5,62.5,0.8,37.5,87.5,62.5,1.0,16.40625,11.428571428571429,6.25,12.5,9.375,55.95982142857143,0.96,True,True,True,5,OK,NAO_PRIORIZAR,13.543592697096656,14.039999961853027,5.0,False,AGUARDAR
RAIL3,,Rumo S.A.,Industrials,Railroads,27615232000.0,14392211456.0,7518930944.0,1227117952.0,14470159382.304,5812203008.0,29535496192.0,0.0881,0.44779,0.085260004,2.041131366398069,0.062,0.568,0.0443548397827783,0.5239919129184127,0.5211693117769208,6.856783861426564,22.545454,1.9084264,6.857,51555684352.0,7518930944.0,-1785493760.0,-0.087,0.66,7.797,Yahoo Finance,14.8100004196167,172544699.7554334,22.439394575176816,1.8994485596532897,6.856783861426564,-0.06465612021655295,-0.12405972254219776,3.1551417828795,0.0794460737152698,-0.10320503462348896,,1.0811166284587788,0.9921435097956133,0.33851837011168745,-0.2764374078333599,250,2026-08-27 00:00:00+00:00,general,35.714285714285715,100.0,64.28571428571429,32.14285714285714,58.035714285714285,1.0,50.0,66.66666666666666,58.33333333333333,1.0,42.857142857142854,25.0,21.428571428571427,42.85714285714286,33.03571428571429,1.0,75.0,60.71428571428571,,78.57142857142857,60.71428571428571,68.75,0.8,60.714285714285715,64.28571428571429,62.5,1.0,14.508928571428571,11.666666666666666,6.6071428571428585,13.75,9.375,55.907738095238095,0.96,True,True,True,5,OK,NAO_PRIORIZAR,14.3034592680746,14.8100004196167,5.0,False,AGUARDAR
PNVL3,,Dimed S.A. Distribuidora de Medicamentos,Healthcare,Drug Manufacturers - General,1783544960.0,5898494976.0,265608992.0,137651008.0,1360363825.982,295198016.0,1403750016.0,0.10791001,0.0423,0.023340002,1.0318930782996094,0.149,0.176,0.0762144118709129,0.7627303703139848,3.3071748166079318,10.888550881590636,13.120878,1.3110793,10.889,2892097024.0,265608992.0,126680872.0,0.311,0.91,9.107,Yahoo Finance,11.970000267028809,9356969.158736864,13.153846447284405,1.3143735881221927,10.888550881590636,0.07102757420816574,0.021476812731966968,4.173623760448592,0.016691573397715764,-0.25509176264977595,,1.0517696282896134,0.9787946641265395,0.3484690484737443,-0.35290307831621115,250,2026-08-27 00:00:00+00:00,general,50.0,12.5,37.5,50.0,37.5,1.0,87.5,71.42857142857143,79.46428571428572,1.0,62.5,62.5,87.5,12.5,56.25,1.0,50.0,37.5,,75.0,75.0,59.375,0.8,50.0,50.0,50.0,1.0,9.375,15.892857142857146,11.25,11.875,7.5,55.892857142857146,0.96,True,True,True,5,OK,NAO_PRIORIZAR,11.548560230521495,11.970000267028809,5.0,False,AGUARDAR
TASA4,,Taurus Armas S.A.,Industrials,Aerospace & Defense,775804032.0,1427314048.0,74359000.0,26678000.0,753077866.633,308059008.0,734168000.0,0.02085,0.29681,0.01869,0.9748898919077972,-0.103,1.75,0.0305206462099797,1.5330340084431846,1.8397868393651249,16.163653195981656,32.764706,0.65230125,16.164,1201913088.0,74359000.0,116207376.0,0.562,0.17,8.539,Yahoo Finance,5.550000190734863,1762763.3105802536,32.647059945499194,0.6499590339307721,16.163653195981656,0.14978960047477557,0.08141682355248563,5.730429295714036,0.1858975201512103,-0.08205845768201503,,1.1307147338833154,1.1164867895962562,0.37064314628765044,-0.3202270753461368,250,2026-08-27 00:00:00+00:00,general,21.428571428571427,78.57142857142857,25.0,67.85714285714286,48.214285714285715,1.0,3.571428571428571,90.47619047619048,47.023809523809526,1.0,32.142857142857146,92.85714285714286,75.0,14.285714285714292,53.57142857142857,1.0,85.71428571428571,71.42857142857143,,89.28571428571429,82.14285714285714,82.14285714285714,0.8,42.85714285714286,53.57142857142857,48.214285714285715,1.0,12.053571428571429,9.404761904761905,10.714285714285715,16.428571428571427,7.232142857142857,55.833333333333336,0.96,True,True,True,5,OK,NAO_PRIORIZAR,5.342161502267802,5.550000190734863,5.0,False,AGUARDAR
B3SA3,,"B3 S.A. - Brasil, Bolsa, Balcão",Financial Services,Financial Data & Stock Exchanges,80054509568.0,10777143296.0,7260534784.0,5329711104.0,18676058065.514,15663472640.0,15465590784.0,0.27714002,0.64725,0.49453998,0.8280971674936992,0.088,0.33,0.0610972528964374,0.2332917607415692,0.1346225634777721,11.018370560842698,16.367348,4.286478,11.018,79999262720.0,7260534784.0,4277547008.0,0.11,0.98,3.742,Yahoo Finance,15.729999542236328,597630737.7581596,16.05101994105748,4.2036342977649195,11.018370560842698,0.053432930025841464,0.39690917068789805,-0.027254446385419313,-0.03242818342337905,-0.10698062526786634,,1.0462479500683217,1.0034661551367023,0.3490899794990572,-0.27772179834074284,250,2026-08-27 00:00:00+00:00,financial,85.71428571428571,,,,85.71428571428571,1.0,,78.94736842105263,78.94736842105263,1.0,19.047619047619047,9.523809523809524,,,14.285714285714285,1.0,23.809523809523807,61.904761904761905,,85.71428571428571,66.66666666666666,59.52380952380952,0.8,9.523809523809518,38.095238095238095,23.809523809523807,1.0,21.428571428571427,15.789473684210527,2.857142857142857,11.904761904761905,3.5714285714285707,55.55137844611528,0.96,True,True,True,5,OK,NAO_PRIORIZAR,15.175190521102753,15.729999542236328,5.0,False,AGUARDAR
SHUL4,,Schulz S.A.,Consumer Cyclical,Auto Parts,1629452800.0,1867069952.0,263128992.0,259668000.0,857250626.1800001,1062444992.0,881537024.0,0.16851999,0.11668,0.13908,1.0283305687721953,-0.048,-0.181,0.1597374172440375,0.9201312291158964,1.1458263485754236,5.518227957183829,6.260274,1.0868015,5.518,1452005760.0,263128992.0,82774872.0,0.09,0.73,4.205,Yahoo Finance,4.570000171661377,2062319.210799535,6.260274207755311,1.086801467695928,5.518227957183829,0.050799183627779826,0.04433410323557068,-0.6875257896324857,-0.05768067162774715,-0.17719244987038874,,1.0084268335376068,0.9452754265275024,0.24124052011971497,-0.24380931645567883,250,2026-08-27 00:00:00+00:00,general,60.0,55.00000000000001,70.0,25.0,52.5,1.0,20.0,35.294117647058826,27.647058823529413,1.0,60.0,45.0,40.0,65.0,52.5,1.0,55.00000000000001,65.0,,60.0,75.0,63.75,0.8,90.0,90.0,90.0,1.0,13.125,5.529411764705883,10.5,12.75,13.5,55.404411764705884,0.96,True,True,True,5,OK,NAO_PRIORIZAR,4.458610764162652,4.570000171661377,5.0,False,AGUARDAR
ABCB4,,Banco ABC Brasil S.A.,Financial Services,Banks - Regional,5952865280.0,2492614912.0,,1019867008.0,3562779398.64,13162109952.0,18647248896.0,0.14905,0.42564,0.40916002,5.233904996508656,0.122,-0.029,0.2406926325236786,1.2181817772066128,0.4187252347830724,,4.1546764,0.82089555,,11463772160.0,,,0.191,5.56,28.14,Yahoo Finance,23.049999237060547,14034952.45211919,4.145683316018085,0.8191186651407444,,,,,-0.013685511225445812,-0.1348118643404046,,0.980736206412419,0.974243794053473,0.2290677562945046,-0.17322909426444788,250,2026-08-27 00:00:00+00:00,financial,57.14285714285714,,,,57.14285714285714,1.0,,21.052631578947366,21.052631578947366,1.0,90.47619047619048,71.42857142857143,,,80.95238095238096,1.0,33.33333333333333,38.095238095238095,,42.857142857142854,47.61904761904761,40.476190476190474,0.8,85.71428571428572,80.95238095238095,83.33333333333334,1.0,14.285714285714285,4.2105263157894735,16.190476190476193,8.095238095238095,12.500000000000002,55.28195488721804,0.96,True,True,True,5,OK,NAO_PRIORIZAR,22.51652641551783,23.049999237060547,5.0,False,AGUARDAR
LIGT3,,Light S.A.,Utilities,Utilities - Renewable,5782350336.0,15639898112.0,1576046976.0,2414539008.0,40434577672.368,1854622976.0,9534141440.0,0.32412,-0.01585,0.15438,0.235791789820409,0.098,,0.4038997326991569,6.992758089939316,2.704764879884303,5.71737971343311,2.475862,0.14300509,5.717,9010859008.0,1576046976.0,-1196595072.0,,1.45,25.104,Yahoo Finance,3.4700000286102295,11515756.078281004,2.393103468007055,0.13822498520595242,5.71737971343311,-0.20693922064012416,-0.07650913474186193,4.872645664084571,0.2710622726617731,-0.27708335609899537,,1.0976844330844076,0.8176441541513869,0.613757535041884,-0.5999999846181557,250,2026-08-27 00:00:00+00:00,general,100.0,5.88235294117647,64.70588235294117,88.23529411764706,64.70588235294117,1.0,41.17647058823529,,41.17647058823529,0.5,100.0,100.0,100.0,82.35294117647058,95.58823529411765,1.0,100.0,11.76470588235294,,100.0,5.88235294117647,54.41176470588235,0.8,0.0,5.88235294117647,2.941176470588235,1.0,16.176470588235293,8.235294117647058,19.117647058823533,10.882352941176471,0.4411764705882352,54.85294117647059,0.86,True,True,True,5,OK,NAO_PRIORIZAR,3.2548191201758683,3.4700000286102295,5.0,False,AGUARDAR
PSSA3,,Porto Seguro S.A.,Financial Services,Insurance - Diversified,31325294592.0,45328318464.0,5306067968.0,3684011008.0,16126084862.034,14486344704.0,1032854976.0,0.24169001,0.12352,0.08127,0.0640487126811339,0.096,0.003,0.1149989839839765,0.5147943929212476,1.447019702588085,3.3864658885575736,8.695729,1.9425231,3.386,17968818176.0,5306067968.0,-1952288256.0,0.426,5.62,25.158,Yahoo Finance,48.34000015258789,70008163.52098465,8.601423514695353,1.9214564016451183,3.3864658885575736,-0.06232306132880182,-0.0430699466063476,-2.535491405148921,0.010352572200867272,-0.047720959096395954,,0.9300906208463546,0.9879019414839515,0.25849632165472575,-0.16140668421633775,250,2026-08-27 00:00:00+00:00,financial,71.42857142857143,,,,71.42857142857143,1.0,,31.57894736842105,31.57894736842105,1.0,57.14285714285714,33.33333333333333,,,45.238095238095234,1.0,57.14285714285714,80.95238095238095,,14.285714285714285,57.14285714285714,52.38095238095237,0.8,57.142857142857146,85.71428571428571,71.42857142857143,1.0,17.857142857142858,6.315789473684211,9.047619047619047,10.476190476190474,10.714285714285714,54.41102756892231,0.96,True,True,True,5,OK,NAO_PRIORIZAR,47.07747965931778,48.34000015258789,5.0,False,AGUARDAR
KLBN4,,Klabin S.A.,Basic Materials,Paper & Paper Products,22994831360.0,20688439296.0,6664628224.0,176927008.0,29610730576.375,10108760064.0,36700041216.0,0.036510002,0.12394,0.00855,1.2394169445208227,-0.018,-0.517,0.008,2.05573339933608,0.8996995443066385,5.655677732219741,125.0,0.4864444,5.656,37692989440.0,6664628224.0,2128736640.0,0.015,0.03,7.709,Yahoo Finance,3.7100000381469727,15053708.52145195,123.66666793823242,0.4812556801332174,5.655677732219741,0.09257457063603358,0.10289498446659434,3.989912153875607,0.11411415109523637,-0.09951452883510759,,1.053737796502584,1.023434843512397,0.21281291163002014,-0.22488034866151918,250,2026-08-27 00:00:00+00:00,general,31.57894736842105,42.10526315789473,36.84210526315789,52.631578947368425,40.78947368421052,1.0,42.10526315789473,26.666666666666668,34.3859649122807,1.0,36.84210526315789,89.47368421052632,36.84210526315789,73.6842105263158,59.210526315789465,1.0,78.94736842105263,42.10526315789473,,57.89473684210527,52.63157894736842,57.89473684210526,0.8,89.47368421052632,89.47368421052632,89.47368421052632,1.0,10.19736842105263,6.87719298245614,11.842105263157894,11.578947368421053,13.421052631578947,53.916666666666664,0.96,True,True,True,5,OK,NAO_PRIORIZAR,3.6302282533398023,3.7100000381469727,5.0,False,AGUARDAR
BBDC3,,Banco Bradesco S.A.,Financial Services,Banks - Regional,159261212672.0,93278076928.0,,24318943232.0,90933896471.396,280313430016.0,838676250624.0,0.13763,0.34515,0.26071,9.222922179385684,0.072,0.178,0.144946820461041,1.1402260874492978,0.5856923689266833,,6.899082,0.87701905,,718801469440.0,,,0.233,2.18,17.149,Yahoo Finance,14.960000038146973,103801431.83001985,6.862385338599529,0.8723540753482403,,,,,-0.012075495843828943,-0.14468261697823892,,0.9706078728680416,0.9472539298398553,0.23679359634930944,-0.22439579058172765,250,2026-08-27 00:00:00+00:00,financial,40.476190476190474,,,,40.476190476190474,1.0,,60.526315789473685,60.526315789473685,1.0,76.19047619047619,61.904761904761905,,,69.04761904761905,1.0,42.857142857142854,33.33333333333333,,33.33333333333333,33.33333333333333,35.71428571428571,0.8,80.95238095238095,61.904761904761905,71.42857142857143,1.0,10.119047619047619,12.105263157894738,13.80952380952381,7.142857142857142,10.714285714285714,53.890977443609025,0.96,True,True,True,5,OK,NAO_PRIORIZAR,14.602085804849514,14.960000038146973,5.0,False,AGUARDAR
CSMG3,,Companhia de Saneamento de Minas Gerais,Utilities,Utilities - Regulated Water,20752599040.0,8688549888.0,2886625024.0,1293036032.0,8853507209.07,1384306048.0,9370937344.0,0.1497,0.20989999,0.14882,1.0584435210489147,0.147,-0.212,0.0628540114702914,0.4266216154240779,0.4186728549640016,9.955996867295225,15.9098835,2.3439975,9.956,28739229696.0,2886625024.0,-761662848.0,0.274,3.44,23.349,Yahoo Finance,55.20000076293945,281605563.89217377,16.0465118496917,2.36412697601351,9.955996867295223,-0.03670204616452706,-0.08766282726326449,2.766771308915252,0.05397135495857519,0.00707104105876466,,0.9093205628375287,1.0494072522585878,0.3189733299330205,-0.2093401891185035,250,2026-08-27 00:00:00+00:00,general,58.82352941176471,41.17647058823529,58.82352941176471,64.70588235294117,55.882352941176464,1.0,88.23529411764706,36.36363636363637,62.29946524064171,1.0,47.05882352941176,11.76470588235294,35.294117647058826,17.64705882352942,27.94117647058824,1.0,94.11764705882352,94.11764705882352,,11.76470588235294,94.11764705882352,73.52941176470587,0.8,23.529411764705884,70.58823529411765,47.05882352941177,1.0,13.970588235294116,12.459893048128343,5.5882352941176485,14.705882352941174,7.058823529411765,53.783422459893046,0.96,True,True,True,5,OK,NAO_PRIORIZAR,53.42102153422651,55.20000076293945,5.0,False,AGUARDAR
GMAT3,,Grupo Mateus S.A.,Consumer Cyclical,Department Stores,11008279552.0,40568193024.0,2378043904.0,1620167040.0,10877008564.492,1631590016.0,6883795968.0,0.14265999,0.051149998,0.03994,0.6328758433152434,0.122,-0.408,0.1506276125417973,0.988075314262294,3.685243714275907,7.325813947630127,6.638889,1.0120686,7.326,17421107200.0,2378043904.0,968797888.0,0.455,0.72,4.723,Yahoo Finance,4.760000228881836,26669289.61571058,6.61111142900255,1.0078340522722498,7.325813947630127,0.08800629411922842,0.0238807256568431,2.208624467851709,0.11475415694240843,-0.17931033235384408,,1.2191374389298328,1.0423045082994467,0.4104044543075637,-0.5009530230778563,250,2026-08-27 00:00:00+00:00,general,45.0,25.0,35.0,70.0,43.75,1.0,75.0,23.52941176470588,49.26470588235294,1.0,55.00000000000001,50.0,65.0,40.0,52.5,1.0,85.0,60.0,,100.0,90.0,83.75,0.8,40.0,30.0,35.0,1.0,10.9375,9.852941176470589,10.5,16.75,5.25,53.29044117647059,0.96,True,True,True,5,OK,NAO_PRIORIZAR,4.562623266622559,4.760000228881836,5.0,False,AGUARDAR
KLBN3,,Klabin S.A.,Basic Materials,Paper & Paper Products,23608027136.0,20688439296.0,6664628224.0,176927008.0,17660513085.722,10108760064.0,36700041216.0,0.036510002,0.12394,0.00855,2.0780846534787765,-0.018,-0.517,0.0077922079946028,2.002337689205393,0.876330714837755,5.674141797110392,128.33333,0.49941626,5.674,37816045568.0,6664628224.0,2128736640.0,0.015,0.03,7.709,Yahoo Finance,3.859999895095825,2962221.8194949627,128.66666316986084,0.5007134382015599,5.674141797110392,0.09017003529083033,0.10289498446659434,3.989912153875607,0.1386430016659057,-0.06987956472466794,,1.0838434018573437,1.059901589060993,0.21692756292125534,-0.23040380518314063,250,2026-08-27 00:00:00+00:00,general,31.57894736842105,42.10526315789473,36.84210526315789,21.05263157894737,32.89473684210526,1.0,42.10526315789473,26.666666666666668,34.3859649122807,1.0,31.57894736842105,84.21052631578947,31.57894736842105,63.15789473684211,52.63157894736842,1.0,94.73684210526315,57.89473684210527,,73.68421052631578,73.68421052631578,75.0,0.8,84.21052631578948,84.21052631578947,84.21052631578948,1.0,8.223684210526315,6.87719298245614,10.526315789473685,15.0,12.631578947368421,53.25877192982456,0.96,True,True,True,5,OK,NAO_PRIORIZAR,3.7753981246797603,3.859999895095825,5.0,False,AGUARDAR
SUZB3,,Suzano S.A.,Basic Materials,Paper & Paper Products,56639479808.0,47825412096.0,19853993984.0,8168698880.0,43657596034.178,26269284352.0,99413540864.0,0.17604999,0.26674998,0.1708,2.277118987178603,-0.128,-0.64,0.1441617718819585,0.770798038812302,0.8443829685251618,6.548296205628588,6.9366517,1.2973567,6.548,130009833472.0,19853993984.0,177601872.0,0.023,6.63,35.449,Yahoo Finance,46.400001525878906,286072249.4075775,6.998491934521706,1.308922720693924,6.548296205628588,0.003135655069609498,0.0037135460880817835,3.6841079216073966,0.10713437592016706,-0.21321271593990643,,1.1005223058454336,0.9850984886360298,0.2761989484373999,-0.32716123610037795,250,2026-08-27 00:00:00+00:00,general,89.47368421052632,94.73684210526315,100.0,15.789473684210535,75.0,1.0,15.789473684210526,13.333333333333334,14.56140350877193,1.0,100.0,36.84210526315789,21.052631578947366,42.10526315789473,50.0,1.0,73.68421052631578,31.57894736842105,,84.21052631578947,47.368421052631575,59.210526315789465,0.8,73.6842105263158,52.63157894736842,63.15789473684211,1.0,18.75,2.912280701754386,10.0,11.842105263157894,9.473684210526317,52.978070175438596,0.96,True,True,True,5,OK,NAO_PRIORIZAR,45.105157560988125,46.400001525878906,5.0,False,AGUARDAR
SBFG3,,Grupo SBF S.A.,Consumer Cyclical,Specialty Retail,1923737856.0,8368808960.0,793177984.0,418827008.0,3203461548.672,429320992.0,3200668928.0,0.13704,0.09770001,0.05005,0.9991282490426152,0.221,1.85,0.2158273210496364,1.6652277156437836,4.350285530795315,5.919334200783869,4.6333337,0.60051847,5.919,4695085568.0,793177984.0,-694090496.0,0.56,1.8,13.888,Yahoo Finance,8.329999923706055,17319263.80804062,4.627777735392253,0.5997983816032586,5.919334200783869,-0.3608030552786502,-0.08293778712329454,3.493979903506752,-0.2718531268139299,-0.3328294656716413,,0.8795269704494322,0.7303595742060168,0.42061274774862706,-0.4675655157680483,250,2026-08-27 00:00:00+00:00,general,40.0,50.0,40.0,35.0,41.25,1.0,95.0,94.11764705882352,94.55882352941177,1.0,75.0,80.0,75.0,60.0,72.5,1.0,15.0,20.0,,25.0,20.0,20.0,0.8,35.0,35.0,35.0,1.0,10.3125,18.911764705882355,14.5,4.0,5.25,52.974264705882355,0.96,True,True,True,5,OK,NAO_PRIORIZAR,7.975998629554993,8.329999923706055,5.0,False,AGUARDAR
SANB11,,Banco Santander (Brasil) S.A.,Financial Services,Banks - Regional,161258127360.0,48286806016.0,,13840916480.0,126989866107.9,171627053056.0,328950317056.0,0.11151,0.33218,0.28664,2.5903666736407094,0.288,0.498,0.0681772727720528,1.1328222794423344,0.29943796822223,,14.6676445,0.882751,,271492005888.0,,,0.178,2.046,33.996,Yahoo Finance,29.469999313354492,141337183.4902032,14.403714229401023,0.8668666700010146,,,,,0.10680083531019391,-0.11187563933157507,,1.0706375704003843,0.9909999069471626,0.3087301688666092,-0.30558315695878346,250,2026-08-27 00:00:00+00:00,financial,28.57142857142857,,,,28.57142857142857,1.0,,89.47368421052632,89.47368421052632,1.0,28.57142857142857,57.14285714285714,,,42.857142857142854,1.0,85.71428571428571,57.14285714285714,,95.23809523809523,61.904761904761905,75.0,0.8,33.33333333333334,23.809523809523807,28.571428571428577,1.0,7.142857142857142,17.894736842105264,8.571428571428571,15.0,4.2857142857142865,52.89473684210526,0.96,True,True,True,5,OK,NAO_PRIORIZAR,28.55074300786296,29.469999313354492,5.0,False,AGUARDAR
PRNR3,,Priner Serviços Industriais S.A.,Industrials,Engineering & Construction,1006746368.0,1716699008.0,271158016.0,43844000.0,553368463.292,313387008.0,974953024.0,0.12181,0.074829996,0.02554,1.7618514401778247,0.278,,0.0402038495990068,0.5496602357701622,1.7051951341134612,6.42811960978502,24.87324,1.8193057,6.428,1743036160.0,271158016.0,-15316500.0,0.563,0.71,9.707,Yahoo Finance,17.549999237060547,7426633.177146912,24.71830878459232,1.8079735486824504,6.4281196097850195,-0.015213861690335891,-0.008922064921470498,2.4397804120236666,-0.09020226002509912,-0.20118344171304747,,0.971868382128437,0.9627489795430267,0.333938916497634,-0.2703686305123527,250,2026-08-27 00:00:00+00:00,general,42.857142857142854,14.285714285714285,28.57142857142857,46.42857142857143,33.035714285714285,1.0,85.71428571428571,,85.71428571428571,0.5,39.285714285714285,32.142857142857146,67.85714285714286,46.42857142857143,46.42857142857143,1.0,28.57142857142857,46.42857142857143,,28.57142857142857,53.57142857142857,39.285714285714285,0.8,64.28571428571428,67.85714285714286,66.07142857142857,1.0,8.258928571428571,17.142857142857142,9.285714285714286,7.857142857142858,9.910714285714285,52.455357142857146,0.86,True,True,True,5,OK,NAO_PRIORIZAR,16.957863112516222,17.549999237060547,5.0,False,AGUARDAR
BPAC11,,Banco BTG Pactual S.A.,Financial Services,Capital Markets,180541030400.0,45732073472.0,,18199445504.0,55776227727.384,499620380672.0,505420185600.0,0.24406,0.52285,0.39796,9.061569887270414,0.109,0.2,0.0114595002924464,0.3114781569712861,0.2533057076869325,,87.26384,3.210498,,268017729536.0,,,0.323,0.614,16.689,Yahoo Finance,53.7400016784668,572065094.4340324,87.52443270108598,3.2200851865580202,,,,,0.01444273413824626,-0.12111059239484312,,1.0001396896704964,0.980484071883528,0.32251121326030685,-0.23531234173025128,250,2026-08-27 00:00:00+00:00,financial,76.19047619047619,,,,76.19047619047619,1.0,,68.42105263157895,68.42105263157895,1.0,9.523809523809524,19.047619047619047,,,14.285714285714285,1.0,61.904761904761905,47.61904761904761,,61.904761904761905,52.38095238095239,55.95238095238095,0.8,19.04761904761905,52.38095238095239,35.71428571428572,1.0,19.047619047619047,13.68421052631579,2.857142857142857,11.19047619047619,5.3571428571428585,52.136591478696744,0.96,True,True,True,5,OK,NAO_PRIORIZAR,51.98886551861272,53.7400016784668,5.0,False,AGUARDAR
LOGG3,,LOG Commercial Properties e Participações S.A.,Real Estate,Real Estate Services,2106169856.0,273552000.0,16707000.0,374063008.0,3519113493.969,250199008.0,2273096960.0,0.10479999,-1.64653,1.36743,0.6459288579057189,0.076,-0.331,0.176836879826431,1.6708592144552312,0.1298812625300435,248.7366148321063,5.654929,0.59849447,248.737,4155642624.0,16707000.0,669249856.0,0.399,4.26,40.251,Yahoo Finance,24.020000457763672,14242579.204762775,5.638497760038421,0.5967553714880046,248.7366148321063,0.31775682958022544,2.4465178686319238,121.08086143532651,-0.01597503454488114,-0.04905111621016445,,0.9391256822478764,1.0093875190231383,0.3072572738272449,-0.19226592665730435,250,2026-08-27 00:00:00+00:00,general,25.0,6.25,100.0,68.75,50.0,1.0,43.75,20.0,31.875,1.0,50.0,81.25,6.25,0.0,34.375,1.0,81.25,87.5,,18.75,81.25,67.1875,0.8,68.75,100.0,84.375,1.0,12.5,6.375,6.875,13.4375,12.65625,51.84375,0.96,True,True,True,5,OK,NAO_PRIORIZAR,23.274320267839204,24.020000457763672,5.0,False,AGUARDAR
CMIG4,,Companhia Energética de Minas Gerais - CEMIG,Utilities,Utilities - Regulated Electric,30065768448.0,43739537408.0,7890142208.0,4595104768.0,19423521140.904,3082108928.0,22749945856.0,0.15944,0.15578,0.105059996,1.17125755371362,0.034,-0.204,0.1541389229450276,0.970599380058764,1.4547952593877438,6.303829210780177,6.487654,1.0302912,6.304,49738108928.0,7890142208.0,-3181103360.0,0.058,1.62,10.201,Yahoo Finance,10.399999618530273,143270464.07820383,6.4197528509446125,1.019507853987871,6.303829210780177,-0.10580482469629375,-0.07272832655560214,2.4927100690350446,-0.013676509439824125,-0.10169907303219927,,0.9611012330094407,0.9453121697925764,0.22703849347558921,-0.25063833418157266,250,2026-08-27 00:00:00+00:00,general,70.58823529411765,17.647058823529413,41.17647058823529,47.05882352941176,44.117647058823536,1.0,11.76470588235294,45.45454545454545,28.609625668449198,1.0,88.23529411764706,64.70588235294117,88.23529411764706,70.58823529411765,77.94117647058823,1.0,47.05882352941176,58.82352941176471,,35.294117647058826,52.94117647058824,48.529411764705884,0.8,82.35294117647058,47.05882352941176,64.70588235294117,1.0,11.029411764705884,5.72192513368984,15.588235294117647,9.705882352941178,9.705882352941176,51.75133689839572,0.96,True,True,True,5,OK,NAO_PRIORIZAR,10.161432688990196,10.399999618530273,5.0,False,AGUARDAR
MYPK3,,Iochpe-Maxion S.A.,Consumer Cyclical,Auto Parts,1359909504.0,15141321728.0,1345465984.0,91458000.0,4095754009.578,1868049024.0,5767065088.0,0.049039997,0.06424,0.00604,1.408059437777173,-0.023,0.001,0.0671806208093988,3.0117842080709187,11.134065673828838,4.346594138793181,14.885245,0.3320291,4.347,5848194560.0,1345465984.0,324733504.0,0.204,0.61,27.347,Yahoo Finance,9.09000015258789,7645084.028333029,14.901639594406378,0.3323947838003397,4.346594138793181,0.23879052469656098,0.021446839967708266,2.8978927080775607,0.012249511799437007,-0.1351094239172076,,0.9869492659492121,0.939602879873448,0.2784183419032265,-0.36867532061005814,250,2026-08-27 00:00:00+00:00,general,25.0,30.0,20.0,10.0,21.25,1.0,30.0,52.94117647058824,41.470588235294116,1.0,20.0,90.0,90.0,95.0,73.75,1.0,70.0,80.0,,55.00000000000001,70.0,68.75,0.8,70.0,55.00000000000001,62.5,1.0,5.3125,8.294117647058824,14.75,13.75,9.375,51.481617647058826,0.96,True,True,True,5,OK,NAO_PRIORIZAR,8.834295191231256,9.09000015258789,5.0,False,AGUARDAR
RANI3,,Irani Papel e Embalagem S.A.,Consumer Cyclical,Packaging & Containers,1773728768.0,1691191040.0,472288000.0,131436000.0,1432308996.846,835699008.0,1977170944.0,0.09207,0.13475999,0.07654,1.3804081021300625,0.044,-0.702,0.073834197704133,0.8075129714846174,0.953466544891716,6.174770648417915,13.5438595,1.2383702,6.175,2916270080.0,472288000.0,87657752.0,-0.059,0.57,6.234,Yahoo Finance,7.739999771118164,4159604.876995086,13.578946966873973,1.2415784040933853,6.174770648417915,0.04942004300851482,0.05183196334815019,2.416898028321702,-0.030876274829235717,-0.16780333527608782,,0.9792183861515462,0.92802349150789,0.23415992643959033,-0.20116527852794763,250,2026-08-27 00:00:00+00:00,general,30.0,65.0,50.0,15.0,40.0,1.0,55.00000000000001,11.76470588235294,33.38235294117647,1.0,35.0,40.0,35.0,50.0,40.0,1.0,60.0,75.0,,50.0,65.0,62.5,0.8,95.0,95.0,95.0,1.0,10.0,6.676470588235294,8.0,12.5,14.25,51.42647058823529,0.96,True,True,True,5,OK,NAO_PRIORIZAR,7.556881810838182,7.739999771118164,5.0,False,AGUARDAR
LWSA3,,Locaweb Serviços de Internet S.A.,Technology,Software - Infrastructure,2418294784.0,1506848000.0,-190507008.0,-200224992.0,2433444172.664,314495008.0,75137000.0,-0.07797,0.11532,-0.13288,0.0308768127266072,0.012,1.081,-0.0827959408938625,1.006264469265478,0.6231035231807373,,,0.99377453,-11.17,2127874048.0,-190507008.0,-109469624.0,0.15,-0.37,4.337,Yahoo Finance,4.329999923706055,14471956.678339642,,0.9983859635015114,-11.17,-0.04526727871402463,-0.07264808660196649,,0.17380801326150364,0.20283068290721862,,1.1184553130158619,1.1158569013170863,0.4373774474216795,-0.2752447063855449,250,2026-08-27 00:00:00+00:00,general,7.857142857142857,32.142857142857146,2.857142857142857,96.42857142857143,34.82142857142857,1.0,27.500000000000004,85.08771929824562,56.29385964912281,1.0,10.0,60.0,23.57142857142857,,31.19047619047619,0.75,91.42857142857143,96.42857142857143,,86.42857142857143,87.14285714285714,90.35714285714286,0.8,25.714285714285708,66.42857142857143,46.07142857142857,1.0,8.705357142857142,11.258771929824562,6.238095238095238,18.071428571428573,6.910714285714286,51.184367167919795,0.9099999999999999,True,True,True,5,OK,NAO_PRIORIZAR,4.138652906923477,4.329999923706055,5.0,False,AGUARDAR
SOJA3,,Boa Safra Sementes S.A.,Basic Materials,Agricultural Inputs,974737728.0,2644421888.0,187360000.0,11045000.0,1331201131.426,1100899968.0,1982148992.0,0.04632,0.32412997,0.0089300005,1.4889928690765883,-0.004,-0.259,0.0419681606870221,1.3657019816759122,2.7129573546167283,9.969041844577283,23.827587,0.73222417,9.969,1867799680.0,187360000.0,353051616.0,,0.29,9.437,Yahoo Finance,6.869999885559082,5231298.812856674,23.68965477778994,0.7279855765136254,9.969041844577283,0.36220165266856275,0.13350805240347488,4.703506746370623,0.09394898981519906,-0.16117213216785553,,1.170477366848907,0.9407285519634581,0.4356706252798511,-0.5237080697051134,250,2026-08-27 00:00:00+00:00,general,63.1578947368421,100.0,47.368421052631575,31.578947368421055,60.526315789473685,1.0,52.63157894736842,66.66666666666666,59.649122807017534,1.0,57.89473684210527,57.89473684210527,68.42105263157895,10.526315789473685,48.684210526315795,1.0,63.1578947368421,36.84210526315789,,94.73684210526315,31.57894736842105,56.57894736842105,0.8,21.05263157894737,15.789473684210526,18.42105263157895,1.0,15.131578947368421,11.929824561403507,9.73684210526316,11.31578947368421,2.763157894736842,50.877192982456144,0.96,True,True,True,5,OK,NAO_PRIORIZAR,6.567592474512841,6.869999885559082,5.0,False,AGUARDAR
ANIM3,,Ânima Holding S.A.,Consumer Defensive,Education & Training Services,1039115520.0,4148687104.0,1266364032.0,153832992.0,2417549591.59,1776907008.0,6017077248.0,0.09607001,0.26252002,0.03708,2.4889157471399064,0.044,2.052,0.149090901826116,2.326545288472422,3.9925176981285007,4.6124618169824965,6.7073174,0.42982185,4.612,5841055744.0,1266364032.0,214091504.0,0.716,0.41,6.398,Yahoo Finance,2.7799999713897705,28918486.369053524,6.780487735097002,0.4345107801484481,4.6124618169824965,0.20603243804885138,0.05160463988561139,3.348302804607767,-0.15757575407282154,-0.4444384357399227,,1.1636667925933921,0.7865154536533947,0.6954117600581796,-0.626746210773917,250,2026-08-27 00:00:00+00:00,general,60.0,80.0,53.333333333333336,20.0,53.333333333333336,1.0,60.0,100.0,80.0,1.0,73.33333333333333,86.66666666666667,73.33333333333333,80.0,78.33333333333333,1.0,6.666666666666667,6.666666666666667,,80.0,13.333333333333334,26.666666666666664,0.8,0.0,6.666666666666667,3.3333333333333335,1.0,13.333333333333334,16.0,15.666666666666666,5.333333333333333,0.5,50.833333333333336,0.96,True,True,True,5,OK,NAO_PRIORIZAR,2.5846720882190746,2.7799999713897705,5.0,False,AGUARDAR
GRND3,,Grendene S.A.,Consumer Cyclical,Footwear & Accessories,3121473536.0,2584340992.0,275390016.0,644808000.0,3153951360.0,1058073984.0,70567000.0,0.17924,0.08727,0.24951,0.0223741560808344,-0.18,-0.245,0.1878612689615423,1.0104046417989243,0.8279234029040315,11.712771344622748,5.323077,0.9897025,11.713,3225580288.0,275390016.0,1214306688.0,0.4,0.65,3.496,Yahoo Finance,3.490000009536743,9821267.193504173,5.369230783902681,0.9982837555883133,11.712771344622748,0.3890171337335983,0.46987092328720065,-3.585848892938806,-0.12670661581983123,-0.2738882491605239,,0.9601172619469762,0.8583143129739959,0.27672186290283884,-0.3034042701758144,250,2026-08-27 00:00:00+00:00,general,65.0,40.0,100.0,95.0,75.0,1.0,5.0,29.411764705882355,17.205882352941178,1.0,65.0,60.0,25.0,5.0,38.75,1.0,40.0,50.0,,40.0,55.00000000000001,46.25,0.8,75.0,80.0,77.5,1.0,18.75,3.4411764705882355,7.75,9.25,11.625,50.81617647058823,0.96,True,True,True,5,OK,NAO_PRIORIZAR,3.392423265545636,3.490000009536743,5.0,False,AGUARDAR
TIMS3,,TIM S.A.,Communication Services,Telecom Services,43467354112.0,27402760192.0,11373073408.0,4325640192.0,24282337069.893,4529852928.0,16497486848.0,0.17254,0.24656999,0.15785,0.6794027609663148,0.055,0.025,0.0983606525127654,0.5586339077039582,0.6304216291010669,4.895797665460738,10.166667,1.7900811,4.896,55680266240.0,11373073408.0,4423418880.0,0.114,1.8,10.223,Yahoo Finance,18.329999923706055,132870686.74695969,10.183333290947807,1.793015741338751,4.895797665460738,0.10176416233208982,0.16142238405937584,1.0522779103475914,-0.15663485142644673,-0.3398792010821635,,0.8877001794040937,0.7872779149275754,0.28478721243574756,-0.3584821845413727,250,2026-08-27 00:00:00+00:00,general,83.33333333333334,83.33333333333334,83.33333333333334,33.33333333333334,70.83333333333334,1.0,16.666666666666664,80.0,48.33333333333333,1.0,83.33333333333334,33.33333333333333,33.33333333333333,66.66666666666667,54.16666666666667,1.0,33.33333333333333,16.666666666666664,,33.33333333333333,16.666666666666664,24.999999999999993,0.8,66.66666666666667,33.33333333333333,50.0,1.0,17.708333333333336,9.666666666666666,10.833333333333336,4.999999999999999,7.5,50.708333333333336,0.96,True,True,True,5,OK,NAO_PRIORIZAR,17.80257533956774,18.329999923706055,5.0,False,AGUARDAR
LREN3,,Lojas Renner S.A.,Consumer Cyclical,Department Stores,10281806848.0,15971509248.0,2326944000.0,1493933056.0,10363484980.965,1916984960.0,3287977984.0,0.14456001,0.12481,0.09354,0.3172656678751551,0.008,0.032,0.1392523433071014,1.0079439489627178,1.5533757328953084,5.009455065528006,7.1812077,0.99211866,5.009,11656721408.0,2326944000.0,1390865536.0,0.372,1.49,10.785,Yahoo Finance,10.630000114440918,171172783.55948606,7.134228264725448,0.9856281979082909,5.009455065528006,0.1352744275944601,0.0870841643330713,0.5891817869274035,-0.2751460715835299,-0.31738771696776424,,0.8075686204848578,0.758210396544466,0.38320931067911057,-0.34581589592707107,250,2026-08-27 00:00:00+00:00,general,50.0,60.0,60.0,90.0,65.0,1.0,40.0,64.70588235294117,52.35294117647059,1.0,50.0,55.00000000000001,50.0,85.0,60.0,1.0,10.0,25.0,,5.0,25.0,16.25,0.8,50.0,65.0,57.5,1.0,16.25,10.470588235294118,12.0,3.25,8.625,50.595588235294116,0.96,True,True,True,5,OK,NAO_PRIORIZAR,10.218427240971927,10.630000114440918,5.0,False,AGUARDAR
DXCO3,,Dexco S.A.,Basic Materials,Lumber & Wood Production,4720927232.0,8474588160.0,1895437056.0,-36063000.0,6923421744.672,2677775104.0,8774855680.0,0.0073,0.056760002,-0.00426,1.2674160268732426,0.052,,-0.007638965446354,1.4665384325461248,1.795110948238399,5.961256074546218,,0.6818778,5.961,11299185664.0,1895437056.0,10151750.0,0.422,-0.04,7.626,Yahoo Finance,5.239999771118164,9287934.527638754,,0.6871229702489069,5.961256074546218,0.0021503720564019914,0.0011979048194832869,3.2167148767613836,0.10084023511677098,-0.06595371721755239,,1.0434505093659256,1.03231177627254,0.33621859623117534,-0.26765190042700804,250,2026-08-27 00:00:00+00:00,general,21.052631578947366,15.789473684210526,26.31578947368421,36.8421052631579,25.0,1.0,68.42105263157895,,68.42105263157895,0.5,26.31578947368421,68.42105263157895,63.1578947368421,47.36842105263158,51.31578947368421,1.0,68.42105263157895,63.1578947368421,,52.63157894736842,57.89473684210527,60.52631578947368,0.8,52.631578947368425,57.89473684210527,55.26315789473685,1.0,6.25,13.68421052631579,10.263157894736842,12.105263157894736,8.289473684210527,50.5921052631579,0.86,True,True,True,5,OK,NAO_PRIORIZAR,5.06199550130709,5.239999771118164,5.0,False,AGUARDAR
RENT3,,Localiza Rent a Car S.A.,Industrials,Rental & Leasing Services,38451646464.0,46353379328.0,8856755200.0,3424267008.0,26107202778.216,10149359616.0,46479572992.0,0.13011,0.1887,0.07387,1.780335234948373,0.245,,0.0910657902980692,0.7048548569927029,1.2054979068685114,8.443482759916408,10.981072,1.4187318,8.443,74781859840.0,8856755200.0,9880596480.0,0.244,3.17,24.536,Yahoo Finance,35.060001373291016,296579154.583594,11.059937341732182,1.4289208254520303,8.443482759916408,0.25696159693059223,0.2131580614669786,4.10197781869369,-0.15514574309056206,-0.2880849647139674,,0.9250040670605854,0.8148882265772277,0.3836102238541016,-0.37891121178292175,250,2026-08-27 00:00:00+00:00,general,53.57142857142857,60.71428571428571,60.71428571428571,42.85714285714286,54.464285714285715,1.0,82.14285714285714,,82.14285714285714,0.5,53.57142857142857,53.57142857142857,50.0,28.57142857142857,46.42857142857143,1.0,21.428571428571427,42.857142857142854,,21.428571428571427,25.0,27.678571428571427,0.8,32.14285714285714,42.857142857142854,37.5,1.0,13.616071428571429,16.428571428571427,9.285714285714286,5.535714285714286,5.625,50.49107142857142,0.86,True,True,True,5,OK,NAO_PRIORIZAR,33.70112632738407,35.060001373291016,5.0,False,AGUARDAR
ARML3,,"Armac Locação, Logística e Serviços S.A.",Industrials,Rental & Leasing Services,1263024000.0,1993250048.0,728860992.0,61978000.0,1374446829.54,900614976.0,3298129920.0,0.06273,0.22674,0.031089999,2.3996053169287155,0.209,,0.0493150703846876,1.0882191398245809,1.5781569059653655,5.270039047445689,20.277777,0.91893256,5.27,3841125888.0,728860992.0,119053000.0,0.096,0.18,3.972,Yahoo Finance,3.680000066757202,3474551.796363592,20.44444481531779,0.9264854145914406,5.270039047445689,0.09426028325669188,0.0597280808393589,3.2893994469661507,0.008219170029021727,-0.38870430591084015,,1.1481342992720358,0.8887479435394051,0.5774523847063596,-0.5461912613138695,250,2026-08-27 00:00:00+00:00,general,32.142857142857146,71.42857142857143,35.714285714285715,25.0,41.07142857142858,1.0,78.57142857142857,,78.57142857142857,0.5,46.42857142857143,78.57142857142857,57.14285714285714,64.28571428571428,61.607142857142854,1.0,53.57142857142857,10.714285714285714,,96.42857142857143,42.857142857142854,50.892857142857146,0.8,10.714285714285708,14.285714285714285,12.499999999999996,1.0,10.267857142857144,15.714285714285715,12.321428571428571,10.17857142857143,1.8749999999999993,50.35714285714286,0.86,True,True,True,5,OK,NAO_PRIORIZAR,3.4652954282605046,3.680000066757202,5.0,False,AGUARDAR
ASAI3,,Sendas Distribuidora S.A.,Consumer Defensive,Grocery Stores,10921808896.0,77566001152.0,6054000128.0,965000000.0,6345624708.115,4478000128.0,26993000448.0,0.16157,0.07145,0.01244,4.25379717358331,0.009,1.232,0.0453431373660371,0.5810049270379822,7.101937224007623,5.5230709106453455,22.054054,1.7211558,5.523,33436672000.0,6054000128.0,614091008.0,0.237,0.37,4.741,Yahoo Finance,8.199999809265137,82906945.4048888,22.162161646662533,1.7295928726566414,5.5230709106453455,0.05622612644549242,0.007917012594172724,3.7190287155540673,-0.06285716465541291,-0.1322751349449185,,0.9796893462307322,0.9604801964101738,0.4686474411981062,-0.3282876179382218,250,2026-08-27 00:00:00+00:00,general,66.66666666666666,33.33333333333333,40.0,13.333333333333329,38.33333333333333,1.0,40.0,92.3076923076923,66.15384615384616,1.0,33.33333333333333,26.666666666666668,93.33333333333333,40.0,48.33333333333333,1.0,53.333333333333336,60.0,,13.333333333333334,60.0,46.66666666666667,0.8,40.0,73.33333333333333,56.666666666666664,1.0,9.583333333333332,13.230769230769234,9.666666666666666,9.333333333333334,8.5,50.31410256410257,0.96,True,True,True,5,OK,NAO_PRIORIZAR,7.811726521011874,8.199999809265137,5.0,False,AGUARDAR
TTEN3,,Três Tentos Agroindustrial S/A,Basic Materials,Agricultural Inputs,5735047680.0,18269057024.0,501182016.0,588275968.0,5005905791.341,1422050048.0,5171244032.0,0.121350005,0.03361,0.0322,1.0330286360852006,0.319,-0.378,0.1025756019521009,0.8728622077024504,3.185510922203876,18.93605759389419,,1.1456562,18.936,9490411520.0,501182016.0,-1356063232.0,0.127,-103176.75,10.003,Yahoo Finance,11.25,19326075.0,,1.1246626012196341,18.93605759389419,-0.2364519543105176,-0.07422732493628677,7.4807033459077665,-0.2788461714806637,-0.3493349101042037,,0.8442143176331667,0.7369667281104959,0.3755625198442246,-0.4402480026328722,250,2026-08-27 00:00:00+00:00,general,78.94736842105263,10.526315789473683,63.1578947368421,57.89473684210527,52.63157894736842,1.0,100.0,60.0,80.0,1.0,89.47368421052632,42.10526315789473,84.21052631578947,0.0,53.94736842105263,1.0,21.052631578947366,21.052631578947366,,10.526315789473683,10.526315789473683,15.789473684210526,0.8,36.8421052631579,36.84210526315789,36.84210526315789,1.0,13.157894736842104,16.0,10.789473684210527,3.1578947368421053,5.526315789473683,48.63157894736842,0.96,True,True,True,5,OK,NAO_PRIORIZAR,10.823113728701106,11.25,5.0,False,AGUARDAR
SMFT3,,Smartfit Escola de Ginástica e Dança S.A.,Consumer Cyclical,Leisure,10322611200.0,8051568128.0,2556260096.0,686465984.0,6053027036.294,2627201024.0,13665627136.0,0.11691,0.24190001,0.085260004,2.257651759039037,0.215,-0.063,0.065398335703914,0.5863852486581307,0.7799933536196733,8.378395998714522,15.290909,1.7053635,8.378,21417359360.0,2556260096.0,-394064384.0,0.339,1.1,9.863,Yahoo Finance,17.030000686645508,112970326.08826956,15.48181880604137,1.7266552455282884,8.378395998714522,-0.03817487420237236,-0.04894256345290158,4.318193649101973,-0.07765282795111328,-0.17549270050917698,,0.8926325328658229,0.8393155036971423,0.35996783957898876,-0.36186510391317095,250,2026-08-27 00:00:00+00:00,general,35.0,95.0,55.00000000000001,5.0,47.5,1.0,90.0,47.05882352941176,68.52941176470588,1.0,15.0,25.0,20.0,20.0,20.0,1.0,50.0,70.0,,35.0,45.0,50.0,0.8,60.0,60.0,60.0,1.0,11.875,13.705882352941178,4.0,10.0,9.0,48.580882352941174,0.96,True,True,True,5,OK,NAO_PRIORIZAR,16.410622668130067,17.030000686645508,5.0,False,AGUARDAR
RADL3,,Raia Drogasil S.A.,Healthcare,Pharmaceutical Retailers,33851662336.0,46533849088.0,3859574016.0,1403911936.0,7291396108.29,652950016.0,8593035264.0,0.19993,0.075830005,0.02885,1.1785171366880058,0.098,0.144,0.043904959811595,0.2153925550855689,1.3746399992449694,10.828072184844972,22.77647,4.642686,10.828,41791746048.0,3859574016.0,2181056000.0,0.013,0.85,4.17,Yahoo Finance,19.399999618530273,196954034.12721634,22.82352896297679,4.652278085978483,10.828072184844972,0.06442980490445596,0.046870311455977184,2.057243938083347,0.045064455073791754,-0.23550046289291493,,1.072618918206209,0.9073573508100355,0.3633138132395402,-0.39577066197449506,250,2026-08-27 00:00:00+00:00,general,100.0,37.5,50.0,12.5,50.0,1.0,62.5,57.14285714285714,59.82142857142857,1.0,25.0,12.5,62.5,25.0,31.25,1.0,87.5,50.0,,87.5,37.5,65.625,0.8,25.0,37.5,31.25,1.0,12.5,11.964285714285715,6.25,13.125,4.6875,48.526785714285715,0.96,True,True,True,5,OK,NAO_PRIORIZAR,18.687866714400453,19.399999618530273,5.0,False,AGUARDAR
VAMO3,,"Vamos Locação de Caminhões, Máquinas e Equipamentos S.A.",Industrials,Rental & Leasing Services,3653004288.0,6196624896.0,3738003968.0,315812000.0,2984712124.5620003,4407007232.0,15959940096.0,0.10701,0.4319,0.050970003,5.347229290443575,0.108,-0.019,0.0936454799387034,0.8170568794146604,1.6963092313785972,4.067929644316525,10.678572,1.223905,4.068,15205937152.0,3738003968.0,1307178880.0,0.218,0.28,2.443,Yahoo Finance,3.0299999713897705,38332408.43805313,10.82142846924918,1.2402783345844333,4.067929644316525,0.3578366672861677,0.21095013849294,3.090668967422562,-0.00980391240220746,-0.33552631372560093,,1.0171881243375467,0.8628693775705982,0.5377750486649696,-0.4854771927904994,250,2026-08-27 00:00:00+00:00,general,39.285714285714285,96.42857142857143,48.214285714285715,14.285714285714292,49.55357142857143,1.0,71.42857142857143,38.095238095238095,54.76190476190476,1.0,57.14285714285714,64.28571428571429,64.28571428571429,96.42857142857143,70.53571428571429,1.0,42.857142857142854,25.0,,53.57142857142857,35.714285714285715,39.285714285714285,0.8,17.85714285714286,25.0,21.42857142857143,1.0,12.388392857142858,10.952380952380953,14.10714285714286,7.857142857142858,3.2142857142857144,48.51934523809525,0.96,True,True,True,5,OK,NAO_PRIORIZAR,2.8653655301736265,3.0299999713897705,5.0,False,AGUARDAR
SAPR4,,Companhia de Saneamento do Paraná - SANEPAR,Utilities,Utilities - Regulated Water,9822835712.0,7542637056.0,2914906880.0,455251008.0,41159190002.04,4662453248.0,7250028032.0,0.03812,0.33501,0.06036,0.1761460327970657,0.115,,0.0446153828307693,6.285231077149074,0.7678675768531473,1.5616767613516354,22.413794,0.15910314,1.562,4552142336.0,2914906880.0,-372866496.0,0.146,0.29,40.854,Yahoo Finance,6.570000171661377,7713169.2515301695,22.655173005728887,0.16081657051112197,1.5616767613516354,-0.037959150181499035,-0.04943450059066451,0.8877040984581984,-0.11336028246263685,-0.252559704189538,,0.9495043176641986,0.857979345439847,0.2911382214992376,-0.3127753498293784,250,2026-08-27 00:00:00+00:00,general,14.705882352941178,67.64705882352942,32.35294117647059,94.11764705882354,52.20588235294118,1.0,61.76470588235294,,61.76470588235294,0.5,41.17647058823529,94.11764705882352,64.70588235294117,94.11764705882354,73.52941176470588,1.0,17.647058823529413,17.647058823529413,,23.52941176470588,17.647058823529413,19.11764705882353,0.8,35.294117647058826,23.52941176470588,29.411764705882355,1.0,13.051470588235295,12.352941176470589,14.705882352941178,3.823529411764706,4.411764705882353,48.345588235294116,0.86,True,True,True,5,OK,NAO_PRIORIZAR,6.3767401486574355,6.570000171661377,5.0,False,AGUARDAR
BBDC4,,Banco Bradesco S.A.,Financial Services,Banks - Regional,186029801472.0,93278076928.0,,24318943232.0,95847425361.897,280313430016.0,838676250624.0,0.13763,0.34515,0.26071,8.750117673556266,0.072,0.178,0.1270491858472187,1.0040398043548118,0.5014146990961532,,7.8709674,0.99597645,,740365762560.0,,,0.233,2.17,17.149,Yahoo Finance,16.93000030517578,532453536.9613689,7.801843458606351,0.9872295938641192,,,,,-0.021934151925665057,-0.15956717339594595,,0.9596385230918407,0.9264203266050399,0.25618096246557037,-0.2461702741244316,250,2026-08-27 00:00:00+00:00,financial,40.476190476190474,,,,40.476190476190474,1.0,,60.526315789473685,60.526315789473685,1.0,71.42857142857143,52.38095238095239,,,61.90476190476191,1.0,28.57142857142857,28.57142857142857,,23.809523809523807,23.809523809523807,26.19047619047619,0.8,61.904761904761905,47.61904761904761,54.76190476190476,1.0,10.119047619047619,12.105263157894738,12.380952380952383,5.238095238095238,8.214285714285714,48.057644110275696,0.96,True,True,True,5,OK,NAO_PRIORIZAR,16.491791358354096,16.93000030517578,5.0,False,AGUARDAR
MDIA3,,M. Dias Branco S.A. Indústria e Comércio de Alimentos,Consumer Defensive,Packaged Foods,5748348416.0,10421844992.0,961396992.0,649200000.0,8485945140.608,2102305024.0,1790073984.0,0.07809,0.072569996,0.06229,0.2109457407913133,-0.009,-0.226,0.1120840630472854,1.47624058682571,1.8130155372962,5.654394125668327,8.921875,0.67739636,5.654,5436117504.0,961396992.0,544970752.0,-0.069,1.92,25.288,Yahoo Finance,17.149999618530273,10290114.104448954,8.932291467984518,0.6781872674205265,5.654394125668327,0.09480475304578337,0.05229119723219157,-0.3247680641796724,-0.11091498776357744,-0.3382585017572154,,0.9872252736303418,0.7946730728849054,0.306672252689451,-0.4096310294528209,250,2026-08-27 00:00:00+00:00,general,53.333333333333336,40.0,66.66666666666666,86.66666666666667,61.66666666666667,1.0,20.0,46.15384615384615,33.07692307692308,1.0,66.66666666666666,66.66666666666666,53.333333333333336,33.33333333333334,55.0,1.0,20.0,26.666666666666668,,20.0,20.0,21.666666666666668,0.8,80.0,60.0,70.0,1.0,15.416666666666668,6.615384615384617,11.0,4.333333333333334,10.5,47.86538461538462,0.96,True,True,True,5,OK,NAO_PRIORIZAR,16.61860638578584,17.149999618530273,5.0,False,AGUARDAR
ITUB4,,Itaú Unibanco Holding S.A.,Financial Services,Banks - Regional,431947153408.0,143713992704.0,,46827999232.0,106780196074.835,484164993024.0,1115894054912.0,0.21476,0.39073002,0.32584,10.450384021864368,0.175,0.081,0.1069150288531588,0.5041847587065019,0.332711980088577,,9.353222,1.9833999,,1073923162112.0,,,0.159,4.19,19.759,Yahoo Finance,39.099998474121094,940520356.2961578,9.331741879265177,1.9788450060287004,,,,,-0.01337918517052561,-0.16342355286606047,,0.9465337997321007,0.9509092222244528,0.23776284531601,-0.2250781146071793,250,2026-08-27 00:00:00+00:00,financial,64.28571428571429,,,,64.28571428571429,1.0,,39.473684210526315,39.473684210526315,1.0,47.61904761904761,28.57142857142857,,,38.09523809523809,1.0,38.095238095238095,23.809523809523807,,19.047619047619047,38.095238095238095,29.76190476190476,0.8,76.19047619047619,57.14285714285714,66.66666666666666,1.0,16.071428571428573,7.894736842105264,7.619047619047618,5.9523809523809526,9.999999999999998,47.537593984962406,0.96,True,True,True,5,OK,NAO_PRIORIZAR,38.16071182128393,39.099998474121094,5.0,False,AGUARDAR
POSI3,,Positivo Tecnologia S.A.,Technology,Computer Hardware,465261664.0,3477363968.0,254382000.0,12465000.0,1560842203.824,489828992.0,1271160064.0,0.00811,0.06783,0.00358,0.8144065177669526,0.115,,0.0267857152423469,3.354762212441525,7.473996327365583,4.900475033610869,37.333332,0.29808372,4.9,1246592640.0,254382000.0,-14375250.0,0.114,0.09,11.272,Yahoo Finance,3.3399999141693115,2696576.764037212,37.1111101574368,0.29630943170416174,4.900475033610869,-0.030897129749336064,-0.00413395035213064,3.0714872593186624,-0.1793612350620808,-0.18734797915606782,,0.9119204708214019,0.8265138476316147,0.3783569760460718,-0.3050847209345766,250,2026-08-27 00:00:00+00:00,general,15.714285714285714,15.0,17.142857142857142,61.42857142857142,27.32142857142857,1.0,66.42857142857143,,66.42857142857143,0.5,22.857142857142858,97.85714285714285,93.57142857142857,79.85611510791367,73.535457348407,1.0,15.714285714285714,43.57142857142857,,15.714285714285714,25.71428571428571,25.178571428571427,0.8,42.14285714285714,58.57142857142858,50.35714285714286,1.0,6.830357142857142,13.285714285714286,14.7070914696814,5.035714285714286,7.553571428571429,47.41244861253855,0.86,True,True,True,5,OK,NAO_PRIORIZAR,3.21231910604898,3.3399999141693115,5.0,False,AGUARDAR
BEEF3,,Minerva S.A.,Consumer Defensive,Packaged Foods,3845634560.0,57227616256.0,4844455936.0,458624992.0,1578890658.816,14934947840.0,29384437760.0,0.2322,0.068280004,0.00801,18.610812342151167,0.013,-0.575,0.1030927835051546,0.4105670094627485,14.881189401418318,3.9010254678060097,9.7,2.435656,3.901,18898345984.0,4844455936.0,404387360.0,0.26,0.4,1.593,Yahoo Finance,3.9700000286102295,47506667.89236188,9.925000071525574,2.4921531880792402,3.9010254678060097,0.1051549110272194,0.0070662974706307505,2.9826857981354133,0.07588074987746318,-0.23489992865174592,,1.1106759269446094,0.8641645981491721,0.42951043915032683,-0.5765848227450018,250,2026-08-27 00:00:00+00:00,general,93.33333333333333,26.666666666666668,26.666666666666668,0.0,36.666666666666664,1.0,53.333333333333336,23.076923076923077,38.205128205128204,1.0,60.0,13.333333333333334,100.0,93.33333333333333,66.66666666666666,1.0,86.66666666666667,46.666666666666664,,66.66666666666666,33.33333333333333,58.33333333333333,0.8,60.0,13.333333333333334,36.666666666666664,1.0,9.166666666666666,7.641025641025641,13.333333333333332,11.666666666666666,5.499999999999999,47.30769230769231,0.96,True,True,True,5,OK,NAO_PRIORIZAR,3.7977173343346506,3.9700000286102295,5.0,False,AGUARDAR
UNIP6,,Unipar Carbocloro S.A.,Basic Materials,Chemicals,6188332032.0,5233764864.0,859390016.0,266558000.0,1179558976.923,1371294976.0,3710853888.0,0.107650004,0.20482999,0.05093,3.145967230634064,0.174,-0.461,0.0404040404040404,0.3026154447660238,0.8457472606408459,9.937206736178792,24.75,3.304524,9.937,8539936256.0,859390016.0,-473150112.0,0.277,2.24,16.777,Yahoo Finance,55.189998626708984,9087493.190542858,24.63839224406651,3.289622615885378,9.937206736178792,-0.07645842361937441,-0.09040339493555055,2.7223482568361606,-0.0939090664099903,-0.22234750348842958,,0.9151234788504952,0.9025824014218259,0.30676804609769437,-0.2546788738288345,250,2026-08-27 00:00:00+00:00,general,68.42105263157895,78.94736842105263,73.68421052631578,10.526315789473685,57.89473684210526,1.0,84.21052631578947,40.0,62.10526315789473,1.0,52.63157894736842,15.789473684210526,26.31578947368421,15.789473684210535,27.63157894736842,1.0,36.84210526315789,26.31578947368421,,15.789473684210526,26.31578947368421,26.315789473684205,0.8,57.89473684210527,68.42105263157895,63.15789473684211,1.0,14.473684210526315,12.421052631578947,5.526315789473685,5.263157894736842,9.473684210526317,47.1578947368421,0.96,True,True,True,5,OK,NAO_PRIORIZAR,53.479400765173146,55.189998626708984,5.0,False,AGUARDAR
HBSA3,,Hidrovias do Brasil S.A.,Industrials,Integrated Freight & Logistics,4625300992.0,2246341120.0,815710976.0,47353000.0,2005204015.782,747587008.0,3265442048.0,0.022060001,0.33938,-0.055219997,1.6284836965711569,0.067,0.683,0.005882352249135,0.4335293883286171,0.4856637706141308,8.756969605861967,170.00002,2.3066487,8.757,7143156224.0,815710976.0,445987744.0,0.33,0.02,1.474,Yahoo Finance,3.4700000286102295,5450519.894939661,173.50000143051147,2.3541384183244434,8.756969605861967,0.09642350730717592,0.19853963408727524,3.0866999636890995,0.07430340808653813,-0.15571778202277564,,1.0288797994239065,0.9475696393013832,0.36256444588140235,-0.3196347166182971,250,2026-08-27 00:00:00+00:00,general,25.0,85.71428571428571,10.714285714285714,53.57142857142857,43.75,1.0,53.57142857142857,76.19047619047619,64.88095238095238,1.0,21.428571428571427,10.714285714285714,17.857142857142858,25.0,18.75,1.0,71.42857142857143,50.0,,60.71428571428571,50.0,58.035714285714285,0.8,46.42857142857143,57.14285714285714,51.785714285714285,1.0,10.9375,12.976190476190476,3.75,11.607142857142858,7.767857142857142,47.03869047619047,0.96,True,True,True,5,OK,NAO_PRIORIZAR,3.3428864008721413,3.4700000286102295,5.0,False,AGUARDAR
RECV3,,Petroreconcavo S.A.,Energy,Oil & Gas E&P,3119714816.0,2982953984.0,1340194944.0,499164000.0,4433634477.481999,1620116992.0,3201586944.0,0.11252,0.27608,0.16734,0.722113417391657,0.002,-0.148,0.1599247458116109,1.421166541817186,0.9561623930179136,3.507836710656924,6.252941,0.7036473,3.508,4701185024.0,1340194944.0,-314575008.0,-0.22,1.7,15.107,Yahoo Finance,10.65999984741211,22729038.47465515,6.270588145536535,0.7056331400947977,3.5078367106569237,-0.1008345398709675,-0.10545754634074837,1.1800297852787602,-0.031696133071938526,-0.07680269606365386,,1.0656493429194531,0.99986755701002,0.31386101099761265,-0.3191885819876922,250,2026-08-27 00:00:00+00:00,general,42.857142857142854,28.57142857142857,57.14285714285714,85.71428571428572,53.57142857142857,1.0,14.285714285714285,28.57142857142857,21.428571428571427,1.0,71.42857142857143,85.71428571428571,57.14285714285714,71.42857142857143,71.42857142857143,1.0,28.57142857142857,28.57142857142857,,71.42857142857143,42.857142857142854,42.857142857142854,0.8,42.85714285714286,42.857142857142854,42.85714285714286,1.0,13.392857142857142,4.285714285714286,14.285714285714286,8.571428571428571,6.428571428571429,46.964285714285715,0.96,True,True,True,5,OK,NAO_PRIORIZAR,10.32195681479641,10.65999984741211,5.0,False,AGUARDAR
POMO4,,Marcopolo S.A.,Industrials,Farm & Heavy Construction Machinery,5486989312.0,9103541248.0,1463309952.0,1200685952.0,2700192107.424,1588446976.0,3470045952.0,0.2832,0.11925,0.13189,1.2851107676595817,0.03,-0.14,0.2171945544112539,0.7728506231996928,1.6591140843104306,5.075532782271408,4.604167,1.2939111,5.076,7427077632.0,1463309952.0,218819008.0,0.143,0.96,3.416,Yahoo Finance,4.5,48267375.0,4.6875,1.3173302107728337,5.075532782271408,0.03987961258124645,0.02403669100176521,1.2858512808091664,-0.23538588156255336,-0.3324053073203086,,0.8983097118339742,0.7916075602439953,0.3480429702047614,-0.48856478404615256,250,2026-08-27 00:00:00+00:00,general,94.64285714285714,33.92857142857143,80.35714285714286,60.714285714285715,67.41071428571428,1.0,30.357142857142854,26.190476190476193,28.273809523809526,1.0,96.42857142857143,60.71428571428571,60.71428571428571,71.42857142857143,72.32142857142857,1.0,14.285714285714285,28.57142857142857,,10.714285714285714,14.285714285714285,16.964285714285715,0.8,57.142857142857146,21.428571428571427,39.285714285714285,1.0,16.85267857142857,5.654761904761905,14.464285714285715,3.3928571428571432,5.892857142857142,46.25744047619048,0.96,True,True,True,5,OK,NAO_PRIORIZAR,4.341757621751895,4.5,5.0,False,AGUARDAR
AXIA3,,AXIA Energia SA,Utilities,Utilities - Renewable,120904982528.0,44568350720.0,17948565504.0,12055711744.0,97072362914.418,23586426880.0,76453789696.0,0.10005999,0.40319002,0.2705,0.7875958450028051,0.097,,0.0975517914654864,0.8028813806990528,0.3686229449615822,11.43083277080147,10.250965,1.245514,11.431,205167050752.0,17948565504.0,1264715264.0,0.217,5.18,42.633,Yahoo Finance,52.599998474121094,587701448.6179733,10.154439859868937,1.2337859985016557,11.43083277080147,0.010460406490750774,0.028376981502985264,2.9454923739848753,0.003242383520042358,-0.1640178003043512,,1.0057091886065952,0.9323898645563089,0.37303516239311924,-0.2700675106963193,250,2026-08-27 00:00:00+00:00,general,41.17647058823529,76.47058823529412,82.35294117647058,76.47058823529412,69.11764705882354,1.0,35.294117647058826,,35.294117647058826,0.5,64.70588235294117,52.94117647058824,23.52941176470588,5.882352941176478,36.76470588235294,1.0,64.70588235294117,29.411764705882355,,82.35294117647058,47.05882352941176,55.88235294117647,0.8,5.882352941176478,35.294117647058826,20.588235294117652,1.0,17.279411764705884,7.058823529411765,7.352941176470589,11.176470588235295,3.0882352941176476,45.95588235294118,0.86,True,True,True,5,OK,NAO_PRIORIZAR,50.61749971876574,52.599998474121094,5.0,False,AGUARDAR
ENEV3,,Eneva S.A.,Utilities,Utilities - Diversified,50505117696.0,19136661504.0,6085488128.0,962659968.0,20434410437.133,2536866048.0,26299074560.0,0.071490005,0.18917999,0.050300002,1.286999428777737,0.131,-0.915,0.0190114068441064,0.40460076383769,0.3789053936907392,12.442106026568522,52.6,2.4715722,12.442,75716288512.0,6085488128.0,-3266925568.0,0.311,0.5,10.641,Yahoo Finance,26.149999618530273,228318174.50268427,52.29999923706055,2.45747576529746,12.442106026568522,-0.06468504019066448,-0.17071554342522796,3.9047333611033546,0.020288742676186633,0.21064810910669762,,1.0112298576848968,1.1141004907252914,0.3476254173173237,-0.1348314350409876,250,2026-08-27 00:00:00+00:00,general,29.411764705882355,29.411764705882355,23.52941176470588,41.17647058823529,30.88235294117647,1.0,70.58823529411765,9.090909090909092,39.83957219251337,1.0,17.647058823529413,5.88235294117647,29.411764705882355,0.0,13.23529411764706,1.0,88.23529411764706,100.0,,94.11764705882352,100.0,95.58823529411765,0.8,11.764705882352942,100.0,55.88235294117647,1.0,7.720588235294118,7.967914438502675,2.647058823529412,19.117647058823533,8.382352941176471,45.8355614973262,0.96,True,True,True,5,OK,NAO_PRIORIZAR,25.231538805579415,26.149999618530273,5.0,False,AGUARDAR
DIRR3,,Direcional Engenharia S.A.,Real Estate,Real Estate - Development,5652441088.0,4827458048.0,1217927040.0,855892992.0,2327016933.4,2454206976.0,3179394048.0,0.41882,0.2214,0.17729999,1.3662960515524027,0.201,0.086,0.1517939302677203,0.4116835461037404,0.8540483612024865,5.573326481034529,6.5878787,2.4290502,5.573,6787905024.0,1217927040.0,-1037024640.0,0.253,1.65,4.475,Yahoo Finance,10.970000267028809,86292691.46718025,6.64848501032049,2.451396707715935,5.573326481034529,-0.18346491787443464,-0.2148179496722164,0.5954273517073733,-0.18134324034913596,-0.33915662560620075,,0.9048318424817926,0.79275442948056,0.4011093709506256,-0.39231959537835037,250,2026-08-27 00:00:00+00:00,general,93.75,68.75,50.0,6.25,54.6875,1.0,68.75,66.66666666666666,67.70833333333333,1.0,43.75,18.75,43.75,62.5,42.1875,1.0,18.75,37.5,,12.5,31.25,25.0,0.8,31.25,37.5,34.375,1.0,13.671875,13.541666666666666,8.4375,5.0,5.15625,45.807291666666664,0.96,True,True,True,5,OK,NAO_PRIORIZAR,10.525423393035636,10.970000267028809,5.0,False,AGUARDAR
POMO3,,Marcopolo S.A.,Industrials,Farm & Heavy Construction Machinery,5151811584.0,9103541248.0,1463309952.0,1200685952.0,1540431474.512,1588446976.0,3470045952.0,0.2832,0.11925,0.13189,2.252645449937519,0.03,-0.14,0.2313252833676889,0.8231324585575444,1.7670563256375489,4.846477933336709,4.322917,1.2148713,4.846,7091899392.0,1463309952.0,218819008.0,0.143,0.96,3.416,Yahoo Finance,4.119999885559082,6012274.632997513,4.291666547457377,1.2060889594727993,4.846477933336709,0.042474186882064356,0.02403669100176521,1.2858512808091664,-0.2877854262468873,-0.3408953097067341,,0.8834113364766398,0.7699443186260023,0.35020438536350224,-0.424104308186383,250,2026-08-27 00:00:00+00:00,general,94.64285714285714,33.92857142857143,80.35714285714286,28.57142857142857,59.375,1.0,30.357142857142854,26.190476190476193,28.273809523809526,1.0,100.0,67.85714285714286,71.42857142857143,82.14285714285714,80.35714285714286,1.0,3.571428571428571,17.857142857142858,,7.142857142857142,10.714285714285714,9.821428571428571,0.8,53.57142857142857,39.285714285714285,46.42857142857143,1.0,14.84375,5.654761904761905,16.071428571428573,1.9642857142857144,6.964285714285714,45.49851190476191,0.96,True,True,True,5,OK,NAO_PRIORIZAR,3.9742204697763004,4.119999885559082,5.0,False,AGUARDAR
ENGI11,,Energisa S.A.,Utilities,Utilities - Regulated Electric,14508625920.0,36704055296.0,8387615232.0,1516834944.0,23332852786.194,9454823424.0,45682962432.0,0.09408,0.20114,0.04133,1.9578815694166,0.079,,0.0291323613689972,1.0775174687132028,2.5298091975342625,6.8921511157845154,34.326088,0.9280592,6.892,57808711680.0,8387615232.0,-6184883712.0,0.077,1.38,51.042,Yahoo Finance,47.5,139991050.0,34.42028985507247,0.9306061674699267,6.8921511157845154,-0.42629010811245727,-0.16850682198797873,4.319241882935242,0.0005445532899270855,-0.13153452470119265,,1.000731223094324,0.9647576423630673,0.2645654557184756,-0.24069279201150118,250,2026-08-27 00:00:00+00:00,general,35.294117647058826,35.294117647058826,17.647058823529413,11.764705882352942,25.000000000000004,1.0,29.411764705882355,,29.411764705882355,0.5,35.294117647058826,76.47058823529412,94.11764705882352,64.70588235294117,67.6470588235294,1.0,52.94117647058824,41.17647058823529,,76.47058823529412,64.70588235294117,58.82352941176471,0.8,47.05882352941176,58.82352941176471,52.94117647058823,1.0,6.250000000000001,5.882352941176471,13.529411764705882,11.764705882352942,7.941176470588235,45.36764705882353,0.86,True,True,True,5,OK,NAO_PRIORIZAR,46.23029108554463,47.5,5.0,False,AGUARDAR
DESK3,,Desktop S.A.,Communication Services,Telecom Services,2162516736.0,1269847040.0,615406976.0,55865000.0,1430981435.18,491900992.0,1776641024.0,0.04651,0.30884,0.04399,1.2415542091058087,0.081,-0.5,0.0258064516129032,0.6617203949438474,0.5872079595318332,5.659268028836904,38.75,1.5112123,5.659,3482753024.0,615406976.0,118278376.0,0.212,0.48,12.308,Yahoo Finance,18.460542678833008,7791641.248455048,38.459463914235435,1.4998815956152916,5.659268028836904,0.05469477948123496,0.09314379785458254,2.087626695996374,0.019283808351528764,0.3655901962817716,,1.0159476335954247,1.086204658910195,0.5905441734729974,-0.27965176553985205,250,2026-08-27 00:00:00+00:00,general,33.33333333333333,100.0,33.33333333333333,0.0,41.66666666666666,1.0,50.0,20.0,35.0,1.0,33.33333333333333,66.66666666666666,16.666666666666664,16.666666666666657,33.33333333333333,1.0,66.66666666666666,83.33333333333334,,66.66666666666666,83.33333333333334,75.0,0.8,0.0,83.33333333333334,41.66666666666667,1.0,10.416666666666664,7.0,6.666666666666666,15.0,6.250000000000001,45.33333333333333,0.96,True,True,True,5,OK,NAO_PRIORIZAR,17.359068618524496,18.460542678833008,5.0,False,AGUARDAR
EZTC3,,EZTEC Empreendimentos e Participações S.A.,Real Estate,Real Estate - Development,3256195072.0,1437549952.0,333572000.0,531142016.0,5232378044.355,1793574016.0,1816470016.0,0.10551,0.13019,0.36948,0.3471595516611641,-0.161,-0.225,0.1405451470786693,1.6068993831916716,0.4414815206746925,10.07871720648016,7.1151514,0.6223165,10.079,3361977856.0,333572000.0,451775872.0,0.441,1.65,18.865,Yahoo Finance,11.770000457763672,24981727.888266243,7.133333610765862,0.6239067298045944,10.07871720648016,0.13874349110248885,0.3142679469130545,0.06863885458012063,-0.09689360564957561,-0.2386982366196947,,0.9996987216211675,0.866641119291582,0.3796522156684361,-0.37091122889078343,250,2026-08-27 00:00:00+00:00,general,31.25,37.5,81.25,93.75,60.9375,1.0,18.75,33.33333333333333,26.041666666666664,1.0,31.25,75.0,25.0,6.25,34.375,1.0,50.0,56.25,,68.75,43.75,54.6875,0.8,50.0,43.75,46.875,1.0,15.234375,5.208333333333333,6.875,10.9375,7.03125,45.28645833333333,0.96,True,True,True,5,OK,NAO_PRIORIZAR,11.318519081917607,11.770000457763672,5.0,False,AGUARDAR
KLBN11,,Klabin S.A.,Basic Materials,Paper & Paper Products,134091382784.0,20688439296.0,6664628224.0,176927008.0,9365942364.064,10108760064.0,36700041216.0,0.036510002,0.12394,0.00855,3.918456871655934,-0.018,-0.517,0.035029146877388,0.4085320279917975,0.154286120901041,8.447484537736159,28.547655,2.4477885,8.447,56299343872.0,6664628224.0,2128736640.0,0.015,0.661,7.709,Yahoo Finance,18.790000915527344,92243997.76117961,28.42662770881595,2.437410937284647,8.447484537736159,0.01587526801352372,0.10289498446659434,3.989912153875607,0.12717461484887504,-0.09706864979602547,,1.0656760996314378,1.037370900079488,0.2025775416466243,-0.23406279586814938,250,2026-08-27 00:00:00+00:00,general,31.57894736842105,42.10526315789473,36.84210526315789,5.26315789473685,28.94736842105263,1.0,42.10526315789473,26.666666666666668,34.3859649122807,1.0,47.368421052631575,21.052631578947366,5.263157894736842,21.05263157894737,23.684210526315788,1.0,89.47368421052632,47.368421052631575,,63.1578947368421,63.1578947368421,65.78947368421052,0.8,94.73684210526316,78.94736842105263,86.84210526315789,1.0,7.2368421052631575,6.87719298245614,4.7368421052631575,13.157894736842104,13.026315789473683,45.03508771929825,0.96,True,True,True,5,OK,NAO_PRIORIZAR,18.405413101552696,18.790000915527344,5.0,False,AGUARDAR
MELK3,,Melnick Desenvolvimento Imobiliário S.A.,Real Estate,Real Estate Services,582708736.0,1145762048.0,131415000.0,118539000.0,1047860631.298,311111008.0,861449024.0,0.13537,0.11805,0.10346,0.822102671166213,-0.198,-0.164,0.1951219512195122,1.7982577759363618,1.966268870216492,9.64343224137275,5.125,0.5560938,9.643,1267291648.0,131415000.0,-223171504.0,0.132,0.56,5.161,Yahoo Finance,2.8499999046325684,1190497.2101632752,5.089285543986729,0.5522185438156498,9.64343224137275,-0.38298980298795454,-0.19477997581571144,4.187786904082487,-0.13109758247193115,-0.2711602704454399,,0.9575325534919362,0.8455125215853232,0.25869791064437314,-0.317981963647734,250,2026-08-27 00:00:00+00:00,general,50.0,25.0,25.0,31.25,32.8125,1.0,12.5,40.0,26.25,1.0,62.5,87.5,81.25,18.75,62.5,1.0,31.25,43.75,,37.5,37.5,37.5,0.8,87.5,62.5,75.0,1.0,8.203125,5.25,12.5,7.5,11.25,44.703125,0.96,True,True,True,5,OK,NAO_PRIORIZAR,2.7755069520860465,2.8499999046325684,5.0,False,AGUARDAR
USIM3,,Usinas Siderúrgicas de Minas Gerais S.A.,Basic Materials,Steel,8124221952.0,24781692928.0,2052312960.0,-2320418048.0,11846690244.024,6822557184.0,6463138816.0,-0.08073,0.08245,-0.09363,0.5455649369460214,-0.075,3.017,-0.2856172642389177,2.554242532991235,3.0503466146563496,5.193525759346177,,0.3915055,5.194,10658740224.0,2052312960.0,1414088832.0,1.321,-1.91,16.858,Yahoo Finance,6.650000095367432,4341973.478934765,,0.3944714732095997,5.193525759346177,0.17405837018668394,0.0570618333504677,-0.17512844044993994,-0.33962261202595656,-0.04864087079881896,,0.9458114209613723,0.9532615311353304,0.5130545143340364,-0.5050597818691508,250,2026-08-27 00:00:00+00:00,general,13.157894736842104,23.684210526315788,7.894736842105263,78.94736842105263,30.921052631578945,1.0,28.947368421052634,96.66666666666667,62.80701754385965,1.0,15.789473684210526,100.0,78.94736842105263,89.47368421052632,71.05263157894737,1.0,15.789473684210526,68.42105263157895,,31.57894736842105,36.84210526315789,38.1578947368421,0.8,10.526315789473685,21.052631578947366,15.789473684210526,1.0,7.730263157894736,12.561403508771932,14.210526315789474,7.631578947368421,2.3684210526315788,44.50219298245614,0.96,True,True,True,5,OK,NAO_PRIORIZAR,6.305283186943247,6.650000095367432,5.0,False,AGUARDAR
SBSP3,,Companhia de Saneamento Básico do Estado de São Paulo - SABESP,Utilities,Utilities - Regulated Water,88761655296.0,40875065344.0,15214611456.0,8040221184.0,45087684202.793,17440886784.0,51657801728.0,0.18792,0.31519,0.1967,1.145718673322326,0.139,-0.339,0.0942947748012112,0.5079635477230737,0.4605036398621783,8.102975773553661,10.6050415,1.9686452,8.103,123283628032.0,15214611456.0,-6260882944.0,0.087,2.38,12.821,Yahoo Finance,25.079999923706055,422111112.31592816,10.53781509399414,1.9561656597540016,8.102975773553661,-0.07053589664502509,-0.15317120330717776,2.2489509536903944,-0.10268339037181351,-0.18773009507883698,,0.9071114935395959,0.8815050689933807,0.2717199173707665,-0.33793457893903134,250,2026-08-27 00:00:00+00:00,general,76.47058823529412,58.82352941176471,70.58823529411765,52.94117647058824,64.70588235294119,1.0,82.35294117647058,27.27272727272727,54.81283422459892,1.0,58.82352941176471,29.411764705882355,41.17647058823529,47.05882352941176,44.117647058823536,1.0,29.411764705882355,23.52941176470588,,5.88235294117647,23.52941176470588,20.588235294117645,0.8,41.17647058823529,17.647058823529413,29.41176470588235,1.0,16.176470588235297,10.962566844919785,8.823529411764708,4.117647058823529,4.411764705882352,44.491978609625676,0.96,True,True,True,5,OK,NAO_PRIORIZAR,24.391464282314356,25.079999923706055,5.0,False,AGUARDAR
BRSR6,,Banco do Estado do Rio Grande do Sul S.A.,Financial Services,Banks - Regional,5672475648.0,7334586880.0,,1641805056.0,5865660879.745,6962681856.0,36434948096.0,0.14481,0.16420999,0.22384001,6.21156743340129,-0.115,-0.292,0.2876712474573098,2.0880317527823857,1.2930133746076151,,3.4761903,0.47891992,,35148496896.0,,,0.157,3.99,28.961,Yahoo Finance,13.800000190734863,23426650.323788323,3.458646664344577,0.47650288977365646,,,,,-0.04263087687736089,-0.23556873635005393,,0.9963467414445673,0.9104948314319111,0.28988783311157856,-0.2920120351448444,250,2026-08-27 00:00:00+00:00,financial,52.38095238095239,,,,52.38095238095239,1.0,,10.526315789473683,10.526315789473683,1.0,100.0,85.71428571428571,,,92.85714285714286,1.0,14.285714285714285,14.285714285714285,,57.14285714285714,14.285714285714285,25.0,0.8,42.85714285714286,33.33333333333333,38.095238095238095,1.0,13.095238095238097,2.1052631578947367,18.571428571428573,5.0,5.714285714285714,44.48621553884712,0.96,True,True,True,5,OK,NAO_PRIORIZAR,13.395809318514926,13.800000190734863,5.0,False,AGUARDAR
AMER3,,Americanas S.A.,Consumer Cyclical,Internet Retail,939150144.0,12769000448.0,776000000.0,0.0,4155088439.5,456000000.0,5564000256.0,0.0,-0.02362,-0.021930002,1.33908106578582,-0.017,,0.3454157816394725,4.424306965496157,13.596335505646262,7.792719175257732,2.8950617,0.2260241,7.793,6047150080.0,776000000.0,-544499968.0,-0.361,1.62,20.75,Yahoo Finance,4.920000076293945,8131562.926095327,3.0370370841320646,0.2371084374117564,7.792719175257732,-0.5797794649542214,-0.04264233290752877,6.5824745567010305,-0.025742595946714353,-0.12455512874009611,,1.1869150017371968,0.9583077838568987,0.6329904525616997,-0.5799256216727755,250,2026-08-27 00:00:00+00:00,general,10.0,5.0,10.0,20.0,11.25,1.0,35.0,,35.0,0.5,95.0,100.0,95.0,35.0,81.25,1.0,65.0,90.0,,95.0,80.0,82.5,0.8,5.0,20.0,12.5,1.0,2.8125,7.0,16.25,16.5,1.875,44.4375,0.86,True,True,True,5,OK,NAO_PRIORIZAR,4.605341415170758,4.920000076293945,5.0,False,AGUARDAR
BRKM5,,Braskem S.A.,Basic Materials,Chemicals,3466812416.0,70602997760.0,8344999936.0,-5539999744.0,-5449193284.08,5928000000.0,68296998912.0,1.016664202421539,0.17352,-0.07847,-12.533414645344289,0.216,,-1.5980096639875423,-1.5718165940940254,20.36539313005622,7.829341348960797,,-0.27545592,7.829,65335853056.0,8344999936.0,-7604749824.0,0.726,-6.74,-15.792,Yahoo Finance,4.21999979019165,37131117.02059587,,-0.27545592,7.829341348960797,-2.1935856087576675,-0.10771142961734774,7.473816583621841,-0.596558338929104,-0.5548523213118053,,0.7109403625954658,0.4996329473956545,0.7838683847674649,-0.7228346430085346,250,2026-08-27 00:00:00+00:00,general,100.0,73.68421052631578,15.789473684210526,94.73684210526316,71.05263157894737,1.0,89.47368421052632,,89.47368421052632,0.5,5.263157894736842,5.263157894736842,100.0,26.31578947368422,34.21052631578948,1.0,5.263157894736842,5.263157894736842,,5.263157894736842,5.263157894736842,5.263157894736842,0.8,0.0,5.263157894736842,2.631578947368421,1.0,17.763157894736842,17.894736842105264,6.8421052631578965,1.0526315789473684,0.3947368421052631,43.94736842105264,0.86,True,True,True,5,OK,NAO_PRIORIZAR,3.885779355756225,4.21999979019165,5.0,False,AGUARDAR
USIM5,,Usinas Siderúrgicas de Minas Gerais S.A.,Basic Materials,Steel,8862787584.0,24781692928.0,2052312960.0,-2320418048.0,8903230189.602001,6822557184.0,6463138816.0,-0.08073,0.08245,-0.09363,0.725931900935038,-0.075,3.017,-0.2618158255523412,2.341388873949527,2.796151063434987,5.553395895331675,,0.42709693,5.553,11397306368.0,2052312960.0,1414088832.0,1.321,-1.91,16.858,Yahoo Finance,7.170000076293945,82282275.57554245,,0.4253173612702542,5.553395895331675,0.15955350600446028,0.0570618333504677,-0.17512844044993994,-0.35288807530102284,0.0376266620294079,,0.9171612888467295,0.9780184662068641,0.4613044077662208,-0.49584716022481046,250,2026-08-27 00:00:00+00:00,general,13.157894736842104,23.684210526315788,7.894736842105263,68.42105263157895,28.289473684210524,1.0,28.947368421052634,96.66666666666667,62.80701754385965,1.0,21.052631578947366,94.73684210526315,73.68421052631578,78.94736842105263,67.10526315789474,1.0,10.526315789473683,73.68421052631578,,21.052631578947366,42.10526315789473,36.84210526315789,0.8,15.789473684210535,26.31578947368421,21.05263157894737,1.0,7.072368421052631,12.561403508771932,13.421052631578949,7.368421052631579,3.1578947368421053,43.581140350877185,0.96,True,True,True,5,OK,NAO_PRIORIZAR,6.835817205171254,7.170000076293945,5.0,False,AGUARDAR
YDUQ3,,Yduqs Participações S.A.,Consumer Defensive,Education & Training Services,2249327104.0,5557208064.0,1376148992.0,113536000.0,2913183967.73,721897984.0,5042131968.0,0.03751,0.16569,0.02043,1.730797650904591,0.01,,0.0475113100673615,1.295135806645549,2.4706091231095573,4.790507520860067,21.04762,0.7721198,4.791,6592452096.0,1376148992.0,708725376.0,0.098,0.42,11.449,Yahoo Finance,8.859999656677246,34961676.77857717,21.09523727780297,0.7738666832629265,4.790507520860067,0.3150832863480224,0.12753263290449296,3.139365002710404,-0.07127885826990088,-0.34660771515465105,,1.0695832368958824,0.8198460155625615,0.47479106662716136,-0.5040650367106455,250,2026-08-27 00:00:00+00:00,general,33.33333333333333,53.333333333333336,46.666666666666664,46.666666666666664,44.99999999999999,1.0,46.666666666666664,,46.666666666666664,0.5,40.0,60.0,60.0,66.66666666666667,56.66666666666667,1.0,40.0,20.0,,53.333333333333336,26.666666666666668,35.0,0.8,26.66666666666667,33.33333333333333,30.0,1.0,11.249999999999998,9.333333333333334,11.333333333333336,7.0,4.5,43.41666666666667,0.86,True,True,True,5,OK,NAO_PRIORIZAR,8.434975450076431,8.859999656677246,5.0,False,AGUARDAR
SAPR11,,Companhia de Saneamento do Paraná - SANEPAR,Utilities,Utilities - Regulated Water,10034401280.0,7542637056.0,2914906880.0,455251008.0,12103849451.841,4662453248.0,7250028032.0,0.03812,0.33501,0.06036,0.5989853113132755,0.115,,0.0243674692336333,1.2062349318640109,0.7516778376238109,4.330148497917024,41.03832,0.8290259,4.33,12621979648.0,2914906880.0,-372866496.0,0.146,0.809,40.047,Yahoo Finance,33.36000061035156,42086031.57000224,41.23609469759155,0.8330212153307754,4.330148497917024,-0.0371588185080037,-0.04943450059066451,0.8877040984581984,-0.12071687354077021,-0.28103449324790386,,0.9383385675126533,0.8421784979677251,0.30550887494285967,-0.343423804570278,250,2026-08-27 00:00:00+00:00,general,14.705882352941178,67.64705882352942,32.35294117647059,82.35294117647058,49.26470588235294,1.0,61.76470588235294,,61.76470588235294,0.5,23.52941176470588,82.35294117647058,58.82352941176471,88.23529411764706,63.23529411764706,1.0,11.76470588235294,5.88235294117647,,17.647058823529413,11.76470588235294,11.764705882352942,0.8,29.411764705882348,11.76470588235294,20.588235294117645,1.0,12.316176470588236,12.352941176470589,12.647058823529413,2.3529411764705883,3.0882352941176467,42.75735294117647,0.86,True,True,True,5,OK,NAO_PRIORIZAR,32.33026127663553,33.36000061035156,5.0,False,AGUARDAR
CEAB3,,C&A Modas S.A.,Consumer Cyclical,Specialty Retail,2478108416.0,8014325760.0,1003480000.0,562297024.0,3802966347.148,781976000.0,2725574912.0,0.15493,0.15468,0.07016,0.7166970893770911,0.012,-0.095,0.2227602873206738,1.5346245992097665,3.2340496921987776,4.406374106110735,4.4891305,0.65162516,4.406,4421708288.0,1003480000.0,218054880.0,0.821,1.84,12.676,Yahoo Finance,8.140000343322754,64381284.14875825,4.423913230066714,0.6421584366774025,4.406374106110735,0.08799246981775312,0.027208137843401065,1.9368586439191613,-0.2970638690023727,-0.38658628014135366,,0.8620507390406298,0.6944955453719949,0.5183942974166151,-0.5946281939696854,250,2026-08-27 00:00:00+00:00,general,55.00000000000001,70.0,45.0,55.0,56.25,1.0,45.0,41.17647058823529,43.088235294117645,1.0,80.0,70.0,60.0,90.0,75.0,1.0,5.0,15.0,,10.0,15.0,11.25,0.8,15.0,15.0,15.0,1.0,14.0625,8.617647058823529,15.0,2.25,2.25,42.18014705882353,0.96,True,True,True,5,OK,NAO_PRIORIZAR,7.713654473681455,8.140000343322754,5.0,False,AGUARDAR
KEPL3,,Kepler Weber S.A.,Industrials,Farm & Heavy Construction Machinery,1134837632.0,1439127040.0,183994000.0,139768000.0,797678225.204,354217984.0,341390016.0,0.18312,0.05286,0.09712,0.4279796103406134,-0.039,-0.562,0.1236641183614009,0.7029007307355997,1.268134752866567,6.098077111210148,8.08642,1.422676,6.098,1122009600.0,183994000.0,9124375.0,0.046,0.81,4.604,Yahoo Finance,6.570000171661377,6535825.220768452,8.111111323038736,1.4270200199090741,6.098077111210148,0.008040247117924268,0.006340215107069352,-0.0697194908529626,-0.06676133419579444,-0.3240740749825429,,1.0371610143299645,0.809757787122892,0.35525378138819974,-0.4555023769306087,250,2026-08-27 00:00:00+00:00,general,64.28571428571429,7.142857142857142,67.85714285714286,75.0,53.57142857142857,1.0,14.285714285714285,14.285714285714285,14.285714285714285,1.0,82.14285714285714,50.0,53.57142857142857,53.57142857142857,59.82142857142857,1.0,39.285714285714285,35.714285714285715,,64.28571428571429,21.428571428571427,40.17857142857142,0.8,50.0,28.57142857142857,39.285714285714285,1.0,13.392857142857142,2.857142857142857,11.964285714285715,8.035714285714285,5.892857142857142,42.14285714285714,0.96,True,True,True,5,OK,NAO_PRIORIZAR,6.334179695704047,6.570000171661377,5.0,False,AGUARDAR
MOVI3,,Movida Participações S.A.,Industrials,Rental & Leasing Services,2821057024.0,14971292672.0,5921321984.0,432464000.0,3932101068.138,3464793088.0,25076221952.0,0.13204001,0.26975,0.028889999,6.377308598498093,0.024,0.97,0.1790830945558739,1.3938395358960374,5.306979810983076,4.122502201022008,5.584,0.7174427,4.123,24410662912.0,5921321984.0,4438614528.0,0.316,1.25,9.729,Yahoo Finance,7.210000038146973,32584352.048231997,5.7680000305175785,0.7410833629506602,4.122502201022008,1.5733870284218685,0.29647503560606364,3.6497641780663552,-0.24185069772656487,-0.5044673578260054,,0.8828207286686787,0.6850525781980946,0.6145250406813346,-0.5616992560054151,250,2026-08-27 00:00:00+00:00,general,57.14285714285714,75.0,32.142857142857146,10.714285714285708,43.75,1.0,25.0,80.95238095238095,52.976190476190474,1.0,92.85714285714286,85.71428571428571,89.28571428571429,92.85714285714286,90.17857142857142,1.0,10.714285714285714,3.571428571428571,,3.571428571428571,7.142857142857142,6.249999999999999,0.8,3.5714285714285694,10.714285714285714,7.1428571428571415,1.0,10.9375,10.595238095238095,18.035714285714285,1.25,1.0714285714285712,41.88988095238095,0.96,True,True,True,5,OK,NAO_PRIORIZAR,6.762335933379516,7.210000038146973,5.0,False,AGUARDAR
MBRF3,,MBRF Global Foods Company S.A.,Consumer Defensive,Packaged Foods,25415954432.0,165853921280.0,10587808768.0,364839008.0,11473408900.612,23112841216.0,74324606976.0,0.00906,0.03425,0.0022,6.477988156774877,0.049,-0.513,0.0153508788761928,0.4514254480803855,6.525583043664154,7.445599404312928,65.14285,2.2152052,7.446,78832582656.0,10587808768.0,974712512.0,0.016,0.28,8.234,Yahoo Finance,18.760000228881836,128452035.30051549,67.00000081743512,2.278358055487228,7.4455994043129285,0.03835041940320709,0.005876933776889475,4.836861609625928,0.17176764276611545,-0.07312250785438446,,1.1330281451112092,1.0287597666081196,0.5675141352765469,-0.4723837130726707,250,2026-08-27 00:00:00+00:00,general,20.0,13.333333333333334,20.0,6.666666666666671,15.000000000000002,1.0,66.66666666666666,30.76923076923077,48.717948717948715,1.0,20.0,20.0,80.0,26.66666666666667,36.66666666666667,1.0,93.33333333333333,80.0,,73.33333333333333,86.66666666666667,83.33333333333333,0.8,6.666666666666671,46.666666666666664,26.666666666666668,1.0,3.7500000000000004,9.743589743589745,7.333333333333335,16.666666666666668,4.0,41.49358974358975,0.96,True,True,True,5,OK,NAO_PRIORIZAR,17.68431069327322,18.760000228881836,5.0,False,AGUARDAR
IRBR3,,IRB-Brasil Resseguros S.A.,Financial Services,Insurance - Reinsurance,4556004864.0,4917776896.0,553822976.0,240588000.0,5298699002.88,4468973056.0,286660992.0,0.04567,-0.045100003,0.04892,0.0541002596758546,-0.23,,0.0523784065409735,1.163014375090279,1.0794055412141017,0.7207729857708178,19.091837,0.8598346,0.721,399180640.0,553822976.0,400367264.0,0.704,2.94,65.28,Yahoo Finance,55.22999954223633,25623129.83762741,18.785714130012355,0.8460477871053359,0.7207729857708178,0.08787682979962684,0.08141224631919536,-7.551712813012655,0.0833240363978951,-0.10038724161833967,,1.0280505172984913,1.0411711058668531,0.3118438417460408,-0.21385809138438394,250,2026-08-27 00:00:00+00:00,financial,9.523809523809524,,,,9.523809523809524,1.0,,,,0.0,14.285714285714285,66.66666666666666,,,40.47619047619047,1.0,80.95238095238095,76.19047619047619,,71.42857142857143,80.95238095238095,77.38095238095238,0.8,28.57142857142857,66.66666666666666,47.61904761904761,1.0,2.380952380952381,,8.095238095238093,15.476190476190476,7.1428571428571415,41.369047619047606,0.76,True,True,True,4,OK,NAO_PRIORIZAR,53.48983773330817,55.22999954223633,5.0,False,AGUARDAR
ECOR3,,EcoRodovias Infraestrutura e Logística S.A.,Industrials,Infrastructure Operations,4806742528.0,11891030016.0,5261095936.0,546745024.0,4113903930.564,4889879040.0,29215342592.0,0.12307,0.33336,0.04593,7.101610315920697,0.087,-0.897,0.1143270680194607,0.8558610951136408,2.473822957383916,5.591502881881681,8.746835,1.1684139,5.592,29417433088.0,5261095936.0,-2380126464.0,0.568,0.79,5.914,Yahoo Finance,6.960000038146973,33609109.384207726,8.810126630565788,1.176868454201382,5.591502881881681,-0.49516412625294665,-0.20016150499977006,4.623649492028575,-0.07569723184322252,-0.3289101838430798,,1.0006038182395083,0.8005282546721706,0.4231308823257631,-0.49999484165715213,250,2026-08-27 00:00:00+00:00,general,50.0,82.14285714285714,42.857142857142854,3.5714285714285694,44.64285714285714,1.0,60.71428571428571,9.523809523809524,35.11904761904761,1.0,71.42857142857143,71.42857142857143,82.14285714285714,57.142857142857146,70.53571428571429,1.0,32.142857142857146,32.142857142857146,,39.285714285714285,17.857142857142858,30.35714285714286,0.8,21.42857142857143,17.857142857142858,19.642857142857146,1.0,11.160714285714285,7.023809523809523,14.10714285714286,6.071428571428573,2.9464285714285716,41.30952380952381,0.96,True,True,True,5,OK,NAO_PRIORIZAR,6.6624490568216235,6.960000038146973,5.0,False,AGUARDAR
PGMN3,,Empreendimentos Pague Menos S.A.,Healthcare,Pharmaceutical Retailers,2451329280.0,15637474304.0,939587968.0,328407008.0,3411732829.6380005,111177000.0,3487166976.0,0.10585,0.067600004,0.021,1.022110214993008,0.08,0.111,0.1495601063372356,1.3917887580879629,6.379181463536388,6.215361259287645,6.686275,0.71849984,6.215,5839878656.0,939587968.0,-79996624.0,0.016,0.51,4.746,Yahoo Finance,3.430000066757202,16042281.812226772,6.7254903269749065,0.7227138783727775,6.215361259287645,-0.03263397726803965,-0.005115699789162064,3.5930536479581656,-0.19672129225327217,-0.5236110892192811,,0.9869367747982071,0.6694375709726227,0.4464128527718389,-0.5848806193267286,250,2026-08-27 00:00:00+00:00,general,37.5,25.0,25.0,62.5,37.5,1.0,37.5,42.857142857142854,40.17857142857143,1.0,100.0,87.5,100.0,87.5,93.75,1.0,12.5,12.5,,25.0,12.5,15.625,0.8,12.5,12.5,12.5,1.0,9.375,8.035714285714286,18.75,3.125,1.875,41.160714285714285,0.96,True,True,True,5,OK,NAO_PRIORIZAR,3.2752936811704942,3.430000066757202,5.0,False,AGUARDAR
AZEV3,,Azevedo & Travassos S.A.,Industrials,Engineering & Construction,457135360.0,549900032.0,24105000.0,-663766016.0,141061786.398,73738000.0,253264000.0,-1.11209,0.06227,-1.20707,1.7954118295753472,1.317,-0.986,-1.4520119729963572,0.9055960492828992,1.202926047987187,26.41200481227961,,1.1042451,26.412,636661376.0,24105000.0,264956624.0,0.258,-45.04,3.722,Yahoo Finance,8.210000038146973,7391376.829343319,,2.205803341791234,26.41200481227961,0.5796021204747758,0.481826893219748,7.447666459240821,1.4147058258419647,0.6420000076293946,,2.2110309288200214,1.7823415830455092,1.2805117477307466,-0.8714285749040609,250,2026-08-27 00:00:00+00:00,general,3.571428571428571,10.714285714285714,3.571428571428571,39.28571428571429,14.285714285714286,1.0,96.42857142857143,4.761904761904762,50.595238095238095,1.0,3.571428571428571,75.0,46.42857142857143,7.142857142857139,33.035714285714285,1.0,100.0,100.0,,100.0,100.0,100.0,0.8,0.0,3.571428571428571,1.7857142857142856,1.0,3.5714285714285716,10.11904761904762,6.607142857142858,20.0,0.26785714285714285,40.5654761904762,0.96,True,True,True,5,OK,NAO_PRIORIZAR,7.147805295324842,8.210000038146973,5.0,False,AGUARDAR
TUPY3,,Tupy S.A.,Industrials,Metal Fabrication,1999983616.0,9363995648.0,491328992.0,-773241024.0,2288636960.715,2036770944.0,3941316096.0,-0.28198,0.02473,-0.08258,1.7221237634686637,-0.058,,-0.3866236792211802,1.1443278460829611,4.68203617924038,7.966318161009314,,0.87387544,7.966,3914083072.0,491328992.0,943854656.0,0.024,-5.85,17.451,Yahoo Finance,15.420000076293945,12473340.86171468,,0.8836169890719124,7.966318161009314,0.47193119406034173,0.10079614424015589,3.8763133928803453,0.20468748800922199,0.11982567637461372,,1.0159575163598487,1.149331050336138,0.3950070868800358,-0.23636364570479873,250,2026-08-27 00:00:00+00:00,general,7.142857142857142,3.571428571428571,7.142857142857142,50.0,16.964285714285715,1.0,10.714285714285714,,10.714285714285714,0.5,7.142857142857142,82.14285714285714,85.71428571428571,32.14285714285714,51.785714285714285,1.0,92.85714285714286,89.28571428571429,,50.0,92.85714285714286,81.25,0.8,25.0,75.0,50.0,1.0,4.241071428571429,2.142857142857143,10.357142857142858,16.25,7.5,40.49107142857143,0.86,True,True,True,5,OK,NAO_PRIORIZAR,14.804587049977567,15.420000076293945,5.0,False,AGUARDAR
MRVE3,,MRV Engenharia e Participações S.A.,Real Estate,Real Estate - Development,2921110784.0,11689920512.0,1785814016.0,-575876992.0,4578095196.682,3351198976.0,8766164992.0,-0.100389995,0.14585,-0.04926,1.9148061836620012,0.107,,-0.197143153609336,1.5672445881085315,4.001875100400164,5.017097879021239,,0.6380625,5.017,8959603712.0,1785814016.0,292342112.0,0.507,-1.08,8.134,Yahoo Finance,5.46999979019165,57523064.793634415,,0.6724858360206111,5.017097879021239,0.10007909100923712,0.025008049601355577,3.03221162309435,-0.0649572855787568,-0.4755513298041594,,1.1239417615936886,0.7748368910421497,0.47666330203695784,-0.5973154663110671,250,2026-08-27 00:00:00+00:00,general,6.25,50.0,6.25,0.0,15.625,1.0,56.25,,56.25,0.5,6.25,68.75,100.0,81.25,64.0625,1.0,68.75,12.5,,100.0,25.0,51.5625,0.8,12.5,12.5,12.5,1.0,3.90625,11.25,12.8125,10.3125,1.875,40.15625,0.86,True,True,True,5,OK,NAO_PRIORIZAR,5.2065629866177785,5.46999979019165,5.0,False,AGUARDAR
LAVV3,,Lavvi Empreendimentos Imobiliários S.A.,Real Estate,Real Estate Services,1956297856.0,1813208960.0,358144000.0,361088000.0,1450122891.84,937393024.0,1475431040.0,0.23990999,0.19179001,0.19914,1.017452416138254,0.028,-0.303,0.1868131755222806,0.7412587433321923,0.9268573057210364,7.712782701929949,5.3529415,1.3490566,7.713,2762286848.0,358144000.0,-819651264.0,0.432,1.87,7.42,Yahoo Finance,10.109999656677246,5251251.771674156,5.4064169287044095,1.3625336464524591,7.7127827019299495,-0.4189808118871649,-0.45204456964518863,1.5022952108649035,-0.13737206259976653,-0.4564516425091396,,0.9660219879522036,0.7428229709100422,0.35983366048079873,-0.5131995772413234,250,2026-08-27 00:00:00+00:00,general,62.5,62.5,62.5,18.75,51.5625,1.0,25.0,26.666666666666668,25.833333333333336,1.0,56.25,31.25,50.0,43.75,45.3125,1.0,25.0,25.0,,43.75,18.75,28.125,0.8,62.5,18.75,40.625,1.0,12.890625,5.166666666666668,9.0625,5.625,6.09375,38.83854166666667,0.96,True,True,True,5,OK,NAO_PRIORIZAR,9.742437874191257,10.109999656677246,5.0,False,AGUARDAR
CAML3,,Camil Alimentos S.A.,Consumer Defensive,Packaged Foods,1688302592.0,11095651328.0,808681024.0,110276000.0,2988807206.016,1455809024.0,5946954240.0,0.0341,0.05231,0.00994,1.9897416695294747,-0.007,-0.585,0.0606060679522506,1.7703029450388028,6.572075041865481,7.641928415028569,16.499998,0.56487507,7.642,6179882496.0,808681024.0,-242458368.0,0.287,0.3,8.763,Yahoo Finance,4.920000076293945,4735680.4734357195,16.400000254313152,0.5614515663920969,7.641928415028569,-0.1436107301788707,-0.021851657089129468,5.5536671230213015,-0.1255978682800385,-0.2709459321484319,,1.0312735950460623,0.8730631473368472,0.41942988550972204,-0.4132194886703936,250,2026-08-27 00:00:00+00:00,general,26.666666666666668,20.0,33.33333333333333,40.0,30.0,1.0,26.666666666666668,15.384615384615385,21.025641025641026,1.0,46.666666666666664,73.33333333333333,86.66666666666667,20.0,56.66666666666667,1.0,13.333333333333334,33.33333333333333,,40.0,40.0,31.666666666666664,0.8,66.66666666666667,53.333333333333336,60.0,1.0,7.5,4.205128205128205,11.333333333333336,6.333333333333333,9.0,38.371794871794876,0.96,True,True,True,5,OK,NAO_PRIORIZAR,4.711502071821,4.920000076293945,5.0,False,AGUARDAR
NATU3,,Natura Cosméticos S.A.,Consumer Defensive,Household & Personal Products,12002652160.0,21304530944.0,1708397056.0,-342383008.0,12576693103.924,2358257920.0,6758220800.0,-0.02478,0.07689,-0.1247,0.5373607151065328,-0.077,-0.889,-0.0285256127925646,1.047826083084121,1.7749852832525974,9.605947529799536,,0.95435685,9.606,16410772480.0,1708397056.0,3814566400.0,0.513,-0.38,9.158,Yahoo Finance,8.90999984741211,86815192.36324947,,0.9729198348342553,9.605947529799536,0.3178102930211051,0.17904953692840148,2.575491958703071,-0.10452261123508877,-0.07284077359760999,,1.0769974367221877,1.0148352592882917,0.4724118094890363,-0.3056074803006088,250,2026-08-27 00:00:00+00:00,general,13.333333333333334,46.666666666666664,6.666666666666667,73.33333333333333,35.0,1.0,13.333333333333334,7.6923076923076925,10.512820512820513,1.0,13.333333333333334,53.333333333333336,46.666666666666664,0.0,28.333333333333336,1.0,33.33333333333333,86.66666666666667,,60.0,80.0,65.0,0.8,33.33333333333334,80.0,56.66666666666667,1.0,8.75,2.1025641025641026,5.666666666666668,13.0,8.5,38.019230769230774,0.96,True,True,True,5,OK,NAO_PRIORIZAR,8.484718961821384,8.90999984741211,5.0,False,AGUARDAR
RAPT4,,Randoncorp S.A.,Industrials,Farm & Heavy Construction Machinery,1684161920.0,13065771008.0,1915010944.0,-275657984.0,1986447755.362,4018004992.0,9671263232.0,-0.01442,0.105170004,-0.026500002,4.868621994157384,0.005,,-0.1636766517081683,1.8455486197787816,7.7580254326139855,4.641193319467526,,0.5418443,4.641,8887936000.0,1915010944.0,2027735296.0,,-0.79,8.914,Yahoo Finance,4.820000171661377,11655515.548437435,,0.5407224783106772,4.641193319467526,1.204002579514445,0.15519446152534316,2.952076204949354,-0.06949800552265817,-0.2911764652258798,,1.020753952535714,0.8751702528349051,0.3867084587127983,-0.36956523992614143,250,2026-08-27 00:00:00+00:00,general,14.285714285714285,25.0,14.285714285714285,17.85714285714286,17.857142857142858,1.0,21.428571428571427,,21.428571428571427,0.5,10.714285714285714,100.0,96.42857142857143,85.71428571428572,73.21428571428572,1.0,35.714285714285715,39.285714285714285,,57.14285714285714,39.285714285714285,42.857142857142854,0.8,28.57142857142857,46.42857142857143,37.5,1.0,4.464285714285714,4.285714285714286,14.642857142857146,8.571428571428571,5.625,37.589285714285715,0.86,True,True,True,5,OK,NAO_PRIORIZAR,4.631675097641698,4.820000171661377,5.0,False,AGUARDAR
SIMH3,,SIMPAR S.A.,Industrials,Rental & Leasing Services,3817785856.0,45115953152.0,12923643904.0,-118537000.0,5819496371.979,13884297216.0,59459956736.0,-0.0023100001,0.18651,-0.00404,10.217371561962128,0.088,,-0.0310486246403025,1.5243119370239668,11.81730847504088,4.126687281401591,,0.6560337,4.127,53331836928.0,12923643904.0,5904375808.0,0.22,-0.07,9.969,Yahoo Finance,6.53000020980835,16271987.806150911,,0.6550306158900943,4.1266872814015905,1.546544523632915,0.13087113084162466,3.5265332176085313,-0.2533700403781127,-0.4896598224810791,,0.8990280309307959,0.6494672178199902,0.5676668053794288,-0.6061707586066296,250,2026-08-27 00:00:00+00:00,general,17.857142857142858,57.14285714285714,21.428571428571427,0.0,24.107142857142858,1.0,64.28571428571429,,64.28571428571429,0.5,17.857142857142858,89.28571428571429,100.0,89.28571428571429,74.10714285714286,1.0,7.142857142857142,7.142857142857142,,14.285714285714285,3.571428571428571,8.035714285714285,0.8,14.285714285714292,7.142857142857142,10.714285714285717,1.0,6.026785714285714,12.85714285714286,14.821428571428573,1.607142857142857,1.6071428571428574,36.919642857142854,0.86,True,True,True,5,OK,NAO_PRIORIZAR,6.155472361170594,6.53000020980835,5.0,False,AGUARDAR
CSNA3,,Companhia Siderúrgica Nacional,Basic Materials,Steel,6908949504.0,45106970624.0,7378395136.0,-2626882048.0,12166911963.725,14135023616.0,54406230016.0,-0.12294,0.08567,-0.05824,4.4716547779920885,0.057,,-0.3802143938784242,1.7610364107837908,6.528774106379689,6.8109928798478485,,0.56784743,6.811,50254196736.0,7378395136.0,-2367489280.0,1.421,-2.04,9.175,Yahoo Finance,5.369999885559082,81981291.20288372,,0.5852860910691097,6.8109928798478485,-0.34266993536851303,-0.052486106853301594,5.457989936525948,-0.19970195901190246,-0.3777520493223111,,1.0935527005659764,0.7554070526546977,0.537656939473779,-0.6069788728305552,250,2026-08-27 00:00:00+00:00,general,5.263157894736842,31.57894736842105,21.052631578947366,0.0,14.473684210526315,1.0,73.68421052631578,,73.68421052631578,0.5,10.526315789473683,73.68421052631578,94.73684210526315,36.8421052631579,53.94736842105262,1.0,26.31578947368421,10.526315789473683,,78.94736842105263,15.789473684210526,32.89473684210526,0.8,5.26315789473685,10.526315789473683,7.894736842105266,1.0,3.6184210526315788,14.736842105263158,10.789473684210526,6.578947368421052,1.1842105263157898,36.9078947368421,0.86,True,True,True,5,OK,NAO_PRIORIZAR,5.07828609985788,5.369999885559082,5.0,False,AGUARDAR
FESA4,,Cia de Ferro Ligas da Bahia S.A. - FERBASA,Basic Materials,Steel,1758722816.0,2175078912.0,111965000.0,147516000.0,2142976706.0,796387008.0,391535008.0,0.04439,-0.01258,0.06782,0.1827061427703638,-0.181,-0.76,0.078998070630121,1.8660887265474635,1.2367377577706935,12.108255829946858,12.658537,0.5358802,12.108,1355700864.0,111965000.0,-100030624.0,0.249,0.41,9.685,Yahoo Finance,5.269999980926514,4767435.216078758,12.853658490064669,0.54414042136567,12.108255829946858,-0.05687685580124981,-0.04598942293455512,-3.6158799624882776,-0.14724917033804286,-0.3696172012737713,,0.9233626521098343,0.7639452615839235,0.34950371013812015,-0.44764091800759975,250,2026-08-27 00:00:00+00:00,general,57.89473684210527,5.263157894736842,84.21052631578947,89.47368421052632,59.210526315789465,1.0,5.263157894736842,6.666666666666667,5.964912280701754,1.0,78.94736842105263,78.94736842105263,47.368421052631575,5.26315789473685,52.63157894736842,1.0,31.57894736842105,15.789473684210526,,26.31578947368421,21.052631578947366,23.684210526315788,0.8,42.10526315789473,31.57894736842105,36.84210526315789,1.0,14.802631578947366,1.1929824561403508,10.526315789473685,4.7368421052631575,5.526315789473683,36.78508771929825,0.96,True,True,True,5,OK,NAO_PRIORIZAR,5.083902786721968,5.269999980926514,5.0,False,AGUARDAR
JALL3,,Jalles Machado S/A,Consumer Defensive,Confectioners,750853632.0,1984231936.0,807977024.0,-50626000.0,1936237550.544,1638480000.0,4682607104.0,-0.02579,-0.17198,-0.025510002,2.418405274024557,-0.326,,-0.0674245922805897,2.578714951556905,2.642634797829679,4.696825834493036,,0.38779005,4.697,3794927360.0,807977024.0,-27695750.0,,-0.17,6.421,Yahoo Finance,2.619999885559082,3230285.1922353106,,0.40803611362078834,4.696825834493036,-0.03688568426609142,-0.013957919685453546,3.767591173483666,0.011665604896173631,-0.14599658261110615,,1.2410684964558587,0.9438865143227246,0.44849814307775215,-0.48071915274910393,250,2026-08-27 00:00:00+00:00,general,6.666666666666667,6.666666666666667,13.333333333333334,26.66666666666667,13.333333333333336,1.0,6.666666666666667,,6.666666666666667,0.5,6.666666666666667,93.33333333333333,66.66666666666666,73.33333333333333,60.0,1.0,60.0,53.333333333333336,,100.0,53.333333333333336,66.66666666666667,0.8,46.666666666666664,40.0,43.33333333333333,1.0,3.333333333333334,1.3333333333333335,12.0,13.333333333333336,6.499999999999999,36.5,0.86,True,True,True,5,OK,NAO_PRIORIZAR,2.5012756606573667,2.619999885559082,5.0,False,AGUARDAR
CSAN3,,Cosan S.A.,Energy,Oil & Gas Refining & Marketing,14870261760.0,40083075072.0,14518722560.0,-8892040192.0,4969901745.9,4743000064.0,12037999616.0,-0.27222002,0.30708998,-0.22184,2.422180604663048,0.265,17.654,-0.5979746917380424,0.3342175057447811,2.6955191320048426,1.526667531830018,,2.9920635,1.527,22165262336.0,14518722560.0,-1259318656.0,0.489,-2.85,1.26,Yahoo Finance,3.7100000381469727,109575092.27667332,,2.9444444747198197,1.526667531830018,-0.08468705368640397,-0.03141771567520517,0.5024546424007155,-0.023684188236489878,-0.4412650432611238,,0.9967759300188564,0.7516892811079985,0.5104881279184059,-0.6087499856948853,250,2026-08-27 00:00:00+00:00,general,14.285714285714285,42.857142857142854,14.285714285714285,0.0,17.857142857142854,1.0,57.14285714285714,100.0,78.57142857142857,1.0,14.285714285714285,14.285714285714285,85.71428571428571,85.71428571428572,50.0,1.0,42.857142857142854,14.285714285714285,,28.57142857142857,14.285714285714285,25.0,0.8,0.0,14.285714285714285,7.142857142857142,1.0,4.4642857142857135,15.714285714285715,10.0,5.0,1.0714285714285714,36.25,0.96,True,True,True,5,OK,NAO_PRIORIZAR,3.5186462862763186,3.7100000381469727,5.0,False,AGUARDAR
EQTL3,,Equatorial S.A.,Utilities,Utilities - Regulated Electric,46168977408.0,54713131008.0,11680036864.0,712227968.0,26153626565.598003,8964774912.0,65138839552.0,0.050029997,0.18372999,0.01752,2.49062360008162,0.102,-0.549,0.0152380952380952,0.5664762098119117,1.1850626563481022,8.979862507392854,65.625,1.7652992,8.98,104885125120.0,11680036864.0,3604028672.0,0.024,0.56,20.818,Yahoo Finance,36.709999084472656,320073258.3508809,65.55356979370117,1.7633778021170454,8.979862507392854,0.07806169584720987,0.06587136589702806,4.809408163183003,-0.04773022539567218,-0.1442890960661669,,0.9641851271721948,0.9260463919554976,0.2513437014406226,-0.24520395382659987,250,2026-08-27 00:00:00+00:00,general,23.52941176470588,23.52941176470588,11.76470588235294,0.0,14.705882352941176,1.0,47.05882352941176,18.181818181818183,32.62032085561497,1.0,11.76470588235294,41.17647058823529,76.47058823529412,35.294117647058826,41.17647058823529,1.0,35.294117647058826,35.294117647058826,,41.17647058823529,41.17647058823529,38.23529411764706,0.8,70.58823529411765,52.94117647058824,61.76470588235294,1.0,3.676470588235294,6.524064171122994,8.235294117647058,7.647058823529412,9.26470588235294,35.3475935828877,0.96,True,True,True,5,OK,NAO_PRIORIZAR,35.77775464530594,36.709999084472656,5.0,False,AGUARDAR
PLPL3,,Plano & Plano Desenvolvimento Imobiliário S.A.,Real Estate,Real Estate - Development,1425409408.0,3542717952.0,476988992.0,305308992.0,1118195138.46,876612992.0,1459060992.0,0.31768,0.11321,0.08618,1.3048357498758645,0.167,-0.373,0.216524218991729,0.784472896579094,2.485403794949556,4.41896010883203,4.618421,1.2747413,4.419,2107795328.0,476988992.0,-232610000.0,0.138,1.52,5.507,Yahoo Finance,7.239999771118164,16258722.686004639,4.763157744156687,1.314690352481962,4.41896010883203,-0.16318820311869303,-0.06565862796632815,1.2210931693786342,-0.18376551696406007,-0.544940299148035,,0.9559774709874521,0.6150772047000649,0.5008208069173861,-0.6279089759736614,250,2026-08-27 00:00:00+00:00,general,81.25,18.75,18.75,12.5,32.8125,1.0,62.5,13.333333333333334,37.916666666666664,1.0,81.25,37.5,87.5,93.75,75.0,1.0,12.5,6.25,,31.25,6.25,14.0625,0.8,0.0,6.25,3.125,1.0,8.203125,7.583333333333333,15.0,2.8125,0.46875,34.06770833333333,0.96,True,True,True,5,OK,NAO_PRIORIZAR,6.873647964617212,7.239999771118164,5.0,False,AGUARDAR
BRAP4,,Bradespar S.A.,Financial Services,Asset Management,8734606336.0,,,584438976.0,5223820141.624001,254451008.0,4086000.0,0.0695,0.0,0.0,0.0007821861950112,,-0.439,0.0630063009136197,0.9215572326668448,,,15.8714285,1.0851198,,8484241920.0,,-63545124.0,0.546,1.4,20.477,Yahoo Finance,22.350000381469727,39854595.18023808,15.964285986764091,1.0914684954568408,,-0.0072750987915845096,,,-0.03870966101205475,-0.10348976703263069,,1.0353645457856966,1.0190027587400718,0.2528170341772275,-0.20792464827974588,250,2026-08-27 00:00:00+00:00,financial,14.285714285714285,,,,14.285714285714285,1.0,,5.263157894736842,5.263157894736842,1.0,23.809523809523807,47.61904761904761,,,35.71428571428571,1.0,19.047619047619047,66.66666666666666,,76.19047619047619,76.19047619047619,59.52380952380952,0.8,66.66666666666667,71.42857142857143,69.04761904761905,1.0,3.571428571428571,1.0526315789473684,7.142857142857142,11.904761904761905,10.357142857142858,34.028822055137844,0.96,True,True,True,5,OK,NAO_PRIORIZAR,21.779098744241793,22.350000381469727,5.0,False,AGUARDAR
AZZA3,,Azzas 2154 S.A.,Consumer Cyclical,Footwear & Accessories,2963898368.0,11365137408.0,1103817984.0,324176000.0,8040333128.486,952432000.0,3973318912.0,0.03958,0.0444,0.02852,0.4941734189996402,-0.082,-0.943,0.3437926163178483,2.7127558091427626,3.8345233192557298,5.421895180863442,2.9087303,0.36862883,5.422,5984785408.0,1103817984.0,837071360.0,0.029,5.04,39.769,Yahoo Finance,14.789999961853027,38536330.900605515,2.9345238019549655,0.3718977083118265,5.421895180863442,0.2824224234668495,0.07365255077433376,2.736761817426595,-0.23407558928530336,-0.44230770337248293,,0.8670926914422254,0.6702725069235385,0.4386816535575207,-0.5425447091935633,250,2026-08-27 00:00:00+00:00,general,20.0,20.0,30.0,75.0,36.25,1.0,15.0,5.88235294117647,10.441176470588236,1.0,90.0,85.0,70.0,70.0,78.75,1.0,20.0,10.0,,15.0,10.0,13.75,0.8,30.0,25.0,27.5,1.0,9.0625,2.088235294117647,15.75,2.75,4.125,33.775735294117645,0.96,True,True,True,5,OK,NAO_PRIORIZAR,14.134466196948393,14.789999961853027,5.0,False,AGUARDAR
EVEN3,,Even Construtora e Incorporadora S.A.,Real Estate,Real Estate - Development,843214144.0,1544429952.0,244996000.0,198104000.0,1924313917.068,786990976.0,1485643008.0,0.1113,0.08525,0.12827,0.7720377610029525,-0.647,-0.375,0.3011764705882352,2.282117772430319,1.8315987261238351,7.841639994122353,3.3203125,0.43818948,7.842,1921170432.0,244996000.0,73220496.0,0.176,1.28,9.699,Yahoo Finance,4.409999847412109,4182443.8552856445,3.4453123807907104,0.4546860343759263,7.841639994122353,0.08683499502588989,0.04740939911530542,2.851687505102124,-0.21519070052014055,-0.46219125006789163,,0.8827061303459908,0.6792402556684254,0.3682184495279992,-0.5079246624183482,250,2026-08-27 00:00:00+00:00,general,37.5,12.5,43.75,50.0,35.9375,1.0,6.25,6.666666666666667,6.458333333333334,1.0,93.75,93.75,75.0,37.5,75.0,1.0,6.25,18.75,,6.25,12.5,10.9375,0.8,56.25,25.0,40.625,1.0,8.984375,1.291666666666667,15.0,2.1875,6.09375,33.55729166666667,0.96,True,True,True,5,OK,NAO_PRIORIZAR,4.245932732666436,4.409999847412109,5.0,False,AGUARDAR
BRAV3,,Brava Energia S.A.,Energy,Oil & Gas E&P,7897232896.0,12338900992.0,4716587008.0,54457000.0,12282519616.88,4614486016.0,18985000960.0,0.0044400003,0.31874,0.00441,1.545692704118193,0.145,-0.173,0.0058823529411764,1.5552941278937025,1.562433469354783,4.721156689409258,170.0,0.6429652,4.721,22267746304.0,4716587008.0,1393503872.0,-0.223,0.1,26.44,Yahoo Finance,17.5,113700825.0,175.0,0.661875945537065,4.721156689409258,0.1764547013303633,0.11293581761483348,3.046803741694062,-0.13580246913580252,-0.051875170894234324,,0.9149561417610731,0.965258286175041,0.3676218305060462,-0.33382932253782627,250,2026-08-27 00:00:00+00:00,general,28.57142857142857,57.14285714285714,28.57142857142857,28.57142857142857,35.71428571428571,1.0,28.57142857142857,14.285714285714285,21.428571428571427,1.0,28.57142857142857,100.0,71.42857142857143,28.57142857142857,57.14285714285714,1.0,14.285714285714285,42.857142857142854,,14.285714285714285,28.57142857142857,24.999999999999996,0.8,14.285714285714292,28.57142857142857,21.42857142857143,1.0,8.928571428571427,4.285714285714286,11.428571428571429,5.0,3.2142857142857144,32.857142857142854,0.96,True,True,True,5,OK,NAO_PRIORIZAR,16.84999490141689,17.5,5.0,False,AGUARDAR
BBAS3,,Banco do Brasil S.A.,Financial Services,Banks - Regional,115147972608.0,75029250048.0,,16381933568.0,181981756224.228,295502970880.0,1075951304704.0,0.105459996,0.24253,0.21834,5.912413018908728,0.002,-0.138,0.1056023861070345,1.5804164903185267,0.6515898486847287,,9.469483,0.6327446,,900284743680.0,,,0.234,2.13,31.877,Yahoo Finance,19.969999313354492,454166211.63401604,9.375586532091312,0.6264704744284121,,,,,-0.009286562587497382,-0.2608518209253289,,1.002832200467705,0.9138777360324067,0.2819433911114356,-0.34833620654981634,250,2026-08-27 00:00:00+00:00,financial,19.047619047619047,,,,19.047619047619047,1.0,,15.789473684210526,15.789473684210526,1.0,42.857142857142854,80.95238095238095,,,61.9047619047619,1.0,47.61904761904761,9.523809523809524,,66.66666666666666,19.047619047619047,35.71428571428571,0.8,47.61904761904761,14.285714285714285,30.95238095238095,1.0,4.761904761904762,3.1578947368421053,12.38095238095238,7.142857142857142,4.642857142857142,32.08646616541353,0.96,True,True,True,5,OK,NAO_PRIORIZAR,19.40112360376111,19.969999313354492,5.0,False,AGUARDAR
MGLU3,,Magazine Luiza S.A.,Consumer Cyclical,Specialty Retail,3583541760.0,38284193792.0,1446521984.0,88509000.0,11166378873.448,1762217984.0,8512138752.0,0.00796,0.03479,0.0023100001,0.762300728684803,-0.026,,0.0259740259740259,3.11601749531647,10.683339655570247,7.1436608930238,38.5,0.32092246,7.144,10333462528.0,1446521984.0,2472824320.0,0.814,0.12,14.396,Yahoo Finance,4.840000152587891,107825595.99935532,40.33333460489909,0.33620451184967287,7.1436608930238,0.6900503707259714,0.06459126012774312,4.6663105315100415,-0.1906354285701527,-0.4900297153110019,,1.0542365766567934,0.6418931824075076,0.5808486984299612,-0.6471632960154661,250,2026-08-27 00:00:00+00:00,general,15.0,10.0,15.0,50.0,22.5,1.0,25.0,,25.0,0.5,10.0,95.0,85.0,44.99999999999999,58.75,1.0,30.0,5.0,,80.0,5.0,30.0,0.8,10.0,10.0,10.0,1.0,5.625,5.0,11.75,6.0,1.5,29.875,0.86,True,True,True,5,OK,NAO_PRIORIZAR,4.555956023552752,4.840000152587891,5.0,False,AGUARDAR
JSLG3,,JSL S.A.,Industrials,Integrated Freight & Logistics,1569529088.0,9810481152.0,1498946048.0,-104482000.0,1182854160.965,1490705024.0,7711862784.0,-0.06961,0.11145,-0.010650001,6.519707195102128,0.049,-0.44,-0.066569011558198,0.7536363519207441,6.250588935883424,5.19744339190519,,1.3268999,5.197,7790687232.0,1498946048.0,1550188928.0,0.359,-0.36,4.145,Yahoo Finance,5.369999885559082,4573109.802541733,,1.2955367637054482,5.19744339190519,0.9876777307614958,0.15801354734614345,4.150354689750648,-0.14490450538966437,-0.3402948821784638,,0.9838408045104409,0.8532151678117665,0.5870340526056247,-0.4467592569596974,250,2026-08-27 00:00:00+00:00,general,10.714285714285714,28.57142857142857,17.857142857142858,7.142857142857139,16.07142857142857,1.0,37.5,19.047619047619047,28.273809523809526,1.0,14.285714285714285,57.14285714285714,92.85714285714286,67.85714285714286,58.035714285714285,1.0,25.0,21.428571428571427,,32.142857142857146,32.142857142857146,27.67857142857143,0.8,7.142857142857139,32.142857142857146,19.642857142857142,1.0,4.017857142857142,5.654761904761905,11.607142857142858,5.5357142857142865,2.946428571428571,29.76190476190476,0.96,True,True,True,5,OK,NAO_PRIORIZAR,5.051495811216232,5.369999885559082,5.0,False,AGUARDAR
DASA3,,Diagnósticos da América S.A.,Healthcare,Diagnostics & Research,3124566784.0,9324487680.0,1477895040.0,-892902976.0,6840301381.329,958700992.0,7672385024.0,-0.12092,0.10771,-0.096,1.1216442955192327,-0.098,,-0.2857685681651284,2.189200084897179,2.9842497615183,6.674168103304549,,0.45678785,6.674,9863719936.0,1477895040.0,489755488.0,0.323,-0.75,5.473,Yahoo Finance,2.6500000953674316,2565288.4256521864,,0.48419515720216183,6.674168103304549,0.15674348537144278,0.0525235814349856,4.542733990094452,-0.14516123326090025,-0.3488943529243883,,0.9977409983288222,0.8147954842831339,0.8602391643792554,-0.5413043611216413,250,2026-08-27 00:00:00+00:00,general,12.5,50.0,12.5,25.0,25.0,1.0,12.5,,12.5,0.5,12.5,100.0,75.0,75.0,65.625,1.0,25.0,25.0,,37.5,25.0,28.125,0.8,0.0,25.0,12.5,1.0,6.25,2.5,13.125,5.625,1.875,29.375,0.86,True,True,True,5,OK,NAO_PRIORIZAR,2.41967433061829,2.6500000953674316,5.0,False,AGUARDAR
PCAR3,,Companhia Brasileira De Distribuicao,Consumer Cyclical,Department Stores,1300324480.0,18272000000.0,1080000000.0,-1932000000.0,408814110.43,669000000.0,8527000064.0,-1.29364,0.037839998,-0.116459996,20.857890778356712,-0.096,,-1.4857829947183645,0.3143939089072573,14.051877266818815,8.479929837037037,,3.1807232,8.48,9158324224.0,1080000000.0,-393750016.0,0.852,-4.13,0.83,Yahoo Finance,2.7799999713897705,13613622.793229422,,3.34939755589129,8.479929837037037,-0.30280904655428775,-0.021549366024518388,7.275925985185185,0.4946236290371011,-0.12852667036875653,,1.0518350319507057,0.9593650169643994,0.6781062231475967,-0.6651376161839402,250,2026-08-27 00:00:00+00:00,general,5.0,15.0,5.0,0.0,6.25,1.0,10.0,,10.0,0.5,5.0,10.0,100.0,15.0,32.5,1.0,100.0,85.0,,75.0,85.0,86.25,0.8,0.0,5.0,2.5,1.0,1.5625,2.0,6.5,17.25,0.375,27.6875,0.86,True,True,True,5,OK,NAO_PRIORIZAR,2.589532883054632,2.7799999713897705,5.0,False,AGUARDAR
AURE3,,Auren Energia S.A.,Utilities,Utilities - Renewable,11282059264.0,13469154304.0,3083714048.0,-1089422976.0,11507699754.864,3638808064.0,23654223872.0,-0.076799996,0.14119,-0.08088,2.055512776304577,0.059,,-0.0965624227375092,1.019999955120002,1.1938560141213597,10.553180962127913,,0.9803922,10.553,32542992384.0,3083714048.0,364952640.0,0.2,-1.05,11.016,Yahoo Finance,10.859999656677246,31512949.703764915,,0.9858387487905996,10.553180962127913,0.032348052023138174,0.02709543834475326,6.4906847705225355,-0.12206954267191483,-0.11056514146208041,,0.9680524561135501,0.9101041402373053,0.3267770593485371,-0.31211496051324783,250,2026-08-27 00:00:00+00:00,general,5.88235294117647,11.76470588235294,5.88235294117647,5.882352941176478,7.35294117647059,1.0,23.52941176470588,,23.52941176470588,0.5,5.88235294117647,70.58823529411765,82.35294117647058,11.764705882352942,42.647058823529406,1.0,5.88235294117647,52.94117647058824,,47.05882352941176,29.411764705882355,33.8235294117647,0.8,17.64705882352942,29.411764705882355,23.529411764705888,1.0,1.8382352941176474,4.705882352941177,8.529411764705882,6.764705882352941,3.529411764705883,25.367647058823533,0.86,True,True,True,5,OK,NAO_PRIORIZAR,10.50144217155916,10.859999656677246,5.0,False,AGUARDAR
HAPV3,,Hapvida Participações e Investimentos S.A.,Financial Services,Insurance - Life,3083320576.0,31855859712.0,2590641920.0,-173622000.0,48285561765.55,7887419904.0,15852745728.0,-0.00358,0.38616002,-0.00545,0.3283123390998913,0.413,,-0.0563100708215168,15.660247792100815,10.331672924301206,4.265264911640124,,0.06385595,4.265,11049774080.0,2590641920.0,-515316128.0,0.256,-0.36,101.635,Yahoo Finance,6.550000190734863,44441336.460790634,,0.06444630482348465,4.265264911640124,-0.16713024653068057,-0.016176494141386555,3.074653336884165,-0.46090531717010996,-0.3906976566758267,,0.6738406016795264,0.5322715150906062,0.7743071669070015,-0.8539918416144245,250,2026-08-27 00:00:00+00:00,financial,4.761904761904762,,,,4.761904761904762,1.0,,,,0.0,4.761904761904762,100.0,,,52.38095238095238,1.0,4.761904761904762,4.761904761904762,,4.761904761904762,4.761904761904762,4.761904761904762,0.8,0.0,4.761904761904762,2.380952380952381,1.0,1.1904761904761905,,10.476190476190476,0.9523809523809524,0.35714285714285715,16.220238095238095,0.76,True,True,True,4,OK,NAO_PRIORIZAR,6.037573181068667,6.550000190734863,5.0,False,AGUARDAR
