ticker,name,close,change,volume,market_cap,logo,sector,subsector,type,subtype,asset_class,turnover_proxy,price_now,ret_21d,ret_63d,ret_126d,ret_252d,volatility,max_drawdown,ma50,ma200,avg_daily_value,dividend_yield_12m,dividend_months_12m,relative_strength_6m,trend_confirm,fundamental_coverage,momentum_score,risk_score,liquidity_score,trend_score,roe,profit_margin,revenue_growth,earnings_growth,debt_to_equity,forward_pe,price_to_book,quality_score,growth_score,valuation_score,opportunity_score,income_score,class_percentile,regime,regime_score,global_opportunity_score,entry_watch_low,entry_watch_high,signal,strengths,risks,atr14,ma20_live,ma50_live,ma200_live,high_52w,low_52w,ret_1d,ret_21d_live,ret_63d_live,vol20,vol126,buy_zone_low,buy_zone_high,do_not_chase_above,invalidation_price,risk_to_invalidation_pct,review_price_2R,review_price_3R,price_in_buy_zone,price_above_buy_zone,price_overextended,volatility_spike,gap_risk,hard_failures,cautions,forward_evidence,current_portfolio_weight,max_position_pct,base_pass,news_check,news_veto_reason,why_buy,why_not,final_decision,max_buy_price,suggested_total_position_pct,suggested_initial_position_pct,previous_positive_weeks,previous_weeks_observed,plain_language
PETR4,Petróleo Brasileiro S.A. - Petrobras,,,,,,,,,,AÇÃO B3,,48.06999969482422,,,,,,,,,,,,,True,,,,,,,,,,,,,,,,79.73214285714286,,100.0,RISK_ON,,94.83973214285714,46.497646415426345,48.06999969482422,AVALIAR_COMPRA,,,1.2164295741489954,48.06649971008301,43.88098220825195,39.55282826423645,50.70000076293945,26.715398393522193,-0.024157504410405095,0.1597104658633377,0.29991570994027494,0.32374166063233134,0.29640464008743966,47.51910640171596,48.25246413094657,49.708679635184154,42.48208819798061,0.11284553523130852,58.69317940303259,64.09687647138324,True,False,False,False,False,,validação futura ainda curta,INSUFFICIENT,0.0,0.08,True,CLEAR,,"tendência confirmada, regime favorável",validação futura ainda curta,COMPRARIA_AGORA,48.25246413094657,0.06646253203218586,0.03323126601609293,0,0,Eu compraria agora apenas dentro de 47.52–48.25. Não perseguiria acima de 49.71. Reavaliaria a tese abaixo de 42.48.
JHSF3,JHSF Participações S.A.,,,,,,,,,,AÇÃO B3,,11.720000267028809,,,,,,,,,,,,,True,,,,,,,,,,,,,,,,77.34375,,99.38650306748468,RISK_ON,,93.87289589723926,11.26985418482034,11.720000267028809,AVALIAR_COMPRA,,,0.45357138769967215,11.544542169570922,10.96245656967163,10.057278017997742,14.05848228138259,5.46621707278927,-0.0076206731067001154,0.1345555893243504,0.04520719268739204,0.38014425521647444,0.4333968532099545,11.34043504510607,11.78803597518376,12.15686354296548,10.440849473817007,0.09714313024344748,13.81100758280073,14.934393619128638,True,False,False,False,False,,validação futura ainda curta,INSUFFICIENT,0.0,0.08,True,CLEAR,,"tendência confirmada, regime favorável",validação futura ainda curta,COMPRARIA_AGORA,11.78803597518376,0.07720566530236853,0.03860283265118426,0,0,Eu compraria agora apenas dentro de 11.34–11.79. Não perseguiria acima de 12.16. Reavaliaria a tese abaixo de 10.44.
SPXR11,SPXR11,76.35,0.69,404343.0,,https://icons.brapi.dev/icons/BRAPI.svg,Miscellaneous,,fund,etf,ETF,30871588.05,76.3499984741211,0.0184073260097117,0.0624825748070303,0.2495908409303666,0.2680617776958367,0.1080274421676872,-0.0831285112153737,74.70700012207031,68.69394994735718,24930493.945374742,0.0,0.0,0.2419563444172698,True,,88.1578947368421,80.26315789473685,94.9248120300752,100.0,,,,,,,,,,,89.61278195488723,,100.0,RISK_ON,75.0,95.42255639097743,75.63570981047823,76.3499984741211,AVALIAR_COMPRA,"momentum, risco controlado, liquidez, tendência positiva",nenhum alerta quantitativo principal,0.8828566414969308,75.4694995880127,74.70700012207031,68.69394994735718,77.19999694824219,58.97999954223633,0.0068573998484786625,0.018407326009711733,0.062482574807030344,0.10590860612111871,0.13852518765550217,75.07221409933908,76.1316420691354,76.66135605403355,73.69171498434883,0.025266724649667796,79.42235428401406,81.33256738390247,False,True,False,False,False,,validação futura ainda curta,INSUFFICIENT,0.0,0.18,True,UNAVAILABLE,,"momentum forte, risco relativo controlado, boa liquidez, tendência confirmada, regime favorável","validação futura ainda curta, notícias indisponíveis para confirmação automática",ESPERARIA,76.1316420691354,0.18,0.04,0,0,Eu não colocaria dinheiro agora; manteria no radar até os vetos/entrada melhorarem.
LFTS11,LFTS11,160.46,0.07,112965.0,,https://icons.brapi.dev/icons/BRAPI.svg,Miscellaneous,,fund,etf,ETF,18126363.9,160.4600067138672,0.0105807277206591,0.0326940511739977,0.0686647568197085,0.1501358333806364,0.002944268525094,-0.0002526110852911,158.47980041503905,152.35926147460938,35637139.440777734,0.0,0.0,0.0610302603066117,True,,66.79197994987469,99.43609022556392,96.2406015037594,100.0,,,,,,,,,,,87.5482456140351,,99.08256880733946,RISK_ON,75.0,94.36744728794464,160.419092439421,160.4600067138672,AVALIAR_COMPRA,"risco controlado, liquidez, tendência positiva",nenhum alerta quantitativo principal,0.15642874581473215,159.69899978637696,158.47980041503905,152.35926147460938,160.5399932861328,139.58987426757812,0.0007484743589718512,0.0105807277206591,0.03269405117399771,0.0026596200597827995,0.0029702381743160647,159.62860685076032,159.816321345738,159.91017859322685,158.85306527273997,0.00544318440375679,161.46126174926755,162.33066057477674,False,False,True,False,False,ETF sem momentum suficiente,validação futura ainda curta; preço acima da faixa ideal,INSUFFICIENT,0.0,0.18,False,NOT_RUN,,"risco relativo controlado, boa liquidez, tendência confirmada, regime favorável","ETF sem momentum suficiente, validação futura ainda curta, preço acima da faixa ideal, preço esticado",ESPERARIA,159.816321345738,0.18,0.04,0,0,Eu não colocaria dinheiro agora; manteria no radar até os vetos/entrada melhorarem.
LFTB11,LFTB11,127.28,0.07,485002.0,,https://icons.brapi.dev/icons/BRAPI.svg,Miscellaneous,,fund,etf,ETF,61731054.56,127.27999877929688,0.0124890597904565,0.034796738043064,0.0659073350291234,,0.0095470606918186,-0.0018511746725664,125.46420028686524,120.89036888122558,58207974.207281806,0.0,0.0,0.0582728385160267,True,,66.72932330827068,98.21428571428572,97.36842105263158,100.0,,,,,,,,,,,87.39943609022556,,98.1651376146789,RISK_ON,75.0,93.69548354832034,127.17476371333716,127.27999877929688,AVALIAR_COMPRA,"risco controlado, liquidez, tendência positiva",nenhum alerta quantitativo principal,0.19285801478794642,126.55249977111816,125.46420028686524,120.89036888122558,127.37000274658203,111.12671661376953,0.0007075739929487401,0.012489059790456558,0.034796738043064046,0.0064474411077691226,0.011847109677337132,126.46571366446359,126.69714328220913,126.81285809108189,125.72214137486048,0.006788413662568823,128.3000026702881,129.15928976876398,False,False,True,False,False,ETF sem momentum suficiente,validação futura ainda curta; preço acima da faixa ideal,INSUFFICIENT,0.0,0.18,False,NOT_RUN,,"risco relativo controlado, boa liquidez, tendência confirmada, regime favorável","ETF sem momentum suficiente, validação futura ainda curta, preço acima da faixa ideal, preço esticado",ESPERARIA,126.69714328220913,0.18,0.04,0,0,Eu não colocaria dinheiro agora; manteria no radar até os vetos/entrada melhorarem.
AAPL34,AAPL34,88.55,1.75,219506.0,25898215259661.81,https://icons.brapi.dev/icons/BRAPI.svg,Electronic Technology,,bdr,bdr,AÇÃO GLOBAL / BDR,19437256.3,88.55000305175781,0.1013681762587481,0.2145992273146915,0.336726200587949,0.2932671458019946,0.3154258817192855,-0.154044892714247,82.5156379699707,74.29258407592773,26472264.688164,0.0021792997554975,4.0,0.155346658069073,True,False,92.23057644110276,42.57518796992481,95.1127819548872,100.0,,,,,,,,,,,75.12932330827067,,100.0,RISK_ON,85.0,93.52586466165414,86.13111071902796,88.55000305175781,AVALIAR_COMPRA,"momentum, liquidez, tendência positiva",nenhum alerta quantitativo principal,1.8464290073939733,84.61149940490722,82.5156379699707,74.29258407592773,88.55000305175781,63.337712841355604,0.017465291207409805,0.10136817625874817,0.2145992273146915,0.22754999938219914,0.30014816736577316,83.78060635157993,85.9963211604527,87.10417856488908,80.39224461146763,0.052966197591601656,93.88090204511366,98.37712118966233,False,False,True,False,False,risk score abaixo de 60; fundamentos globais insuficientes,validação futura ainda curta; preço acima da faixa ideal,INSUFFICIENT,0.0,0.08,False,NOT_RUN,,"momentum forte, boa liquidez, tendência confirmada, regime favorável","risk score abaixo de 60, fundamentos globais insuficientes, validação futura ainda curta, preço acima da faixa ideal, preço esticado",ESPERARIA,85.9963211604527,0.08,0.04,0,0,Eu não colocaria dinheiro agora; manteria no radar até os vetos/entrada melhorarem.
AZIN11,AZIN11,94.12,-0.61,11476.0,,https://icons.brapi.dev/icons/BRAPI.svg,Miscellaneous,,fund,fi-infra,FI-INFRA,1080121.12,94.12000274658205,0.0114340903342493,0.0014718672914897,0.0413407261944716,0.1342673499089433,0.1284700936206164,-0.0500265175793845,94.0977215576172,91.93903526306153,1218639.8370163932,0.203994894174578,12.0,0.0337062296813748,True,,54.76190476190476,82.14285714285714,66.16541353383458,100.0,,,,,,,,,,,79.41885964912281,97.5,100.0,RISK_ON,75.0,93.38377192982456,93.0728389874486,94.12000274658205,AVALIAR_COMPRA,"risco controlado, tendência positiva",nenhum alerta quantitativo principal,1.3379450734706555,94.6666919708252,94.09772171020508,91.93903476715087,96.76000213623047,82.43369528006566,-0.006124542981528758,0.011434090334249358,0.0014717859924127108,0.12611633890426252,0.11201370170418182,93.51792746352025,94.32069450760264,96.47291782001058,92.55908487571382,0.014482922580817728,96.63976320525671,97.99998931510434,True,False,False,False,False,momentum abaixo de 65,validação futura ainda curta,INSUFFICIENT,0.0,0.08,False,NOT_RUN,,"risco relativo controlado, renda/distribuições fortes, tendência confirmada, regime favorável","momentum abaixo de 65, validação futura ainda curta",ESPERARIA,94.32069450760264,0.08,0.04,0,0,Eu não colocaria dinheiro agora; manteria no radar até os vetos/entrada melhorarem.
KNCR11,KNCR11,106.38,0.48,199143.0,,https://icons.brapi.dev/icons/BRAPI.svg,Miscellaneous,Multicategoria,fund,fii,FII,21184832.34,106.37999725341795,0.0048969798618296,0.0209264665407249,0.080723714081581,0.1645178093456314,0.0697891251062385,-0.0241686609394147,105.66690505981444,101.43459697723388,21525681.07196275,0.1329197251840095,12.0,0.1109151610414878,True,,71.74185463659147,93.1390977443609,94.54887218045111,100.0,,,,,,,,,,,78.9609738632295,57.3469387755102,100.0,RISK_ON,75.0,93.2921947726459,105.73704553646972,106.37999725341795,AVALIAR_COMPRA,"risco controlado, liquidez, tendência positiva",nenhum alerta quantitativo principal,0.9521418980189732,106.4417652130127,105.66690505981445,101.43459724426269,107.30999755859375,91.08425430726264,0.0048171766657709725,0.004896979861829687,0.02092639178938316,0.07538858906626994,0.07706612625207127,105.95153339930941,106.5228185381208,107.72715677533832,104.72435956682477,0.014239990738607641,109.26280877249577,110.77562517438611,True,False,False,False,False,renda/distribuições insuficientes,validação futura ainda curta,INSUFFICIENT,0.0,0.1,False,NOT_RUN,,"risco relativo controlado, boa liquidez, tendência confirmada, regime favorável","renda/distribuições insuficientes, validação futura ainda curta",ESPERARIA,106.5228185381208,0.1,0.04,0,0,Eu não colocaria dinheiro agora; manteria no radar até os vetos/entrada melhorarem.
VGIR11,VGIR11,9.56,0.21,384004.0,,https://icons.brapi.dev/icons/VGIR11.svg,Miscellaneous,Multicategoria,fund,fii,FII,3671078.24,9.5600004196167,0.0288082910700753,0.0298655647886694,0.0610395987257432,0.1712685046911441,0.1152194113039421,-0.0462931700006012,9.352389106750488,9.102233715057372,4137568.164750886,0.1579497838620955,12.0,0.0912310456856499,True,,68.29573934837093,85.43233082706766,82.70676691729322,100.0,,,,,,,,,,,78.85266738274257,69.38775510204081,99.59183673469389,RISK_ON,75.0,92.98481919083424,9.464607927468064,9.5600004196167,AVALIAR_COMPRA,"risco controlado, liquidez, tendência positiva",nenhum alerta quantitativo principal,0.07969008678189025,9.53142557144165,9.352389125823974,9.1022336769104,9.6899995803833,8.03165952724218,0.002096484050696734,0.02880829107007532,0.02986556478866942,0.10801268474345621,0.09880812053377348,9.4955650323898,9.571953932633983,9.639007188597201,9.2607455260248,0.02863654752229591,10.079787395486074,10.352801351973165,True,False,False,False,False,,validação futura ainda curta,INSUFFICIENT,0.0,0.1,True,UNAVAILABLE,,"risco relativo controlado, boa liquidez, tendência confirmada, regime favorável","validação futura ainda curta, notícias indisponíveis para confirmação automática",ESPERARIA,9.571953932633983,0.1,0.04,0,0,Eu não colocaria dinheiro agora; manteria no radar até os vetos/entrada melhorarem.
DEBB11,DEBB11,17.18,-0.12,124236.0,,https://icons.brapi.dev/icons/BRAPI.svg,Miscellaneous,,fund,etf,ETF,2134374.48,17.18000030517578,0.0105882532456342,0.0324519792869266,0.0704050543196279,0.1522823710136496,0.0166399769118881,-0.003109405304588,16.984199905395506,16.307395730018616,9154184.02950193,0.0,0.0,0.0627705578065311,True,,67.35588972431077,97.74436090225564,91.16541353383458,100.0,,,,,,,,,,,86.37531328320802,,97.24770642201835,RISK_ON,75.0,92.84845715205444,17.15524282053603,17.18000030517578,AVALIAR_COMPRA,"risco controlado, liquidez, tendência positiva",nenhum alerta quantitativo principal,0.04285744258335659,17.1039999961853,16.984199905395506,16.307395730018616,17.209999084472656,14.916179656982422,-0.0011628172602623499,0.010588253245634283,0.03245197928692667,0.01926404582094233,0.017840247645705312,17.08471414702279,17.136143078122817,17.161857543672834,16.997142996106827,0.00662085205643146,17.336999845504756,17.450285461970733,False,False,True,False,False,ETF sem momentum suficiente,validação futura ainda curta; preço acima da faixa ideal,INSUFFICIENT,0.0,0.18,False,NOT_RUN,,"risco relativo controlado, boa liquidez, tendência confirmada, regime favorável","ETF sem momentum suficiente, validação futura ainda curta, preço acima da faixa ideal, preço esticado",ESPERARIA,17.136143078122817,0.18,0.04,0,0,Eu não colocaria dinheiro agora; manteria no radar até os vetos/entrada melhorarem.
CAUT11,CAUT11,100.0,0.0,2145.0,,https://icons.brapi.dev/icons/BRAPI.svg,,,fund,fidc,FIDC,214500.0,100.0,0.0133312840753248,0.0482978236895057,0.0726928820830041,,0.2079077150618113,-0.0695000029761773,98.19895935058594,94.12935096740722,166836.06466808016,0.15296234,11.0,0.0650583855699074,True,,72.30576441102757,66.44736842105263,30.639097744360903,100.0,,,,,,,,,,,75.96177944862154,100.0,100.0,RISK_ON,75.0,92.69235588972433,98.19946637113696,100.0,AVALIAR_COMPRA,tendência positiva,liquidez baixa,0.7701901027134487,99.35930404663085,98.19895782470704,94.12935138702393,100.0,81.88660889758671,0.0,0.0133312840753248,0.04829782368950575,0.0915573509235695,0.15223510492068434,99.0127185004098,99.93694662366595,100.399060685294,97.31323920658657,0.0217300527156275,103.79801927294048,105.95961262839178,False,True,False,False,False,liquidez abaixo de 50,validação futura ainda curta,INSUFFICIENT,0.0,0.06,False,NOT_RUN,,"renda/distribuições fortes, tendência confirmada, regime favorável","liquidez abaixo de 50, validação futura ainda curta",ESPERARIA,99.93694662366595,0.06,0.03,0,0,Eu não colocaria dinheiro agora; manteria no radar até os vetos/entrada melhorarem.
RZLC11,RZLC11,1010.04,0.06,80.0,,https://icons.brapi.dev/icons/BRAPI.svg,,,fund,fii,FII,80803.2,1010.0399780273438,0.0116818616150111,0.0358733986241224,0.075304615042326,0.1583376713699453,0.008297921292272,-0.0094020656514943,996.3364416503906,954.8999472045898,880054.9838159955,0.1462069038974239,12.0,0.1054960620022327,True,,74.49874686716792,98.02631578947368,59.58646616541353,100.0,,,,,,,,,,,78.61475116362334,64.89795918367346,99.18367346938776,RISK_ON,75.0,92.6515216612961,1009.3141420238824,1010.0399780273438,AVALIAR_COMPRA,"risco controlado, tendência positiva",nenhum alerta quantitativo principal,0.7478506905691964,1004.6667266845703,996.3364416503906,954.899945678711,1010.0399780273438,860.3485965993293,0.0005943647809543151,0.011681861615011169,0.03587339862412242,0.005139607459333025,0.007687721549206393,1004.3301938738142,1005.2276147024972,1005.6763251168387,999.210308433851,0.005542110638011279,1015.9160959967651,1021.4846918510698,False,False,True,False,False,,validação futura ainda curta; preço acima da faixa ideal,INSUFFICIENT,0.0,0.1,True,UNAVAILABLE,,"risco relativo controlado, tendência confirmada, regime favorável","validação futura ainda curta, preço acima da faixa ideal, notícias indisponíveis para confirmação automática, preço esticado",ESPERARIA,1005.2276147024972,0.1,0.04,0,0,Eu não colocaria dinheiro agora; manteria no radar até os vetos/entrada melhorarem.
VTRU3,Vitru Educação S.A.,,,,,,,,,,AÇÃO B3,,15.130000114440918,,,,,,,,,,,,,False,,,,,,,,,,,,,,,,75.76282051282051,,98.77300613496932,RISK_ON,,92.58773890986312,14.68682769363293,15.130000114440918,AVALIAR_COMPRA,,trend,0.5600000790187291,14.70950002670288,13.547200031280518,13.978288707733155,17.347901440113212,9.911661448358371,-0.018170002319514156,0.11495950292553836,0.12826251205071704,0.2899054455846459,0.390160099329773,14.457499991144452,15.129500085966926,15.465500133378164,13.726288672174727,0.07214055927262193,16.92792277131761,17.99513413769857,False,True,False,False,False,tendência não confirmada; modelo B3 possui gates falhando,validação futura ainda curta,INSUFFICIENT,0.0,0.08,False,NOT_RUN,,regime favorável,"tendência não confirmada, modelo B3 possui gates falhando, validação futura ainda curta",ESPERARIA,15.129500085966926,0.08,0.04,0,0,Eu não colocaria dinheiro agora; manteria no radar até os vetos/entrada melhorarem.
VCRI11,VCRI11,7.52,-0.27,7963.0,,https://icons.brapi.dev/icons/BRAPI.svg,,Outros,fund,fii,FII,59881.76,7.519999980926514,0.0254027141412955,0.0760243482276343,0.090921825301381,0.4009165759702209,0.1472858288119223,-0.044213150927954,7.269486598968506,7.002856106758117,217093.3017509854,0.2666223411017842,12.0,0.1211132722612877,True,,82.58145363408522,80.35714285714285,36.65413533834587,100.0,,,,,,,,,,,78.33172216254923,78.9795918367347,98.77551020408164,RISK_ON,75.0,92.30920157536698,7.424079922604637,7.519999980926514,AVALIAR_COMPRA,"momentum, risco controlado, tendência positiva",nenhum alerta quantitativo principal,0.15357146944318498,7.474493503570557,7.269486589431763,7.002856113910675,7.679999828338623,5.328378551199257,-0.002652517377678909,0.02540271414129558,0.07602434822763438,0.16757705157513192,0.14125722348726233,7.4053863423211235,7.543035701342991,7.681814987318856,7.133928387505668,0.04552756583035044,8.154776290484836,8.495058924811227,True,False,False,False,False,liquidez abaixo de 50,validação futura ainda curta,INSUFFICIENT,0.0,0.1,False,NOT_RUN,,"momentum forte, risco relativo controlado, renda/distribuições fortes, tendência confirmada, regime favorável","liquidez abaixo de 50, validação futura ainda curta",ESPERARIA,7.543035701342991,0.1,0.04,0,0,Eu não colocaria dinheiro agora; manteria no radar até os vetos/entrada melhorarem.
NVDC34,NVDC34,24.2,-0.33,2173887.0,28221577401217.48,https://icons.brapi.dev/icons/BRAPI.svg,Electronic Technology,,bdr,bdr,AÇÃO GLOBAL / BDR,52608065.4,24.200000762939453,0.0716422015078603,0.1549410444158798,0.2892916937136949,0.1947063980286234,0.366685866118534,-0.2197140645847636,23.064028930664065,21.43339811325073,109046907.61553882,0.0016211982959968,4.0,0.1079121511948189,True,False,89.41102756892231,30.07518796992481,99.24812030075188,100.0,,,,,,,,,,,71.30924812030075,,99.21259842519686,RISK_ON,85.0,92.21066852169794,23.431507292564618,24.200000762939453,AVALIAR_COMPRA,"momentum, liquidez, tendência positiva",risco elevado,0.5342348122746444,23.664920997619628,23.064028930664062,21.433398113250732,25.050215950666615,17.961290235880078,-0.0032948896805450323,0.07164220150786038,0.15494104441587986,0.31238655448443897,0.3653389249721892,23.42451533209604,24.06559710682561,24.3861379941904,22.44965889654822,0.05455440117471397,26.33585086528603,27.631248188198633,False,True,False,False,False,radar marcou risco elevado; risk score abaixo de 60; fundamentos globais insuficientes,validação futura ainda curta,INSUFFICIENT,0.0,0.08,False,NOT_RUN,,"momentum forte, boa liquidez, tendência confirmada, regime favorável","radar marcou risco elevado, risk score abaixo de 60, fundamentos globais insuficientes, validação futura ainda curta",ESPERARIA,24.06559710682561,0.08,0.04,0,0,Eu não colocaria dinheiro agora; manteria no radar até os vetos/entrada melhorarem.
GLFT11,GLFT11,113.91,0.08,9338.0,,https://icons.brapi.dev/icons/BRAPI.svg,Miscellaneous,,fund,etf,ETF,1063691.58,113.91000366210938,0.0103779121918525,0.0328225833396687,0.0680731554839106,,0.0048744252901885,-0.0097241076746931,112.52300033569335,108.16044986724852,5483205.097390069,0.0,0.0,0.0604386589708139,True,,66.54135338345866,98.30827067669172,86.46616541353383,100.0,,,,,,,,,,,85.39661654135338,,96.3302752293578,RISK_ON,75.0,92.01051596882112,113.86191796506488,113.91000366210938,AVALIAR_COMPRA,"risco controlado, liquidez, tendência positiva",nenhum alerta quantitativo principal,0.16428593226841517,113.37349967956543,112.52300033569335,108.16044986724853,114.11000061035156,100.06999969482422,0.0007907570508387529,0.010377912191852579,0.0328225833396687,0.0036462360707745518,0.004436186437829149,113.29957101004464,113.49671412876674,113.59528568812779,112.76071177891322,0.0056211748803762975,114.67300415039064,115.31043494088311,False,False,True,False,False,ETF sem momentum suficiente,validação futura ainda curta; preço acima da faixa ideal,INSUFFICIENT,0.0,0.18,False,NOT_RUN,,"risco relativo controlado, boa liquidez, tendência confirmada, regime favorável","ETF sem momentum suficiente, validação futura ainda curta, preço acima da faixa ideal, preço esticado",ESPERARIA,113.49671412876674,0.18,0.04,0,0,Eu não colocaria dinheiro agora; manteria no radar até os vetos/entrada melhorarem.
PETR3,Petróleo Brasileiro S.A. - Petrobras,,,,,,,,,,AÇÃO B3,,53.040000915527344,,,,,,,,,,,,,True,,,,,,,,,,,,,,,,72.58928571428571,,98.159509202454,RISK_ON,,91.94424572743208,51.12295618264263,53.040000915527344,WATCHLIST,,,1.4128567831856864,53.234500122070315,49.00028343200684,43.684960250854495,56.650001525878906,28.445510791823942,-0.019955617843169238,0.15480079606161778,0.2888194471415637,0.35772665593887404,0.32512324640777934,52.40421536309378,53.251929433005195,55.14185677937099,47.3754981313433,0.10321357602492243,63.73322093146186,69.18579519816805,True,False,False,False,False,score fundamental B3 abaixo de 75; modelo B3 não liberou compra,validação futura ainda curta,INSUFFICIENT,0.0,0.08,False,NOT_RUN,,"tendência confirmada, regime favorável","score fundamental B3 abaixo de 75, modelo B3 não liberou compra, validação futura ainda curta",ESPERARIA,53.251929433005195,0.0726648594966714,0.0363324297483357,0,0,Eu não colocaria dinheiro agora; manteria no radar até os vetos/entrada melhorarem.
KNUQ11,KNUQ11,103.09,1.05,52723.0,,https://icons.brapi.dev/icons/BRAPI.svg,Miscellaneous,,fund,fii,FII,5435214.07,103.08999633789062,0.0037777763580761,0.0124069605333065,0.0542825264307729,0.1358099575649833,0.0632077897315968,-0.0212155633015568,102.70620223999023,99.4027749633789,4534827.4786154125,0.1412310555553746,12.0,0.0844739733906796,True,,63.784461152882194,94.26691729323308,84.3984962406015,100.0,,,,,,,,,,,77.56480486931615,61.836734693877546,98.36734693877553,RISK_ON,75.0,91.87010383100608,102.52568632023856,103.08999633789062,AVALIAR_COMPRA,"risco controlado, liquidez, tendência positiva",nenhum alerta quantitativo principal,0.6950007847377232,102.76422386169433,102.70620223999023,99.40277462005615,104.82444763183594,90.4501852582028,0.010488136934250214,0.0037777763580761903,0.012406960533306588,0.060246904485902995,0.06423408386635028,102.45147350856236,103.19424645560129,103.70247492109026,101.90695133754186,0.008907636343703887,104.65467727116176,105.57058591570173,True,False,False,False,False,momentum abaixo de 65,validação futura ainda curta,INSUFFICIENT,0.0,0.1,False,NOT_RUN,,"risco relativo controlado, boa liquidez, tendência confirmada, regime favorável","momentum abaixo de 65, validação futura ainda curta",ESPERARIA,103.19424645560129,0.1,0.04,0,0,Eu não colocaria dinheiro agora; manteria no radar até os vetos/entrada melhorarem.
BRZP11,BRZP11,184.99,-1.13,5694.0,,https://icons.brapi.dev/icons/BRAPI.svg,,,fund,fip,FIP,1053333.06,184.9900054931641,0.0642808327257771,0.0369062701606919,0.0880437827165749,0.3958312633145622,0.1474661811629007,-0.1023126632167429,178.22107757568358,174.6009935760498,928571.4300224668,0.0642196856437144,12.0,0.0804092862034782,True,,73.24561403508771,69.64285714285714,60.15037593984962,100.0,,,,,,,,,,,71.54030910609858,61.11111111111112,100.0,RISK_ON,75.0,91.80806182121972,182.6275081393765,184.9900054931641,AVALIAR_COMPRA,tendência positiva,nenhum alerta quantitativo principal,3.9957144601004466,179.51817016601564,178.22107757568358,174.60099189758301,191.1710662841797,130.01037633722046,-0.011277394663387508,0.06428083272577712,0.03690627016069192,0.17772690005748595,0.15339335756729758,177.72009865897044,182.51495601109096,184.91238468715125,173.62600594656806,0.03604047581881344,193.100570111956,199.59209150041863,False,False,True,False,False,,validação futura ainda curta; preço acima da faixa ideal,INSUFFICIENT,0.0,0.06,True,UNAVAILABLE,,"tendência confirmada, regime favorável","validação futura ainda curta, preço acima da faixa ideal, notícias indisponíveis para confirmação automática, preço esticado",ESPERARIA,182.51495601109096,0.06,0.03,0,0,Eu não colocaria dinheiro agora; manteria no radar até os vetos/entrada melhorarem.
MSFT34,MSFT34,111.29,3.52,643254.0,19941954461285.12,https://icons.brapi.dev/icons/BRAPI.svg,Technology Services,,bdr,bdr,AÇÃO GLOBAL / BDR,71587737.66000001,111.29000091552734,0.041943670623866,0.4006221038420841,0.389852828269412,-0.0186107346888303,0.3622112443025583,-0.3652151243916377,101.7701919555664,93.01056957244872,38180707.84646304,0.0049671218928247,4.0,0.208473285750536,True,False,95.30075187969923,21.52255639097744,96.42857142857144,100.0,,,,,,,,,,,70.9859022556391,,98.4251968503937,RISK_ON,85.0,91.5948182464034,107.79901010273824,111.29000091552734,AVALIAR_COMPRA,"momentum, liquidez, tendência positiva",risco elevado,2.403570992606027,106.94450035095215,101.7701919555664,93.0105700302124,123.8307225224081,75.34285620491046,0.03515950799170375,0.04194367062386606,0.4006221038420841,0.2812515198271084,0.3649680802541813,105.86289340427945,108.74717859540668,110.18932119097029,102.99892992292132,0.04012958046934567,115.91724815368653,120.22335423060827,False,False,True,False,False,radar marcou risco elevado; risk score abaixo de 60; fundamentos globais insuficientes,validação futura ainda curta; preço acima da faixa ideal,INSUFFICIENT,0.0,0.08,False,NOT_RUN,,"momentum forte, boa liquidez, tendência confirmada, regime favorável","radar marcou risco elevado, risk score abaixo de 60, fundamentos globais insuficientes, validação futura ainda curta, preço acima da faixa ideal, preço esticado",ESPERARIA,108.74717859540668,0.08,0.04,0,0,Eu não colocaria dinheiro agora; manteria no radar até os vetos/entrada melhorarem.
MCCI11,MCCI11,94.41,0.76,66914.0,,https://icons.brapi.dev/icons/MCCI11.svg,,Multicategoria,fund,fii,FII,6317350.74,94.41000366210938,0.0096086748047217,0.0326484258516015,0.0761765904239522,0.1944833236741239,0.0961833494070817,-0.0405084055146569,92.75434677124024,89.26560111999511,4725487.851946271,0.1271051746057298,12.0,0.1063680373838589,True,,73.80952380952381,90.0375939849624,85.15037593984962,100.0,,,,,,,,,,,76.93304690297171,54.89795918367346,97.95918367346938,RISK_ON,75.0,91.45803795202292,93.6235945397492,94.41000366210938,AVALIAR_COMPRA,"risco controlado, liquidez, tendência positiva",nenhum alerta quantitativo principal,0.9720141440503198,94.25260925292969,92.75434677124024,89.26560104370117,95.25,77.02920323664361,0.007577446499378082,0.009608674804721717,0.03264851202576402,0.08335908623000685,0.10827331029915604,93.81520288810704,94.55580578371692,95.56482834739762,92.75839880854272,0.015152071833469206,97.03971539065051,98.46682091801978,True,False,False,False,False,renda/distribuições insuficientes,validação futura ainda curta,INSUFFICIENT,0.0,0.1,False,NOT_RUN,,"risco relativo controlado, boa liquidez, tendência confirmada, regime favorável","renda/distribuições insuficientes, validação futura ainda curta",ESPERARIA,94.55580578371692,0.1,0.04,0,0,Eu não colocaria dinheiro agora; manteria no radar até os vetos/entrada melhorarem.
IVVB11,IVVB11,453.0,0.41,90006.0,,https://icons.brapi.dev/icons/BRAPI.svg,Miscellaneous,,fund,etf,ETF,40772718.0,453.0,0.0153535945247709,0.0452238264410242,0.181379542518876,0.1380480188222277,0.1175910225159257,-0.1351020159373808,442.30839904785154,419.8576499938965,59179938.44501072,0.0,0.0,0.1737450460057792,True,,83.0827067669173,68.23308270676691,97.5563909774436,100.0,,,,,,,,,,,85.06203007518798,,95.41284403669724,RISK_ON,75.0,91.30139684072569,448.3867923821632,453.0,AVALIAR_COMPRA,"momentum, liquidez, tendência positiva",nenhum alerta quantitativo principal,5.084997994559152,444.9464996337891,442.30839904785154,419.8576499938965,461.489990234375,374.25,0.004100645303211747,0.01535359452477092,0.045223826441024295,0.11483988429307893,0.12644785378571025,442.65825053623746,448.76024812970843,451.8112469264439,436.4606513541085,0.02075029403743684,464.2064452907018,473.45504326956626,False,False,True,False,False,,validação futura ainda curta; preço acima da faixa ideal,INSUFFICIENT,0.0,0.18,True,UNAVAILABLE,,"momentum forte, boa liquidez, tendência confirmada, regime favorável","validação futura ainda curta, preço acima da faixa ideal, notícias indisponíveis para confirmação automática, preço esticado",ESPERARIA,448.76024812970843,0.18,0.04,0,0,Eu não colocaria dinheiro agora; manteria no radar até os vetos/entrada melhorarem.
KNSC11,KNSC11,9.01,0.56,404157.0,,https://icons.brapi.dev/icons/KNSC11.svg,Miscellaneous,Multicategoria,fund,fii,FII,3641454.57,9.010000228881836,0.0065931597858379,0.0166267537773769,0.0740342136409155,0.1769340034999065,0.0602093173886573,-0.043925011347247,8.942068386077882,8.590000224113464,4469987.300072655,0.1274200855533692,12.0,0.1042256606008222,True,,69.29824561403508,92.5751879699248,84.21052631578947,100.0,,,,,,,,,,,76.39652703186538,55.10204081632653,97.55102040816328,RISK_ON,75.0,91.06501969208736,8.96301956632719,9.010000228881836,AVALIAR_COMPRA,"risco controlado, liquidez, tendência positiva",nenhum alerta quantitativo principal,0.057857240949358256,9.01099510192871,8.942068519592285,8.590000393390655,9.119310609522032,7.629084587097168,0.005580378406471853,0.006593159785837965,0.01662675377737699,0.06451028073848172,0.07659649056583201,8.983964470454625,9.01867881502424,9.089102377210343,8.902642904009138,0.010962694440531374,9.19867912020002,9.297357858930315,True,False,False,False,False,renda/distribuições insuficientes,validação futura ainda curta,INSUFFICIENT,0.0,0.1,False,NOT_RUN,,"risco relativo controlado, boa liquidez, tendência confirmada, regime favorável","renda/distribuições insuficientes, validação futura ainda curta",ESPERARIA,9.01867881502424,0.1,0.04,0,0,Eu não colocaria dinheiro agora; manteria no radar até os vetos/entrada melhorarem.
VBBR3,Vibra Energia S.A.,,,,,,,,,,AÇÃO B3,,37.209999084472656,,,,,,,,,,,,,True,,,,,,,,,,,,,,,,72.7840909090909,,97.54601226993866,RISK_ON,,91.05862904350252,36.04323403467936,37.209999084472656,WATCHLIST,,quality,1.1973099078342513,37.400875854492185,35.437939453125,30.678877754211427,40.47999954223633,19.777350652423724,-0.049553061706111845,0.11889759019629498,0.25688996473332293,0.3103461276093899,0.27630260209990704,36.67120962594724,37.38959557064779,39.01724423006842,34.06103305911561,0.08018734150404357,42.96914167666132,45.93851121584323,True,False,False,False,False,score fundamental B3 abaixo de 75; modelo B3 não liberou compra; modelo B3 possui gates falhando,validação futura ainda curta,INSUFFICIENT,0.0,0.08,False,NOT_RUN,,"tendência confirmada, regime favorável","score fundamental B3 abaixo de 75, modelo B3 não liberou compra, modelo B3 possui gates falhando, validação futura ainda curta",ESPERARIA,37.38959557064779,0.08,0.04,0,0,Eu não colocaria dinheiro agora; manteria no radar até os vetos/entrada melhorarem.
A1MD34,A1MD34,410.5,0.86,82142.0,5356335597424.558,https://icons.brapi.dev/icons/BRAPI.svg,Electronic Technology,,bdr,bdr,AÇÃO GLOBAL / BDR,33719291.0,410.5,0.3284789644012944,0.1843282575475562,2.0749063670411987,2.87045077738396,0.6913105718008589,-0.2859002379030674,323.78820068359374,235.9887000656128,28474512.360655285,0.0,0.0,1.893526824522323,True,False,96.8671679197995,16.165413533834588,95.67669172932332,100.0,,,,,,,,,,,70.08830827067669,,97.63779527559056,RISK_ON,85.0,90.86411834704872,385.92367217368985,410.5,AVALIAR_COMPRA,"momentum, liquidez, tendência positiva",risco elevado,16.623570033482142,338.3865005493164,323.78820068359374,235.9887000656128,416.1300048828125,103.3499984741211,0.008599508599508532,0.3284789644012944,0.18432825754755622,0.5727650219761322,0.7310356753747251,330.90589403424946,350.854178074428,360.82832009451727,304.6710951450893,0.10622194637258676,413.2979178728375,449.5068587820869,False,False,True,False,False,radar marcou risco elevado; risk score abaixo de 60; volatilidade excessiva; fundamentos globais insuficientes,validação futura ainda curta; preço acima da faixa ideal,INSUFFICIENT,0.0,0.08,False,NOT_RUN,,"momentum forte, boa liquidez, tendência confirmada, regime favorável","radar marcou risco elevado, risk score abaixo de 60, volatilidade excessiva, fundamentos globais insuficientes, validação futura ainda curta, preço acima da faixa ideal, preço esticado",ESPERARIA,350.854178074428,0.07060687792043285,0.03530343896021643,0,0,Eu não colocaria dinheiro agora; manteria no radar até os vetos/entrada melhorarem.
EXES11,EXES11,9.43,0.11,4130.0,,https://icons.brapi.dev/icons/BRAPI.svg,,Multicategoria,fund,fii,FII,38945.9,9.43000030517578,0.0063888125553417,0.0349641156438376,0.107489421077785,0.1180495965812897,0.0753995878820324,-0.0272727953891537,9.378390045166016,8.88338623046875,124070.64698152694,0.1654294750280944,12.0,0.1376808680376917,True,,77.81954887218045,92.5751879699248,27.25563909774436,100.0,,,,,,,,,,,76.39581095596134,71.63265306122449,97.14285714285714,RISK_ON,75.0,90.77916219119226,9.368424328279149,9.43000030517578,AVALIAR_COMPRA,"momentum, risco controlado, tendência positiva",liquidez baixa,0.13563904676528069,9.430912017822266,9.378390102386474,8.883386301994324,10.25783305871069,8.162804959091051,0.0010615954141022232,0.0063888125553417385,0.03496411564383761,0.0715484188913842,0.08125948449405865,9.368962734131403,9.450346162190572,9.614024730955395,9.2224051986064,0.0198996945728631,9.78415294727016,9.971402196824746,True,False,False,False,False,liquidez abaixo de 50,validação futura ainda curta,INSUFFICIENT,0.0,0.1,False,NOT_RUN,,"momentum forte, risco relativo controlado, tendência confirmada, regime favorável","liquidez abaixo de 50, validação futura ainda curta",ESPERARIA,9.450346162190572,0.1,0.04,0,0,Eu não colocaria dinheiro agora; manteria no radar até os vetos/entrada melhorarem.
PACG11,PACG11,119.87,0.2,53146.0,,https://icons.brapi.dev/icons/BRAPI.svg,Miscellaneous,,fund,etf,ETF,6370611.0200000005,119.87000274658205,0.0217354505488487,0.0502015366004395,0.0697902675755575,,0.0408927234316591,-0.0249092269018964,116.98699951171876,113.7480457687378,2976114.0582661703,0.0,0.0,0.0621557710624607,True,,71.42857142857143,95.11278195488724,79.13533834586465,100.0,,,,,,,,,,,84.92481203007519,,94.4954128440367,RISK_ON,75.0,90.63175139684073,119.44549347277946,119.87000274658205,AVALIAR_COMPRA,"risco controlado, liquidez, tendência positiva",nenhum alerta quantitativo principal,0.6292849949428013,118.67349967956542,116.98699951171875,113.7480457687378,120.08999633789062,105.65431213378906,0.0020062317033715527,0.021735450548848734,0.05020153660043958,0.041744220452878136,0.05140334627655471,118.39032143184116,119.14546342577252,119.5230344227382,116.65121083940778,0.01782200177264128,123.00125560760497,125.11793719700404,False,False,True,False,False,,validação futura ainda curta; preço acima da faixa ideal,INSUFFICIENT,0.0,0.18,True,UNAVAILABLE,,"risco relativo controlado, boa liquidez, tendência confirmada, regime favorável","validação futura ainda curta, preço acima da faixa ideal, notícias indisponíveis para confirmação automática, preço esticado",ESPERARIA,119.14546342577252,0.18,0.04,0,0,Eu não colocaria dinheiro agora; manteria no radar até os vetos/entrada melhorarem.
AFHF11,AFHF11,10.16,0.1,1797.0,,https://icons.brapi.dev/icons/BRAPI.svg,,,fund,fii,FII,18257.52,10.15999984741211,0.0270561257710248,0.0593403839805264,0.1049962670769044,0.1929912102897828,0.0858683500470756,-0.0222222284381085,9.92600372314453,9.383342638015748,73641.16750107115,0.1579724433173899,12.0,0.1351877140368111,True,,82.20551378446116,92.10526315789474,22.18045112781955,100.0,,,,,,,,,,,76.04547081990691,69.59183673469389,96.73469387755102,RISK_ON,75.0,90.4233798782671,10.084445849264643,10.15999984741211,AVALIAR_COMPRA,"momentum, risco controlado, tendência positiva",liquidez baixa,0.10071493562792977,10.091440534591674,9.92600372314453,9.38334270477295,10.83118445621031,8.360000638569732,0.0009852442618401014,0.027056125771024897,0.059340383980526434,0.13421404516632846,0.06691003402887813,10.046118813559106,10.166976736312622,10.22740569768938,9.852253222601371,0.02516136647225282,10.615136879604849,10.869431431939342,True,False,False,True,False,liquidez abaixo de 50; spike de volatilidade,validação futura ainda curta,INSUFFICIENT,0.0,0.1,False,NOT_RUN,,"momentum forte, risco relativo controlado, tendência confirmada, regime favorável","liquidez abaixo de 50, spike de volatilidade, validação futura ainda curta, volatilidade recente disparou",ESPERARIA,10.166976736312622,0.1,0.04,0,0,Eu não colocaria dinheiro agora; manteria no radar até os vetos/entrada melhorarem.
VHFA11,VHFA11,10.33,-0.1,140.0,,https://icons.brapi.dev/icons/BRAPI.svg,,,fund,fi-agro,FIAGRO,1446.2,10.329999923706056,-0.0143023569659652,-0.0176527558267461,0.1780144655411581,,0.2330063285097164,-0.1185728353605027,10.462331943511964,9.497018284797669,287236.2952318797,0.2342691208009018,11.0,0.1703799690280614,True,,70.48872180451127,53.47744360902256,40.6015037593985,100.0,,,,,,,,,,,64.32724957555178,59.67741935483871,100.0,RISK_ON,75.0,90.36544991511036,10.121551475322477,10.329999923706056,AVALIAR_COMPRA,tendência positiva,nenhum alerta quantitativo principal,0.14836084578418646,10.436000204086303,10.462331981658936,9.497018384933472,11.31864181272217,7.946091175079346,-0.0009671401096965626,-0.014302356965965268,-0.01765275582674619,0.13508142701992754,0.29891862477922543,10.263237543103173,10.352254050573684,10.636287345894955,10.291717009007122,0.0015550235858768134,10.339803372501041,10.355832160332348,True,False,False,False,False,risk score abaixo de 60; liquidez abaixo de 50,validação futura ainda curta,INSUFFICIENT,0.0,0.08,False,NOT_RUN,,"tendência confirmada, regime favorável","risk score abaixo de 60, liquidez abaixo de 50, validação futura ainda curta",ESPERARIA,10.352254050573684,0.08,0.04,0,0,Eu não colocaria dinheiro agora; manteria no radar até os vetos/entrada melhorarem.
FLRY3,Fleury S.A.,,,,,,,,,,AÇÃO B3,,21.739999771118164,,,,,,,,,,,,,True,,,,,,,,,,,,,,,,73.75000000000001,,96.93251533742333,RISK_ON,,90.34651073619632,21.122392834225057,21.739999771118164,WATCHLIST,,"quality,valuation",0.5750000817435128,20.876500034332274,18.82037889480591,16.366479334831237,22.209999084472656,12.905559575356605,-0.011818192221901613,0.165058946885962,0.42612072043362104,0.2811740320851832,0.28775701123353425,20.617749997547694,21.307750095639907,21.652750144686017,18.397499670301166,0.12237184389409146,26.09325079917907,28.658501175471706,False,False,True,False,False,score fundamental B3 abaixo de 75; confiança B3 abaixo de 75; modelo B3 não liberou compra; modelo B3 possui gates falhando,validação futura ainda curta; preço acima da faixa ideal,INSUFFICIENT,0.0,0.08,False,NOT_RUN,,"tendência confirmada, regime favorável","score fundamental B3 abaixo de 75, confiança B3 abaixo de 75, modelo B3 não liberou compra, modelo B3 possui gates falhando, validação futura ainda curta, preço acima da faixa ideal, preço esticado",ESPERARIA,21.307750095639907,0.06128860823974334,0.03064430411987167,0,0,Eu não colocaria dinheiro agora; manteria no radar até os vetos/entrada melhorarem.
SNEL11,SNEL11,8.04,1.13,470913.0,,https://icons.brapi.dev/icons/BRAPI.svg,Miscellaneous,Outros,fund,fii,FII,3786140.52,8.039999961853027,-0.0010410770419524,0.0169222657766745,0.0105152643757078,0.0826279428813037,0.1057832423936222,-0.0481515052435977,8.065420436859132,7.956398882865906,4556097.206135372,0.14925373205144,12.0,0.0407067113356145,True,,55.26315789473684,86.93609022556392,84.77443609022556,100.0,,,,,,,,,,,75.8609022556391,67.14285714285714,96.3265306122449,RISK_ON,75.0,90.10075187969925,7.966344738135614,8.039999961853027,AVALIAR_COMPRA,"risco controlado, liquidez, tendência positiva",nenhum alerta quantitativo principal,0.12549340546291507,7.992845559120179,8.065420436859132,7.956398894786835,8.265636023468227,7.2962382086982105,0.011320774182032256,-0.0010410770419524429,0.01692226577667455,0.13122453512810048,0.08737518099107172,7.936373526661867,8.058823972672464,8.162261656495113,7.921103020576779,0.00956483708232677,8.150590207847939,8.227085936938327,True,False,False,True,False,momentum abaixo de 65; spike de volatilidade,validação futura ainda curta,INSUFFICIENT,0.0,0.1,False,NOT_RUN,,"risco relativo controlado, boa liquidez, tendência confirmada, regime favorável","momentum abaixo de 65, spike de volatilidade, validação futura ainda curta, volatilidade recente disparou",ESPERARIA,8.058823972672464,0.1,0.04,0,0,Eu não colocaria dinheiro agora; manteria no radar até os vetos/entrada melhorarem.
IDKA11,IDKA11,62.06,0.21,47307.0,,https://icons.brapi.dev/icons/BRAPI.svg,Miscellaneous,,fund,etf,ETF,2935872.42,62.060001373291016,0.0200526169895354,0.0435513721107212,0.0740741205333446,,0.0394153383202873,-0.0220563160391973,60.77400001525879,59.03602645874023,2797071.1925167507,0.0,0.0,0.0664396240202478,True,,71.55388471177945,95.6766917293233,77.63157894736842,100.0,,,,,,,,,,,84.8502506265664,,93.57798165137616,RISK_ON,75.0,89.97463728127659,61.84816151793604,62.060001373291016,AVALIAR_COMPRA,"risco controlado, liquidez, tendência positiva",nenhum alerta quantitativo principal,0.3157144274030413,61.56300010681152,60.77400001525879,59.03602645874023,62.189998626708984,55.07638931274414,0.0020991614318524032,0.02005261698953542,0.04355137211072124,0.0423186206091129,0.050083943124020334,61.420928614480154,61.7997859273638,61.98921458380563,60.595284298488075,0.0164756871636092,63.64050321578979,64.6555761882237,False,False,True,False,False,,validação futura ainda curta; preço acima da faixa ideal,INSUFFICIENT,0.0,0.18,True,UNAVAILABLE,,"risco relativo controlado, boa liquidez, tendência confirmada, regime favorável","validação futura ainda curta, preço acima da faixa ideal, notícias indisponíveis para confirmação automática, preço esticado",ESPERARIA,61.7997859273638,0.18,0.04,0,0,Eu não colocaria dinheiro agora; manteria no radar até os vetos/entrada melhorarem.
F1TN34,F1TN34,74.0,-4.96,50244.0,662174661706.5557,https://icons.brapi.dev/icons/BRAPI.svg,Technology Services,,bdr,bdr,AÇÃO GLOBAL / BDR,3718056.0,74.0,0.0933806097270495,0.1020925415094418,1.1036672279726445,0.9574993413163804,0.5009059211141396,-0.1818451857910829,69.24216690063477,50.23753297805786,1067257.044147552,0.0,0.0,0.9222876854537684,True,False,94.42355889724313,29.699248120300755,63.34586466165414,100.0,,,,,,,,,,,68.12703007518797,,96.8503937007874,RISK_ON,85.0,89.92068160558877,70.78990033082742,74.0,AVALIAR_COMPRA,"momentum, tendência positiva",risco elevado,2.6178572518484935,71.31250038146973,69.24216690063477,50.237532978057864,78.41000366210938,32.0,-0.0495761697931244,0.09338060972704953,0.1020925415094418,0.5711721568563225,0.5484715974645499,70.13446461813791,73.2758933203561,74.8466076714652,66.23163106100901,0.07633406661721749,82.65227478572302,88.12582269396103,False,True,False,False,False,radar marcou risco elevado; risk score abaixo de 60; fundamentos globais insuficientes,validação futura ainda curta,INSUFFICIENT,0.0,0.08,False,NOT_RUN,,"momentum forte, tendência confirmada, regime favorável","radar marcou risco elevado, risk score abaixo de 60, fundamentos globais insuficientes, validação futura ainda curta",ESPERARIA,73.2758933203561,0.08,0.04,0,0,Eu não colocaria dinheiro agora; manteria no radar até os vetos/entrada melhorarem.
SEER3,Ser Educacional S.A.,,,,,,,,,,AÇÃO B3,,13.479999542236328,,,,,,,,,,,,,True,,,,,,,,,,,,,,,,70.50641025641025,,96.31901840490798,RISK_ON,,89.68725519112789,12.808033808792224,13.479999542236328,WATCHLIST,,score,0.5571426664079938,13.647045803070068,12.200709590911865,11.267106528282165,14.399999618530273,7.794548740294092,-0.058001457235638765,0.17955042608355543,0.26181975946980507,0.49337805459700024,0.45173938164634314,13.22928534235273,13.563570942197527,14.39918840272086,11.559995524542671,0.1370837508497675,17.069293377740046,18.9057259954725,True,False,False,False,False,score fundamental B3 abaixo de 75; confiança B3 abaixo de 75; modelo B3 não liberou compra; modelo B3 possui gates falhando,validação futura ainda curta,INSUFFICIENT,0.0,0.08,False,NOT_RUN,,"tendência confirmada, regime favorável","score fundamental B3 abaixo de 75, confiança B3 abaixo de 75, modelo B3 não liberou compra, modelo B3 possui gates falhando, validação futura ainda curta",ESPERARIA,13.563570942197527,0.05471107956638407,0.027355539783192034,0,0,Eu não colocaria dinheiro agora; manteria no radar até os vetos/entrada melhorarem.
CPTS11,CPTS11,7.45,0.54,1184109.0,,https://icons.brapi.dev/icons/BRAPI.svg,Miscellaneous,Outros,fund,fii,FII,8821612.05,7.449999809265137,0.0148866408290486,0.0246552250046121,0.0064286980989349,0.142246386363505,0.099419769185498,-0.0727871608006638,7.334045352935791,7.280276498794556,6772644.951008176,0.1449664466644504,12.0,0.0366201450588417,True,,55.38847117794486,84.9624060150376,88.34586466165413,100.0,,,,,,,,,,,75.00393841747226,64.08163265306122,95.91836734693877,RISK_ON,75.0,89.64364482635159,7.38585527682136,7.449999809265137,AVALIAR_COMPRA,"risco controlado, liquidez, tendência positiva",nenhum alerta quantitativo principal,0.07396817976348258,7.4035362005233765,7.334045305252075,7.280276401042938,7.588636409057784,6.4788104340052834,0.005398105624387695,0.01488664082904867,0.024655225004612147,0.089077004696325,0.11544097539639285,7.370250519629809,7.459012335345989,7.503393243204078,7.24898189852407,0.0223408986115918,7.745930485415558,7.911580014379387,True,False,False,False,False,momentum abaixo de 65,validação futura ainda curta,INSUFFICIENT,0.0,0.1,False,NOT_RUN,,"risco relativo controlado, boa liquidez, tendência confirmada, regime favorável","momentum abaixo de 65, validação futura ainda curta",ESPERARIA,7.459012335345989,0.1,0.04,0,0,Eu não colocaria dinheiro agora; manteria no radar até os vetos/entrada melhorarem.
ISNT11,ISNT11,1160.04,0.09,3244.0,,https://icons.brapi.dev/icons/BRAPI.svg,,,fund,etf,ETF,3763169.76,1160.0400390625,0.0158858168496367,0.0322477208220139,0.0698022457515736,,0.0543434936242578,-0.0148019155420112,1144.5685961914062,1101.2859008789062,5367253.87995838,0.0,0.0,0.0621677492384769,True,,67.16791979949873,95.30075187969923,85.90225563909775,100.0,,,,,,,,,,,84.70238095238095,,92.6605504587156,RISK_ON,75.0,89.3028615115771,1154.580560490232,1160.0400390625,AVALIAR_COMPRA,"risco controlado, liquidez, tendência positiva",nenhum alerta quantitativo principal,3.760707310267857,1152.7374938964845,1144.5685961914062,1101.2859008789062,1162.989990234375,1039.199951171875,0.000897358984037977,0.015885816849636747,0.03224772082201399,0.028118626390002073,0.04846191520261125,1151.045175606864,1155.5580243791853,1157.814448765346,1141.8717878069197,0.00991051446228299,1176.1612243652346,1187.5910365513396,False,False,True,False,False,ETF sem momentum suficiente,validação futura ainda curta; preço acima da faixa ideal,INSUFFICIENT,0.0,0.18,False,NOT_RUN,,"risco relativo controlado, boa liquidez, tendência confirmada, regime favorável","ETF sem momentum suficiente, validação futura ainda curta, preço acima da faixa ideal, preço esticado",ESPERARIA,1155.5580243791853,0.18,0.04,0,0,Eu não colocaria dinheiro agora; manteria no radar até os vetos/entrada melhorarem.
D1EL34,D1EL34,117.01,4.45,49605.0,1862084564198.7512,https://icons.brapi.dev/icons/BRAPI.svg,Electronic Technology,,bdr,bdr,AÇÃO GLOBAL / BDR,5804281.05,117.01000213623048,0.2253639622357346,0.3720186906222866,2.169763320800389,3.075122570323617,0.8199684965763038,-0.3397652217526241,97.73729843139648,58.442555351257326,3814119.217584035,0.0028447568064519,4.0,1.988383778281513,True,False,98.49624060150376,11.842105263157894,81.95488721804512,100.0,,,,,,,,,,,67.6587969924812,,96.06299212598424,RISK_ON,85.0,89.27585388668521,108.70096335543076,117.01000213623048,AVALIAR_COMPRA,"momentum, liquidez, tendência positiva",risco elevado,6.172142573765346,108.98800010681153,97.73729843139648,58.442555303573606,122.66000366210938,23.181895400180462,0.04445240927605809,0.22536396223573463,0.37201869062228665,0.8285035682774036,0.8883695636908083,106.21053594861712,113.61710703713554,117.32039258139474,90.63933447156633,0.17535999348870981,148.46279553549635,167.73728255680635,False,True,False,False,False,radar marcou risco elevado; risk score abaixo de 60; volatilidade excessiva; fundamentos globais insuficientes,validação futura ainda curta,INSUFFICIENT,0.0,0.08,False,NOT_RUN,,"momentum forte, boa liquidez, tendência confirmada, regime favorável","radar marcou risco elevado, risk score abaixo de 60, volatilidade excessiva, fundamentos globais insuficientes, validação futura ainda curta",ESPERARIA,113.61710703713554,0.042769162172002884,0.021384581086001442,0,0,Eu não colocaria dinheiro agora; manteria no radar até os vetos/entrada melhorarem.
NSLU11,NSLU11,184.31,0.39,907.0,,https://icons.brapi.dev/icons/BRAPI.svg,Miscellaneous,Hospital,fund,fii,FII,167169.17,184.30999755859372,0.077916365446786,0.1236970645024297,0.0365015278154747,0.1579819664911199,0.1087023317395284,-0.0957732507489987,173.06287231445313,173.01819625854492,121817.08707076784,0.2691053478215803,12.0,0.0666929747753815,True,,72.93233082706767,77.34962406015038,26.879699248120303,100.0,,,,,,,,,,,74.49570354457572,79.18367346938776,95.51020408163264,RISK_ON,75.0,89.25628356605799,182.57492202761264,184.30999755859372,AVALIAR_COMPRA,"risco controlado, tendência positiva",liquidez baixa,2.7064296177455356,178.34067993164064,173.06287231445313,173.01819541931152,186.19000244140625,154.17404844946356,0.003921788959448502,0.07791636544678604,0.12369706450242979,0.14794795218491455,0.12562499498667867,177.12278660365516,180.3705021449498,181.9943599155971,171.80030209132605,0.03886138566288569,192.63932894025538,199.58567122323183,False,False,True,False,False,liquidez abaixo de 50,validação futura ainda curta; preço acima da faixa ideal,INSUFFICIENT,0.0,0.1,False,NOT_RUN,,"risco relativo controlado, renda/distribuições fortes, tendência confirmada, regime favorável","liquidez abaixo de 50, validação futura ainda curta, preço acima da faixa ideal, preço esticado",ESPERARIA,180.3705021449498,0.1,0.04,0,0,Eu não colocaria dinheiro agora; manteria no radar até os vetos/entrada melhorarem.
CBAV3,Companhia Brasileira de Alumínio,,,,,,,,,,AÇÃO B3,,11.210000038146973,,,,,,,,,,,,,True,,,,,,,,,,,,,,,,71.73611111111111,,95.70552147239265,RISK_ON,,89.03449003067485,11.136848699161169,11.210000038146973,WATCHLIST,,"score,valuation",0.06142854690551758,11.214499855041504,11.119999942779542,10.160479550361634,11.289999961853027,3.4555188336404874,-0.0026690154432456037,0.0008928775939409661,0.0447344376876464,0.06458612735259261,0.053450123107280936,11.18235719203949,11.2192143201828,11.297428393363953,11.101571321487427,0.008857810227250075,11.399214625358582,11.4984290599823,True,False,False,False,False,score fundamental B3 abaixo de 75; confiança B3 abaixo de 75; modelo B3 não liberou compra; modelo B3 possui gates falhando,validação futura ainda curta,INSUFFICIENT,0.0,0.08,False,NOT_RUN,,"tendência confirmada, regime favorável","score fundamental B3 abaixo de 75, confiança B3 abaixo de 75, modelo B3 não liberou compra, modelo B3 possui gates falhando, validação futura ainda curta",ESPERARIA,11.2192143201828,0.08,0.04,0,0,Eu não colocaria dinheiro agora; manteria no radar até os vetos/entrada melhorarem.
SNME11,SNME11,9.3,1.53,9505.0,,https://icons.brapi.dev/icons/BRAPI.svg,,Multicategoria,fund,fii,FII,88396.5,9.300000190734863,-0.0063764871354542,0.0337144313925441,0.0568445230474685,0.1508487307835513,0.1306883048228143,-0.0453172925799983,9.238786315917968,8.898890662193299,200357.43500296277,0.1688172008387821,12.0,0.0870359700073752,True,,69.04761904761905,82.42481203007519,34.962406015037594,100.0,,,,,,,,,,,73.66684568564267,72.65306122448979,95.10204081632652,RISK_ON,75.0,88.80479770855709,9.194743354058842,9.300000190734863,AVALIAR_COMPRA,"risco controlado, tendência positiva",liquidez baixa,0.15111061941468304,9.265291833877564,9.23878646850586,8.898890824317933,9.681467205102846,7.885963704475406,0.01528388053000973,-0.006376487135454245,0.03371443139254415,0.14547766775070073,0.1231468143407885,9.197292055140956,9.322666783647065,9.469291170087386,9.065009256178973,0.02105514001539722,9.649919745824086,9.844889909039123,True,False,False,False,False,liquidez abaixo de 50,validação futura ainda curta,INSUFFICIENT,0.0,0.1,False,NOT_RUN,,"risco relativo controlado, tendência confirmada, regime favorável","liquidez abaixo de 50, validação futura ainda curta",ESPERARIA,9.322666783647065,0.1,0.04,0,0,Eu não colocaria dinheiro agora; manteria no radar até os vetos/entrada melhorarem.
M1RN34,M1RN34,51.46,2.92,74120.0,413111508048.9074,https://icons.brapi.dev/icons/BRAPI.svg,Health Technology,,bdr,bdr,AÇÃO GLOBAL / BDR,3814215.2,51.459999084472656,0.3383614580854068,1.8446654864793337,2.6496452264002475,6.490538565021363,3.538621523937184,-0.3562292866100697,28.207400150299076,16.546250047683717,3507088.6647480405,0.0,0.0,2.468265683881372,True,False,100.0,9.022556390977442,81.01503759398496,100.0,,,,,,,,,,,67.37785714285714,,95.2755905511811,RISK_ON,85.0,88.6684848143982,36.02199935913086,51.459999084472656,AVALIAR_COMPRA,"momentum, liquidez, tendência positiva",risco elevado,2.8871427263532365,39.97450008392334,28.207400150299073,16.546250047683717,52.630001068115234,6.019999980926514,0.029199981689453036,0.33836145808540685,1.8446654864793337,0.7831300949498,2.5508735508022107,38.67528585706438,42.13985712868826,43.87214276450021,32.78385870797293,0.1886704026805327,55.6549970626831,63.27870984758649,False,False,True,False,False,radar marcou risco elevado; risk score abaixo de 60; volatilidade excessiva; fundamentos globais insuficientes,validação futura ainda curta; preço acima da faixa ideal,INSUFFICIENT,0.0,0.08,False,NOT_RUN,,"momentum forte, boa liquidez, tendência confirmada, regime favorável","radar marcou risco elevado, risk score abaixo de 60, volatilidade excessiva, fundamentos globais insuficientes, validação futura ainda curta, preço acima da faixa ideal, preço esticado",ESPERARIA,42.13985712868826,0.039751863002589864,0.019875931501294932,0,0,Eu não colocaria dinheiro agora; manteria no radar até os vetos/entrada melhorarem.
HGCR11,HGCR11,94.5,-0.2,40356.0,,https://icons.brapi.dev/icons/BRAPI.svg,Miscellaneous,Outros,fund,fii,FII,3813642.0,94.5,0.0381793533607235,0.0601831317414256,0.0460233929882514,0.1310483600338265,0.1194582104330295,-0.0756136188472498,92.40216674804688,91.05414024353028,3110656.250632392,0.1243386243386243,12.0,0.0762148399481581,True,,71.86716791979948,79.60526315789474,80.07518796992481,100.0,,,,,,,,,,,73.56534192624417,54.08163265306122,94.6938775510204,RISK_ON,75.0,88.49878267096311,93.5223611654528,94.5,AVALIAR_COMPRA,"risco controlado, liquidez, tendência positiva",nenhum alerta quantitativo principal,1.2007124764578683,95.33623085021972,92.40216659545898,91.05413974761963,97.2699966430664,82.09905242301322,-0.002006573413321222,0.038179353360723534,0.060183131741425644,0.1235694761389591,0.12045485417722762,93.95967938559396,94.68010687146868,96.95719269343785,91.76286855552243,0.027110130092327264,99.4339422745491,101.99096684755798,True,False,False,False,False,renda/distribuições insuficientes,validação futura ainda curta,INSUFFICIENT,0.0,0.1,False,NOT_RUN,,"risco relativo controlado, boa liquidez, tendência confirmada, regime favorável","renda/distribuições insuficientes, validação futura ainda curta",ESPERARIA,94.68010687146868,0.1,0.04,0,0,Eu não colocaria dinheiro agora; manteria no radar até os vetos/entrada melhorarem.
BMGB4,Banco BMG S.A.,,,,,,,,,,AÇÃO B3,,5.960000038146973,,,,,,,,,,,,,True,,,,,,,,,,,,,,,,71.07585139318884,,95.0920245398773,RISK_ON,,88.4564837413816,5.7424105723824646,5.960000038146973,WATCHLIST,,"score,quality",0.18000006675720215,5.914000034332275,5.424411067962646,5.035564209222794,6.21999979019165,3.404151878171937,-0.006666660308837891,0.15057919607277648,0.13215620371667836,0.3613384539632813,0.3021237975955167,5.833000004291534,5.987000048160553,6.157000124454498,5.217410991191864,0.11718934550943604,7.2951780962944035,7.987767131328583,True,False,False,False,False,score fundamental B3 abaixo de 75; confiança B3 abaixo de 75; modelo B3 não liberou compra; modelo B3 possui gates falhando,validação futura ainda curta,INSUFFICIENT,0.0,0.08,False,NOT_RUN,,"tendência confirmada, regime favorável","score fundamental B3 abaixo de 75, confiança B3 abaixo de 75, modelo B3 não liberou compra, modelo B3 possui gates falhando, validação futura ainda curta",ESPERARIA,5.987000048160553,0.06399899212165241,0.03199949606082621,0,0,Eu não colocaria dinheiro agora; manteria no radar até os vetos/entrada melhorarem.
ISEN11,ISEN11,119.86,-0.12,12307.0,,https://icons.brapi.dev/icons/BRAPI.svg,,,fund,etf,ETF,1475117.02,119.86000061035156,0.0123310731896699,0.0226962775714412,0.0754598823902616,0.1510612097554555,0.0771460723326897,-0.0197013527281193,118.39460021972656,113.78644996643068,3699235.1461653938,0.0,0.0,0.0678253858771649,True,,67.73182957393483,93.13909774436092,81.57894736842105,100.0,,,,,,,,,,,83.53790726817041,,91.74311926605505,RISK_ON,75.0,88.42776493987262,119.05921045138436,119.86000061035156,AVALIAR_COMPRA,"risco controlado, liquidez, tendência positiva",nenhum alerta quantitativo principal,0.39571380615234375,119.05300064086914,118.39460021972656,113.78644996643067,120.26000213623047,104.16000366210938,-0.0011666615804036828,0.012331073189669972,0.022696277571441215,0.0212275970617438,0.06843798625827958,118.87492942810059,119.3497859954834,119.5872142791748,117.93952934265135,0.009846403779349614,121.45801445007325,122.63084281921388,False,False,True,False,False,ETF sem momentum suficiente,validação futura ainda curta; preço acima da faixa ideal,INSUFFICIENT,0.0,0.18,False,NOT_RUN,,"risco relativo controlado, boa liquidez, tendência confirmada, regime favorável","ETF sem momentum suficiente, validação futura ainda curta, preço acima da faixa ideal, preço esticado",ESPERARIA,119.3497859954834,0.18,0.04,0,0,Eu não colocaria dinheiro agora; manteria no radar até os vetos/entrada melhorarem.
GCRI11,GCRI11,68.78,0.44,1701.0,,https://icons.brapi.dev/icons/BRAPI.svg,,Multicategoria,fund,fii,FII,116994.78,68.77999877929688,0.0481466039733418,0.0769276438858492,0.1082094437238831,0.2180538473251645,0.1363171313072721,-0.0692818907692118,65.44514991760254,62.85297124862671,157073.7470293802,0.1472811890053301,12.0,0.1384008906837899,True,,84.46115288220551,78.1015037593985,29.32330827067669,100.0,,,,,,,,,,,73.49606158252774,65.91836734693877,94.28571428571428,RISK_ON,75.0,88.19921231650554,67.9680227029653,68.77999877929688,AVALIAR_COMPRA,"momentum, risco controlado, tendência positiva",liquidez baixa,1.6171500302254327,67.20227699279785,65.44514991760254,62.85297101974487,69.98999786376953,53.09223635678046,0.004380774060416481,0.048146603973341806,0.0769275795621609,0.11536917234667615,0.1430337705175751,66.4745594791964,68.41513951546692,69.38542953360218,64.69106623900652,0.040830149060293947,72.95241601398195,75.70619927230709,False,True,False,False,False,liquidez abaixo de 50,validação futura ainda curta,INSUFFICIENT,0.0,0.1,False,NOT_RUN,,"momentum forte, risco relativo controlado, tendência confirmada, regime favorável","liquidez abaixo de 50, validação futura ainda curta",ESPERARIA,68.41513951546692,0.1,0.04,0,0,Eu não colocaria dinheiro agora; manteria no radar até os vetos/entrada melhorarem.
COCA34,COCA34,76.19,-0.27,40046.0,1965696160733.6104,https://icons.brapi.dev/icons/BRAPI.svg,Consumer Non-Durables,,bdr,bdr,AÇÃO GLOBAL / BDR,3051104.74,76.19000244140625,-0.0060991327531251,0.0697891707689239,0.1769337680886649,0.333069826347695,0.2307927402920715,-0.1128578414416893,74.55031539916992,67.78381875991822,2231591.992534456,0.0239110505528732,4.0,-0.0044457744302111,True,False,70.73934837092732,54.79323308270678,75.18796992481202,100.0,,,,,,,,,,,67.05097744360903,,94.48818897637796,RISK_ON,85.0,88.05192777218637,74.66717475908847,76.19000244140625,AVALIAR_COMPRA,"liquidez, tendência positiva",nenhum alerta quantitativo principal,1.2636000321001686,75.57774505615234,74.55031539916992,67.78381875991822,78.98381308220821,56.30642737389988,-0.0027486790612369916,-0.006099132753125125,0.06978917076892399,0.1967430898611287,0.24214746773860346,75.00912504170726,76.37954244622128,77.28360509948756,73.3457842994819,0.03102675363292489,80.39143263292902,82.7399820774114,True,False,False,False,False,risk score abaixo de 60; fundamentos globais insuficientes,validação futura ainda curta,INSUFFICIENT,0.0,0.08,False,NOT_RUN,,"boa liquidez, tendência confirmada, regime favorável","risk score abaixo de 60, fundamentos globais insuficientes, validação futura ainda curta",ESPERARIA,76.37954244622128,0.08,0.04,0,0,Eu não colocaria dinheiro agora; manteria no radar até os vetos/entrada melhorarem.
TRXB11,TRXB11,197.95,10.11,159510.0,,https://icons.brapi.dev/icons/BRAPI.svg,Miscellaneous,Multicategoria,fund,fii,FII,31575004.5,197.9499969482422,0.1077244279907665,0.2208325377393851,0.1611356722912236,0.5355899216417566,0.5543618325261382,-0.1527143046659798,183.20901458740235,168.47415313720705,2916957.3198360866,0.1678435843001665,12.0,0.1913271192511303,True,,89.97493734335838,32.98872180451127,78.57142857142857,100.0,,,,,,,,,,,73.49427139276763,72.24489795918367,93.87755102040816,RISK_ON,75.0,87.91313999283923,188.4465872407524,197.9499969482422,AVALIAR_COMPRA,"momentum, liquidez, tendência positiva",risco elevado,6.881431579589844,183.78092422485352,183.20901458740235,168.474154586792,197.9499969482422,120.79794951528048,0.10106796246701122,0.10772442799076654,0.22083265262794938,0.5734469122114368,0.4817753107457863,180.68428001403808,188.9419979095459,193.07085685729982,175.29536827087404,0.05149942663376139,203.8486803436279,213.36645103454586,False,False,True,False,True,score abaixo de 88; radar marcou risco elevado; risk score abaixo de 60; volatilidade excessiva; gap diário excessivo,validação futura ainda curta; preço acima da faixa ideal,INSUFFICIENT,0.0,0.1,False,NOT_RUN,,"momentum forte, boa liquidez, tendência confirmada, regime favorável","score abaixo de 88, radar marcou risco elevado, risk score abaixo de 60, volatilidade excessiva, gap diário excessivo, validação futura ainda curta, preço acima da faixa ideal, preço esticado, gap diário anormal",ESPERARIA,188.9419979095459,0.1,0.04,0,0,Eu não colocaria dinheiro agora; manteria no radar até os vetos/entrada melhorarem.
LFIN11,LFIN11,114.52,0.05,28835.0,,https://icons.brapi.dev/icons/BRAPI.svg,Miscellaneous,,fund,etf,ETF,3302184.2,114.5199966430664,0.0104111553141219,0.0320836120040299,0.0691811781392026,,0.0059826207949525,-0.0011965873909085,113.14640014648438,108.68701168060302,1827801.6602424744,0.0,0.0,0.0615466816261058,True,,66.79197994987469,98.87218045112782,72.36842105263158,100.0,,,,,,,,,,,83.09899749373434,,90.82568807339447,RISK_ON,75.0,87.697781150123,114.46066266940116,114.5199966430664,AVALIAR_COMPRA,"risco controlado, tendência positiva",nenhum alerta quantitativo principal,0.23642894199916295,114.02000007629394,113.14640014648438,108.68701168060302,114.62999725341797,101.11138153076172,0.0005241792685100055,0.010411155314121956,0.03208361200402998,0.005507003794344001,0.007814561574710195,113.91360705239431,114.19732178279331,114.33917914799281,113.30906857081823,0.006544148065039556,115.54825611114498,116.29465195792056,False,False,True,False,False,score abaixo de 88; ETF sem momentum suficiente,validação futura ainda curta; preço acima da faixa ideal,INSUFFICIENT,0.0,0.18,False,NOT_RUN,,"risco relativo controlado, tendência confirmada, regime favorável","score abaixo de 88, ETF sem momentum suficiente, validação futura ainda curta, preço acima da faixa ideal, preço esticado",ESPERARIA,114.19732178279331,0.18,0.04,0,0,Eu não colocaria dinheiro agora; manteria no radar até os vetos/entrada melhorarem.
HYPE3,Hypera S.A.,,,,,,,,,,AÇÃO B3,,24.530000686645508,,,,,,,,,,,,,False,,,,,,,,,,,,,,,,69.16666666666667,,94.47852760736195,RISK_ON,,87.59746932515337,23.89652992604685,24.530000686645508,WATCHLIST,,"score,trend",0.7099999019077846,23.246000003814697,22.017999992370605,22.235224590301513,26.80455965765233,19.637568635735203,-0.004060027508258401,0.11449343169278525,0.159262800734167,0.25559455168672324,0.29554648004197376,22.926500047956193,23.778499930245534,24.204499871390205,21.91572463444301,0.06152554781408541,26.22605069841657,27.662826053074426,False,False,True,False,False,score abaixo de 88; tendência não confirmada; score fundamental B3 abaixo de 75; confiança B3 abaixo de 75; modelo B3 não liberou compra; modelo B3 possui gates falhando,validação futura ainda curta; preço acima da faixa ideal,INSUFFICIENT,0.0,0.08,False,NOT_RUN,,regime favorável,"score abaixo de 88, tendência não confirmada, score fundamental B3 abaixo de 75, confiança B3 abaixo de 75, modelo B3 não liberou compra, modelo B3 possui gates falhando, validação futura ainda curta, preço acima da faixa ideal, preço esticado",ESPERARIA,23.778499930245534,0.08,0.04,0,0,Eu não colocaria dinheiro agora; manteria no radar até os vetos/entrada melhorarem.
AFHI11,AFHI11,94.2,-0.07,7715.0,,https://icons.brapi.dev/icons/BRAPI.svg,,Multicategoria,fund,fii,FII,726753.0,94.1999969482422,0.019635885322631,0.019149590362679,0.0605947791894627,0.1447157574011215,0.0581510238465324,-0.0192952758503301,92.7721923828125,90.6090327835083,761547.6694018651,0.1278459064772265,12.0,0.0907862261493694,True,,65.97744360902256,94.83082706766916,56.95488721804512,100.0,,,,,,,,,,,72.96885069817401,55.51020408163265,93.46938775510203,RISK_ON,75.0,87.52234156820622,93.72560327760536,94.1999969482422,AVALIAR_COMPRA,"risco controlado, tendência positiva",nenhum alerta quantitativo principal,0.5984157242623779,93.63276062011718,92.7721923828125,90.60903289794922,94.6500015258789,81.61261507159905,-0.0007425447896137749,0.019635885322631053,0.019149506239627412,0.07052892838969628,0.05642655669782315,93.36347354419911,94.08157241331396,94.4406218478714,92.08401429991078,0.017482549837216213,96.99954033644804,98.63804901529379,False,True,False,False,False,score abaixo de 88; renda/distribuições insuficientes,validação futura ainda curta,INSUFFICIENT,0.0,0.1,False,NOT_RUN,,"risco relativo controlado, tendência confirmada, regime favorável","score abaixo de 88, renda/distribuições insuficientes, validação futura ainda curta",ESPERARIA,94.08157241331396,0.1,0.04,0,0,Eu não colocaria dinheiro agora; manteria no radar até os vetos/entrada melhorarem.
MRCK34,MRCK34,99.02,2.64,1545.0,1909811614089.4905,https://icons.brapi.dev/icons/BRAPI.svg,Health Technology,,bdr,bdr,AÇÃO GLOBAL / BDR,152985.9,99.0199966430664,-0.0191779768059331,0.1973257577805307,0.2823564632598607,0.8926878188841079,0.3927875525721562,-0.1476560441819194,90.08446304321288,78.00985061645508,462605.7849810161,0.015558513959088,4.0,0.1009769207409847,True,False,88.53383458646617,38.90977443609022,48.49624060150376,100.0,,,,,,,,,,,66.13218045112782,,93.7007874015748,RISK_ON,85.0,87.31698727132792,95.65169284096332,99.0199966430664,AVALIAR_COMPRA,"momentum, tendência positiva",nenhum alerta quantitativo principal,2.8208362895692605,95.2041259765625,90.08446304321289,78.00985054016114,100.96608468287458,50.82739889143374,0.026433040220756654,-0.01917797680593314,0.19732575778053074,0.2576373635968654,0.3869223718787778,93.93474964625632,97.31975319373944,99.012254967481,88.4337478924261,0.07522440957732539,110.01425847514147,117.20776200271327,False,False,True,False,False,score abaixo de 88; risk score abaixo de 60; liquidez abaixo de 50; fundamentos globais insuficientes,validação futura ainda curta; preço acima da faixa ideal,INSUFFICIENT,0.0,0.08,False,NOT_RUN,,"momentum forte, tendência confirmada, regime favorável","score abaixo de 88, risk score abaixo de 60, liquidez abaixo de 50, fundamentos globais insuficientes, validação futura ainda curta, preço acima da faixa ideal, preço esticado",ESPERARIA,97.31975319373944,0.08,0.04,0,0,Eu não colocaria dinheiro agora; manteria no radar até os vetos/entrada melhorarem.
PORD11,PORD11,8.29,0.73,35569.0,,https://icons.brapi.dev/icons/BRAPI.svg,,Multicategoria,fund,fii,FII,294867.00999999995,8.289999961853027,0.0141945550787168,0.0137208721407415,0.0561643898030936,0.2004877247445939,0.1140210477783633,-0.0452379595863154,8.218867053985596,7.861988801956176,635848.209769809,0.1437876966809488,12.0,0.0863558367630004,True,,64.47368421052632,85.99624060150376,53.75939849624061,100.0,,,,,,,,,,,72.93662728249194,63.6734693877551,93.06122448979592,RISK_ON,75.0,87.23018259935553,8.208140254481641,8.289999961853027,AVALIAR_COMPRA,"risco controlado, tendência positiva",nenhum alerta quantitativo principal,0.07285731179373604,8.293281173706054,8.21886703491211,7.861988818645477,8.430000305175781,6.827644320158593,0.007290452363791333,0.014194555078716808,0.01372087214074158,0.11098355739454771,0.10271919294571345,8.257214171545845,8.300928558622088,8.391638544627599,8.135081126349313,0.017392076041513084,8.567051842553274,8.711042081287928,True,False,False,False,False,score abaixo de 88; momentum abaixo de 65,validação futura ainda curta,INSUFFICIENT,0.0,0.1,False,NOT_RUN,,"risco relativo controlado, tendência confirmada, regime favorável","score abaixo de 88, momentum abaixo de 65, validação futura ainda curta",ESPERARIA,8.300928558622088,0.1,0.04,0,0,Eu não colocaria dinheiro agora; manteria no radar até os vetos/entrada melhorarem.
WRLD11,WRLD11,150.11,0.43,50337.0,,https://icons.brapi.dev/icons/BRAPI.svg,Miscellaneous,,fund,etf,ETF,7556087.07,150.11000061035156,0.0020025569497821,0.0290670160765946,0.1594191642468909,0.1443927933658408,0.1173915723134789,-0.1075683167651965,147.70279998779296,140.92979984283448,7450071.961060297,0.0,0.0,0.1517846677337941,True,,77.31829573934837,73.21428571428571,89.47368421052632,100.0,,,,,,,,,,,82.93452380952381,,89.90825688073394,RISK_ON,75.0,87.02268457841852,148.58392104201948,150.11000061035156,AVALIAR_COMPRA,"momentum, liquidez, tendência positiva",nenhum alerta quantitativo principal,1.4921417236328125,148.57600021362305,147.70279998779296,140.92979984283448,154.02000427246094,127.05999755859375,0.004281791559655135,0.0020025569497821305,0.029067016076594676,0.1176913374144367,0.13120394818303402,147.90453643798827,149.69510650634766,150.59039154052735,145.98683700561523,0.01890448818232544,154.42579040527343,157.23877487182617,False,True,False,False,False,score abaixo de 88,validação futura ainda curta,INSUFFICIENT,0.0,0.18,False,NOT_RUN,,"momentum forte, boa liquidez, tendência confirmada, regime favorável","score abaixo de 88, validação futura ainda curta",ESPERARIA,149.69510650634766,0.18,0.04,0,0,Eu não colocaria dinheiro agora; manteria no radar até os vetos/entrada melhorarem.
GOAU4,Metalurgica Gerdau S.A.,,,,,,,,,,AÇÃO B3,,11.170000076293944,,,,,,,,,,,,,True,,,,,,,,,,,,,,,,68.18452380952381,,93.86503067484662,RISK_ON,,86.94703932953549,10.80346259289619,11.170000076293944,WATCHLIST,,"score,quality",0.3214282989501953,11.213000059127808,10.829792041778564,9.697685585021972,11.779999732971191,6.806229749860506,0.0035938869219891423,0.12374250984256219,0.19848796799364443,0.3247788923325642,0.32159321168667715,11.025357341766355,11.218214321136474,11.64692826271057,10.460149497985839,0.059490116379918793,12.445058498382569,13.106694831848145,True,False,False,False,False,score abaixo de 88; score fundamental B3 abaixo de 75; confiança B3 abaixo de 75; modelo B3 não liberou compra; modelo B3 possui gates falhando,validação futura ainda curta,INSUFFICIENT,0.0,0.08,False,NOT_RUN,,"tendência confirmada, regime favorável","score abaixo de 88, score fundamental B3 abaixo de 75, confiança B3 abaixo de 75, modelo B3 não liberou compra, modelo B3 possui gates falhando, validação futura ainda curta",ESPERARIA,11.218214321136474,0.08,0.04,0,0,Eu não colocaria dinheiro agora; manteria no radar até os vetos/entrada melhorarem.
TMPS11,TMPS11,72.69,3.37,1627.0,,https://icons.brapi.dev/icons/BRAPI.svg,,Outros,fund,fii,FII,118266.63,72.69000244140625,0.0047855750631231,0.0294884219582294,0.072560911154387,0.2140883643489424,0.1889500353768032,-0.0747368461207339,72.43487136840821,69.90625787734986,166623.0771318466,0.3210895476143894,12.0,0.1027523581142937,True,,71.30325814536342,67.76315789473685,30.451127819548876,100.0,,,,,,,,,,,72.89348370927318,80.0,92.6530612244898,RISK_ON,75.0,86.93583959899749,71.50053572892668,72.69000244140625,AVALIAR_COMPRA,tendência positiva,liquidez baixa,2.514286586216518,72.69037246704102,72.43487106323242,69.9062579345703,78.79000091552734,58.8700912077413,0.03370311087695388,0.00478557506312316,0.029488421958229427,0.26384096267913554,0.1937972846108,71.55857347760882,73.06714542933872,76.08465935843331,69.54344148908342,0.038297724434091907,77.85169538225449,80.62111334664485,True,False,False,False,False,score abaixo de 88; liquidez abaixo de 50,validação futura ainda curta,INSUFFICIENT,0.0,0.1,False,NOT_RUN,,"renda/distribuições fortes, tendência confirmada, regime favorável","score abaixo de 88, liquidez abaixo de 50, validação futura ainda curta",ESPERARIA,73.06714542933872,0.1,0.04,0,0,Eu não colocaria dinheiro agora; manteria no radar até os vetos/entrada melhorarem.
SNAG11,SNAG11,9.82,1.13,187957.0,,https://icons.brapi.dev/icons/BRAPI.svg,,Multicategoria,fund,fi-agro,FIAGRO,1845737.74,9.81999969482422,0.0269101501388775,0.0206085898297705,-0.0120744140815012,0.1997584873722033,0.1046585588943144,-0.0763708754786643,9.648970336914063,9.807884573936462,1797910.3164565526,0.1608961353463955,12.0,-0.019708910594598,False,,44.73684210526316,82.98872180451127,71.61654135338345,35.0,,,,,,,,,,,57.68572641280621,55.64516129032258,96.7741935483871,RISK_ON,75.0,86.7790807664322,9.73099419233736,9.81999969482422,WATCHLIST,risco controlado,tendência não confirmada,0.11141565143922438,9.745845508575439,9.648970336914063,9.807884488105774,10.20130918328951,8.159214867621596,0.011328491889299519,0.026910150138877542,0.02060858982977054,0.07068751831212584,0.08628951818959625,9.695708465427789,9.829407247154856,9.896256638018391,9.757747444958124,0.0010243217143707539,9.782557856291323,9.792557856291323,True,False,False,False,False,score abaixo de 88; tendência não confirmada; momentum abaixo de 65,validação futura ainda curta,INSUFFICIENT,0.0,0.08,False,NOT_RUN,,"risco relativo controlado, regime favorável","score abaixo de 88, tendência não confirmada, momentum abaixo de 65, validação futura ainda curta",ESPERARIA,9.829407247154856,0.08,0.04,0,0,Eu não colocaria dinheiro agora; manteria no radar até os vetos/entrada melhorarem.
TSMC34,TSMC34,291.6,-0.28,69862.0,10481935790914.79,https://icons.brapi.dev/icons/BRAPI.svg,Electronic Technology,,bdr,bdr,AÇÃO GLOBAL / BDR,20371759.200000003,291.6000061035156,0.0825677585645296,-0.0074225560148267,0.3625836236116444,0.6209037512861642,0.3533453363924522,-0.2147595209824663,269.66233947753904,246.9924542236328,31763942.56022959,0.0065126781901569,4.0,0.1812040810927684,True,False,75.31328320802004,32.330827067669176,96.05263157894736,100.0,,,,,,,,,,,65.8865789473684,,92.91338582677166,RISK_ON,85.0,86.71668586821384,282.6768698596104,291.6000061035156,AVALIAR_COMPRA,"momentum, liquidez, tendência positiva",risco elevado,6.278087609552894,275.9118225097656,269.66233947753904,246.99245491027833,307.41326260590097,179.00664017074033,-0.002770074718543958,0.08256775856452969,-0.0074225560148267755,0.26069685908292356,0.3936169259695071,273.0866830854668,280.6203882169303,284.38724078266205,262.4425387265532,0.05205278267712424,305.6755295004891,320.0865264251344,False,False,True,False,False,score abaixo de 88; radar marcou risco elevado; risk score abaixo de 60; fundamentos globais insuficientes,validação futura ainda curta; preço acima da faixa ideal,INSUFFICIENT,0.0,0.08,False,NOT_RUN,,"momentum forte, boa liquidez, tendência confirmada, regime favorável","score abaixo de 88, radar marcou risco elevado, risk score abaixo de 60, fundamentos globais insuficientes, validação futura ainda curta, preço acima da faixa ideal, preço esticado",ESPERARIA,280.6203882169303,0.08,0.04,0,0,Eu não colocaria dinheiro agora; manteria no radar até os vetos/entrada melhorarem.
ALZC11,ALZC11,7.4,-1.2,13042.0,,https://icons.brapi.dev/icons/BRAPI.svg,,,fund,fii,FII,96510.8,7.400000095367432,0.0054348424668602,0.0374576915903281,0.0426879266111854,0.1135682187429096,0.1454370100322482,-0.0463658517156962,7.261320533752442,7.143031735420227,201245.6658039396,0.162432430339086,12.0,0.0728793735710922,True,,66.97994987468671,80.16917293233084,35.150375939849624,100.0,,,,,,,,,,,72.17114214106695,70.61224489795919,92.24489795918367,RISK_ON,75.0,86.50565699964196,7.306795506615858,7.400000095367432,AVALIAR_COMPRA,"risco controlado, tendência positiva",nenhum alerta quantitativo principal,0.09451671209307959,7.358596539497375,7.261320552825928,7.143031733036041,7.5,6.457383323108948,-0.012015978438046915,0.0054348424668602124,0.03745769159032819,0.12817733866358524,0.11904503965414077,7.3160640190554895,7.414177602181393,7.486194100823033,7.222973970782614,0.01930000111211904,7.649414490290095,7.791561330125922,True,False,False,False,False,score abaixo de 88; liquidez abaixo de 50,validação futura ainda curta,INSUFFICIENT,0.0,0.1,False,NOT_RUN,,"risco relativo controlado, tendência confirmada, regime favorável","score abaixo de 88, liquidez abaixo de 50, validação futura ainda curta",ESPERARIA,7.414177602181393,0.1,0.04,0,0,Eu não colocaria dinheiro agora; manteria no radar até os vetos/entrada melhorarem.
GGBR4,Gerdau S.A.,,,,,,,,,,AÇÃO B3,,24.989999771118164,,,,,,,,,,,,,True,,,,,,,,,,,,,,,,68.06547619047619,,93.25153374233128,RISK_ON,,86.49080576248903,24.145270212636493,24.989999771118164,WATCHLIST,,"score,news",0.7442859922136579,25.238499927520753,24.532678146362304,21.994389610290526,26.280000686645508,15.915928846946963,0.010513555749880998,0.09222030977910523,0.18567825914856217,0.3345600016797702,0.32365768676875845,24.65507107462202,25.101642669950213,26.24328601700919,23.676749255316597,0.04829931587274881,27.281572106225152,28.48317972319467,True,False,False,False,False,score abaixo de 88; score fundamental B3 abaixo de 75; confiança B3 abaixo de 75; modelo B3 não liberou compra; modelo B3 possui gates falhando,validação futura ainda curta,INSUFFICIENT,0.0,0.08,False,NOT_RUN,,"tendência confirmada, regime favorável","score abaixo de 88, score fundamental B3 abaixo de 75, confiança B3 abaixo de 75, modelo B3 não liberou compra, modelo B3 possui gates falhando, validação futura ainda curta",ESPERARIA,25.101642669950213,0.08,0.04,0,0,Eu não colocaria dinheiro agora; manteria no radar até os vetos/entrada melhorarem.
IB5M11,IB5M11,127.95,-0.11,6283.0,,https://icons.brapi.dev/icons/BRAPI.svg,Miscellaneous,,fund,etf,ETF,803909.85,127.9499969482422,0.0235180766480416,0.0531730940658707,0.061121205882163,0.1161025613176651,0.0573855468175488,-0.0482972603444069,124.47179977416992,122.15219993591307,2483701.9598627244,0.0,0.0,0.0534867093690663,True,,69.11027568922306,91.91729323308272,76.69172932330827,100.0,,,,,,,,,,,82.81077694235589,,88.9908256880734,RISK_ON,75.0,86.35573337012255,127.31411948078345,127.9499969482422,AVALIAR_COMPRA,"risco controlado, liquidez, tendência positiva",nenhum alerta quantitativo principal,0.7157135009765625,126.57000007629395,124.47179977416992,122.15219993591309,128.2100067138672,113.26000213623047,-0.0010929767636118637,0.02351807664804162,0.053173094065870785,0.04579148675838875,0.07061886812450083,126.2479290008545,127.10678520202637,127.53621330261231,124.165283203125,0.01983048869818007,131.7015048980713,134.21357879638674,False,False,True,False,False,score abaixo de 88; ETF sem momentum suficiente,validação futura ainda curta; preço acima da faixa ideal,INSUFFICIENT,0.0,0.18,False,NOT_RUN,,"risco relativo controlado, boa liquidez, tendência confirmada, regime favorável","score abaixo de 88, ETF sem momentum suficiente, validação futura ainda curta, preço acima da faixa ideal, preço esticado",ESPERARIA,127.10678520202637,0.18,0.04,0,0,Eu não colocaria dinheiro agora; manteria no radar até os vetos/entrada melhorarem.
AURA33,AURA MINERALS INC.,145.0,2.12,447514.0,36432184989.59417,https://icons.brapi.dev/icons/BRAPI.svg,Non-Energy Minerals,,bdr,bdr,AÇÃO GLOBAL / BDR,64889530.0,145.0,-0.0553745928338762,0.3512365963703376,0.2865963190184049,1.486113471152791,0.7240472262405807,-0.5289904578577078,128.65251327514648,120.708274269104,116171788.0772205,0.0311172827586206,4.0,0.1052167764995288,True,False,90.35087719298248,7.048872180451129,99.62406015037594,100.0,,,,,,,,,,,65.67278195488723,,92.1259842519685,RISK_ON,85.0,86.1227453673554,135.90787227377197,145.0,AVALIAR_COMPRA,"momentum, liquidez, tendência positiva",risco elevado,7.375712803431919,146.47949905395507,128.65251327514648,120.70827457427978,179.24272309154662,47.85212409972121,0.021198636456006392,-0.055374592833876246,0.35123659637033766,0.5039187395305874,0.736014621302761,141.68092923845563,146.1063569205148,156.43671133858817,132.58728921072824,0.07857438054099085,166.5063508169992,177.8127046857562,True,False,False,False,False,score abaixo de 88; radar marcou risco elevado; risk score abaixo de 60; volatilidade excessiva; drawdown excessivo; fundamentos globais insuficientes,validação futura ainda curta,INSUFFICIENT,0.0,0.08,False,NOT_RUN,,"momentum forte, boa liquidez, tendência confirmada, regime favorável","score abaixo de 88, radar marcou risco elevado, risk score abaixo de 60, volatilidade excessiva, drawdown excessivo, fundamentos globais insuficientes, validação futura ainda curta",ESPERARIA,146.1063569205148,0.08,0.04,0,0,Eu não colocaria dinheiro agora; manteria no radar até os vetos/entrada melhorarem.
CXSE3,Caixa Seguridade Participações S.A.,,,,,,,,,,AÇÃO B3,,20.59000015258789,,,,,,,,,,,,,True,,,,,,,,,,,,,,,,67.42260061919504,,92.63803680981594,RISK_ON,,85.91671090619003,20.1061681169821,20.59000015258789,AGUARDAR,,"score,valuation",0.49142864772251676,20.082999992370606,19.769430732727052,18.032195520401,22.142569459277272,13.211929823407825,0.009313751843653462,0.07183764361710376,0.0633975697603184,0.23257383245356536,0.23456231780123785,19.861857100895474,20.451571478162492,20.746428666796003,19.20428778784616,0.04725107911945712,22.061567292894637,23.013993794577463,False,True,False,False,False,score abaixo de 88; score fundamental B3 abaixo de 75; confiança B3 abaixo de 75; modelo B3 não liberou compra; modelo B3 possui gates falhando,validação futura ainda curta,INSUFFICIENT,0.0,0.08,False,NOT_RUN,,"tendência confirmada, regime favorável","score abaixo de 88, score fundamental B3 abaixo de 75, confiança B3 abaixo de 75, modelo B3 não liberou compra, modelo B3 possui gates falhando, validação futura ainda curta",ESPERARIA,20.451571478162492,0.08,0.04,0,0,Eu não colocaria dinheiro agora; manteria no radar até os vetos/entrada melhorarem.
SPXU11,SPXU11,17.15,0.82,82350.0,,https://icons.brapi.dev/icons/BRAPI.svg,Miscellaneous,,fund,etf,ETF,1412302.4999999998,17.149999618530273,0.0100117833260882,0.0406553455645926,0.1730505986850383,0.1238531691546982,0.1160428941226132,-0.1382849687216698,16.78919994354248,15.974249958992004,7015042.798473994,0.0,0.0,0.1654161021719415,True,,81.14035087719297,68.32706766917293,88.53383458646617,100.0,,,,,,,,,,,82.78352130325814,,88.07339449541286,RISK_ON,75.0,85.70808040744063,16.977648820744264,17.149999618530273,AVALIAR_COMPRA,"momentum, liquidez, tendência positiva",nenhum alerta quantitativo principal,0.2907141276768276,16.8960000038147,16.78919994354248,15.974249958992004,18.010000228881836,14.260000228881836,0.008230416682224906,0.010011783326088208,0.040655345564592604,0.12799270548359937,0.13275076595147153,16.765178646360127,17.11403559957232,17.288464076178418,16.45487869671413,0.028615092589420982,17.90906397547041,18.393792401722504,False,True,False,False,False,score abaixo de 88,validação futura ainda curta,INSUFFICIENT,0.0,0.18,False,NOT_RUN,,"momentum forte, boa liquidez, tendência confirmada, regime favorável","score abaixo de 88, validação futura ainda curta",ESPERARIA,17.11403559957232,0.18,0.04,0,0,Eu não colocaria dinheiro agora; manteria no radar até os vetos/entrada melhorarem.
TAEE4,Transmissora Aliança de Energia Elétrica S.A.,,,,,,,,,,AÇÃO B3,,13.779999732971191,,,,,,,,,,,,,False,,,,,,,,,,,,,,,,67.39583333333333,,92.0245398773006,RISK_ON,,85.48124041411042,13.559913741804609,13.779999732971191,AGUARDAR,,"score,trend",0.22928578513009207,13.786000061035157,13.333172092437744,13.392188892364501,14.722554939169651,11.045547796464552,-0.006488835856559461,0.05030486685739666,0.04018729937737242,0.1580759386778238,0.1980276930987292,13.67682112966265,13.814392600740705,14.09553587096078,13.28901028905596,0.03321763677831025,14.658800017493112,15.11539659363883,True,False,False,False,False,score abaixo de 88; tendência não confirmada; score fundamental B3 abaixo de 75; confiança B3 abaixo de 75; modelo B3 não liberou compra; modelo B3 possui gates falhando,validação futura ainda curta,INSUFFICIENT,0.0,0.08,False,NOT_RUN,,regime favorável,"score abaixo de 88, tendência não confirmada, score fundamental B3 abaixo de 75, confiança B3 abaixo de 75, modelo B3 não liberou compra, modelo B3 possui gates falhando, validação futura ainda curta",ESPERARIA,13.814392600740705,0.08,0.04,0,0,Eu não colocaria dinheiro agora; manteria no radar até os vetos/entrada melhorarem.
FCXO34,FCXO34,124.91,-0.41,13631.0,540262324354.8387,https://icons.brapi.dev/icons/BRAPI.svg,Non-Energy Minerals,,bdr,bdr,AÇÃO GLOBAL / BDR,1702648.21,124.91000366210938,-0.0808682172770819,0.1764205773313363,0.2832335074962258,0.5763199107751658,0.4624453349699016,-0.235957841506203,119.2768002319336,108.2993773651123,1490329.4833290463,0.0057935311727119,4.0,0.1018539649773497,True,False,88.34586466165415,24.90601503759399,68.04511278195488,100.0,,,,,,,,,,,65.12857142857142,,91.33858267716536,RISK_ON,85.0,85.46272215973003,119.90749032079805,124.91000366210938,AVALIAR_COMPRA,"momentum, tendência positiva",risco elevado,5.183571406773159,124.65750122070312,119.27680023193359,108.29937755584717,137.67999267578125,62.43422317504883,-0.004145711885523706,-0.08086821727708193,0.17642057733133631,0.4307279865223657,0.5335074882248516,122.32489408765521,125.68753937312535,131.65532261984688,113.6349310193743,0.08363520785062604,144.7487881524222,155.1200738634382,True,False,False,False,False,score abaixo de 88; radar marcou risco elevado; risk score abaixo de 60; fundamentos globais insuficientes,validação futura ainda curta,INSUFFICIENT,0.0,0.08,False,NOT_RUN,,"momentum forte, tendência confirmada, regime favorável","score abaixo de 88, radar marcou risco elevado, risk score abaixo de 60, fundamentos globais insuficientes, validação futura ainda curta",ESPERARIA,125.68753937312535,0.08,0.04,0,0,Eu não colocaria dinheiro agora; manteria no radar até os vetos/entrada melhorarem.
MARG11,MARG11,123.97,0.06,1109.0,,https://icons.brapi.dev/icons/BRAPI.svg,Miscellaneous,,fund,etf,ETF,137482.73,123.97000122070312,0.0095276721487715,0.0330833435058592,0.074729110191674,,0.0082021410222773,-0.0029751167441578,122.509200592041,117.35598220825196,1206746.07652864,0.0,0.0,0.0670946136785772,True,,69.4235588972431,98.40225563909776,65.97744360902256,100.0,,,,,,,,,,,82.74279448621553,,87.1559633027523,RISK_ON,75.0,85.05773320916971,123.88194207473865,123.97000122070312,AVALIAR_COMPRA,"risco controlado, tendência positiva",nenhum alerta quantitativo principal,0.23642894199916295,123.40900001525878,122.50920059204101,117.35598220825196,123.97000122070312,107.68138885498047,0.0005649692813731733,0.009527672148771593,0.033083343505859286,0.010207043605199737,0.010401709234639286,123.30260699135916,123.58632172175815,123.72817908695765,122.72907436915807,0.0057952374869904445,124.87524433135982,125.59063431876041,False,False,True,False,False,score abaixo de 88; fora do top 12% da classe; ETF sem momentum suficiente,validação futura ainda curta; preço acima da faixa ideal,INSUFFICIENT,0.0,0.18,False,NOT_RUN,,"risco relativo controlado, tendência confirmada, regime favorável","score abaixo de 88, fora do top 12% da classe, ETF sem momentum suficiente, validação futura ainda curta, preço acima da faixa ideal, preço esticado",ESPERARIA,123.58632172175815,0.18,0.04,0,0,Eu não colocaria dinheiro agora; manteria no radar até os vetos/entrada melhorarem.
MULT3,Multiplan Empreendimentos Imobiliários S.A.,,,,,,,,,,AÇÃO B3,,31.100000381469727,,,,,,,,,,,,,False,,,,,,,,,,,,,,,,69.48958333333333,,91.41104294478528,RISK_ON,,85.0228863113497,30.25254980726078,31.100000381469727,WATCHLIST,,"score,valuation,trend",0.8464285986764091,30.0645001411438,28.67940010070801,29.80225019454956,35.278162842920544,25.62801726261689,-0.0019255284414696483,0.13420861761256297,0.06136909384302225,0.2696972776167348,0.27752655590781744,29.683607271739415,30.699321590151108,31.207178749356952,29.421357325145177,0.025507444581281995,31.731678642545425,32.50178574834551,False,True,False,False,False,score abaixo de 88; tendência não confirmada; score fundamental B3 abaixo de 75; confiança B3 abaixo de 75; modelo B3 não liberou compra; modelo B3 possui gates falhando,validação futura ainda curta,INSUFFICIENT,0.0,0.08,False,NOT_RUN,,regime favorável,"score abaixo de 88, tendência não confirmada, score fundamental B3 abaixo de 75, confiança B3 abaixo de 75, modelo B3 não liberou compra, modelo B3 possui gates falhando, validação futura ainda curta",ESPERARIA,30.699321590151108,0.08,0.04,0,0,Eu não colocaria dinheiro agora; manteria no radar até os vetos/entrada melhorarem.
JPMC34,JPMC34,177.16,0.99,18610.0,4744627359448.49,https://icons.brapi.dev/icons/BRAPI.svg,Finance,,bdr,bdr,AÇÃO GLOBAL / BDR,3296947.6,177.16000366210938,-0.0397311594818413,0.0434811759463524,0.1658369497263632,0.0812133838728352,0.2046012911883195,-0.1844333697607273,181.33100067138676,165.5978631591797,6066681.397770715,0.012210967234602,4.0,-0.0155425927925128,True,False,64.9749373433584,46.99248120300752,87.03007518796993,100.0,,,,,,,,,,,64.39176691729322,,90.5511811023622,RISK_ON,85.0,84.76418015511217,174.020907048621,177.16000366210938,AVALIAR_COMPRA,"liquidez, tendência positiva",nenhum alerta quantitativo principal,3.7550016130719865,180.3000015258789,181.33100067138673,165.5978631591797,190.9600067138672,144.55543289816507,0.009919082837341442,-0.03973115948184136,0.04348117594635248,0.19241290868612676,0.21374588373339934,175.47025293622698,177.72325390407016,185.36925370352608,177.01274881635396,5.662618256751635e-05,176.61675342014857,176.62675342014856,True,False,False,False,False,score abaixo de 88; risk score abaixo de 60; momentum abaixo de 65; fundamentos globais insuficientes,validação futura ainda curta,INSUFFICIENT,0.0,0.08,False,NOT_RUN,,"boa liquidez, tendência confirmada, regime favorável","score abaixo de 88, risk score abaixo de 60, momentum abaixo de 65, fundamentos globais insuficientes, validação futura ainda curta",ESPERARIA,177.72325390407016,0.08,0.04,0,0,Eu não colocaria dinheiro agora; manteria no radar até os vetos/entrada melhorarem.
TGMA3,Tegma Gestão Logística S.A.,,,,,,,,,,AÇÃO B3,,35.52000045776367,,,,,,,,,,,,,True,,,,,,,,,,,,,,,,67.20219435736678,,90.79754601226992,RISK_ON,,84.57877593899647,34.80038858591151,35.52000045776367,AGUARDAR,,"score,valuation",0.8785713740757534,35.07150039672852,33.38371234893799,32.940160007476806,39.536103425947935,26.057667730819176,-0.015521101576248086,0.003673384299442972,0.21683886046490208,0.20051549351908893,0.3039246077273051,34.67614327839443,35.65178616387504,36.25757175173079,33.33642706189837,0.051971888657309194,38.81904003960746,40.64657769884382,True,False,False,False,False,score abaixo de 88; score fundamental B3 abaixo de 75; confiança B3 abaixo de 75; modelo B3 não liberou compra; modelo B3 possui gates falhando,validação futura ainda curta,INSUFFICIENT,0.0,0.08,False,NOT_RUN,,"tendência confirmada, regime favorável","score abaixo de 88, score fundamental B3 abaixo de 75, confiança B3 abaixo de 75, modelo B3 não liberou compra, modelo B3 possui gates falhando, validação futura ainda curta",ESPERARIA,35.65178616387504,0.08,0.04,0,0,Eu não colocaria dinheiro agora; manteria no radar até os vetos/entrada melhorarem.
NTNS11,NTNS11,68.26,0.18,3840.0,,https://icons.brapi.dev/icons/BRAPI.svg,Miscellaneous,,fund,etf,ETF,262118.4,68.26000213623047,0.017590940264845,0.0422966004400096,0.0724273448521006,0.1389379625237825,0.0283067695883754,-0.0100547842603868,67.09139953613281,64.65905282974244,1034951.2107876976,0.0,0.0,0.0647928483390039,True,,70.30075187969925,96.8984962406015,62.59398496240601,100.0,,,,,,,,,,,82.03477443609022,,86.23853211009175,RISK_ON,75.0,84.27392736428227,68.09266696244728,68.26000213623047,AVALIAR_COMPRA,"risco controlado, tendência positiva",nenhum alerta quantitativo principal,0.24428612845284597,67.77799949645996,67.09139953613281,64.65905282974244,68.37999725341797,59.93564987182617,0.0017611204528460433,0.01759094026484509,0.0422966004400096,0.015018221265370096,0.026488588382781456,67.66807073865617,67.9612140927996,68.1077857698713,67.08671782357352,0.010734032743134284,69.27049160003662,69.99841619219099,False,False,True,False,False,score abaixo de 88; fora do top 12% da classe,validação futura ainda curta; preço acima da faixa ideal,INSUFFICIENT,0.0,0.18,False,NOT_RUN,,"risco relativo controlado, tendência confirmada, regime favorável","score abaixo de 88, fora do top 12% da classe, validação futura ainda curta, preço acima da faixa ideal, preço esticado",ESPERARIA,67.9612140927996,0.18,0.04,0,0,Eu não colocaria dinheiro agora; manteria no radar até os vetos/entrada melhorarem.
P2LT34,P2LT34,327.2,-1.15,9689.0,2371425913949.011,https://icons.brapi.dev/icons/BRAPI.svg,Technology Services,,bdr,bdr,AÇÃO GLOBAL / BDR,3170240.8,327.20001220703125,0.072646220303413,0.6475327399359991,0.2682171015776404,0.0289308559969536,0.788683333367225,-0.4944225803473255,280.7391995239258,262.99979988098147,10015072.06241111,0.0,0.0,0.0868375590587644,True,False,89.28571428571429,6.766917293233082,91.72932330827066,100.0,,,,,,,,,,,64.06488721804511,,89.76377952755905,RISK_ON,85.0,84.14762311290036,304.85160344405887,327.20001220703125,AVALIAR_COMPRA,"momentum, liquidez, tendência positiva",risco elevado,10.250002179827009,305.57000122070315,280.7391995239258,262.99979988098147,373.8299865722656,184.1999969482422,-0.011510218561944563,0.07264622030341306,0.6475327399359991,0.5215079342108372,0.6940784309349239,300.957500239781,313.2575028555734,319.40750416346964,277.57499324253627,0.09616342211216268,366.1725181579591,395.7050264631,False,False,True,False,False,score abaixo de 88; radar marcou risco elevado; risk score abaixo de 60; volatilidade excessiva; drawdown excessivo; fundamentos globais insuficientes,validação futura ainda curta; preço acima da faixa ideal,INSUFFICIENT,0.0,0.08,False,NOT_RUN,,"momentum forte, boa liquidez, tendência confirmada, regime favorável","score abaixo de 88, radar marcou risco elevado, risk score abaixo de 60, volatilidade excessiva, drawdown excessivo, fundamentos globais insuficientes, validação futura ainda curta, preço acima da faixa ideal, preço esticado",ESPERARIA,313.2575028555734,0.07799223275615319,0.038996116378076595,0,0,Eu não colocaria dinheiro agora; manteria no radar até os vetos/entrada melhorarem.
EXIF11,EXIF11,10.23,0.0,64.0,,https://icons.brapi.dev/icons/BRAPI.svg,,,fund,fi-infra,FI-INFRA,654.72,10.229999542236328,0.0,0.0218790385531006,0.048430218204273,0.1480562012766011,0.1090007888389558,-0.1091090589701404,10.16005958557129,9.832521662712097,229.19756585075743,0.1417399867921228,12.0,0.0407957216911762,True,,60.0250626566416,74.34210526315789,0.5639097744360901,100.0,,,,,,,,,,,68.08427318295739,92.5,90.0,RISK_ON,75.0,84.11685463659147,10.13343095299058,10.229999542236328,AVALIAR_COMPRA,tendência positiva,liquidez baixa,0.10071400233677455,10.191999673843384,10.16005958557129,9.832521815299987,10.229999542236328,7.633817861554773,0.0,0.0,0.021879135900307656,0.14752236856292764,0.331396288658632,10.146678372791834,10.245106642586844,10.32796357699803,10.044238482884,0.014874031350464821,10.499200557300021,10.650854582105362,True,False,False,False,False,score abaixo de 88; momentum abaixo de 65; liquidez abaixo de 50,validação futura ainda curta,INSUFFICIENT,0.0,0.08,False,NOT_RUN,,"renda/distribuições fortes, tendência confirmada, regime favorável","score abaixo de 88, momentum abaixo de 65, liquidez abaixo de 50, validação futura ainda curta",ESPERARIA,10.245106642586844,0.08,0.04,0,0,Eu não colocaria dinheiro agora; manteria no radar até os vetos/entrada melhorarem.
MOTV3,Motiva Infraestrutura de Mobilidade S.A.,,,,,,,,,,AÇÃO B3,,16.639999389648438,,,,,,,,,,,,,False,,,,,,,,,,,,,,,,68.99686520376176,,90.1840490797546,RISK_ON,,84.05312902667461,16.288765450470787,16.639999389648438,WATCHLIST,,"score,valuation,trend",0.3895223481314523,16.066411304473878,14.731449508666993,14.779707579612731,16.98202374214961,12.920860098321144,0.011550067957263321,0.15162851149658074,0.18296537839045746,0.20891313540953796,0.27414938644296655,15.891126247814723,16.358553065572465,16.59226647445134,14.604422522953577,0.09429037225240729,19.165673924173632,20.68609105791365,False,False,True,False,False,score abaixo de 88; tendência não confirmada; score fundamental B3 abaixo de 75; confiança B3 abaixo de 75; modelo B3 não liberou compra; modelo B3 possui gates falhando,validação futura ainda curta; preço acima da faixa ideal,INSUFFICIENT,0.0,0.08,False,NOT_RUN,,regime favorável,"score abaixo de 88, tendência não confirmada, score fundamental B3 abaixo de 75, confiança B3 abaixo de 75, modelo B3 não liberou compra, modelo B3 possui gates falhando, validação futura ainda curta, preço acima da faixa ideal, preço esticado",ESPERARIA,16.358553065572465,0.07954152498118407,0.03977076249059203,0,0,Eu não colocaria dinheiro agora; manteria no radar até os vetos/entrada melhorarem.
PFIN11,PFIN11,61.97,-0.69,14715.0,,https://icons.brapi.dev/icons/BRAPI.svg,Miscellaneous,,fund,fip,FIP,911888.55,61.970001220703125,0.0027508411932248,-0.0036977417912407,0.0274463388300389,0.2080797423189819,0.1346029204789135,-0.0766524187491668,61.85759994506836,59.33341968536377,849151.6015629239,0.4863643602758352,4.0,0.0198118423169422,True,,51.06516290726817,76.8796992481203,58.45864661654135,100.0,,,,,,,,,,,70.66102756892231,75.0,88.88888888888889,RISK_ON,75.0,83.85442773600667,61.24761971405756,61.970001220703125,AVALIAR_COMPRA,"risco controlado, tendência positiva",nenhum alerta quantitativo principal,1.1078575679234095,61.672000122070315,61.85759994506836,59.333419704437254,66.4800033569336,50.108863830566406,-0.006891030363155526,0.0027508411932248844,-0.0036977417912407162,0.13184896415350658,0.22487792165943107,61.17346421650478,62.13617985589163,63.16760783876692,60.58356374195644,0.017375093445453873,63.79733862468176,64.86859691892353,True,False,False,False,False,score abaixo de 88; momentum abaixo de 65,validação futura ainda curta,INSUFFICIENT,0.0,0.06,False,NOT_RUN,,"risco relativo controlado, renda/distribuições fortes, tendência confirmada, regime favorável","score abaixo de 88, momentum abaixo de 65, validação futura ainda curta",ESPERARIA,62.13617985589163,0.06,0.03,0,0,Eu não colocaria dinheiro agora; manteria no radar até os vetos/entrada melhorarem.
BLFT11,BLFT11,113.5,0.07,9458.0,,https://icons.brapi.dev/icons/BRAPI.svg,Miscellaneous,,fund,etf,ETF,1073483.0,113.5,0.011225963651209,0.0337917756948298,0.0684363777965737,,0.0018123586184397,0.0,112.03059951782228,107.71869998931884,1009970.8194692704,0.0,0.0,0.0608018812834769,True,,67.04260651629073,99.81203007518798,62.21804511278195,100.0,,,,,,,,,,,81.61340852130326,,85.3211009174312,RISK_ON,75.0,83.54745234646248,113.48218562334078,113.5,AVALIAR_COMPRA,"risco controlado, tendência positiva",nenhum alerta quantitativo principal,0.4757145472935268,112.89199943542481,112.03059951782227,107.71869998931885,114.75,100.06999969482422,0.0007053591284273963,0.011225963651209092,0.03379177569482983,0.0024411069728095857,0.002310893582271925,112.67792788914272,113.24878534589496,113.53421407427106,111.65728868756976,0.011561872531561527,115.575492477417,116.88156040736608,False,True,False,False,False,score abaixo de 88; fora do top 12% da classe; ETF sem momentum suficiente,validação futura ainda curta,INSUFFICIENT,0.0,0.18,False,NOT_RUN,,"risco relativo controlado, tendência confirmada, regime favorável","score abaixo de 88, fora do top 12% da classe, ETF sem momentum suficiente, validação futura ainda curta",ESPERARIA,113.24878534589496,0.18,0.04,0,0,Eu não colocaria dinheiro agora; manteria no radar até os vetos/entrada melhorarem.
ISAE4,ISA Energía Brasil S.A.,,,,,,,,,,AÇÃO B3,,26.90999984741211,,,,,,,,,,,,,False,,,,,,,,,,,,,,,,68.54166666666666,,89.57055214723927,RISK_ON,,83.52126150306748,26.49905277145477,26.90999984741211,WATCHLIST,,"score,momentum,trend",0.5071428843906948,27.354499912261964,26.875400009155275,27.673298263549803,32.04340357272587,21.99975196444643,-0.0025945031879869296,0.005981302706994818,-0.04743363371992537,0.1511453456104456,0.2552046969218439,26.681785549436295,26.986071280070714,28.039142806189403,26.292185692105974,0.02018872206388074,27.917413860048566,28.459156582696096,True,False,False,False,False,score abaixo de 88; tendência não confirmada; score fundamental B3 abaixo de 75; confiança B3 abaixo de 75; modelo B3 não liberou compra; modelo B3 possui gates falhando,validação futura ainda curta,INSUFFICIENT,0.0,0.08,False,NOT_RUN,,regime favorável,"score abaixo de 88, tendência não confirmada, score fundamental B3 abaixo de 75, confiança B3 abaixo de 75, modelo B3 não liberou compra, modelo B3 possui gates falhando, validação futura ainda curta",ESPERARIA,26.986071280070714,0.08,0.04,0,0,Eu não colocaria dinheiro agora; manteria no radar até os vetos/entrada melhorarem.
D1DG34,D1DG34,139.67,4.3,1929.0,500930244105.0988,https://icons.brapi.dev/icons/BRAPI.svg,Technology Services,,bdr,bdr,AÇÃO GLOBAL / BDR,269423.43,139.6699981689453,0.186560183971401,0.0951073950630747,1.1405363704052922,0.8874324076884501,0.7120124485640679,-0.509326110449088,124.98919967651368,94.36329984664916,1854582.2163117423,0.0,0.0,0.9591568278864162,True,False,94.4235588972431,7.424812030075192,72.74436090225564,100.0,,,,,,,,,,,63.58958646616541,,88.9763779527559,RISK_ON,85.0,83.50138186016221,131.05765461476338,139.6699981689453,AVALIAR_COMPRA,"momentum, tendência positiva",risco elevado,4.965000697544643,119.37899932861328,124.98919967651368,94.36329984664917,149.10000610351562,50.91999816894531,0.04301392240545332,0.18656018397140106,0.09510739506307475,0.6388720566058051,0.8598049915935346,117.14474901471819,123.10274985177176,126.08175027029854,119.27944887433733,0.00702858979087085,121.81235055106023,122.65665110996787,False,False,True,False,False,score abaixo de 88; radar marcou risco elevado; risk score abaixo de 60; volatilidade excessiva; drawdown excessivo; fundamentos globais insuficientes,validação futura ainda curta; preço acima da faixa ideal,INSUFFICIENT,0.0,0.08,False,NOT_RUN,,"momentum forte, tendência confirmada, regime favorável","score abaixo de 88, radar marcou risco elevado, risk score abaixo de 60, volatilidade excessiva, drawdown excessivo, fundamentos globais insuficientes, validação futura ainda curta, preço acima da faixa ideal, preço esticado",ESPERARIA,123.10274985177176,0.08,0.04,0,0,Eu não colocaria dinheiro agora; manteria no radar até os vetos/entrada melhorarem.
EGAF11,EGAF11,82.7,-0.13,4457.0,,https://icons.brapi.dev/icons/BRAPI.svg,Miscellaneous,Títulos e Val. Mob.,fund,fi-agro,FIAGRO,368593.9,82.69999694824219,0.0157504442644438,-0.0248736230960476,-0.0836327613773709,0.0781088968505285,0.1262382630546059,-0.1440943616207615,83.2234342956543,85.5889485168457,644667.5443752229,0.2015719542339635,12.0,-0.0912672578904677,False,,23.68421052631579,66.35338345864662,54.13533834586466,35.0,,,,,,,,,,,52.52170749454281,79.83870967741936,93.5483870967742,RISK_ON,75.0,83.4882124666505,81.79587474318798,82.69999694824219,WATCHLIST,sem vantagem clara,"momentum fraco, tendência não confirmada",1.2857142857142858,83.7889575958252,83.22343444824219,85.58894828796387,92.337007563207,76.46608807966889,-0.0013283493973506033,0.01575044426444383,-0.02487362309604768,0.14824152721744138,0.1378888776944607,82.12142551967077,82.89285409109932,85.52467188153948,81.74486301967076,0.009238919050064145,84.03169337681359,84.79397016252787,True,False,False,False,False,score abaixo de 88; tendência não confirmada; momentum abaixo de 65,validação futura ainda curta,INSUFFICIENT,0.0,0.08,False,NOT_RUN,,"renda/distribuições fortes, regime favorável","score abaixo de 88, tendência não confirmada, momentum abaixo de 65, validação futura ainda curta",ESPERARIA,82.89285409109932,0.08,0.04,0,0,Eu não colocaria dinheiro agora; manteria no radar até os vetos/entrada melhorarem.
MILS3,"Mills Locação, Serviços e Logística S.A.",,,,,,,,,,AÇÃO B3,,15.920000076293944,,,,,,,,,,,,,True,,,,,,,,,,,,,,,,66.31661442006269,,88.95705521472392,RISK_ON,,83.09117689482085,15.858445624407858,15.920000076293944,AGUARDAR,,"score,valuation",0.09857143674577985,15.82350001335144,15.686800022125244,14.062878966331482,16.0,10.217614658287467,-0.0006277607464066914,0.015954052251614614,0.024453031877331277,0.038268283412713565,0.2659305796020191,15.779142866815839,15.897428590910774,15.956571452958244,15.660428149359566,0.011229597858536998,16.194000887870786,16.37185846737453,False,True,False,False,False,score abaixo de 88; score fundamental B3 abaixo de 75; confiança B3 abaixo de 75; modelo B3 não liberou compra; modelo B3 possui gates falhando,validação futura ainda curta,INSUFFICIENT,0.0,0.08,False,NOT_RUN,,"tendência confirmada, regime favorável","score abaixo de 88, score fundamental B3 abaixo de 75, confiança B3 abaixo de 75, modelo B3 não liberou compra, modelo B3 possui gates falhando, validação futura ainda curta",ESPERARIA,15.897428590910774,0.08,0.04,0,0,Eu não colocaria dinheiro agora; manteria no radar até os vetos/entrada melhorarem.
BONY34,BONY34,774.54,0.79,444.0,530059282206.03534,https://icons.brapi.dev/icons/BRAPI.svg,Finance,,bdr,bdr,AÇÃO GLOBAL / BDR,343895.76,774.5399780273438,-0.0788497772591423,0.0385895908795754,0.27269597289502,0.3643326301697493,0.210811933181837,-0.1064186273619186,815.1454711914063,700.5459701538086,61546.35619826544,0.0103091205444764,4.0,0.091316430376144,True,False,78.94736842105264,58.7406015037594,19.73684210526316,100.0,,,,,,,,,,,63.51184210526316,,88.18897637795276,RISK_ON,85.0,82.93465188561956,760.3993186383955,774.5399780273438,WATCHLIST,"momentum, tendência positiva",liquidez baixa,8.748570033482142,810.1949951171875,815.1454711914063,700.5459710693359,861.9000244140625,557.5685424804688,0.00788569346321455,-0.07884977725914233,0.038589590879575475,0.17968704986753034,0.2834257083210029,770.6031215122767,775.8522635323661,822.0055646623885,765.8554094587054,0.00953442709684533,787.9722586495534,795.3445417131694,True,False,False,False,False,score abaixo de 88; risk score abaixo de 60; liquidez abaixo de 50; fundamentos globais insuficientes,validação futura ainda curta,INSUFFICIENT,0.0,0.08,False,NOT_RUN,,"momentum forte, tendência confirmada, regime favorável","score abaixo de 88, risk score abaixo de 60, liquidez abaixo de 50, fundamentos globais insuficientes, validação futura ainda curta",ESPERARIA,775.8522635323661,0.08,0.04,0,0,Eu não colocaria dinheiro agora; manteria no radar até os vetos/entrada melhorarem.
SPYI11,SPYI11,109.52,0.24,29757.0,,https://icons.brapi.dev/icons/BRAPI.svg,Miscellaneous,,fund,etf,ETF,3258986.64,109.5199966430664,0.0161506668827091,0.0463077957301765,0.1407639436390493,0.1106080087381726,0.1038293691023939,-0.1263725742099063,106.75423706054688,102.5624520111084,1770903.0424549163,0.1291503235349622,13.0,0.1331294471259525,True,,81.203007518797,73.1203007518797,71.05263157894737,100.0,,,,,,,,,,,80.953007518797,,84.40366972477065,RISK_ON,75.0,82.77317031109885,108.53520519475664,109.5199966430664,WATCHLIST,"momentum, tendência positiva",nenhum alerta quantitativo principal,1.2170813166816339,107.60635070800781,106.75423721313477,102.56245208740235,110.33026333175187,93.49051666259766,0.0023795945611622127,0.016150666882709164,0.046307795730176515,0.10697080899592475,0.11256385107439339,107.05866411550107,108.51916169551903,109.24941048552802,105.3545936989509,0.02258413357126188,112.65755131862835,115.0918705251875,False,False,True,False,False,score abaixo de 88; fora do top 12% da classe,validação futura ainda curta; preço acima da faixa ideal,INSUFFICIENT,0.0,0.18,False,NOT_RUN,,"momentum forte, tendência confirmada, regime favorável","score abaixo de 88, fora do top 12% da classe, validação futura ainda curta, preço acima da faixa ideal, preço esticado",ESPERARIA,108.51916169551903,0.18,0.04,0,0,Eu não colocaria dinheiro agora; manteria no radar até os vetos/entrada melhorarem.
AMZO34,AMZO34,64.9,0.25,303185.0,14011545836425.6,https://icons.brapi.dev/icons/BRAPI.svg,Retail Trade,,bdr,bdr,AÇÃO GLOBAL / BDR,19676706.5,64.9000015258789,-0.0340824651334752,0.0439119098815941,0.1875571768309325,0.0700741944447693,0.3531910275417579,-0.2313632144881915,65.92479965209961,62.273249797821045,51247534.25408717,0.0,0.0,0.0061776343120565,True,False,69.11027568922306,30.451127819548876,97.18045112781954,100.0,,,,,,,,,,,63.10191729323308,,87.4015748031496,RISK_ON,85.0,82.30148582085134,62.91488958866958,64.9000015258789,WATCHLIST,"liquidez, tendência positiva",risco elevado,1.3814285823277064,65.52099933624268,65.92479965209961,62.273249797821045,72.8499984741211,51.099998474121094,0.0024714808061325755,-0.03408246513347524,0.0439119098815941,0.2996644351520229,0.3343003071582593,64.27835866383144,65.10721581322807,67.38592792238508,64.33615678242275,0.005512677244714483,65.40604815074374,65.76267860685074,True,False,False,False,False,score abaixo de 88; fora do top 12% da classe; radar marcou risco elevado; risk score abaixo de 60; fundamentos globais insuficientes,validação futura ainda curta,INSUFFICIENT,0.0,0.08,False,NOT_RUN,,"boa liquidez, tendência confirmada, regime favorável","score abaixo de 88, fora do top 12% da classe, radar marcou risco elevado, risk score abaixo de 60, fundamentos globais insuficientes, validação futura ainda curta",ESPERARIA,65.10721581322807,0.08,0.04,0,0,Eu não colocaria dinheiro agora; manteria no radar até os vetos/entrada melhorarem.
BBSE3,BB Seguridade Participações S.A.,,,,,,,,,,AÇÃO B3,,38.9900016784668,,,,,,,,,,,,,True,,,,,,,,,,,,,,,,64.69814241486068,,88.34355828220859,RISK_ON,,82.29757284088967,37.91431150945648,38.9900016784668,AGUARDAR,,"score,valuation",1.039999553135463,40.410000038146975,39.308583908081054,34.897446928024294,42.97999954223633,28.06488392804909,0.005674522004269766,-0.010657147185269333,0.04179919348945016,0.2730590181690725,0.20495470833460003,38.52200187955584,39.146001611437114,41.813999434879854,38.268001965114046,0.014574850773602595,39.96600130626135,40.53200108664378,True,False,False,False,False,score abaixo de 88; score fundamental B3 abaixo de 75; confiança B3 abaixo de 75; modelo B3 não liberou compra; modelo B3 possui gates falhando,validação futura ainda curta,INSUFFICIENT,0.0,0.08,False,NOT_RUN,,"tendência confirmada, regime favorável","score abaixo de 88, score fundamental B3 abaixo de 75, confiança B3 abaixo de 75, modelo B3 não liberou compra, modelo B3 possui gates falhando, validação futura ainda curta",ESPERARIA,39.146001611437114,0.08,0.04,0,0,Eu não colocaria dinheiro agora; manteria no radar até os vetos/entrada melhorarem.
VWRA11,VWRA11,115.15,0.13,35142.0,,https://icons.brapi.dev/icons/BRAPI.svg,Miscellaneous,,fund,etf,ETF,4046601.3,115.1500015258789,0.0055890260912496,0.03542849090767,0.166903133053996,,0.1159355991562599,-0.1107847639551398,113.08060028076171,107.53105007171632,1751070.1637920802,0.0,0.0,0.1592686365408993,True,,80.01253132832079,72.93233082706766,70.86466165413535,100.0,,,,,,,,,,,80.4517543859649,,83.4862385321101,RISK_ON,75.0,82.03071784967004,113.99385896111616,115.1500015258789,WATCHLIST,"momentum, tendência positiva",nenhum alerta quantitativo principal,1.3235724312918526,113.89799995422364,113.08060028076171,107.53105007171631,117.91000366210938,96.77999877929688,0.0013043610945990824,0.005589026091249671,0.035428490907670085,0.11805221965416043,0.13262030343667708,113.3023923601423,114.89067927769253,115.68482273646764,111.60292827061244,0.021855243285059795,119.08375091552738,121.57735846383235,False,True,False,False,False,score abaixo de 88; fora do top 12% da classe,validação futura ainda curta,INSUFFICIENT,0.0,0.18,False,NOT_RUN,,"momentum forte, tendência confirmada, regime favorável","score abaixo de 88, fora do top 12% da classe, validação futura ainda curta",ESPERARIA,114.89067927769253,0.18,0.04,0,0,Eu não colocaria dinheiro agora; manteria no radar até os vetos/entrada melhorarem.
DEEC34,DEEC34,128.0,1.8,3227.0,968603316077.003,https://icons.brapi.dev/icons/BRAPI.svg,Producer Manufacturing,,bdr,bdr,AÇÃO GLOBAL / BDR,413056.0,128.0,0.1702322473408197,0.213385179562711,0.2924782846105775,0.5551123439960246,0.3655257819050114,-0.2282023615930346,110.13919982910156,100.21039684295654,259006.4080391536,0.006058078125,4.0,0.1110987420917015,True,False,90.28822055137844,29.417293233082702,39.097744360902254,100.0,,,,,,,,,,,63.00120300751879,,86.61417322834646,RISK_ON,85.0,81.73016186134628,123.94810095529076,128.0,WATCHLIST,"momentum, tendência positiva",risco elevado,3.3285718645368303,117.80149993896484,110.13919982910156,100.2103967666626,128.0,78.98993800314416,0.017973613604471472,0.17023224734081976,0.21338517956271108,0.295118596624723,0.35494292299808056,116.30364259992326,120.29792883736746,122.29507195608956,106.7114275251116,0.09796518360492308,141.47950210571287,153.06886029924664,False,False,True,False,False,score abaixo de 88; fora do top 12% da classe; radar marcou risco elevado; risk score abaixo de 60; liquidez abaixo de 50; fundamentos globais insuficientes,validação futura ainda curta; preço acima da faixa ideal,INSUFFICIENT,0.0,0.08,False,NOT_RUN,,"momentum forte, tendência confirmada, regime favorável","score abaixo de 88, fora do top 12% da classe, radar marcou risco elevado, risk score abaixo de 60, liquidez abaixo de 50, fundamentos globais insuficientes, validação futura ainda curta, preço acima da faixa ideal, preço esticado",ESPERARIA,120.29792883736746,0.07655781088765397,0.038278905443826984,0,0,Eu não colocaria dinheiro agora; manteria no radar até os vetos/entrada melhorarem.
ACWI11,ACWI11,17.54,0.4,50712.0,,https://icons.brapi.dev/icons/BRAPI.svg,Miscellaneous,,fund,etf,ETF,889488.48,17.540000915527344,0.0034325729326272,0.0311581822171642,0.1654485510455596,0.1449086987549446,0.1153078033373933,-0.1121775571086151,17.233999977111818,16.424150037765504,2007887.6251775955,0.0,0.0,0.1578140545324629,True,,78.32080200501252,72.74436090225564,73.1203007518797,100.0,,,,,,,,,,,80.21491228070175,,82.56880733944955,RISK_ON,75.0,81.34114759375504,17.364847366283822,17.540000915527344,WATCHLIST,"momentum, tendência positiva",nenhum alerta quantitativo principal,0.2450000217982701,17.3435001373291,17.233999977111818,16.424150037765504,17.940000534057617,14.770000457763672,0.004006960785587488,0.0034325729326272203,0.031158182217164265,0.12172370919820177,0.13083452734973128,17.23325012751988,17.527250153677805,17.674250166756767,16.952249952043807,0.02462566333008419,18.236250517708914,18.66425070626395,False,True,False,False,False,score abaixo de 88; fora do top 12% da classe,validação futura ainda curta,INSUFFICIENT,0.0,0.18,False,NOT_RUN,,"momentum forte, tendência confirmada, regime favorável","score abaixo de 88, fora do top 12% da classe, validação futura ainda curta",ESPERARIA,17.527250153677805,0.18,0.04,0,0,Eu não colocaria dinheiro agora; manteria no radar até os vetos/entrada melhorarem.
NEXG11,NEXG11,128.54,-0.23,270.0,,https://icons.brapi.dev/icons/BRAPI.svg,,Outros,fund,fi-agro,FIAGRO,34705.8,128.5399932861328,-0.003411400651119,-0.0201489504400375,0.0155599903941299,0.0470395486890031,0.2854868402073569,-0.1174270359138814,128.8165560913086,126.89695972442628,169898.5130752079,0.0837871523458519,12.0,0.0079254938810331,True,,45.614035087719294,49.624060150375946,30.82706766917293,100.0,,,,,,,,,,,51.63786482334869,42.74193548387097,90.32258064516128,RISK_ON,75.0,81.05337941628262,125.36198519625692,128.5399932861328,WATCHLIST,tendência positiva,liquidez baixa,3.653571537562779,129.04899978637695,128.8165560913086,126.89696014404296,140.94652193332445,100.73086917810804,-0.002251094782271146,-0.003411400651119001,-0.020148950440037505,0.0933558379964494,0.2562626011588029,126.89588609422957,129.08802901676722,133.9813213620867,125.25285295213972,0.02140059934758779,133.47016676221577,136.20927136557447,True,False,False,False,False,score abaixo de 88; risk score abaixo de 60; momentum abaixo de 65; liquidez abaixo de 50,validação futura ainda curta,INSUFFICIENT,0.0,0.08,False,NOT_RUN,,"tendência confirmada, regime favorável","score abaixo de 88, risk score abaixo de 60, momentum abaixo de 65, liquidez abaixo de 50, validação futura ainda curta",ESPERARIA,129.08802901676722,0.08,0.04,0,0,Eu não colocaria dinheiro agora; manteria no radar até os vetos/entrada melhorarem.
O1KT34,O1KT34,50.85,-5.32,66515.0,177540393569.19873,https://icons.brapi.dev/icons/BRAPI.svg,Technology Services,,bdr,bdr,AÇÃO GLOBAL / BDR,3382287.75,50.84999847412109,0.4700780066436829,0.5129425037397879,1.4341790311070404,1.0587043280750743,0.8280306688746621,-0.4931419409897368,40.671399993896486,28.37755003452301,613424.1346777659,0.0,0.0,1.2527994885881644,True,False,98.68421052631578,6.6729323308270665,53.00751879699248,100.0,,,,,,,,,,,62.29090225563909,,85.8267716535433,RISK_ON,85.0,81.03692060860813,47.20356748623037,50.84999847412109,WATCHLIST,"momentum, tendência positiva",risco elevado,2.3628578186035156,46.53050003051758,40.671399993896486,28.37755003452301,55.13999938964844,15.800000190734863,-0.05324894170736216,0.47007800664368293,0.5129425037397879,0.7168417168490427,0.8494253565636757,45.467214012145995,48.302643394470216,49.72035808563233,39.97114295959473,0.14746286141255352,60.71250019073486,67.62628593444823,False,False,True,False,False,score abaixo de 88; fora do top 12% da classe; radar marcou risco elevado; risk score abaixo de 60; volatilidade excessiva; drawdown excessivo; fundamentos globais insuficientes,validação futura ainda curta; preço acima da faixa ideal,INSUFFICIENT,0.0,0.08,False,NOT_RUN,,"momentum forte, tendência confirmada, regime favorável","score abaixo de 88, fora do top 12% da classe, radar marcou risco elevado, risk score abaixo de 60, volatilidade excessiva, drawdown excessivo, fundamentos globais insuficientes, validação futura ainda curta, preço acima da faixa ideal, preço esticado",ESPERARIA,48.302643394470216,0.05086026358201079,0.025430131791005395,0,0,Eu não colocaria dinheiro agora; manteria no radar até os vetos/entrada melhorarem.
A1GI34,A1GI34,82.5,8.9,5066.0,253457238100.9365,https://icons.brapi.dev/icons/BRAPI.svg,Health Technology,,bdr,bdr,AÇÃO GLOBAL / BDR,417945.0,82.5,0.1417104561450779,0.1757831366960545,0.3932768013841234,0.2210189181916737,0.2620188493747504,-0.3306636006236525,73.06048202514648,67.81301095962525,62590.65947335864,0.0044278424242424,4.0,0.2118972588652474,True,False,93.60902255639098,30.26315789473684,20.112781954887215,100.0,,,,,,,,,,,61.858007518797,,85.03937007874016,RISK_ON,85.0,80.39916055887751,80.62795141641155,82.5,WATCHLIST,"momentum, tendência positiva","risco elevado, liquidez baixa",0.536428724016462,77.21200180053711,73.06048202514648,67.81301183700562,82.55000305175781,54.76310729980469,0.0,0.14171045614507793,0.1757831366960545,0.3748331257832849,0.36436066446614,76.9706088747297,77.61432334354946,77.93618057795933,72.44358899252755,0.0627341494029347,86.99022034236364,91.83909745897567,False,False,True,False,False,score abaixo de 88; fora do top 12% da classe; radar marcou risco elevado; risk score abaixo de 60; liquidez abaixo de 50; fundamentos globais insuficientes,validação futura ainda curta; preço acima da faixa ideal,INSUFFICIENT,0.0,0.08,False,NOT_RUN,,"momentum forte, tendência confirmada, regime favorável","score abaixo de 88, fora do top 12% da classe, radar marcou risco elevado, risk score abaixo de 60, liquidez abaixo de 50, fundamentos globais insuficientes, validação futura ainda curta, preço acima da faixa ideal, preço esticado",ESPERARIA,77.61432334354946,0.08,0.04,0,0,Eu não colocaria dinheiro agora; manteria no radar até os vetos/entrada melhorarem.
FGAA11,FGAA11,8.08,0.37,59011.0,,https://icons.brapi.dev/icons/BRAPI.svg,Miscellaneous,Outros,fund,fi-agro,FIAGRO,476808.88,8.079999923706055,0.0513478791918842,-0.0034337890820962,-0.0591202710002061,0.0718779263964406,0.1060142238920282,-0.1261812011574903,7.923340129852295,8.224326984882355,675774.6437398214,0.1714108927076254,12.0,-0.0667547675133028,False,,30.76441102756892,72.65037593984962,55.26315789473685,35.0,,,,,,,,,,,51.28484517745978,62.096774193548384,87.09677419354838,RISK_ON,75.0,78.72471097097582,8.005816627475703,8.079999923706055,WATCHLIST,sem vantagem clara,"momentum fraco, tendência não confirmada",0.08995184404908306,8.041721606254578,7.923340129852295,8.224326992034912,8.723574637244663,7.469799142191339,0.0037266748149547,0.051347879191884216,-0.003433906301901435,0.1245507578858535,0.09927115217630833,8.00124327643249,8.093492700313417,8.16315659572084,7.819895509195849,0.028266692849856473,8.502312946727166,8.729785425904272,True,False,False,False,False,score abaixo de 88; fora do top 12% da classe; tendência não confirmada; momentum abaixo de 65,validação futura ainda curta,INSUFFICIENT,0.0,0.08,False,NOT_RUN,,regime favorável,"score abaixo de 88, fora do top 12% da classe, tendência não confirmada, momentum abaixo de 65, validação futura ainda curta",ESPERARIA,8.093492700313417,0.08,0.04,0,0,Eu não colocaria dinheiro agora; manteria no radar até os vetos/entrada melhorarem.
VGIA11,VGIA11,8.72,1.04,149598.0,,https://icons.brapi.dev/icons/BRAPI.svg,Miscellaneous,Outros,fund,fi-agro,FIAGRO,1304494.56,8.720000267028809,0.0559743921460749,-0.0638137690770466,-0.0186628908221262,0.0984364826325234,0.3675514804553063,-0.2259955410398545,8.374920568466187,8.893048985004425,2922071.159412286,0.1880733887361224,12.0,-0.026297387335223,False,,31.203007518796998,29.417293233082702,78.7593984962406,35.0,,,,,,,,,,,49.90134610720349,76.61290322580645,83.87096774193549,RISK_ON,75.0,76.18994664079554,8.442434880923097,8.720000267028809,WATCHLIST,liquidez,"momentum fraco, risco elevado, tendência não confirmada",0.09044624229943857,8.699005508422852,8.374920568466187,8.89304899930954,9.458897944870422,6.817399456574639,0.01042875450688463,0.055974392146074914,-0.06381376907704661,0.12282392063383912,0.2652135671777395,8.658304699388104,8.733567203373724,8.821107935527094,8.289838037846383,0.04669973603819406,9.508131778449975,9.914229691984506,True,False,False,False,False,score abaixo de 88; fora do top 12% da classe; tendência não confirmada; radar marcou risco elevado; risk score abaixo de 60; momentum abaixo de 65,validação futura ainda curta,INSUFFICIENT,0.0,0.08,False,NOT_RUN,,"boa liquidez, renda/distribuições fortes, regime favorável","score abaixo de 88, fora do top 12% da classe, tendência não confirmada, radar marcou risco elevado, risk score abaixo de 60, momentum abaixo de 65, validação futura ainda curta",NAO_COMPRARIA,8.733567203373724,0.08,0.04,0,0,Eu não compraria com as evidências atuais.
PPEI11,PPEI11,84.41,0.02,416.0,,https://icons.brapi.dev/icons/BRAPI.svg,,,fund,fip,FIP,35114.56,84.41000366210938,0.011625134136163,0.044068676952601,0.0768451375724248,0.1049821026222854,0.1070185631569103,-0.1462340537008249,82.71439102172852,78.10641902923584,158627.74615454295,0.1569719159477748,9.0,0.069210641059328,True,,73.1829573934837,69.54887218045113,29.51127819548872,100.0,,,,,,,,,,,66.90998329156224,61.11111111111111,77.77777777777779,RISK_ON,75.0,75.3264411027569,83.62768504288816,84.41000366210938,WATCHLIST,tendência positiva,liquidez baixa,1.3103916516292478,83.58918075561523,82.71439147949219,78.10641857147216,89.9800033569336,64.87632962730238,0.0002370455338975841,0.011625134136163062,0.04406867695260108,0.13639818930131944,0.10505255232977037,82.99950451238207,84.57197449433717,85.35820948531472,82.3156403983651,0.017545934591119406,86.72593771334866,88.19603681834317,True,False,False,False,False,score abaixo de 88; fora do top 12% da classe; liquidez abaixo de 50,validação futura ainda curta,INSUFFICIENT,0.0,0.06,False,NOT_RUN,,"tendência confirmada, regime favorável","score abaixo de 88, fora do top 12% da classe, liquidez abaixo de 50, validação futura ainda curta",NAO_COMPRARIA,84.57197449433717,0.06,0.03,0,0,Eu não compraria com as evidências atuais.
JURO11,JURO11,97.2,-0.25,21912.0,,https://icons.brapi.dev/icons/BRAPI.svg,,,fund,fi-infra,FI-INFRA,2129846.4,97.1999969482422,0.0249829681693831,0.030162095184528,-0.0132716769380855,0.073436129394395,0.11616766700845,-0.086950698071005,95.48202743530274,96.56256465911864,4282658.101504977,0.1028806616663257,11.0,-0.0209061734511822,False,,46.42857142857142,77.5375939849624,83.0827067669173,35.0,,,,,,,,,,,54.827067669172926,40.0,80.0,RISK_ON,75.0,74.46541353383458,96.222124633871,97.1999969482422,WATCHLIST,"risco controlado, liquidez",tendência não confirmada,1.2142862592424666,96.77709884643555,95.48202743530274,96.56256511688233,101.21690368652344,88.92778396327927,-0.002463110500314114,0.02498296816938317,0.03016209518452806,0.1188974658767339,0.10760122286466678,96.23067002977643,97.38213988712857,98.41638529641288,96.01613630022321,0.008163392273150345,98.38694227491109,99.17721093314039,True,False,False,False,False,score abaixo de 88; fora do top 12% da classe; tendência não confirmada; momentum abaixo de 65,validação futura ainda curta,INSUFFICIENT,0.0,0.08,False,NOT_RUN,,"risco relativo controlado, boa liquidez, regime favorável","score abaixo de 88, fora do top 12% da classe, tendência não confirmada, momentum abaixo de 65, validação futura ainda curta",NAO_COMPRARIA,97.38213988712857,0.08,0.04,0,0,Eu não compraria com as evidências atuais.
AAGR11,AAGR11,108.0,-1.82,454.0,,https://icons.brapi.dev/icons/BRAPI.svg,,,fund,fi-agro,FIAGRO,49032.0,108.0,-0.1703204948616026,-0.019954040406558,0.2554281542466354,0.3326275329008219,1.202035954398449,-0.359801469095953,119.66060577392578,103.85274417877196,36358.7480066693,0.1538327777777777,12.0,0.2477936577335386,True,,73.1203007518797,9.210526315789474,12.593984962406015,100.0,,,,,,,,,,,49.71289109871453,50.80645161290322,80.64516129032258,RISK_ON,75.0,73.8941911229687,96.75726833406964,108.0,WATCHLIST,tendência positiva,"risco elevado, liquidez baixa",10.907237827973692,114.70120811462402,119.66060577392578,103.85274505615234,173.74243346172148,76.23551128934969,-0.018181818181818188,-0.1703204948616026,-0.019954108258014247,0.9327425828108558,0.9379872383078508,103.09174297741184,109.63608567419605,129.42597918238852,107.11728227175604,9.401684832102869e-05,106.38391432580394,106.39391432580395,True,False,False,False,False,score abaixo de 88; fora do top 12% da classe; radar marcou risco elevado; risk score abaixo de 60; liquidez abaixo de 50; volatilidade excessiva; drawdown excessivo,validação futura ainda curta,INSUFFICIENT,0.0,0.08,False,NOT_RUN,,"tendência confirmada, regime favorável","score abaixo de 88, fora do top 12% da classe, radar marcou risco elevado, risk score abaixo de 60, liquidez abaixo de 50, volatilidade excessiva, drawdown excessivo, validação futura ainda curta",NAO_COMPRARIA,109.63608567419605,0.08,0.04,0,0,Eu não compraria com as evidências atuais.
RZAG11,RZAG11,8.44,0.72,81578.0,,https://icons.brapi.dev/icons/BRAPI.svg,Miscellaneous,Títulos e Val. Mob.,fund,fi-agro,FIAGRO,688518.32,8.4399995803833,0.0347586101747272,0.0184038045346339,-0.0168658415579811,0.0780535597648595,0.1301653361891858,-0.1042105151510531,8.195696668624878,8.352531406879425,1145034.6163425522,0.1629147000428588,11.0,-0.0245003380710778,False,,43.17042606516291,71.99248120300751,64.47368421052632,35.0,,,,,,,,,,,49.38634893685827,37.096774193548384,77.41935483870968,RISK_ON,75.0,71.57081817446843,8.344858429383304,8.4399995803833,AGUARDAR,sem vantagem clara,tendência não confirmada,0.10142850875854492,8.283514976501465,8.195696668624878,8.35253152370453,8.789856838829985,7.323365260187745,0.007159840706802312,0.034758610174727256,0.018403804534633972,0.09602428934803156,0.13577496105800257,8.23787214756012,8.359586358070374,8.420443463325501,8.306888694763185,0.0012050037656798622,8.318729252815245,8.328729252815245,False,False,True,False,False,score abaixo de 88; fora do top 12% da classe; tendência não confirmada; momentum abaixo de 65,validação futura ainda curta; preço acima da faixa ideal,INSUFFICIENT,0.0,0.08,False,NOT_RUN,,regime favorável,"score abaixo de 88, fora do top 12% da classe, tendência não confirmada, momentum abaixo de 65, validação futura ainda curta, preço acima da faixa ideal, preço esticado",NAO_COMPRARIA,8.359586358070374,0.08,0.04,0,0,Eu não compraria com as evidências atuais.
SNFZ11,SNFZ11,9.14,0.11,39666.0,,https://icons.brapi.dev/icons/BRAPI.svg,Miscellaneous,Multicategoria,fund,fi-agro,FIAGRO,362547.2400000001,9.140000343322754,0.0110254054287846,0.01516242359392,-0.0022772557584641,0.0565690885809551,0.1392217564556612,-0.0672083630743842,9.089109020233154,9.099909234046937,200349.12172783745,0.1312910235147488,12.0,-0.0099117522715609,False,,46.177944862155385,78.00751879699249,34.774436090225564,35.0,,,,,,,,,,,48.70086506589053,44.354838709677416,74.19354838709677,RISK_ON,75.0,69.17565688414584,9.029799745028342,9.140000343322754,AGUARDAR,risco controlado,"liquidez baixa, tendência não confirmada",0.07249859232389928,9.091548967361451,9.089109058380126,9.099909172058105,9.489809408588519,8.383987426757812,0.0010953153073918198,0.011025405428784607,0.01516242359392006,0.0726046568836439,0.13223939503587925,9.058924600815697,9.145922911604375,9.189422066998715,9.067284805512351,0.0038603949496102733,9.172701657605408,9.207840608303094,True,False,False,False,False,score abaixo de 88; fora do top 12% da classe; tendência não confirmada; momentum abaixo de 65; liquidez abaixo de 50,validação futura ainda curta,INSUFFICIENT,0.0,0.08,False,NOT_RUN,,"risco relativo controlado, regime favorável","score abaixo de 88, fora do top 12% da classe, tendência não confirmada, momentum abaixo de 65, liquidez abaixo de 50, validação futura ainda curta",NAO_COMPRARIA,9.145922911604375,0.08,0.04,0,0,Eu não compraria com as evidências atuais.
RIFF11,RIFF11,7.44,0.54,7422.0,,https://icons.brapi.dev/icons/BRAPI.svg,,,fund,fi-infra,FI-INFRA,55219.68,7.440000057220459,0.0277337337084149,-0.0053831587394049,-0.0159142773564701,0.1340604646237244,0.1517124138153915,-0.0750444759034878,7.304975357055664,7.381122207641601,192432.73744968383,0.1390840043066598,11.0,-0.0235487738695668,False,,39.41102756892231,74.90601503759399,33.64661654135339,35.0,,,,,,,,,,,53.88095238095238,75.0,70.0,RISK_ON,75.0,67.27619047619048,7.342248273970069,7.440000057220459,AGUARDAR,sem vantagem clara,"liquidez baixa, tendência não confirmada",0.13428568840026855,7.377811455726624,7.304975376129151,7.381122188568115,7.673296971012789,6.508013875409086,0.005405400180747089,0.02773373370841492,-0.005383095336552457,0.11723714829745449,0.1312499654158902,7.317382895946503,7.460142910480499,7.559097135066986,7.3206936287879945,0.009212540085147703,7.5249014520645146,7.592970726490021,True,False,False,False,False,score abaixo de 88; fora do top 12% da classe; tendência não confirmada; momentum abaixo de 65; liquidez abaixo de 50,validação futura ainda curta,INSUFFICIENT,0.0,0.08,False,NOT_RUN,,"renda/distribuições fortes, regime favorável","score abaixo de 88, fora do top 12% da classe, tendência não confirmada, momentum abaixo de 65, liquidez abaixo de 50, validação futura ainda curta",NAO_COMPRARIA,7.460142910480499,0.08,0.04,0,0,Eu não compraria com as evidências atuais.
RURA11,RURA11,8.08,0.87,161370.0,,https://icons.brapi.dev/icons/BRAPI.svg,Miscellaneous,,fund,fi-agro,FIAGRO,1303869.6,8.079999923706055,0.0105989208859424,-0.0004869864434204,-0.041392416263065,0.1309737246818887,0.0848975593552979,-0.0874620012287267,7.993746471405029,8.116977474689484,2332314.377231424,0.1519801994548476,11.0,-0.0490269127761617,False,,34.335839598997495,82.80075187969925,75.93984962406014,35.0,,,,,,,,,,,48.63992642897567,27.41935483870968,70.96774193548387,RISK_ON,75.0,66.90540464063383,8.020592982225239,8.079999923706055,AGUARDAR,"risco controlado, liquidez","momentum fraco, tendência não confirmada",0.07071437154497419,8.029006409645081,7.9937464714050295,8.116977510452271,8.64294923396042,7.108716231691223,0.008739037805744365,0.010598920885942498,-0.00048710435747822967,0.07173301354703963,0.11508699280299832,7.9971849424498425,8.082042188303811,8.124470811230797,7.912424944128309,0.01582024063896115,8.293990807873863,8.42117942912238,True,False,False,False,False,score abaixo de 88; fora do top 12% da classe; tendência não confirmada; momentum abaixo de 65,validação futura ainda curta,INSUFFICIENT,0.0,0.08,False,NOT_RUN,,"risco relativo controlado, boa liquidez, regime favorável","score abaixo de 88, fora do top 12% da classe, tendência não confirmada, momentum abaixo de 65, validação futura ainda curta",NAO_COMPRARIA,8.082042188303811,0.08,0.04,0,0,Eu não compraria com as evidências atuais.
ENDD11,ENDD11,110.01,0.01,2096.0,,https://icons.brapi.dev/icons/BRAPI.svg,,,fund,fip,FIP,230580.96,110.01000213623048,0.0148524039454667,0.0187054756220033,0.0925920355188638,0.1932061902403106,0.1400144693247162,-0.051282116017282,109.41920013427736,103.79286098480225,188216.6460580977,0.1550361391583226,2.0,0.084957539005767,True,,69.4235588972431,79.98120300751879,33.27067669172932,100.0,,,,,,,,,,,62.370509607351714,36.11111111111112,66.66666666666666,RISK_ON,75.0,66.640768588137,108.67606389358144,110.01000213623048,AGUARDAR,"risco controlado, tendência positiva",liquidez baixa,2.1757164001464844,110.41100044250489,109.41920013427735,103.79286098480225,119.95999908447266,91.50958473203795,9.092851118608358e-05,0.014852403945466719,0.01870547562200331,0.23700387767369166,0.13842634839754647,109.03092975616457,110.33635959625245,113.34821758270265,107.76728324890136,0.017471715431816023,113.51636753082278,115.43272895812991,True,False,False,True,False,score abaixo de 88; fora do top 12% da classe; liquidez abaixo de 50; spike de volatilidade,validação futura ainda curta,INSUFFICIENT,0.0,0.06,False,NOT_RUN,,"risco relativo controlado, tendência confirmada, regime favorável","score abaixo de 88, fora do top 12% da classe, liquidez abaixo de 50, spike de volatilidade, validação futura ainda curta, volatilidade recente disparou",NAO_COMPRARIA,110.33635959625245,0.06,0.03,0,0,Eu não compraria com as evidências atuais.
CPTR11,CPTR11,7.39,0.54,7376.0,,https://icons.brapi.dev/icons/BRAPI.svg,Miscellaneous,Outros,fund,fi-agro,FIAGRO,54508.64,7.389999866485596,0.0179208604524658,-0.0322218400554715,-0.0562660882214245,0.159541862109569,0.1752016315613357,-0.0926233336424678,7.514958086013794,7.581998353004455,219558.9936466974,0.1806495296507868,12.0,-0.0639005847345213,False,,26.002506265664163,65.50751879699249,36.84210526315789,35.0,,,,,,,,,,,48.321994502385,71.7741935483871,67.74193548387096,RISK_ON,75.0,64.58375373918668,7.277872090424831,7.389999866485596,AGUARDAR,sem vantagem clara,"momentum fraco, tendência não confirmada",0.16166679820688243,7.431669473648071,7.514958095550537,7.581998338699341,8.04464358033874,6.271641685539029,0.005442171751297131,0.01792086045246588,-0.03222184005547157,0.1556858974223012,0.14938452071818842,7.317249807292499,7.414249886216628,7.649919651227362,7.329041277612623,0.004983683929765125,7.439166985038445,7.475875554180385,True,False,False,False,False,score abaixo de 88; fora do top 12% da classe; tendência não confirmada; momentum abaixo de 65; liquidez abaixo de 50,validação futura ainda curta,INSUFFICIENT,0.0,0.08,False,NOT_RUN,,regime favorável,"score abaixo de 88, fora do top 12% da classe, tendência não confirmada, momentum abaixo de 65, liquidez abaixo de 50, validação futura ainda curta",NAO_COMPRARIA,7.414249886216628,0.08,0.04,0,0,Eu não compraria com as evidências atuais.
